date,store_id,total_orders,total_items,gross_revenue,discount_amount,net_revenue,average_order_value
2025-10-11,STORE019,9,64.0,70908.97,6189.21,64719.76000000001,7191.084444444446
2025-02-15,STORE012,5,57.0,49080.89,5065.23,44015.659999999996,8803.132
2025-05-01,STORE015,13,145.0,158059.57,15534.619999999999,142524.94999999998,10963.457692307691
2025-01-01,STORE006,8,88.0,86522.19,7918.75,78603.43999999999,9825.429999999998
2025-01-15,STORE008,7,84.0,91020.29999999999,10063.15,80957.15000000001,11565.307142857144
2025-12-30,STORE001,5,38.0,53692.09,5611.739999999999,48080.35,9616.07
2025-07-25,STORE002,5,36.0,40562.84,4245.82,36317.02,7263.4039999999995
2025-06-08,STORE020,9,109.0,117237.91,11992.71,105245.2,11693.91111111111
2025-01-08,STORE010,6,51.0,51772.28999999999,5508.9,46263.39,7710.565
2025-07-02,STORE007,5,29.0,29189.48,3395.43,25794.050000000003,5158.81
2025-05-23,STORE014,7,79.0,94582.29999999999,9817.920000000002,84764.38,12109.197142857143
2025-08-15,STORE019,11,96.0,88174.70000000001,7757.9800000000005,80416.72,7310.610909090909
2025-07-26,STORE004,3,36.0,36025.66,3036.44,32989.22,10996.406666666668
2025-01-30,STORE016,12,125.0,132985.43,12180.49,120804.94,10067.078333333333
2025-07-08,STORE005,7,59.0,52248.78999999999,3789.67,48459.12000000001,6922.73142857143
2025-06-24,STORE010,11,98.0,101684.44,9456.15,92228.29,8384.39
2025-07-11,STORE005,8,78.0,100070.4,8089.6900000000005,91980.70999999999,11497.588749999999
2025-04-19,STORE001,6,54.0,63498.77999999999,4365.610000000001,59133.17,9855.528333333334
2025-05-10,STORE006,5,72.0,73234.8,5681.38,67553.42,13510.684
2025-12-22,STORE018,11,136.0,131318.1,14149.039999999999,117169.06,10651.732727272727
2025-10-04,STORE001,7,74.0,80918.51000000001,8769.76,72148.75,10306.964285714286
2025-06-26,STORE020,13,97.0,95463.18000000001,11604.15,83859.03,6450.694615384616
2025-05-31,STORE003,8,61.0,67608.66,6786.4,60822.259999999995,7602.782499999999
2025-02-10,STORE011,13,129.0,100933.35,11133.03,89800.32,6907.716923076923
2025-06-16,STORE017,7,67.0,76264.59,6278.4,69986.19,9998.027142857143
2025-11-23,STORE014,8,73.0,85251.01999999999,10393.81,74857.20999999999,9357.151249999999
2025-05-05,STORE011,3,31.0,21379.22,2529.98,18849.24,6283.080000000001
2025-11-05,STORE008,3,26.0,29264.14,4017.55,25246.59,8415.53
2025-08-07,STORE015,5,46.0,65091.59,6051.549999999999,59040.04,11808.008
2025-10-24,STORE001,5,58.0,48418.94,4235.299999999999,44183.64,8836.728
2025-04-15,STORE015,5,62.0,71436.9,5974.07,65462.83,13092.566
2025-12-20,STORE017,4,55.0,68293.68000000001,7212.52,61081.15999999999,15270.289999999997
2025-02-25,STORE019,11,96.0,82004.21999999999,8442.91,73561.31,6687.391818181818
2025-09-01,STORE007,6,55.0,55114.2,5634.6,49479.6,8246.6
2025-01-02,STORE020,6,49.0,45092.19,4806.28,40285.909999999996,6714.318333333333
2025-07-24,STORE006,7,52.0,64383.100000000006,6353.24,58029.86,8289.98
2025-09-13,STORE003,9,84.0,82285.13,6300.25,75984.88,8442.764444444445
2025-04-28,STORE011,12,116.0,119014.95000000001,11321.240000000002,107693.70999999999,8974.475833333332
2025-01-08,STORE011,7,41.0,41704.68,5156.42,36548.259999999995,5221.179999999999
2025-08-02,STORE007,7,40.0,32739.09,3999.43,28739.660000000003,4105.665714285715
2025-12-24,STORE019,9,100.0,97945.38,10682.75,87262.63,9695.847777777779
2025-11-13,STORE005,8,99.0,98943.84,10707.560000000001,88236.28000000001,11029.535000000002
2025-09-11,STORE003,5,46.0,51466.27,5700.09,45766.18,9153.236
2025-09-28,STORE002,4,49.0,58988.16,5426.49,53561.67,13390.4175
2025-03-10,STORE011,5,35.0,40075.84,4325.27,35750.57,7150.114
2025-06-04,STORE014,4,43.0,68188.87,6366.0,61822.87,15455.7175
2025-08-28,STORE016,6,56.0,61741.549999999996,6274.08,55467.469999999994,9244.578333333333
2025-04-04,STORE005,5,36.0,45249.81,4115.61,41134.2,8226.84
2025-05-13,STORE008,10,94.0,110245.34,11162.130000000001,99083.21,9908.321
2025-11-14,STORE004,10,82.0,91120.13,7485.5,83634.62999999999,8363.463
2025-07-20,STORE001,6,58.0,57426.91,6017.629999999999,51409.28,8568.213333333333
2025-02-12,STORE006,8,78.0,92470.91,9279.87,83191.04,10398.88
2025-11-06,STORE008,10,58.0,66496.11000000002,5835.710000000001,60660.399999999994,6066.039999999999
2025-02-10,STORE020,5,31.0,34079.71000000001,3140.49,30939.22,6187.844
2025-12-25,STORE008,11,109.0,106076.19,9096.46,96979.73,8816.33909090909
2025-02-06,STORE016,8,92.0,89312.45,8676.49,80635.95999999999,10079.494999999999
2025-11-10,STORE001,7,66.0,70083.57,6849.66,63233.91,9033.415714285715
2025-05-08,STORE008,8,70.0,75291.63,9301.599999999999,65990.03,8248.75375
2025-02-10,STORE018,9,82.0,78494.6,5628.5599999999995,72866.04000000001,8096.226666666667
2025-05-11,STORE015,8,70.0,73351.68,7977.139999999999,65374.54,8171.8175
2025-07-04,STORE016,9,72.0,67891.18,6853.08,61038.1,6782.011111111111
2025-10-23,STORE006,9,62.0,72048.64000000001,6369.780000000001,65678.86,7297.651111111111
2025-07-14,STORE016,13,122.0,120325.28,12659.63,107665.65,8281.973076923077
2025-02-28,STORE018,11,115.0,111439.40000000001,11229.71,100209.68999999999,9109.971818181817
2025-01-18,STORE009,4,40.0,33105.2,3760.16,29345.04,7336.26
2025-07-19,STORE004,4,21.0,18680.8,2595.25,16085.550000000001,4021.3875000000003
2025-01-06,STORE018,9,80.0,83674.06,8930.12,74743.94,8304.882222222222
2025-09-09,STORE018,6,60.0,51138.14,5007.589999999999,46130.55,7688.425
2025-09-23,STORE013,6,56.0,66196.70999999999,6494.87,59701.840000000004,9950.306666666667
2025-05-29,STORE010,10,101.0,102262.20999999999,13087.199999999999,89175.01,8917.501
2025-09-10,STORE020,3,17.0,9604.91,677.4,8927.51,2975.8366666666666
2025-07-30,STORE002,8,69.0,68361.47999999998,6380.99,61980.490000000005,7747.561250000001
2025-08-24,STORE012,9,107.0,103470.59,9932.64,93537.95000000001,10393.105555555558
2025-11-25,STORE007,7,48.0,59661.399999999994,6384.18,53277.22,7611.0314285714285
2025-12-09,STORE013,7,53.0,54682.78999999999,5886.42,48796.369999999995,6970.909999999999
2025-02-03,STORE017,4,52.0,58174.95,5575.0199999999995,52599.93,13149.9825
2025-04-05,STORE015,6,49.0,58059.5,5791.620000000001,52267.880000000005,8711.313333333334
2025-05-12,STORE011,5,65.0,73762.98999999999,8621.810000000001,65141.17999999999,13028.235999999999
2025-02-02,STORE001,14,159.0,186226.12,20040.81,166185.31,11870.379285714285
2025-03-23,STORE017,10,87.0,78167.13,8813.470000000001,69353.66,6935.366
2025-08-04,STORE011,10,78.0,95675.95999999999,11178.62,84497.34,8449.734
2025-03-08,STORE017,9,93.0,108203.39000000001,11019.320000000002,97184.07,10798.230000000001
2025-08-27,STORE018,7,49.0,53194.65,4958.67,48235.98,6890.854285714287
2025-08-20,STORE012,13,126.0,92040.68000000001,10386.669999999998,81654.01000000001,6281.077692307693
2025-12-09,STORE002,11,101.0,104630.53000000001,11793.95,92836.58,8439.68909090909
2025-07-14,STORE018,9,89.0,105108.3,9964.57,95143.73,10571.525555555556
2025-07-02,STORE011,8,64.0,61936.72,5236.48,56700.240000000005,7087.530000000001
2025-03-15,STORE007,4,36.0,36498.56,3287.2599999999998,33211.3,8302.825
2025-05-13,STORE009,9,88.0,99691.66,9353.68,90337.98,10037.553333333333
2025-07-02,STORE004,11,77.0,81970.51000000001,9443.18,72527.33,6593.393636363637
2025-04-23,STORE014,7,60.0,73979.86,7740.35,66239.51000000001,9462.787142857143
2025-09-17,STORE016,11,103.0,103668.27,8144.38,95523.89,8683.99
2025-08-19,STORE007,10,79.0,76092.18000000001,6515.799999999999,69576.38,6957.638000000001
2025-08-07,STORE001,10,93.0,89375.35,8469.49,80905.86,8090.586
2025-11-19,STORE008,12,99.0,85689.25,8340.689999999999,77348.56,6445.713333333333
2025-01-07,STORE016,5,32.0,37501.83,4045.8,33456.03,6691.206
2025-02-06,STORE009,3,32.0,37565.560000000005,5181.099999999999,32384.460000000003,10794.820000000002
2025-05-11,STORE009,6,42.0,47225.68,5131.15,42094.53,7015.755
2025-01-30,STORE017,9,82.0,80028.06,8301.39,71726.67,7969.63
2025-10-03,STORE001,7,43.0,45981.75,3872.38,42109.37,6015.624285714286
2025-03-26,STORE004,9,97.0,92914.04,8129.860000000001,84784.18,9420.464444444444
2025-05-03,STORE011,4,26.0,27151.200000000004,2706.35,24444.85,6111.2125
2025-02-16,STORE015,11,128.0,133053.43,12094.76,120958.67000000001,10996.24272727273
2025-07-04,STORE001,10,107.0,138490.66999999998,14836.43,123654.24,12365.424
2025-02-21,STORE016,7,60.0,56873.42,5242.02,51631.40000000001,7375.914285714287
2025-01-29,STORE008,9,86.0,59415.119999999995,6888.16,52526.95999999999,5836.328888888888
2025-12-30,STORE012,4,40.0,48393.82000000001,5679.23,42714.59,10678.6475
2025-11-09,STORE007,11,105.0,97462.97,11780.95,85682.02000000002,7789.2745454545475
2025-07-01,STORE006,8,62.0,69660.97,8325.220000000001,61335.75,7666.96875
2025-08-17,STORE020,13,120.0,137525.52000000002,11647.91,125877.60999999999,9682.893076923076
2025-06-03,STORE016,6,70.0,79895.43,7346.22,72549.21,12091.535000000002
2025-01-16,STORE016,10,75.0,62626.72,6169.3,56457.42,5645.742
2025-07-06,STORE008,12,90.0,84714.54999999999,10296.02,74418.53,6201.544166666667
2025-04-07,STORE017,7,65.0,57884.74,6651.18,51233.56,7319.08
2025-05-13,STORE012,9,66.0,80702.06,10194.720000000001,70507.34,7834.148888888889
2025-01-22,STORE013,8,85.0,90932.48,8775.27,82157.20999999999,10269.651249999999
2025-04-15,STORE010,6,55.0,62323.67999999999,4679.44,57644.23999999999,9607.373333333331
2025-05-18,STORE003,12,115.0,107355.39,13705.310000000001,93650.07999999999,7804.173333333332
2025-04-20,STORE003,14,131.0,143882.3,14337.46,129544.84,9253.202857142856
2025-11-27,STORE009,4,46.0,46423.240000000005,4783.92,41639.31999999999,10409.829999999998
2025-10-07,STORE006,8,88.0,100098.02,10190.060000000001,89907.95999999999,11238.494999999999
2025-08-18,STORE001,9,74.0,69639.31,6321.58,63317.729999999996,7035.303333333333
2025-03-28,STORE002,7,68.0,65795.48,5798.74,59996.74,8570.962857142857
2025-09-25,STORE017,5,32.0,34592.72,4015.76,30576.96,6115.392
2025-10-16,STORE008,13,111.0,125563.9,12445.380000000001,113118.51999999999,8701.424615384614
2025-07-26,STORE008,3,22.0,21388.220000000005,1533.02,19855.199999999997,6618.399999999999
2025-11-27,STORE001,14,129.0,126287.14000000001,12424.86,113862.28,8133.0199999999995
2025-10-31,STORE019,10,109.0,103125.91,8829.330000000002,94296.58,9429.658
2025-03-23,STORE008,10,72.0,76131.22,7279.549999999999,68851.67,6885.1669999999995
2025-06-17,STORE016,10,101.0,100432.22,7107.209999999999,93325.01000000001,9332.501
2025-10-19,STORE011,9,87.0,94200.30999999998,8227.869999999999,85972.44,9552.493333333334
2025-08-15,STORE012,6,70.0,64347.4,5594.450000000001,58752.95,9792.158333333333
2025-06-09,STORE004,10,71.0,72802.41,7124.01,65678.4,6567.839999999999
2025-05-10,STORE018,8,78.0,79088.29,7450.170000000002,71638.12,8954.765
2025-01-09,STORE017,7,56.0,63704.2,6676.529999999999,57027.67000000001,8146.810000000002
2025-10-07,STORE017,13,104.0,112733.62999999999,10489.529999999999,102244.1,7864.930769230769
2025-04-05,STORE009,7,67.0,71296.03,5622.66,65673.37000000001,9381.910000000002
2025-06-28,STORE005,7,84.0,106920.21000000002,10254.61,96665.6,13809.371428571429
2025-01-27,STORE003,6,40.0,41975.44,6487.3099999999995,35488.13,5914.688333333333
2025-11-06,STORE001,2,19.0,31300.53,3357.6499999999996,27942.88,13971.44
2025-09-27,STORE016,11,119.0,99482.66,10751.600000000002,88731.06,8066.46
2025-10-16,STORE010,5,35.0,20623.489999999998,2851.7700000000004,17771.72,3554.344
2025-01-01,STORE016,9,55.0,61076.32000000001,5205.63,55870.69,6207.854444444445
2025-04-01,STORE008,10,91.0,89985.42,10312.0,79673.42000000001,7967.3420000000015
2025-07-22,STORE001,11,117.0,130722.40999999997,14920.289999999999,115802.12,10527.465454545454
2025-03-13,STORE013,10,91.0,84852.41,7988.2300000000005,76864.18,7686.418
2025-02-11,STORE006,6,46.0,53265.57,4450.23,48815.34,8135.889999999999
2025-04-11,STORE004,10,76.0,84599.93,6620.7300000000005,77979.20000000001,7797.920000000001
2025-06-14,STORE002,8,69.0,59746.49,6187.209999999999,53559.28,6694.91
2025-09-27,STORE009,8,56.0,51031.51,4980.0199999999995,46051.49,5756.43625
2025-11-16,STORE019,7,56.0,60018.86,6325.25,53693.61,7670.515714285714
2025-11-30,STORE008,8,84.0,77010.1,9053.42,67956.68,8494.585
2025-12-13,STORE007,5,43.0,37580.19,3222.13,34358.06,6871.611999999999
2025-06-10,STORE005,8,56.0,60658.07,7569.76,53088.31,6636.03875
2025-03-08,STORE007,7,50.0,47572.259999999995,5068.530000000001,42503.729999999996,6071.961428571428
2025-03-13,STORE016,8,74.0,67654.56999999999,6326.32,61328.24999999999,7666.031249999999
2025-11-02,STORE006,13,113.0,119746.76999999999,13288.939999999999,106457.82999999999,8189.063846153846
2025-04-28,STORE002,10,92.0,91621.75,8701.380000000001,82920.37,8292.037
2025-03-17,STORE002,6,45.0,46032.42999999999,4950.0,41082.43,6847.071666666667
2025-07-22,STORE007,10,99.0,90510.67000000001,9425.24,81085.43,8108.543
2025-02-14,STORE016,6,47.0,58536.439999999995,3843.9700000000003,54692.469999999994,9115.411666666665
2025-02-12,STORE015,7,40.0,48918.39,6806.2,42112.19,6016.027142857143
2025-01-07,STORE003,7,73.0,88936.64,9614.55,79322.09,11331.727142857142
2025-06-13,STORE005,7,74.0,64168.21000000001,6567.259999999999,57600.95,8228.707142857142
2025-09-12,STORE011,5,33.0,29598.170000000002,3157.48,26440.690000000002,5288.138000000001
2025-06-11,STORE019,15,140.0,145532.73,13455.769999999999,132076.96000000002,8805.130666666668
2025-02-17,STORE018,3,35.0,36268.17,2420.03,33848.14,11282.713333333333
2025-04-02,STORE008,9,78.0,76400.24999999999,7157.88,69242.37,7693.596666666666
2025-08-23,STORE007,9,71.0,60788.850000000006,6189.58,54599.270000000004,6066.585555555556
2025-02-17,STORE005,10,92.0,87892.71999999999,7832.84,80059.88,8005.988
2025-06-19,STORE009,14,120.0,101907.87,8559.029999999999,93348.84,6667.774285714286
2025-06-09,STORE005,6,65.0,76635.31,7966.950000000001,68668.36,11444.726666666667
2025-11-19,STORE003,10,98.0,110933.25,12461.85,98471.40000000001,9847.140000000001
2025-03-02,STORE008,8,68.0,69781.59,5640.780000000001,64140.81,8017.60125
2025-12-19,STORE019,10,113.0,111588.42,11385.509999999998,100202.91,10020.291000000001
2025-05-19,STORE019,12,101.0,81676.36,6584.54,75091.81999999999,6257.651666666666
2025-07-13,STORE018,9,92.0,110016.16,13527.82,96488.34,10720.926666666666
2025-09-29,STORE001,7,68.0,100228.9,8647.7,91581.2,13083.028571428571
2025-08-22,STORE002,7,49.0,49143.19,4377.4800000000005,44765.71000000001,6395.101428571429
2025-08-07,STORE017,8,75.0,75399.72,9533.75,65865.97,8233.24625
2025-02-27,STORE004,10,89.0,103382.6,12664.529999999999,90718.06999999999,9071.806999999999
2025-01-22,STORE001,10,91.0,105451.47,10443.77,95007.70000000001,9500.77
2025-08-16,STORE009,3,47.0,40929.82000000001,4505.96,36423.86,12141.286666666667
2025-04-15,STORE011,12,125.0,138543.3,10899.92,127643.38,10636.948333333334
2025-08-15,STORE001,2,16.0,18910.77,2757.31,16153.46,8076.73
2025-01-06,STORE004,9,61.0,68949.62000000001,8662.3,60287.32,6698.591111111111
2025-08-13,STORE012,5,60.0,64843.340000000004,6051.4800000000005,58791.86,11758.372
2025-02-04,STORE015,2,32.0,35355.86,2518.8199999999997,32837.04,16418.52
2025-08-09,STORE015,8,61.0,51380.89,6675.47,44705.42,5588.1775
2025-04-05,STORE011,10,96.0,81117.91,7921.82,73196.09,7319.6089999999995
2025-04-15,STORE006,10,81.0,96755.23000000001,9545.29,87209.94,8720.994
2025-05-24,STORE012,5,23.0,22980.850000000002,3226.29,19754.56,3950.9120000000003
2025-06-18,STORE010,8,74.0,63298.08,5246.389999999999,58051.69,7256.46125
2025-06-22,STORE017,8,97.0,90422.71,9393.130000000003,81029.58,10128.6975
2025-03-17,STORE009,16,172.0,179378.36000000002,19988.18,159390.18,9961.88625
2025-12-08,STORE002,4,32.0,27748.51,2378.1899999999996,25370.32,6342.58
2025-10-07,STORE009,9,75.0,85801.83000000002,7354.59,78447.23999999999,8716.359999999999
2025-05-14,STORE013,11,99.0,121216.16999999998,11823.08,109393.09,9944.826363636363
2025-08-17,STORE007,8,69.0,74873.78,6137.12,68736.66,8592.0825
2025-11-28,STORE019,12,83.0,87192.86,9000.4,78192.45999999999,6516.038333333333
2025-01-17,STORE011,12,146.0,141725.38999999998,14181.05,127544.33999999998,10628.694999999998
2025-03-10,STORE004,14,117.0,112178.10999999999,9303.650000000001,102874.45999999999,7348.175714285714
2025-01-25,STORE019,5,28.0,24856.920000000002,3366.3900000000003,21490.53,4298.106
2025-03-07,STORE007,7,64.0,55935.9,4247.22,51688.67999999999,7384.097142857142
2025-07-05,STORE012,10,101.0,94512.96,7232.4400000000005,87280.52,8728.052
2025-08-27,STORE012,4,23.0,16808.66,1828.4,14980.259999999998,3745.0649999999996
2025-01-18,STORE008,5,73.0,67727.22,7090.45,60636.770000000004,12127.354000000001
2025-11-13,STORE007,10,93.0,91973.95999999999,8367.07,83606.89,8360.689
2025-05-07,STORE005,8,98.0,95944.18999999999,8927.52,87016.67000000001,10877.083750000002
2025-10-01,STORE010,6,63.0,70185.37,7874.3,62311.06999999999,10385.178333333331
2025-02-22,STORE008,6,54.0,55169.92,6752.91,48417.009999999995,8069.501666666666
2025-04-05,STORE019,10,105.0,96423.41999999998,9302.1,87121.31999999999,8712.132
2025-01-28,STORE006,7,84.0,87295.94,7121.07,80174.87,11453.552857142857
2025-07-01,STORE013,8,88.0,83899.07,8790.05,75109.02,9388.6275
2025-11-18,STORE020,7,53.0,68046.0,7418.73,60627.270000000004,8661.038571428571
2025-02-07,STORE001,4,44.0,45424.28,5622.39,39801.89,9950.4725
2025-09-15,STORE017,11,94.0,94097.46,9021.2,85076.26,7734.205454545454
2025-01-13,STORE002,4,28.0,34883.67,4381.27,30502.4,7625.6
2025-11-18,STORE015,6,53.0,50319.86,3378.99,46940.87,7823.4783333333335
2025-07-23,STORE013,10,108.0,104831.38999999998,9066.070000000002,95765.32,9576.532000000001
2025-08-24,STORE018,6,74.0,77838.15,9018.74,68819.41,11469.901666666667
2025-12-03,STORE012,4,33.0,41375.74,5174.790000000001,36200.95,9050.2375
2025-01-02,STORE006,9,65.0,73598.65999999999,7200.01,66398.65,7377.627777777777
2025-09-06,STORE012,10,72.0,69060.89,8031.3499999999985,61029.54,6102.954
2025-08-30,STORE019,11,62.0,50558.36,4466.85,46091.51000000001,4190.137272727274
2025-10-15,STORE013,8,84.0,88679.87,6823.92,81855.95,10231.99375
2025-10-09,STORE008,6,25.0,23331.72,2644.25,20687.47,3447.911666666667
2025-06-18,STORE011,9,81.0,88730.61,7247.480000000001,81483.13,9053.681111111111
2025-05-19,STORE008,9,68.0,74508.57,6935.419999999999,67573.15000000001,7508.127777777779
2025-08-23,STORE003,6,36.0,40258.04,4894.41,35363.630000000005,5893.938333333334
2025-11-18,STORE011,8,71.0,75582.81,9020.52,66562.29000000001,8320.286250000001
2025-04-07,STORE011,10,94.0,99599.45,10274.189999999999,89325.26000000001,8932.526000000002
2025-06-05,STORE008,6,46.0,39794.58,4030.7599999999998,35763.82,5960.636666666666
2025-09-13,STORE018,9,87.0,86600.81,8929.34,77671.47,8630.163333333334
2025-05-30,STORE015,8,75.0,80618.91,8335.15,72283.76,9035.47
2025-12-08,STORE010,7,65.0,67810.28,7057.550000000001,60752.73,8678.961428571429
2025-10-02,STORE003,6,56.0,69957.88,5314.130000000001,64643.75,10773.958333333334
2025-12-10,STORE020,7,54.0,65035.2,6750.050000000001,58285.15,8326.45
2025-03-22,STORE002,2,24.0,22512.99,2522.0299999999997,19990.96,9995.48
2025-01-16,STORE002,9,85.0,71667.39,8941.46,62725.92999999999,6969.547777777777
2025-11-08,STORE009,7,59.0,54351.19,4564.49,49786.7,7112.385714285714
2025-12-18,STORE002,7,89.0,90681.61,9855.04,80826.56999999999,11546.652857142855
2025-11-30,STORE012,12,107.0,109953.13999999998,9321.32,100631.82,8385.985
2025-12-24,STORE001,7,59.0,65927.95999999999,5533.049999999999,60394.91,8627.844285714285
2025-04-15,STORE017,10,75.0,73023.20999999999,6523.719999999999,66499.48999999999,6649.948999999999
2025-06-03,STORE011,11,85.0,89549.76000000001,10873.509999999998,78676.25,7152.386363636364
2025-07-24,STORE020,7,87.0,101422.0,9961.800000000001,91460.19999999998,13065.742857142855
2025-11-10,STORE020,4,36.0,35040.73,4175.52,30865.21,7716.3025
2025-10-22,STORE014,9,74.0,69486.56,7270.88,62215.67999999999,6912.853333333333
2025-01-25,STORE001,5,44.0,43723.63,5178.57,38545.060000000005,7709.012000000001
2025-07-04,STORE014,8,76.0,61786.6,6531.299999999999,55255.3,6906.9125
2025-07-13,STORE009,6,37.0,34344.170000000006,1931.72,32412.45,5402.075
2025-07-06,STORE001,8,73.0,71591.33,6659.0,64932.33,8116.54125
2025-10-26,STORE004,8,53.0,53452.149999999994,5045.18,48406.97,6050.87125
2025-04-17,STORE006,8,62.0,83223.82,7192.550000000001,76031.27,9503.90875
2025-12-28,STORE007,5,59.0,77068.17,8441.66,68626.51000000001,13725.302000000001
2025-10-16,STORE012,13,118.0,140225.72,16608.29,123617.43000000001,9509.033076923077
2025-11-17,STORE010,7,73.0,76794.12,8279.029999999999,68515.09,9787.869999999999
2025-09-07,STORE010,8,81.0,83387.25,8105.37,75281.88,9410.235
2025-01-27,STORE001,7,72.0,75317.29000000001,5727.860000000001,69589.43,9941.347142857141
2025-06-12,STORE013,13,156.0,150387.18,18676.98,131710.19999999998,10131.553846153845
2025-12-05,STORE009,7,42.0,31296.190000000002,1959.5299999999997,29336.660000000003,4190.9514285714295
2025-08-11,STORE008,4,39.0,39813.14,4163.2,35649.94,8912.485
2025-03-09,STORE011,10,99.0,119367.46,12661.99,106705.47,10670.547
2025-08-01,STORE009,10,70.0,83721.76000000001,7606.290000000001,76115.47,7611.5470000000005
2025-05-01,STORE011,9,83.0,86013.64,6876.550000000001,79137.09,8793.01
2025-12-21,STORE018,6,61.0,73193.64,7645.68,65547.96,10924.660000000002
2025-05-20,STORE019,5,49.0,39661.07,4334.389999999999,35326.68,7065.336
2025-08-08,STORE020,9,79.0,67824.85,6655.16,61169.689999999995,6796.632222222222
2025-06-05,STORE012,8,70.0,69947.06,7151.35,62795.71000000001,7849.463750000001
2025-06-14,STORE017,10,97.0,118521.23,12599.02,105922.20999999999,10592.221
2025-07-28,STORE015,9,109.0,116066.37,14171.339999999998,101895.03000000001,11321.670000000002
2025-08-26,STORE016,5,39.0,27010.81,2470.81,24540.0,4908.0
2025-06-29,STORE018,14,98.0,105725.73000000001,10286.75,95438.98,6817.07
2025-02-15,STORE002,4,41.0,38165.66,3386.82,34778.84,8694.71
2025-08-03,STORE013,7,72.0,67992.07,7576.33,60415.74,8630.82
2025-05-15,STORE005,12,123.0,143507.78000000003,13579.490000000002,129928.29000000001,10827.3575
2025-12-27,STORE018,9,97.0,111587.79000000001,10398.75,101189.04000000001,11243.226666666667
2025-10-11,STORE015,6,70.0,69669.31,5925.73,63743.579999999994,10623.929999999998
2025-08-18,STORE008,9,75.0,86375.76,6842.82,79532.94,8836.993333333334
2025-10-24,STORE007,6,59.0,66605.83,6656.41,59949.42,9991.57
2025-10-22,STORE020,7,53.0,46302.47,3698.85,42603.62,6086.231428571429
2025-12-15,STORE008,10,88.0,81034.45000000001,9665.89,71368.56,7136.856
2025-10-31,STORE015,11,89.0,90501.08,7177.139999999999,83323.94000000002,7574.903636363638
2025-04-04,STORE006,9,84.0,104175.99,11197.770000000002,92978.22000000002,10330.913333333336
2025-04-02,STORE011,5,80.0,80588.7,7607.32,72981.38,14596.276000000002
2025-08-03,STORE010,13,126.0,146809.73,14595.36,132214.37,10170.336153846154
2025-06-07,STORE011,4,26.0,21075.95,1564.25,19511.700000000004,4877.925000000001
2025-01-09,STORE013,4,52.0,46087.06,4139.07,41947.99,10486.9975
2025-03-07,STORE014,11,89.0,102966.55,8803.11,94163.44,8560.312727272727
2025-11-13,STORE020,10,59.0,62062.04,6304.95,55757.09,5575.709
2025-10-19,STORE016,3,30.0,37178.31,5085.77,32092.54,10697.513333333334
2025-04-04,STORE001,10,77.0,96408.24,8972.17,87436.07,8743.607
2025-06-09,STORE018,8,73.0,93007.08,10158.699999999999,82848.37999999999,10356.047499999999
2025-08-29,STORE006,9,98.0,89965.29,7925.43,82039.86,9115.54
2025-09-18,STORE003,5,43.0,43672.149999999994,4971.91,38700.240000000005,7740.048000000001
2025-01-08,STORE007,10,86.0,85255.85,8993.560000000001,76262.29000000001,7626.229000000001
2025-03-18,STORE015,8,83.0,68982.45000000001,8846.890000000001,60135.560000000005,7516.945000000001
2025-04-30,STORE001,10,118.0,137563.75,14848.650000000001,122715.1,12271.51
2025-06-08,STORE019,5,53.0,41905.96,4708.7300000000005,37197.23,7439.446000000001
2025-03-28,STORE011,6,35.0,32329.309999999998,2825.32,29503.989999999998,4917.331666666666
2025-01-06,STORE016,8,91.0,86197.03000000001,6817.35,79379.68000000001,9922.460000000001
2025-09-24,STORE015,10,86.0,73001.33,8543.400000000001,64457.93,6445.793
2025-03-11,STORE011,8,45.0,46046.91,4382.16,41664.75,5208.09375
2025-03-06,STORE012,5,47.0,64945.87,7104.74,57841.13,11568.225999999999
2025-05-12,STORE005,8,55.0,54718.740000000005,5583.15,49135.59,6141.94875
2025-06-26,STORE018,12,93.0,98290.56999999999,12299.189999999999,85991.38,7165.948333333334
2025-02-09,STORE019,10,96.0,107128.48,10233.23,96895.25,9689.525
2025-11-09,STORE009,5,31.0,34825.28999999999,3730.27,31095.019999999997,6219.003999999999
2025-08-18,STORE002,12,98.0,105182.25,8757.19,96425.06,8035.421666666666
2025-05-06,STORE016,10,90.0,78241.34,7285.0,70956.34,7095.634
2025-08-20,STORE006,9,77.0,85262.34000000001,7224.780000000001,78037.56000000001,8670.840000000002
2025-06-22,STORE016,9,68.0,71283.52,7660.7300000000005,63622.78999999999,7069.198888888888
2025-03-24,STORE006,10,106.0,127239.94,14164.16,113075.78,11307.578
2025-05-26,STORE016,8,87.0,87816.81,9879.13,77937.68,9742.21
2025-11-15,STORE013,8,70.0,74210.34,7234.01,66976.33,8372.04125
2025-02-27,STORE005,10,105.0,90614.95999999999,9092.39,81522.57,8152.2570000000005
2025-12-27,STORE004,5,38.0,47647.74,6033.780000000001,41613.96,8322.792
2025-07-07,STORE006,13,100.0,127560.44000000002,11087.0,116473.44,8959.495384615384
2025-05-07,STORE013,4,48.0,38473.759999999995,3500.62,34973.14,8743.285
2025-12-17,STORE011,7,63.0,55754.72,5555.39,50199.33,7171.332857142857
2025-12-21,STORE008,5,40.0,42518.2,4898.27,37619.93,7523.986
2025-11-27,STORE013,10,63.0,74681.68999999999,7349.66,67332.03,6733.2029999999995
2025-07-19,STORE020,10,103.0,115581.31999999999,9060.63,106520.69,10652.069
2025-06-03,STORE008,7,52.0,57717.97,5376.280000000001,52341.69,7477.384285714286
2025-01-24,STORE015,8,80.0,85450.13,8799.18,76650.95,9581.36875
2025-03-23,STORE003,11,123.0,123191.48000000001,13540.08,109651.4,9968.30909090909
2025-10-28,STORE018,7,68.0,87624.43,7929.61,79694.81999999999,11384.974285714285
2025-06-26,STORE016,11,80.0,80762.65,10389.080000000002,70373.57,6397.597272727274
2025-05-11,STORE019,6,50.0,53499.200000000004,4462.58,49036.619999999995,8172.7699999999995
2025-01-01,STORE011,16,143.0,144916.88999999998,14453.029999999999,130463.86,8153.99125
2025-06-30,STORE020,4,27.0,32039.579999999998,2275.53,29764.05,7441.0125
2025-08-31,STORE015,12,114.0,131357.97999999998,12258.02,119099.95999999999,9924.996666666666
2025-04-16,STORE013,9,78.0,91029.95999999999,11532.279999999997,79497.68,8833.075555555555
2025-08-27,STORE011,10,80.0,103370.84999999999,9051.17,94319.68,9431.967999999999
2025-01-05,STORE018,5,67.0,66387.65,5873.5,60514.15,12102.83
2025-05-18,STORE001,4,33.0,39792.82000000001,2035.13,37757.689999999995,9439.422499999999
2025-07-02,STORE003,12,102.0,127094.09999999999,12022.45,115071.65000000001,9589.304166666667
2025-05-31,STORE015,8,71.0,67886.72,7116.92,60769.8,7596.225
2025-11-13,STORE008,9,80.0,74556.31,6781.400000000001,67774.91,7530.545555555556
2025-02-17,STORE010,10,70.0,80962.42,7284.36,73678.06,7367.806
2025-02-24,STORE002,8,87.0,79869.85,7771.3099999999995,72098.54000000001,9012.317500000001
2025-09-04,STORE018,5,36.0,35000.63,3028.0099999999998,31972.619999999995,6394.523999999999
2025-11-11,STORE016,8,91.0,92558.23,9954.759999999998,82603.47,10325.43375
2025-11-22,STORE016,8,55.0,56616.16,6915.119999999999,49701.03999999999,6212.629999999999
2025-10-14,STORE004,9,120.0,120956.58,11322.23,109634.35,12181.594444444445
2025-07-28,STORE008,8,68.0,72357.81,7485.7699999999995,64872.03999999999,8109.004999999999
2025-06-28,STORE020,5,61.0,59224.880000000005,7417.37,51807.51,10361.502
2025-08-28,STORE009,5,46.0,40972.57000000001,5731.990000000001,35240.58,7048.116
2025-05-07,STORE010,5,32.0,36981.42,4495.34,32486.08,6497.216
2025-01-27,STORE007,7,48.0,43171.020000000004,5889.88,37281.14,5325.877142857143
2025-12-18,STORE006,11,114.0,126891.19,11590.85,115300.34,10481.84909090909
2025-09-24,STORE001,4,21.0,19941.48,2228.13,17713.350000000002,4428.337500000001
2025-12-29,STORE018,4,42.0,47912.649999999994,4386.780000000001,43525.869999999995,10881.467499999999
2025-07-28,STORE004,9,69.0,79304.79,9432.31,69872.48,7763.608888888888
2025-04-21,STORE002,12,104.0,117216.07,11125.140000000001,106090.93000000001,8840.910833333333
2025-11-18,STORE008,7,80.0,82095.34,6588.81,75506.53,10786.647142857142
2025-11-22,STORE015,12,120.0,116511.86999999998,12943.210000000001,103568.66,8630.721666666666
2025-05-10,STORE013,11,136.0,152025.77,19240.200000000004,132785.57,12071.415454545455
2025-07-25,STORE005,4,37.0,42536.130000000005,5080.23,37455.9,9363.975
2025-10-26,STORE018,7,45.0,46747.14,5708.24,41038.899999999994,5862.699999999999
2025-10-25,STORE018,15,118.0,116801.65,10027.36,106774.29,7118.285999999999
2025-06-09,STORE011,9,81.0,87838.40000000001,9722.27,78116.13,8679.57
2025-01-29,STORE017,8,60.0,61310.61,6202.8099999999995,55107.8,6888.475
2025-05-20,STORE016,7,49.0,44717.68,2620.1299999999997,42097.55,6013.935714285714
2025-10-23,STORE009,7,60.0,67996.31999999999,7349.25,60647.07,8663.867142857143
2025-11-11,STORE007,10,87.0,96954.39,10700.8,86253.59000000001,8625.359
2025-01-10,STORE012,7,56.0,50468.509999999995,4404.94,46063.56999999999,6580.509999999999
2025-03-28,STORE009,5,48.0,45411.44,5073.969999999999,40337.469999999994,8067.493999999999
2025-05-29,STORE011,13,100.0,93679.94999999998,9709.1,83970.85,6459.296153846154
2025-07-03,STORE005,9,71.0,69534.34,7580.560000000001,61953.78,6883.753333333333
2025-05-11,STORE003,8,65.0,71798.51,5993.599999999999,65804.91,8225.61375
2025-04-15,STORE014,12,112.0,109013.63999999998,10064.720000000001,98948.92000000001,8245.743333333334
2025-07-13,STORE001,10,99.0,114609.58,9225.500000000002,105384.07999999999,10538.408
2025-05-16,STORE005,9,60.0,65806.79000000001,6232.2300000000005,59574.56,6619.395555555555
2025-12-24,STORE002,9,86.0,87360.25,9986.220000000001,77374.03,8597.114444444444
2025-07-31,STORE004,8,70.0,72223.67,7736.749999999999,64486.920000000006,8060.865000000001
2025-12-11,STORE005,3,31.0,33417.700000000004,3475.62,29942.08,9980.693333333335
2025-07-08,STORE017,7,74.0,72672.53,7546.42,65126.11,9303.73
2025-05-13,STORE006,7,75.0,85051.68,11354.650000000001,73697.03,10528.147142857142
2025-04-08,STORE011,8,73.0,70952.59,9366.759999999998,61585.83,7698.22875
2025-01-27,STORE006,7,52.0,65093.34,6653.68,58439.659999999996,8348.522857142856
2025-08-17,STORE004,11,112.0,117295.93,11420.349999999999,105875.57999999999,9625.052727272727
2025-12-29,STORE011,5,44.0,44862.43,4470.339999999999,40392.09,8078.418
2025-08-16,STORE005,8,53.0,64073.02,8084.3099999999995,55988.71,6998.58875
2025-01-09,STORE019,6,37.0,32292.37,3529.7200000000003,28762.649999999998,4793.775
2025-10-16,STORE005,5,33.0,33210.270000000004,3614.65,29595.62,5919.124
2025-09-30,STORE015,9,68.0,58418.109999999986,6653.59,51764.520000000004,5751.613333333334
2025-08-27,STORE001,9,49.0,53171.0,4515.02,48655.98,5406.22
2025-11-15,STORE003,7,55.0,63709.6,5185.9,58523.7,8360.528571428571
2025-04-20,STORE001,9,64.0,70897.09,8337.04,62560.05,6951.116666666667
2025-02-07,STORE009,9,94.0,99592.38,8223.11,91369.26999999999,10152.14111111111
2025-10-23,STORE011,13,88.0,95152.12,9380.14,85771.98,6597.844615384615
2025-12-23,STORE004,6,60.0,63011.41,7669.920000000001,55341.49,9223.581666666667
2025-08-22,STORE017,7,50.0,51699.899999999994,5432.780000000001,46267.119999999995,6609.5885714285705
2025-08-16,STORE012,6,38.0,34113.4,3804.1099999999997,30309.29,5051.548333333333
2025-03-15,STORE001,8,34.0,34557.840000000004,2868.05,31689.79,3961.22375
2025-09-09,STORE002,13,124.0,136775.64,15850.789999999999,120924.84999999999,9301.911538461538
2025-05-20,STORE014,13,99.0,94671.18,9726.869999999999,84944.31,6534.177692307692
2025-08-17,STORE011,14,100.0,100980.21,10645.359999999999,90334.84999999999,6452.489285714285
2025-04-23,STORE016,4,45.0,38353.06,3675.3199999999997,34677.74,8669.435
2025-10-13,STORE012,4,51.0,48750.78,5334.18,43416.59999999999,10854.149999999998
2025-05-04,STORE001,8,80.0,75039.03,7117.5599999999995,67921.47,8490.18375
2025-09-29,STORE018,15,133.0,154324.94,15458.11,138866.83,9257.788666666665
2025-10-02,STORE016,7,36.0,33366.18,2367.3599999999997,30998.820000000007,4428.402857142858
2025-07-03,STORE008,5,46.0,50562.88,5184.16,45378.72,9075.744
2025-08-24,STORE008,5,58.0,54939.69,4977.25,49962.43999999999,9992.487999999998
2025-06-23,STORE013,10,99.0,101155.31999999999,9590.29,91565.03,9156.503
2025-12-22,STORE009,6,47.0,55264.61,4728.9,50535.71,8422.618333333334
2025-05-07,STORE011,13,120.0,125662.37,14658.23,111004.14,8538.78
2025-10-06,STORE002,7,69.0,58692.979999999996,6228.63,52464.350000000006,7494.907142857143
2025-04-28,STORE014,5,71.0,72329.07999999999,7685.829999999999,64643.25,12928.65
2025-03-30,STORE018,4,54.0,59712.34,4183.719999999999,55528.62,13882.155
2025-03-18,STORE020,11,90.0,91547.09000000001,8873.68,82673.41,7515.764545454545
2025-12-26,STORE015,5,28.0,37064.9,3409.82,33655.08,6731.0160000000005
2025-06-28,STORE002,6,49.0,43544.11,4830.64,38713.47,6452.245
2025-10-29,STORE016,10,95.0,99384.51,8111.68,91272.83,9127.283
2025-02-26,STORE013,7,81.0,76923.56,6824.160000000001,70099.4,10014.199999999999
2025-11-19,STORE019,11,103.0,91574.73999999999,11044.57,80530.17,7320.924545454545
2025-04-04,STORE017,5,52.0,46342.68,5673.189999999999,40669.49,8133.897999999999
2025-06-20,STORE001,9,106.0,109717.48000000001,10513.69,99203.79000000001,11022.643333333333
2025-01-14,STORE010,12,132.0,140082.0,12346.79,127735.21000000002,10644.600833333336
2025-04-14,STORE018,5,34.0,37198.18,3754.14,33444.04,6688.808
2025-10-30,STORE013,8,59.0,67316.33,8845.7,58470.63,7308.82875
2025-11-27,STORE005,11,88.0,93698.88,8380.52,85318.35999999999,7756.214545454544
2025-04-13,STORE011,6,53.0,47390.19,4545.09,42845.1,7140.849999999999
2025-06-01,STORE009,13,159.0,178417.74,18906.58,159511.16,12270.08923076923
2025-05-02,STORE014,9,74.0,92642.51000000001,7957.84,84684.67,9409.407777777778
2025-02-25,STORE010,9,65.0,57547.189999999995,6045.669999999999,51501.52,5722.391111111111
2025-06-20,STORE008,8,69.0,62973.97,6402.89,56571.08,7071.385
2025-06-21,STORE011,12,122.0,134799.31,13438.039999999999,121361.27,10113.439166666667
2025-11-22,STORE002,10,104.0,87031.29000000001,7612.55,79418.73999999999,7941.873999999999
2025-10-11,STORE004,14,122.0,132611.88,14820.93,117790.95000000001,8413.639285714287
2025-02-11,STORE013,3,30.0,27761.590000000004,3401.3599999999997,24360.23,8120.076666666667
2025-09-01,STORE003,6,40.0,34623.159999999996,3063.1800000000003,31559.980000000003,5259.996666666667
2025-01-09,STORE009,8,78.0,98436.97,12056.119999999999,86380.85,10797.60625
2025-06-02,STORE001,5,32.0,42958.11,3675.27,39282.840000000004,7856.568000000001
2025-12-29,STORE019,5,49.0,57256.05,5512.02,51744.030000000006,10348.806
2025-11-05,STORE007,8,53.0,46436.87,6231.33,40205.53999999999,5025.692499999999
2025-08-25,STORE011,9,84.0,74154.32,7160.22,66994.1,7443.788888888889
2025-10-20,STORE012,7,58.0,63475.600000000006,6041.749999999999,57433.850000000006,8204.835714285715
2025-06-18,STORE007,5,35.0,31523.8,3608.3700000000003,27915.43,5583.086
2025-01-14,STORE014,11,102.0,97953.91999999998,10317.18,87636.73999999999,7966.976363636363
2025-07-17,STORE019,12,110.0,90313.62,10082.58,80231.04000000001,6685.920000000001
2025-08-23,STORE016,5,43.0,35562.770000000004,3705.1100000000006,31857.66,6371.532
2025-02-15,STORE017,8,57.0,60412.44,4460.59,55951.850000000006,6993.981250000001
2025-08-09,STORE019,3,30.0,35169.01,3522.88,31646.13,10548.710000000001
2025-11-04,STORE004,18,123.0,125259.29000000002,12857.249999999998,112402.04,6244.557777777777
2025-04-07,STORE004,5,27.0,26441.94,2942.44,23499.499999999996,4699.9
2025-10-11,STORE011,8,83.0,78687.09,7180.47,71506.62,8938.3275
2025-07-02,STORE014,3,27.0,34800.81,2725.7200000000003,32075.09,10691.696666666667
2025-10-19,STORE015,9,84.0,99820.65999999999,11580.029999999999,88240.63,9804.514444444445
2025-04-28,STORE005,9,78.0,68111.33,7487.5,60623.83,6735.981111111111
2025-05-23,STORE001,8,101.0,122037.98000000001,14468.830000000002,107569.15000000001,13446.143750000001
2025-01-17,STORE007,11,78.0,65790.78,6618.43,59172.35,5379.304545454545
2025-04-01,STORE015,6,60.0,50466.770000000004,4467.889999999999,45998.880000000005,7666.4800000000005
2025-07-23,STORE015,14,118.0,109208.87000000001,11794.430000000002,97414.44,6958.174285714286
2025-08-30,STORE012,14,149.0,138393.77,13817.54,124576.23000000001,8898.302142857143
2025-01-02,STORE014,5,49.0,47620.28,5015.66,42604.62,8520.924
2025-06-13,STORE019,5,53.0,42683.39000000001,4289.2,38394.189999999995,7678.837999999999
2025-07-08,STORE002,6,65.0,72749.98,7423.389999999999,65326.590000000004,10887.765000000001
2025-05-16,STORE001,7,48.0,50258.42999999999,5000.030000000001,45258.4,6465.4857142857145
2025-01-17,STORE017,10,90.0,76823.22,7946.210000000001,68877.01000000001,6887.701000000001
2025-09-12,STORE002,8,64.0,76490.11,8319.04,68171.07,8521.38375
2025-09-07,STORE016,3,33.0,21522.02,1486.28,20035.739999999998,6678.579999999999
2025-04-24,STORE010,9,92.0,81924.48000000001,7403.79,74520.69,8280.076666666668
2025-03-26,STORE012,3,33.0,20030.65,1818.6399999999999,18212.010000000002,6070.670000000001
2025-02-20,STORE014,6,38.0,53922.95,5006.469999999999,48916.479999999996,8152.746666666666
2025-09-23,STORE006,4,44.0,52568.41,4084.1900000000005,48484.22,12121.055
2025-12-25,STORE013,12,130.0,155905.31,16656.92,139248.39,11604.032500000001
2025-10-19,STORE009,6,56.0,49932.520000000004,4091.42,45841.1,7640.183333333333
2025-02-18,STORE010,9,67.0,55282.28,5420.4,49861.880000000005,5540.208888888889
2025-08-20,STORE014,11,113.0,125797.02,13514.75,112282.27000000002,10207.479090909093
2025-07-25,STORE007,7,63.0,57126.08,5735.9400000000005,51390.14,7341.448571428571
2025-03-17,STORE017,8,80.0,63978.52,4819.790000000001,59158.73,7394.84125
2025-04-11,STORE007,3,24.0,23481.39,2457.8199999999997,21023.57,7007.856666666667
2025-04-03,STORE002,8,76.0,80970.98,9292.62,71678.36,8959.795
2025-10-18,STORE015,9,73.0,73318.45,7015.580000000001,66302.87000000001,7366.985555555557
2025-07-31,STORE005,5,19.0,26186.08,3397.7400000000002,22788.339999999997,4557.668
2025-09-04,STORE016,12,102.0,102297.25,12861.07,89436.18,7453.014999999999
2025-12-17,STORE006,7,58.0,84201.0,9081.19,75119.81,10731.401428571427
2025-07-27,STORE012,5,47.0,40831.28,4957.04,35874.240000000005,7174.848000000001
2025-03-12,STORE009,10,73.0,73564.92000000001,6901.62,66663.3,6666.33
2025-04-10,STORE008,7,72.0,88645.22,8977.869999999999,79667.34999999999,11381.05
2025-09-16,STORE003,4,52.0,55662.22,6044.41,49617.81,12404.4525
2025-03-29,STORE005,11,134.0,138487.22999999998,14287.719999999998,124199.51,11290.864545454546
2025-04-10,STORE003,7,66.0,67038.58000000002,8915.32,58123.26,8303.322857142857
2025-01-27,STORE017,6,81.0,88715.47,10996.09,77719.38,12953.230000000001
2025-03-04,STORE010,8,78.0,90294.58,8715.810000000001,81578.76999999999,10197.346249999999
2025-06-10,STORE015,6,55.0,45658.68,5074.68,40584.0,6764.0
2025-04-11,STORE019,16,122.0,123305.25000000001,13719.57,109585.68000000001,6849.1050000000005
2025-07-11,STORE016,6,51.0,54217.23,3398.86,50818.369999999995,8469.728333333333
2025-04-08,STORE018,14,120.0,142934.91,15560.940000000002,127373.97,9098.140714285715
2025-09-04,STORE009,13,158.0,160354.34,13328.01,147026.33,11309.717692307691
2025-11-06,STORE009,3,48.0,57177.49,5019.98,52157.509999999995,17385.836666666666
2025-03-03,STORE017,6,49.0,58148.939999999995,7249.23,50899.71,8483.285
2025-09-26,STORE016,9,70.0,81880.95,7219.14,74661.81,8295.756666666666
2025-02-03,STORE003,13,104.0,121208.62000000001,12578.21,108630.41,8356.185384615384
2025-07-13,STORE006,10,76.0,83567.76,7647.92,75919.84,7591.9839999999995
2025-01-06,STORE019,5,37.0,42902.89,2792.06,40110.83,8022.166
2025-11-16,STORE005,12,118.0,128158.66000000002,12427.18,115731.48000000001,9644.29
2025-04-20,STORE019,8,75.0,57854.42,5888.1,51966.32,6495.79
2025-11-02,STORE013,4,35.0,34228.600000000006,4130.4800000000005,30098.120000000003,7524.530000000001
2025-08-11,STORE018,5,45.0,60944.04,7093.629999999999,53850.409999999996,10770.081999999999
2025-01-22,STORE020,9,57.0,45433.22,3081.6,42351.619999999995,4705.735555555555
2025-09-14,STORE006,7,55.0,58690.84,5385.14,53305.700000000004,7615.1
2025-04-19,STORE015,5,49.0,52501.11,5303.4400000000005,47197.67,9439.534
2025-06-08,STORE018,7,44.0,52885.81999999999,4778.25,48107.57,6872.51
2025-01-18,STORE002,8,56.0,53860.89,5414.91,48445.979999999996,6055.7474999999995
2025-01-31,STORE009,9,62.0,64245.47,5804.8,58440.67,6493.4077777777775
2025-12-16,STORE004,12,102.0,117421.48999999999,11905.9,105515.59,8792.965833333334
2025-01-08,STORE004,10,95.0,115519.84999999998,9694.34,105825.51,10582.551
2025-03-16,STORE012,8,71.0,67846.42,6420.200000000001,61426.22,7678.2775
2025-05-15,STORE015,7,69.0,80503.87000000001,9000.400000000001,71503.47,10214.781428571428
2025-02-12,STORE014,9,86.0,103547.84,10754.939999999999,92792.90000000001,10310.322222222223
2025-10-27,STORE017,9,81.0,78185.34,9948.11,68237.23000000001,7581.9144444444455
2025-03-10,STORE008,1,4.0,5582.8,407.34000000000003,5175.46,5175.46
2025-03-09,STORE005,9,56.0,77064.73999999999,7031.09,70033.65000000001,7781.516666666667
2025-07-04,STORE007,10,80.0,73931.41,8255.06,65676.35,6567.635
2025-01-08,STORE008,11,104.0,96688.35999999999,9738.329999999998,86950.03,7904.548181818182
2025-05-19,STORE010,10,97.0,128686.82,14766.009999999998,113920.81000000001,11392.081000000002
2025-07-22,STORE008,10,65.0,62194.66,6383.14,55811.520000000004,5581.152
2025-06-23,STORE005,11,77.0,94037.10999999999,11090.14,82946.97,7540.6336363636365
2025-11-03,STORE002,6,37.0,34233.979999999996,3238.0200000000004,30995.96,5165.993333333333
2025-01-28,STORE007,6,49.0,31022.879999999997,2066.05,28956.83,4826.138333333333
2025-07-14,STORE012,8,75.0,77624.19999999998,8252.86,69371.34,8671.4175
2025-03-31,STORE016,9,75.0,68633.68,6376.2300000000005,62257.45,6917.4944444444445
2025-07-23,STORE007,14,129.0,137501.09000000003,15523.349999999999,121977.73999999999,8712.695714285714
2025-03-20,STORE018,12,115.0,107937.71,7440.24,100497.47,8374.789166666667
2025-05-31,STORE011,7,56.0,63552.22,6958.87,56593.34999999999,8084.764285714285
2025-06-24,STORE016,12,118.0,122539.70000000001,8577.900000000001,113961.79999999999,9496.816666666666
2025-09-02,STORE016,5,47.0,46967.61,4992.57,41975.03999999999,8395.007999999998
2025-09-11,STORE010,6,58.0,54560.25,5321.29,49238.96000000001,8206.493333333334
2025-05-02,STORE008,8,55.0,53759.64,6053.07,47706.57,5963.32125
2025-04-12,STORE020,7,72.0,76013.59,7551.549999999999,68462.04000000001,9780.29142857143
2025-09-14,STORE018,8,82.0,74598.09999999999,7274.290000000001,67323.81,8415.47625
2025-01-29,STORE006,10,81.0,90720.43000000001,9404.84,81315.59,8131.558999999999
2025-11-28,STORE003,6,44.0,44424.759999999995,4745.089999999999,39679.67,6613.278333333333
2025-02-11,STORE018,4,38.0,40264.67999999999,2762.1099999999997,37502.56999999999,9375.642499999998
2025-06-24,STORE015,6,62.0,72464.54999999999,7623.25,64841.3,10806.883333333333
2025-02-25,STORE011,7,81.0,73500.23,8267.19,65233.04,9319.005714285715
2025-09-04,STORE015,6,51.0,35619.28,2790.1000000000004,32829.18,5471.53
2025-10-09,STORE016,8,71.0,76031.04999999999,7711.56,68319.48999999999,8539.936249999999
2025-06-02,STORE016,5,46.0,48661.95999999999,4017.9300000000003,44644.030000000006,8928.806
2025-08-22,STORE005,6,38.0,39035.05,3744.52,35290.53,5881.755
2025-07-07,STORE005,7,64.0,70129.74,8814.5,61315.240000000005,8759.320000000002
2025-06-10,STORE011,7,80.0,88361.03,9973.99,78387.04000000001,11198.148571428572
2025-05-27,STORE020,10,120.0,113883.66,13686.380000000003,100197.28,10019.728
2025-06-11,STORE015,7,70.0,66676.98999999999,6476.21,60200.78,8600.111428571428
2025-04-20,STORE013,5,61.0,51904.73,5551.22,46353.509999999995,9270.702
2025-08-04,STORE003,6,59.0,64362.82,6344.11,58018.71,9669.785
2025-10-05,STORE017,5,37.0,46779.759999999995,5058.07,41721.69,8344.338
2025-04-25,STORE018,8,84.0,71263.48999999999,4911.219999999999,66352.27,8294.03375
2025-06-03,STORE001,12,123.0,126333.15999999999,9131.779999999999,117201.38,9766.781666666668
2025-05-29,STORE013,7,72.0,52033.52,4249.0,47784.52,6826.36
2025-06-05,STORE015,9,74.0,75252.51000000001,7471.6900000000005,67780.82,7531.202222222223
2025-10-29,STORE014,10,76.0,82511.97999999998,6673.41,75838.56999999999,7583.856999999999
2025-01-05,STORE007,9,72.0,64880.39000000001,7859.180000000001,57021.21000000001,6335.6900000000005
2025-01-23,STORE007,5,39.0,46003.06,4873.360000000001,41129.7,8225.939999999999
2025-12-15,STORE010,9,83.0,95019.91,10402.99,84616.92,9401.88
2025-07-31,STORE003,10,66.0,69507.55,7486.759999999999,62020.79000000001,6202.079000000001
2025-09-28,STORE008,5,42.0,50319.84,5668.339999999999,44651.5,8930.3
2025-02-10,STORE013,4,44.0,41638.58,3640.15,37998.43,9499.6075
2025-07-22,STORE009,4,28.0,19126.230000000003,1317.8400000000001,17808.39,4452.0975
2025-12-29,STORE005,6,48.0,54831.78,6764.629999999999,48067.15,8011.191666666667
2025-08-27,STORE008,3,28.0,28158.21,2934.79,25223.42,8407.806666666665
2025-07-19,STORE011,8,73.0,64584.72,5982.01,58602.71,7325.33875
2025-03-31,STORE009,7,42.0,39336.8,4266.71,35070.09,5010.012857142857
2025-01-05,STORE015,8,70.0,71318.04000000001,5516.22,65801.82,8225.2275
2025-05-31,STORE008,13,94.0,88815.23999999999,9471.650000000001,79343.59000000001,6103.353076923077
2025-05-15,STORE004,7,51.0,47087.45,5567.710000000001,41519.740000000005,5931.391428571429
2025-05-15,STORE007,6,61.0,68573.84,6723.15,61850.69,10308.448333333334
2025-05-23,STORE011,5,27.0,20657.92,2221.24,18436.68,3687.3360000000002
2025-06-01,STORE010,9,69.0,72252.4,7062.539999999999,65189.86,7243.317777777778
2025-11-24,STORE018,12,102.0,118743.59,11854.119999999999,106889.47,8907.455833333333
2025-09-12,STORE015,7,61.0,63246.9,6744.6900000000005,56502.21,8071.744285714286
2025-08-24,STORE007,6,42.0,38741.119999999995,4100.780000000001,34640.34,5773.389999999999
2025-11-01,STORE011,7,49.0,51067.77,5541.04,45526.73,6503.818571428572
2025-07-02,STORE020,6,40.0,32592.810000000005,2719.7200000000003,29873.090000000004,4978.848333333334
2025-04-22,STORE015,5,35.0,31976.27,3325.5200000000004,28650.749999999996,5730.15
2025-10-01,STORE007,10,74.0,73495.65999999999,8472.07,65023.59,6502.3589999999995
2025-07-04,STORE004,5,45.0,54379.299999999996,5760.360000000001,48618.94,9723.788
2025-05-07,STORE020,4,29.0,38713.8,4404.16,34309.64,8577.41
2025-09-23,STORE011,8,81.0,96980.10999999999,10185.24,86794.87,10849.35875
2025-01-13,STORE007,7,52.0,54963.82000000001,7358.8200000000015,47605.0,6800.714285714285
2025-12-03,STORE010,15,139.0,143838.85,11189.119999999999,132649.72999999998,8843.315333333332
2025-10-28,STORE014,8,67.0,82653.85999999999,7334.12,75319.74,9414.9675
2025-09-01,STORE001,9,84.0,90373.63,7874.48,82499.15,9166.572222222221
2025-08-10,STORE017,12,95.0,105509.53,11640.510000000002,93869.02,7822.418333333334
2025-05-03,STORE007,11,84.0,77935.65000000001,7384.33,70551.32,6413.756363636364
2025-03-20,STORE016,10,70.0,56276.05,6708.1900000000005,49567.86,4956.786
2025-01-27,STORE010,5,53.0,48674.55,5799.4400000000005,42875.11,8575.022
2025-11-03,STORE020,7,63.0,44468.47,4719.5599999999995,39748.91,5678.415714285715
2025-03-24,STORE011,7,54.0,38074.96,3523.5399999999995,34551.42,4935.917142857143
2025-01-24,STORE003,11,98.0,115047.66,12493.819999999998,102553.84000000001,9323.076363636364
2025-08-22,STORE014,9,93.0,99517.78,12592.54,86925.23999999999,9658.359999999999
2025-03-15,STORE018,9,94.0,112424.09,9852.29,102571.79999999999,11396.866666666665
2025-01-19,STORE004,8,74.0,82274.51999999999,7717.369999999999,74557.15,9319.64375
2025-12-20,STORE006,10,100.0,98713.26999999999,12051.2,86662.06999999999,8666.206999999999
2025-03-12,STORE016,10,75.0,77043.38,7343.459999999999,69699.92,6969.992
2025-02-09,STORE004,5,38.0,42136.57,4092.1099999999997,38044.45999999999,7608.891999999998
2025-09-25,STORE014,5,22.0,28118.63,4295.73,23822.9,4764.58
2025-01-17,STORE008,5,54.0,41620.44,5102.610000000001,36517.83,7303.566000000001
2025-02-07,STORE008,7,38.0,38698.82000000001,4672.9800000000005,34025.840000000004,4860.834285714286
2025-02-22,STORE016,3,25.0,16643.519999999997,969.5299999999999,15673.99,5224.663333333333
2025-09-27,STORE011,5,37.0,31595.620000000003,3232.8199999999997,28362.8,5672.5599999999995
2025-09-11,STORE017,7,77.0,92249.91,10785.43,81464.48000000001,11637.782857142858
2025-05-05,STORE001,8,69.0,91472.29000000001,8546.23,82926.06,10365.7575
2025-02-14,STORE008,11,124.0,131604.39,12659.82,118944.57,10813.142727272729
2025-12-17,STORE009,13,87.0,90749.09,8748.98,82000.11,6307.700769230769
2025-08-20,STORE017,10,76.0,77406.7,6041.0,71365.70000000001,7136.5700000000015
2025-06-25,STORE004,9,67.0,88999.35,8202.63,80796.72,8977.413333333334
2025-09-29,STORE005,8,71.0,59088.399999999994,4733.67,54354.729999999996,6794.3412499999995
2025-07-25,STORE006,8,81.0,103376.70999999999,11608.31,91768.40000000001,11471.050000000001
2025-10-22,STORE008,7,55.0,41668.78999999999,3844.3900000000003,37824.4,5403.4857142857145
2025-08-07,STORE005,11,88.0,101421.51000000001,7616.01,93805.49999999999,8527.772727272726
2025-12-03,STORE016,7,52.0,42752.75,5014.84,37737.909999999996,5391.129999999999
2025-06-16,STORE003,7,58.0,62317.34,5322.23,56995.11,8142.158571428571
2025-09-11,STORE020,7,51.0,46997.67,5448.36,41549.310000000005,5935.615714285715
2025-11-02,STORE015,7,46.0,44504.15,3637.8700000000003,40866.28,5838.04
2025-05-25,STORE016,8,49.0,57109.78,4534.92,52574.85999999999,6571.857499999999
2025-11-09,STORE002,13,144.0,161378.31,16732.77,144645.53999999998,11126.579999999998
2025-09-17,STORE011,6,65.0,69549.73000000001,5177.9400000000005,64371.78999999999,10728.631666666666
2025-04-06,STORE016,9,84.0,72720.0,6010.59,66709.40999999999,7412.156666666666
2025-11-25,STORE005,9,50.0,56820.03999999999,6114.18,50705.86,5633.984444444444
2025-11-06,STORE006,7,58.0,58199.03,5134.73,53064.3,7580.614285714286
2025-10-16,STORE014,5,30.0,31374.61,4401.6,26973.01,5394.602
2025-01-21,STORE004,7,49.0,58299.31,6491.3099999999995,51808.0,7401.142857142857
2025-09-29,STORE007,6,48.0,58062.97,6657.51,51405.46000000001,8567.576666666668
2025-01-24,STORE011,7,67.0,68490.61,5246.33,63244.28,9034.897142857142
2025-09-17,STORE003,9,84.0,97326.48000000001,9964.179999999998,87362.3,9706.922222222223
2025-07-26,STORE005,13,101.0,103485.73000000003,9502.36,93983.37,7229.49
2025-03-02,STORE009,8,38.0,40127.67,4022.33,36105.34,4513.1675
2025-08-20,STORE019,14,114.0,91434.34000000001,8262.25,83172.09,5940.863571428571
2025-08-22,STORE013,8,66.0,59062.69000000001,4591.25,54471.44,6808.93
2025-05-12,STORE007,9,88.0,82718.73999999999,9362.8,73355.94,8150.66
2025-05-04,STORE019,6,58.0,60793.57,6481.74,54311.83,9051.971666666666
2025-07-24,STORE001,10,135.0,147499.89,13588.73,133911.16,13391.116
2025-04-25,STORE005,6,62.0,65405.3,6112.84,59292.45999999999,9882.076666666666
2025-06-03,STORE012,8,42.0,46488.95,5026.28,41462.67,5182.83375
2025-10-06,STORE001,4,30.0,36823.229999999996,3365.29,33457.94,8364.485
2025-03-20,STORE012,7,62.0,48512.10999999999,5307.03,43205.08,6172.154285714286
2025-01-23,STORE002,9,73.0,79799.79,7730.81,72068.98,8007.664444444444
2025-10-04,STORE015,4,15.0,16069.86,1144.8400000000001,14925.02,3731.255
2025-02-06,STORE014,9,53.0,41954.53,4830.73,37123.8,4124.866666666667
2025-06-23,STORE002,5,44.0,56483.11,6450.34,50032.770000000004,10006.554
2025-12-25,STORE002,9,72.0,67368.56,7131.620000000001,60236.94,6692.993333333334
2025-03-04,STORE002,4,44.0,37985.9,2277.1099999999997,35708.78999999999,8927.197499999998
2025-07-24,STORE017,4,38.0,48389.689999999995,4238.58,44151.11,11037.7775
2025-12-25,STORE015,6,65.0,61050.259999999995,7298.110000000001,53752.15,8958.691666666668
2025-11-01,STORE010,9,59.0,85523.22,7822.4800000000005,77700.74,8633.415555555555
2025-07-14,STORE009,10,56.0,55398.84999999999,4360.070000000001,51038.780000000006,5103.878000000001
2025-11-29,STORE005,9,57.0,56323.56,5545.9400000000005,50777.62,5641.957777777778
2025-11-13,STORE014,12,108.0,102841.81,11063.18,91778.63,7648.219166666667
2025-03-02,STORE001,8,79.0,79156.22,9003.64,70152.58,8769.0725
2025-07-03,STORE017,7,61.0,58424.15,6437.329999999999,51986.81999999999,7426.68857142857
2025-04-03,STORE017,3,21.0,23583.58,2816.8799999999997,20766.699999999997,6922.233333333333
2025-03-02,STORE012,10,76.0,66791.18,6072.64,60718.54,6071.854
2025-09-30,STORE016,7,44.0,54992.28999999999,4107.94,50884.35,7269.192857142857
2025-03-19,STORE020,7,61.0,67575.90999999999,6219.049999999999,61356.86,8765.265714285715
2025-07-02,STORE010,7,42.0,52057.44,5275.5,46781.94,6683.134285714286
2025-02-03,STORE006,6,75.0,85331.82,7852.66,77479.16,12913.193333333335
2025-11-30,STORE020,9,93.0,103469.19,10750.21,92718.98000000001,10302.10888888889
2025-11-13,STORE018,6,46.0,39535.149999999994,3944.2799999999997,35590.87,5931.811666666667
2025-10-29,STORE009,10,85.0,86829.01999999999,11016.97,75812.05000000002,7581.205000000002
2025-04-16,STORE009,7,71.0,67232.93,8693.82,58539.11,8362.73
2025-08-24,STORE010,5,44.0,48416.59,4318.63,44097.96,8819.592
2025-03-01,STORE018,8,61.0,80277.37,6094.15,74183.22,9272.9025
2025-04-13,STORE013,8,79.0,105972.5,10691.509999999998,95280.98999999999,11910.123749999999
2025-08-25,STORE005,8,59.0,60924.49999999999,5051.1,55873.399999999994,6984.174999999999
2025-08-02,STORE006,10,68.0,75849.67,6740.1900000000005,69109.48000000001,6910.948000000001
2025-08-22,STORE012,7,67.0,63761.25,8366.98,55394.270000000004,7913.467142857144
2025-12-02,STORE006,15,116.0,147295.8,17075.89,130219.90999999999,8681.327333333333
2025-02-18,STORE007,9,83.0,100334.83000000002,10485.259999999998,89849.56999999999,9983.285555555554
2025-03-24,STORE008,4,57.0,46460.57,5300.23,41160.34,10290.085
2025-03-22,STORE013,7,61.0,58864.950000000004,5754.889999999999,53110.060000000005,7587.151428571429
2025-06-25,STORE009,9,61.0,58939.07,5853.719999999999,53085.35,5898.372222222222
2025-01-25,STORE016,5,30.0,29126.64,2194.33,26932.31,5386.462
2025-12-12,STORE006,7,61.0,65994.49,7673.31,58321.18000000001,8331.597142857145
2025-07-07,STORE015,9,103.0,108510.91,11045.87,97465.04000000001,10829.44888888889
2025-07-13,STORE015,10,108.0,105573.04999999999,8289.32,97283.73000000001,9728.373000000001
2025-03-31,STORE019,7,76.0,66033.0,7626.620000000001,58406.380000000005,8343.768571428573
2025-09-04,STORE006,11,113.0,122829.26000000001,12860.31,109968.95000000001,9997.177272727275
2025-10-16,STORE019,13,115.0,78190.91,9062.06,69128.85,5317.6038461538465
2025-07-27,STORE004,8,54.0,60351.369999999995,6103.84,54247.53,6780.94125
2025-06-05,STORE014,9,79.0,83648.89,8762.960000000001,74885.93,8320.658888888887
2025-10-03,STORE017,9,80.0,89211.72,7872.42,81339.3,9037.7
2025-06-19,STORE010,13,110.0,127417.61,13095.929999999998,114321.68,8793.975384615384
2025-09-22,STORE015,5,45.0,47303.74,5288.120000000001,42015.619999999995,8403.124
2025-12-14,STORE007,8,69.0,65810.83,6376.719999999999,59434.11,7429.26375
2025-01-24,STORE016,13,128.0,146933.28000000003,13716.060000000001,133217.22,10247.478461538461
2025-07-20,STORE016,5,30.0,21737.57,2717.75,19019.82,3803.964
2025-10-22,STORE009,7,71.0,71708.61,7112.82,64595.79,9227.97
2025-11-08,STORE018,11,93.0,78972.63,6620.84,72351.79,6577.435454545454
2025-05-22,STORE015,7,62.0,71519.95,7088.76,64431.19000000001,9204.455714285716
2025-09-03,STORE001,5,57.0,74200.9,7629.71,66571.19,13314.238000000001
2025-11-19,STORE002,12,117.0,112421.62,11043.45,101378.17000000001,8448.180833333334
2025-08-21,STORE004,6,60.0,64177.02000000001,8640.1,55536.920000000006,9256.153333333334
2025-04-14,STORE004,9,45.0,54626.03999999999,5509.54,49116.5,5457.388888888889
2025-10-29,STORE003,6,51.0,59920.36,7687.009999999999,52233.35,8705.558333333332
2025-12-26,STORE001,16,171.0,187390.47,21916.14,165474.33,10342.145625
2025-09-11,STORE018,5,50.0,41252.740000000005,4146.94,37105.8,7421.160000000001
2025-10-12,STORE018,7,72.0,83946.86000000002,6798.650000000001,77148.21,11021.172857142858
2025-10-24,STORE015,5,55.0,64992.7,6059.320000000001,58933.380000000005,11786.676000000001
2025-11-04,STORE016,13,124.0,131653.19999999998,11462.529999999999,120190.67000000001,9245.436153846154
2025-12-28,STORE009,6,54.0,62490.62000000001,4376.78,58113.840000000004,9685.640000000001
2025-06-20,STORE011,12,103.0,92577.88,9154.39,83423.48999999999,6951.9574999999995
2025-05-12,STORE017,9,94.0,104798.21,9397.48,95400.73,10600.08111111111
2025-11-17,STORE003,11,69.0,70338.11,7094.31,63243.799999999996,5749.436363636363
2025-04-22,STORE005,12,104.0,117640.97,12592.04,105048.93,8754.0775
2025-06-02,STORE013,8,70.0,66439.55,5338.02,61101.53,7637.69125
2025-10-07,STORE001,3,40.0,51063.45,5251.540000000001,45811.909999999996,15270.636666666665
2025-11-01,STORE001,6,53.0,58108.92,5573.609999999999,52535.310000000005,8755.885
2025-06-17,STORE008,8,62.0,61326.19,6348.67,54977.520000000004,6872.1900000000005
2025-12-04,STORE015,7,68.0,67401.17,5004.089999999999,62397.08,8913.868571428571
2025-03-19,STORE006,7,51.0,67122.93,6388.849999999999,60734.08,8676.297142857144
2025-01-18,STORE003,11,78.0,84007.42,8755.28,75252.14,6841.103636363637
2025-11-21,STORE016,5,63.0,51078.14,5686.75,45391.39,9078.278
2025-07-17,STORE013,8,88.0,103864.35999999999,12043.460000000001,91820.9,11477.6125
2025-11-25,STORE006,7,54.0,48233.100000000006,4540.76,43692.34,6241.762857142857
2025-11-12,STORE010,7,49.0,65569.05,7915.0,57654.05,8236.292857142858
2025-07-28,STORE018,6,53.0,66140.02,6326.58,59813.44,9968.906666666668
2025-11-29,STORE003,7,44.0,57075.90000000001,5649.179999999999,51426.72,7346.674285714286
2025-07-27,STORE020,10,98.0,81027.37000000001,5933.849999999999,75093.52,7509.352000000001
2025-03-09,STORE006,10,79.0,82759.76999999999,7426.5199999999995,75333.25,7533.325
2025-12-05,STORE012,7,43.0,36372.97,3794.54,32578.43,4654.061428571428
2025-06-24,STORE012,8,70.0,66499.33,7605.31,58894.020000000004,7361.7525000000005
2025-03-14,STORE017,10,95.0,106406.12,11738.720000000001,94667.4,9466.74
2025-12-11,STORE013,9,75.0,81256.26,6808.77,74447.49,8271.943333333335
2025-01-30,STORE020,9,113.0,104201.76,10559.9,93641.86000000002,10404.651111111112
2025-10-20,STORE019,11,80.0,73145.72,6260.3099999999995,66885.41,6080.491818181818
2025-10-21,STORE017,3,18.0,18785.6,2014.4599999999998,16771.14,5590.38
2025-07-22,STORE013,6,66.0,86656.99,9460.02,77196.97,12866.161666666667
2025-11-23,STORE011,5,31.0,21697.86,2232.98,19464.879999999997,3892.9759999999997
2025-12-22,STORE008,3,30.0,33764.729999999996,3900.87,29863.86,9954.62
2025-06-22,STORE001,11,91.0,91855.35,7669.400000000001,84185.95,7653.268181818182
2025-10-26,STORE015,7,68.0,74947.86,7543.320000000001,67404.54,9629.22
2025-08-03,STORE015,8,86.0,83822.84,9693.960000000001,74128.88,9266.11
2025-07-09,STORE019,6,55.0,46213.85,4827.049999999999,41386.8,6897.8
2025-08-07,STORE013,12,94.0,89850.04000000001,10501.49,79348.55,6612.379166666667
2025-10-24,STORE009,8,78.0,77444.23000000001,6364.599999999999,71079.63,8884.95375
2025-11-10,STORE013,7,60.0,52687.25000000001,5005.98,47681.26999999999,6811.609999999999
2025-05-11,STORE016,6,39.0,48230.64,4412.82,43817.82,7302.97
2025-01-13,STORE020,8,71.0,79053.72,8160.14,70893.57999999999,8861.697499999998
2025-08-02,STORE005,9,72.0,79319.01000000001,7504.64,71814.37,7979.374444444444
2025-07-05,STORE013,11,76.0,74116.99,7750.709999999999,66366.28,6033.298181818182
2025-04-30,STORE008,9,89.0,79151.28,8008.2699999999995,71143.01,7904.778888888888
2025-04-13,STORE010,9,84.0,83810.19,8131.83,75678.36,8408.706666666667
2025-11-18,STORE018,10,114.0,121683.62,11776.35,109907.27,10990.727
2025-03-25,STORE012,10,98.0,107286.18,10663.23,96622.95,9662.295
2025-01-15,STORE013,7,68.0,62684.71000000001,7856.470000000001,54828.24,7832.605714285714
2025-07-14,STORE002,7,48.0,41011.649999999994,4311.0,36700.649999999994,5242.949999999999
2025-08-23,STORE020,7,57.0,49800.520000000004,6212.35,43588.17,6226.881428571428
2025-01-17,STORE014,4,36.0,37215.04,2559.6400000000003,34655.4,8663.85
2025-05-15,STORE002,9,106.0,99860.29000000001,9093.470000000001,90766.82,10085.202222222222
2025-07-09,STORE016,10,102.0,106046.39,10547.66,95498.73,9549.873
2025-08-18,STORE015,15,137.0,135302.62999999998,13332.519999999999,121970.10999999999,8131.340666666666
2025-01-26,STORE001,8,89.0,106614.23999999999,13866.019999999999,92748.22,11593.5275
2025-12-25,STORE018,10,107.0,126133.47,13541.74,112591.73000000001,11259.173
2025-03-21,STORE016,8,67.0,76290.79000000001,4930.68,71360.11,8920.01375
2025-07-09,STORE013,10,65.0,71111.92,8339.24,62772.68000000001,6277.268000000001
2025-05-26,STORE009,6,32.0,20266.42,1847.89,18418.53,3069.7549999999997
2025-01-24,STORE019,8,92.0,88928.51999999999,7284.42,81644.1,10205.5125
2025-06-24,STORE018,10,110.0,139801.15999999997,12422.28,127378.88,12737.888
2025-12-08,STORE019,4,25.0,22969.91,2275.85,20694.059999999998,5173.514999999999
2025-08-21,STORE020,9,55.0,60271.3,4478.77,55792.53,6199.17
2025-05-09,STORE019,5,56.0,64606.33,8974.99,55631.340000000004,11126.268
2025-09-20,STORE016,8,71.0,54464.11,4955.51,49508.6,6188.575
2025-07-13,STORE011,8,73.0,74469.04,7259.2,67209.84,8401.23
2025-10-02,STORE001,6,61.0,70761.75,9976.720000000001,60785.03,10130.838333333333
2025-11-15,STORE020,6,51.0,49183.78,4729.68,44454.1,7409.016666666666
2025-01-29,STORE020,7,58.0,53768.03999999999,3821.15,49946.89,7135.2699999999995
2025-12-20,STORE007,8,78.0,69946.69,5361.18,64585.509999999995,8073.188749999999
2025-03-24,STORE017,5,25.0,33724.78,2713.8,31010.98,6202.196
2025-07-22,STORE014,10,57.0,63018.579999999994,7686.12,55332.46000000001,5533.246000000001
2025-10-15,STORE006,6,61.0,73079.56,7734.44,65345.12,10890.853333333334
2025-07-31,STORE018,5,43.0,39960.770000000004,3781.46,36179.31,7235.861999999999
2025-12-27,STORE011,5,65.0,64777.34,6373.24,58404.09999999999,11680.819999999998
2025-07-01,STORE010,7,66.0,66954.57,6726.57,60228.0,8604.0
2025-08-17,STORE015,9,74.0,78115.31,7351.630000000001,70763.68,7862.63111111111
2025-04-21,STORE006,9,58.0,53855.380000000005,6747.82,47107.56,5234.173333333333
2025-07-11,STORE007,14,111.0,97849.95000000001,10955.509999999998,86894.44,6206.745714285715
2025-08-28,STORE020,9,77.0,90035.49,9692.76,80342.73000000001,8926.970000000001
2025-03-27,STORE015,5,69.0,87964.59000000001,10347.44,77617.15,15523.429999999998
2025-08-10,STORE019,5,45.0,53393.26,4758.78,48634.48,9726.896
2025-12-01,STORE020,9,83.0,77334.23,6635.15,70699.08,7855.453333333334
2025-08-21,STORE012,8,74.0,56544.850000000006,5010.66,51534.189999999995,6441.773749999999
2025-03-03,STORE012,12,85.0,91121.74000000002,8621.249999999998,82500.48999999999,6875.040833333333
2025-11-17,STORE017,5,44.0,51451.399999999994,5306.91,46144.49,9228.898
2025-02-01,STORE007,9,72.0,83056.57999999999,7437.980000000001,75618.59999999999,8402.066666666666
2025-02-17,STORE002,7,50.0,47355.86,5135.110000000001,42220.75,6031.535714285715
2025-03-21,STORE020,8,72.0,78011.5,5581.42,72430.07999999999,9053.759999999998
2025-11-21,STORE014,8,72.0,73869.90999999999,6964.58,66905.33,8363.16625
2025-07-28,STORE002,9,84.0,89041.09000000001,9152.689999999999,79888.4,8876.488888888889
2025-11-19,STORE004,8,59.0,62928.450000000004,6913.99,56014.46,7001.8075
2025-11-29,STORE006,4,31.0,40981.45,4413.66,36567.79000000001,9141.947500000002
2025-02-26,STORE006,10,99.0,94473.06,10946.029999999999,83527.03,8352.703
2025-03-24,STORE010,9,77.0,61643.58,6535.759999999999,55107.82,6123.091111111111
2025-05-20,STORE018,8,64.0,64325.479999999996,7330.02,56995.46000000001,7124.432500000001
2025-09-09,STORE006,5,45.0,51848.63,3724.08,48124.55,9624.91
2025-08-31,STORE005,5,38.0,37353.13,4368.02,32985.11,6597.022
2025-11-25,STORE016,8,66.0,70104.16,5053.96,65050.200000000004,8131.275000000001
2025-06-09,STORE015,6,76.0,72424.11,8033.49,64390.619999999995,10731.769999999999
2025-06-09,STORE006,4,48.0,60292.909999999996,5127.67,55165.24,13791.31
2025-01-23,STORE016,6,56.0,48068.42,5574.969999999999,42493.450000000004,7082.241666666668
2025-02-25,STORE002,11,100.0,107966.44,9363.27,98603.17000000001,8963.924545454547
2025-08-03,STORE014,7,49.0,44030.04,4609.58,39420.46000000001,5631.494285714287
2025-01-14,STORE005,8,81.0,74069.43,5633.17,68436.26,8554.5325
2025-02-23,STORE009,5,60.0,68000.25,5940.92,62059.33,12411.866
2025-06-14,STORE014,9,73.0,83194.27,8863.2,74331.06999999998,8259.007777777775
2025-07-04,STORE003,5,46.0,44866.46,3283.7799999999997,41582.68000000001,8316.536000000002
2025-09-01,STORE014,11,110.0,108791.68,12730.599999999999,96061.07999999999,8732.825454545453
2025-12-10,STORE009,7,76.0,68569.71,5796.3099999999995,62773.4,8967.628571428571
2025-04-05,STORE006,9,68.0,64641.44,7365.93,57275.509999999995,6363.945555555555
2025-03-11,STORE015,10,72.0,65473.770000000004,5859.0,59614.76999999999,5961.476999999999
2025-02-05,STORE019,9,56.0,52811.18000000001,4658.19,48152.990000000005,5350.332222222223
2025-06-03,STORE013,10,93.0,93579.47,7109.34,86470.13,8647.013
2025-01-18,STORE004,5,47.0,58457.40000000001,4467.88,53989.520000000004,10797.904
2025-04-21,STORE003,7,63.0,71032.91,8299.210000000001,62733.7,8961.957142857142
2025-09-03,STORE009,6,48.0,52849.44,5496.500000000001,47352.94,7892.156666666667
2025-12-24,STORE018,6,38.0,40532.21,3441.16,37091.05,6181.841666666667
2025-05-19,STORE001,10,93.0,96707.52,10975.81,85731.71,8573.171
2025-03-13,STORE019,7,87.0,73345.98999999999,8445.39,64900.600000000006,9271.514285714287
2025-10-02,STORE017,8,80.0,96811.34999999999,8865.720000000001,87945.63,10993.20375
2025-09-21,STORE013,10,74.0,83645.64000000001,8116.75,75528.89,7552.889
2025-10-01,STORE003,6,62.0,75546.02999999998,7129.94,68416.09,11402.681666666665
2025-12-12,STORE020,10,82.0,95273.73999999999,10146.76,85126.98000000001,8512.698
2025-05-25,STORE020,5,39.0,36343.11000000001,3881.21,32461.9,6492.38
2025-12-26,STORE003,4,34.0,43552.22,4727.84,38824.38,9706.095
2025-11-04,STORE005,8,56.0,63779.27999999999,5456.53,58322.75000000001,7290.343750000001
2025-06-02,STORE014,8,62.0,71362.59,7010.73,64351.86,8043.9825
2025-07-13,STORE007,10,96.0,123541.04999999999,11217.55,112323.5,11232.35
2025-10-12,STORE003,7,33.0,36966.32000000001,4438.4400000000005,32527.879999999997,4646.839999999999
2025-03-17,STORE006,9,98.0,116776.01999999999,11667.48,105108.54000000001,11678.726666666667
2025-05-15,STORE011,14,161.0,172132.16,16513.1,155619.06,11115.647142857142
2025-02-18,STORE001,6,40.0,40787.270000000004,4490.0599999999995,36297.21000000001,6049.535000000001
2025-09-02,STORE006,5,39.0,49170.969999999994,4747.79,44423.18,8884.636
2025-08-20,STORE004,6,57.0,63262.64,6731.15,56531.49,9421.914999999999
2025-10-13,STORE014,10,101.0,98929.08,10784.33,88144.75,8814.475
2025-05-09,STORE008,5,38.0,34107.0,3036.0200000000004,31070.98,6214.196
2025-11-06,STORE017,9,57.0,39511.21,3625.06,35886.15,3987.3500000000004
2025-01-27,STORE019,7,73.0,68557.62,5736.879999999999,62820.740000000005,8974.391428571429
2025-04-17,STORE004,12,128.0,139145.28999999998,13168.14,125977.15000000001,10498.095833333335
2025-03-16,STORE010,10,84.0,88670.50000000001,9177.91,79492.59,7949.259
2025-09-21,STORE008,8,76.0,78684.01999999999,6780.94,71903.08,8987.885
2025-04-11,STORE005,8,62.0,66404.29999999999,6361.15,60043.149999999994,7505.393749999999
2025-01-15,STORE012,10,96.0,92483.7,8822.98,83660.72,8366.072
2025-12-20,STORE015,11,102.0,98328.07,10545.099999999999,87782.97,7980.27
2025-07-02,STORE009,14,115.0,125279.44,12173.260000000002,113106.18000000002,8079.012857142859
2025-12-21,STORE003,10,92.0,106132.98,10310.07,95822.91,9582.291000000001
2025-01-25,STORE011,10,90.0,89683.52,8179.73,81503.79,8150.378999999999
2025-11-28,STORE020,5,60.0,55269.97,6826.5599999999995,48443.41,9688.682
2025-07-16,STORE010,4,31.0,38089.84,3414.42,34675.42,8668.855
2025-09-13,STORE002,8,76.0,79515.13,8232.490000000002,71282.64000000001,8910.330000000002
2025-07-26,STORE002,3,39.0,32636.329999999998,3960.17,28676.16,9558.72
2025-12-24,STORE012,5,52.0,65151.630000000005,6036.34,59115.28999999999,11823.057999999999
2025-01-20,STORE014,11,103.0,136386.97999999998,15556.38,120830.59999999999,10984.599999999999
2025-10-15,STORE003,7,50.0,52285.2,5948.4,46336.799999999996,6619.5428571428565
2025-04-20,STORE004,8,80.0,87034.89999999998,8971.1,78063.8,9757.975
2025-12-30,STORE017,5,48.0,38919.840000000004,4445.179999999999,34474.66,6894.932000000001
2025-07-15,STORE004,12,133.0,107642.98000000001,12649.349999999999,94993.62999999999,7916.135833333333
2025-04-21,STORE013,7,68.0,67346.84,7050.629999999999,60296.21,8613.744285714285
2025-10-12,STORE020,10,65.0,62891.44,6351.129999999999,56540.31,5654.031
2025-06-21,STORE015,4,41.0,46196.14,4684.24,41511.9,10377.975
2025-07-07,STORE013,8,65.0,66369.91,5889.26,60480.649999999994,7560.081249999999
2025-11-04,STORE008,12,99.0,104965.70000000001,13930.449999999999,91035.25,7586.270833333333
2025-08-23,STORE005,4,37.0,37318.62,3905.11,33413.51,8353.3775
2025-12-17,STORE016,7,56.0,55252.009999999995,4656.0,50596.01,7228.001428571429
2025-08-21,STORE006,12,99.0,108780.28,10458.38,98321.9,8193.491666666667
2025-10-12,STORE001,11,101.0,117028.96,12037.48,104991.48000000001,9544.68
2025-03-31,STORE003,12,92.0,103603.98999999999,9057.68,94546.31000000001,7878.859166666668
2025-04-12,STORE015,11,112.0,132282.88,12832.22,119450.65999999999,10859.150909090908
2025-06-01,STORE001,10,91.0,99104.78,9219.08,89885.7,8988.57
2025-06-13,STORE015,8,68.0,71871.56,6758.220000000001,65113.34,8139.1675
2025-09-10,STORE001,9,92.0,112652.98,11709.5,100943.48000000001,11215.942222222224
2025-12-07,STORE011,13,120.0,124778.53,12826.380000000001,111952.15000000001,8611.703846153847
2025-02-07,STORE013,9,80.0,76519.29000000001,7557.5199999999995,68961.77,7662.418888888889
2025-05-23,STORE017,2,29.0,27761.43,2246.76,25514.67,12757.335
2025-04-02,STORE015,7,54.0,57454.62,4391.98,53062.64,7580.377142857143
2025-03-27,STORE014,11,88.0,92721.79999999999,9894.720000000001,82827.07999999999,7529.734545454544
2025-11-23,STORE007,6,61.0,65745.05,7599.41,58145.64,9690.94
2025-01-17,STORE004,4,40.0,39289.560000000005,3072.87,36216.69,9054.1725
2025-03-06,STORE014,8,66.0,74833.38,7680.47,67152.91,8394.11375
2025-02-25,STORE001,12,99.0,113384.41000000002,10274.539999999999,103109.87,8592.489166666666
2025-09-08,STORE019,10,100.0,103289.23999999999,12348.28,90940.96,9094.096000000001
2025-10-02,STORE009,6,67.0,75663.29,6681.150000000001,68982.14,11497.023333333333
2025-07-26,STORE007,5,50.0,63103.130000000005,5954.950000000001,57148.18000000001,11429.636000000002
2025-04-15,STORE005,12,94.0,121489.89000000001,11800.1,109689.79000000001,9140.815833333334
2025-11-26,STORE002,10,90.0,75188.42000000001,9122.449999999999,66065.97,6606.597
2025-10-25,STORE014,7,53.0,68824.59,7846.25,60978.340000000004,8711.191428571428
2025-03-14,STORE012,9,101.0,120000.16,11914.58,108085.58,12009.50888888889
2025-03-09,STORE020,7,71.0,65891.11,5204.280000000001,60686.83,8669.547142857144
2025-11-26,STORE010,10,85.0,97077.57999999999,7730.249999999999,89347.33,8934.733
2025-04-13,STORE018,5,47.0,51363.26,5110.610000000001,46252.65,9250.53
2025-01-12,STORE010,9,64.0,54824.159999999996,5126.98,49697.18,5521.908888888889
2025-06-01,STORE004,8,76.0,79038.76999999999,6667.18,72371.59000000001,9046.448750000001
2025-07-06,STORE003,7,61.0,72205.72,6576.27,65629.45000000001,9375.635714285716
2025-04-08,STORE017,8,89.0,79750.48,6500.849999999999,73249.63,9156.20375
2025-08-30,STORE008,11,91.0,77199.23999999999,8605.76,68593.48,6235.770909090908
2025-01-10,STORE016,9,94.0,100132.54000000001,9722.01,90410.53,10045.614444444444
2025-09-18,STORE009,6,55.0,44209.729999999996,4468.4,39741.33,6623.555
2025-03-08,STORE013,11,113.0,126435.77,9875.54,116560.23000000001,10596.384545454546
2025-01-29,STORE005,10,103.0,125485.98,12774.48,112711.5,11271.15
2025-12-21,STORE015,9,81.0,76036.51999999999,7490.650000000001,68545.87,7616.207777777778
2025-03-21,STORE011,7,64.0,60802.31,6952.969999999999,53849.340000000004,7692.762857142858
2025-07-31,STORE009,3,27.0,22333.33,2048.26,20285.07,6761.69
2025-10-20,STORE008,9,90.0,91586.17,10610.05,80976.12,8997.346666666666
2025-06-01,STORE018,7,61.0,60628.439999999995,7617.69,53010.75,7572.964285714285
2025-10-20,STORE005,8,52.0,53858.65,5206.380000000001,48652.270000000004,6081.5337500000005
2025-07-15,STORE002,4,49.0,41012.490000000005,2855.48,38157.01,9539.2525
2025-12-21,STORE001,12,96.0,111661.88,10426.42,101235.46,8436.288333333334
2025-08-13,STORE010,4,44.0,47534.82,3681.7300000000005,43853.090000000004,10963.272500000001
2025-02-22,STORE007,8,62.0,60024.53,4902.8099999999995,55121.72,6890.215
2025-07-09,STORE009,10,90.0,97537.54000000001,11523.570000000002,86013.97,8601.397
2025-08-10,STORE003,13,96.0,94286.06000000001,8434.58,85851.48,6603.96
2025-12-12,STORE005,12,119.0,128418.62000000001,15323.220000000001,113095.40000000001,9424.616666666667
2025-08-15,STORE017,6,82.0,63241.66,7807.93,55433.729999999996,9238.955
2025-03-16,STORE019,14,121.0,130674.58999999998,12149.950000000003,118524.64,8466.045714285714
2025-05-05,STORE010,8,76.0,83841.22,8908.58,74932.64,9366.58
2025-03-23,STORE007,8,64.0,54799.89,5835.52,48964.369999999995,6120.546249999999
2025-09-26,STORE019,6,60.0,61851.08,5756.99,56094.09,9349.015
2025-03-11,STORE019,3,34.0,34849.71000000001,1858.1,32991.61,10997.203333333333
2025-07-15,STORE018,7,50.0,43665.31,4978.09,38687.22,5526.745714285715
2025-06-30,STORE016,10,85.0,80975.37,7562.070000000001,73413.29999999999,7341.329999999999
2025-03-03,STORE018,8,69.0,56872.26,6439.01,50433.25,6304.15625
2025-02-08,STORE007,5,40.0,49665.39,4782.54,44882.850000000006,8976.570000000002
2025-10-22,STORE015,6,53.0,53355.28,5496.490000000001,47858.79,7976.465
2025-10-03,STORE004,9,96.0,119073.99,11736.01,107337.98000000001,11926.442222222224
2025-05-29,STORE020,7,73.0,87364.13,11201.579999999998,76162.55,10880.364285714286
2025-08-03,STORE020,4,40.0,33433.03,4189.57,29243.46,7310.865
2025-11-13,STORE013,13,105.0,111087.47,9733.279999999999,101354.19,7796.476153846154
2025-01-20,STORE016,9,91.0,104711.39,8234.64,96476.75,10719.638888888889
2025-03-19,STORE010,6,53.0,55344.03999999999,5280.830000000001,50063.21000000001,8343.868333333334
2025-04-12,STORE009,3,25.0,31536.64,3292.0299999999997,28244.609999999993,9414.869999999997
2025-10-20,STORE015,8,48.0,65114.51,5713.69,59400.81999999999,7425.102499999999
2025-06-26,STORE002,12,107.0,108759.2,11206.08,97553.12,8129.426666666666
2025-09-04,STORE008,6,64.0,60293.009999999995,4619.19,55673.81999999999,9278.97
2025-12-30,STORE009,8,78.0,67368.37,7141.08,60227.29,7528.41125
2025-08-05,STORE006,15,172.0,169434.25,16135.47,153298.78,10219.918666666666
2025-03-21,STORE005,7,74.0,65771.19,6074.09,59697.09999999999,8528.157142857142
2025-05-03,STORE017,3,34.0,34409.02,4105.55,30303.47,10101.156666666668
2025-10-10,STORE004,9,79.0,85671.85,7047.850000000001,78624.0,8736.0
2025-01-14,STORE009,10,80.0,71061.89,5472.86,65589.03,6558.903
2025-06-04,STORE004,12,119.0,120197.33,12356.59,107840.74000000002,8986.728333333334
2025-11-29,STORE002,4,41.0,52298.969999999994,5700.74,46598.229999999996,11649.557499999999
2025-03-29,STORE014,10,82.0,85057.06999999999,9012.11,76044.95999999999,7604.495999999999
2025-02-22,STORE019,9,75.0,65265.049999999996,6629.070000000001,58635.98000000001,6515.10888888889
2025-09-29,STORE008,11,110.0,111344.76000000001,13141.789999999999,98202.97,8927.542727272727
2025-02-11,STORE017,8,62.0,80055.76999999999,7564.469999999999,72491.29999999999,9061.412499999999
2025-10-06,STORE008,5,32.0,35554.99,4096.360000000001,31458.63,6291.726000000001
2025-04-23,STORE004,9,99.0,110499.61000000002,11027.04,99472.57,11052.507777777779
2025-07-23,STORE012,9,73.0,78931.66,7705.630000000001,71226.03,7914.003333333333
2025-11-19,STORE001,3,30.0,34241.25,3569.12,30672.129999999997,10224.043333333333
2025-09-20,STORE002,8,60.0,60287.14,4293.86,55993.28,6999.16
2025-03-04,STORE008,14,144.0,132177.96,13113.57,119064.39000000001,8504.599285714286
2025-10-20,STORE010,12,91.0,100673.65,8985.0,91688.65,7640.720833333333
2025-11-06,STORE010,4,57.0,71636.1,6388.040000000001,65248.06,16312.015
2025-01-24,STORE007,8,57.0,48054.62,5351.82,42702.799999999996,5337.849999999999
2025-04-04,STORE020,4,23.0,20821.12,1670.19,19150.93,4787.7325
2025-10-16,STORE009,9,56.0,55375.36,5304.99,50070.37,5563.374444444445
2025-01-31,STORE019,6,55.0,60669.009999999995,5803.880000000001,54865.130000000005,9144.188333333334
2025-02-07,STORE005,11,81.0,78713.29000000001,7595.4400000000005,71117.85,6465.259090909091
2025-01-25,STORE005,7,45.0,27052.559999999998,2585.3599999999997,24467.199999999997,3495.3142857142852
2025-09-26,STORE009,4,42.0,46840.95,4863.2300000000005,41977.72,10494.43
2025-02-05,STORE015,6,64.0,75833.68,7954.700000000001,67878.98,11313.163333333332
2025-03-21,STORE009,8,74.0,81717.24,7901.9800000000005,73815.26000000001,9226.907500000001
2025-05-10,STORE016,5,47.0,38981.81,4117.070000000001,34864.74,6972.947999999999
2025-05-31,STORE012,14,136.0,126329.67,11213.51,115116.16,8222.582857142857
2025-08-15,STORE011,7,51.0,53226.58,6502.619999999999,46723.96000000001,6674.851428571429
2025-06-22,STORE015,9,89.0,99746.43000000001,8371.89,91374.54000000001,10152.726666666667
2025-11-03,STORE004,5,47.0,55985.89,4007.0099999999998,51978.880000000005,10395.776000000002
2025-12-22,STORE006,5,53.0,47585.770000000004,4327.18,43258.59,8651.717999999999
2025-05-03,STORE006,8,83.0,88599.29000000001,9423.990000000002,79175.29999999999,9896.912499999999
2025-12-31,STORE018,8,66.0,69845.41,6452.370000000001,63393.03999999999,7924.129999999999
2025-11-02,STORE002,8,82.0,91349.69,9530.08,81819.60999999999,10227.451249999998
2025-04-15,STORE009,6,60.0,65688.89,6639.459999999999,59049.42999999999,9841.571666666665
2025-08-29,STORE011,10,84.0,83658.19,8868.24,74789.95,7478.995
2025-02-27,STORE011,8,76.0,89021.45999999999,8758.77,80262.69,10032.83625
2025-06-23,STORE015,6,33.0,30033.269999999997,2779.04,27254.23,4542.371666666667
2025-04-17,STORE017,7,75.0,66965.52,4725.17,62240.34999999999,8891.47857142857
2025-12-14,STORE002,9,94.0,97548.28000000001,9268.59,88279.69,9808.854444444445
2025-08-31,STORE008,4,48.0,38626.27,5191.43,33434.84,8358.71
2025-11-27,STORE019,6,55.0,38617.729999999996,3891.62,34726.11,5787.685
2025-12-21,STORE019,6,57.0,39661.97,2729.46,36932.51,6155.418333333334
2025-11-04,STORE019,5,57.0,41506.490000000005,4171.1900000000005,37335.3,7467.06
2025-07-12,STORE009,5,44.0,33760.46,2605.49,31154.969999999998,6230.994
2025-02-08,STORE019,5,44.0,43664.670000000006,4945.96,38718.71,7743.742
2025-11-06,STORE020,7,51.0,43400.049999999996,3083.34,40316.70999999999,5759.529999999999
2025-06-26,STORE001,9,78.0,87088.79000000002,8464.62,78624.17,8736.018888888888
2025-08-20,STORE015,7,55.0,51615.35,6896.65,44718.700000000004,6388.385714285715
2025-11-21,STORE015,6,43.0,44461.9,5385.61,39076.29,6512.715
2025-03-16,STORE003,8,74.0,90175.11,6476.599999999999,83698.51000000001,10462.313750000001
2025-09-29,STORE013,11,84.0,91929.08,8821.789999999999,83107.29000000001,7555.208181818182
2025-12-18,STORE009,10,71.0,73995.49,8771.4,65224.09,6522.409
2025-07-31,STORE014,9,76.0,91093.46999999999,10113.189999999999,80980.28,8997.808888888889
2025-04-28,STORE006,6,52.0,40529.78,4690.75,35839.03,5973.171666666666
2025-10-14,STORE014,13,103.0,124195.50999999998,12649.09,111546.42000000001,8580.493846153848
2025-11-26,STORE014,7,39.0,36718.01,3242.1100000000006,33475.9,4782.271428571429
2025-05-15,STORE014,6,50.0,65463.43,5974.8099999999995,59488.619999999995,9914.769999999999
2025-10-22,STORE011,10,88.0,71467.44,8240.34,63227.1,6322.71
2025-08-18,STORE010,11,107.0,132850.19,11583.47,121266.72,11024.247272727273
2025-08-27,STORE005,4,38.0,46585.03999999999,6167.86,40417.18,10104.295
2025-09-23,STORE017,7,66.0,74777.85,6762.4400000000005,68015.41,9716.487142857144
2025-12-30,STORE008,8,69.0,68485.3,8281.74,60203.560000000005,7525.445000000001
2025-03-02,STORE016,9,75.0,71371.83000000002,8131.169999999999,63240.659999999996,7026.74
2025-06-01,STORE003,12,97.0,118823.55,12832.970000000001,105990.58000000002,8832.548333333334
2025-05-24,STORE011,10,104.0,99707.89,9369.19,90338.7,9033.869999999999
2025-12-20,STORE003,7,66.0,81396.29000000001,8540.28,72856.01,10408.001428571428
2025-04-12,STORE013,11,113.0,108648.12999999999,12659.849999999999,95988.28000000001,8726.207272727273
2025-10-02,STORE020,11,111.0,117804.56999999999,13208.22,104596.35,9508.759090909092
2025-08-29,STORE001,10,104.0,124829.38999999998,14013.63,110815.76,11081.576
2025-10-14,STORE009,8,83.0,88623.13,8677.43,79945.7,9993.2125
2025-10-10,STORE008,12,111.0,114033.84000000001,9381.460000000001,104652.38,8721.031666666668
2025-07-12,STORE002,6,59.0,60406.060000000005,7119.89,53286.17,8881.028333333334
2025-04-24,STORE011,6,45.0,43106.87,5094.02,38012.850000000006,6335.475000000001
2025-11-01,STORE017,10,90.0,87073.01999999999,9216.68,77856.34,7785.634
2025-11-24,STORE010,7,64.0,50389.34,5520.16,44869.18,6409.882857142858
2025-12-26,STORE016,4,39.0,36237.21,2661.3599999999997,33575.85,8393.9625
2025-05-15,STORE018,5,54.0,67427.54000000001,6557.2699999999995,60870.270000000004,12174.054
2025-06-04,STORE019,6,39.0,42127.78,4927.73,37200.05,6200.008333333334
2025-01-23,STORE017,12,95.0,109654.47,11541.68,98112.78999999998,8176.065833333331
2025-11-20,STORE006,2,22.0,28196.739999999998,3848.0200000000004,24348.72,12174.36
2025-07-31,STORE011,11,95.0,115650.95999999999,9675.32,105975.64,9634.149090909092
2025-09-11,STORE019,8,43.0,44656.439999999995,4109.22,40547.22,5068.4025
2025-03-11,STORE018,4,31.0,26805.28,2766.77,24038.510000000002,6009.6275000000005
2025-12-20,STORE014,8,65.0,73910.09,6089.969999999999,67820.12,8477.515
2025-04-09,STORE014,5,39.0,47881.2,5769.93,42111.270000000004,8422.254
2025-06-19,STORE018,9,85.0,93405.34,10697.88,82707.45999999999,9189.717777777776
2025-04-17,STORE012,8,95.0,76292.6,7288.610000000001,69003.98999999999,8625.498749999999
2025-10-01,STORE019,5,52.0,53452.02,3659.58,49792.439999999995,9958.488
2025-09-26,STORE014,2,10.0,8396.05,1024.49,7371.5599999999995,3685.7799999999997
2025-01-04,STORE015,7,44.0,44356.63,3532.2700000000004,40824.36,5832.051428571429
2025-10-09,STORE005,10,66.0,81223.35999999999,8099.79,73123.57,7312.357000000001
2025-08-28,STORE008,5,44.0,40900.56,4353.3,36547.259999999995,7309.451999999999
2025-12-13,STORE019,5,75.0,73112.28,7830.959999999999,65281.32,13056.264
2025-02-26,STORE011,11,97.0,96572.76999999999,7213.63,89359.14,8123.558181818182
2025-01-20,STORE008,7,39.0,37697.7,2555.82,35141.880000000005,5020.268571428572
2025-02-26,STORE020,7,60.0,56866.740000000005,5929.210000000001,50937.53,7276.79
2025-09-12,STORE016,10,88.0,97970.73000000001,7941.06,90029.67000000001,9002.967
2025-08-12,STORE013,9,80.0,99615.94999999998,9846.099999999999,89769.85,9974.427777777779
2025-05-07,STORE015,13,73.0,70403.20000000001,7021.289999999999,63381.91,4875.531538461539
2025-05-18,STORE015,6,75.0,74399.66,6315.129999999999,68084.53,11347.421666666667
2025-04-23,STORE017,6,80.0,82651.04,8383.55,74267.48999999999,12377.914999999999
2025-05-08,STORE020,6,57.0,62688.2,4973.62,57714.58,9619.096666666666
2025-01-30,STORE001,9,73.0,82693.95,7743.23,74950.72,8327.857777777777
2025-05-10,STORE010,7,57.0,56660.64,5141.47,51519.17,7359.881428571428
2025-09-29,STORE009,5,24.0,21882.81,2343.16,19539.649999999998,3907.9299999999994
2025-01-01,STORE010,9,103.0,107386.35999999999,8024.51,99361.85,11040.205555555556
2025-04-16,STORE002,3,34.0,28007.760000000002,3016.66,24991.100000000002,8330.366666666667
2025-09-26,STORE002,9,96.0,92331.07,7935.18,84395.89,9377.32111111111
2025-12-07,STORE018,7,51.0,48109.3,3015.2200000000003,45094.08,6442.011428571429
2025-11-19,STORE014,8,58.0,69971.61,7644.89,62326.719999999994,7790.839999999999
2025-06-21,STORE017,9,93.0,96789.73999999999,9492.93,87296.81,9699.645555555555
2025-05-30,STORE007,7,88.0,73325.36,5703.73,67621.63,9660.232857142857
2025-08-23,STORE014,4,22.0,29592.61,2720.94,26871.670000000002,6717.9175000000005
2025-06-11,STORE012,5,44.0,49460.170000000006,4251.5,45208.67,9041.734
2025-06-22,STORE003,5,70.0,67253.34,9120.470000000001,58132.869999999995,11626.573999999999
2025-08-01,STORE004,6,66.0,78458.37,8452.12,70006.25,11667.708333333334
2025-09-22,STORE004,15,124.0,150113.34,15726.900000000001,134386.44,8959.096
2025-08-18,STORE016,11,101.0,87426.23,8404.18,79022.04999999999,7183.822727272726
2025-03-20,STORE002,11,89.0,72232.0,6467.77,65764.23,5978.566363636363
2025-10-01,STORE001,10,94.0,105156.81,12704.25,92452.56,9245.256
2025-01-30,STORE011,9,75.0,98003.23999999999,9365.070000000002,88638.17000000001,9848.685555555558
2025-04-10,STORE007,9,60.0,68395.81999999999,5615.07,62780.75000000001,6975.63888888889
2025-10-12,STORE011,6,58.0,62800.14,6793.28,56006.86,9334.476666666667
2025-06-01,STORE020,13,115.0,98048.68999999999,9383.93,88664.76,6820.366153846154
2025-03-18,STORE018,8,58.0,62240.01000000001,7515.77,54724.23999999999,6840.529999999999
2025-07-05,STORE006,10,77.0,76137.69,7467.060000000001,68670.63,6867.063
2025-11-10,STORE005,10,95.0,111378.97,11974.679999999998,99404.29000000001,9940.429
2025-03-26,STORE014,17,133.0,160608.63999999998,18327.39,142281.25,8369.485294117647
2025-05-14,STORE010,8,69.0,83882.37,7508.609999999999,76373.76000000001,9546.720000000001
2025-06-18,STORE005,4,49.0,39702.41,4717.75,34984.66,8746.165
2025-08-03,STORE016,6,56.0,53297.630000000005,5142.6,48155.03,8025.838333333333
2025-03-04,STORE017,12,101.0,85226.83,9236.380000000001,75990.45000000001,6332.537500000001
2025-07-18,STORE015,4,24.0,26598.99,2221.91,24377.08,6094.27
2025-08-14,STORE002,12,113.0,114040.18999999999,11804.45,102235.74,8519.645
2025-08-23,STORE018,6,49.0,41076.24,3843.32,37232.92,6205.486666666667
2025-12-02,STORE020,8,64.0,63408.99999999999,6699.98,56709.020000000004,7088.6275000000005
2025-11-20,STORE001,6,45.0,42226.81999999999,5416.4,36810.42,6135.07
2025-09-07,STORE007,14,123.0,129763.23999999999,17013.64,112749.59999999999,8053.5428571428565
2025-04-22,STORE012,4,34.0,41085.11,4741.73,36343.38,9085.845
2025-02-13,STORE015,6,56.0,48234.65,5994.030000000001,42240.62000000001,7040.103333333335
2025-03-21,STORE017,7,78.0,73308.31,7844.1,65464.21,9352.03
2025-08-14,STORE014,10,89.0,90594.80000000002,9865.619999999999,80729.18,8072.918
2025-03-13,STORE018,7,75.0,83848.47,7591.7699999999995,76256.7,10893.814285714285
2025-10-13,STORE005,7,57.0,54643.36,5406.120000000001,49237.24,7033.891428571428
2025-02-03,STORE005,7,57.0,77565.68,8149.26,69416.42,9916.631428571429
2025-09-07,STORE011,10,75.0,62128.68,5630.06,56498.619999999995,5649.861999999999
2025-02-24,STORE014,7,56.0,62581.590000000004,7446.07,55135.520000000004,7876.5028571428575
2025-11-13,STORE019,15,168.0,159622.49,15388.400000000001,144234.09,9615.606
2025-08-23,STORE019,7,52.0,42909.15,3768.09,39141.06,5591.58
2025-06-25,STORE017,9,105.0,108144.6,10434.84,97709.76000000001,10856.640000000001
2025-05-20,STORE001,7,72.0,85863.45,8130.800000000001,77732.65,11104.664285714285
2025-02-06,STORE006,12,113.0,133846.48,13112.21,120734.27,10061.189166666667
2025-05-07,STORE003,5,41.0,49473.520000000004,4367.71,45105.810000000005,9021.162
2025-08-12,STORE007,7,54.0,43501.86000000001,4991.22,38510.64,5501.5199999999995
2025-02-17,STORE012,7,73.0,70443.46,7372.139999999999,63071.32,9010.18857142857
2025-10-08,STORE009,11,142.0,138666.84000000003,14549.24,124117.6,11283.418181818182
2025-09-29,STORE003,4,22.0,25375.700000000004,2993.01,22382.69,5595.6725
2025-10-02,STORE006,4,29.0,39883.27,6000.66,33882.61,8470.6525
2025-06-04,STORE020,5,50.0,54873.57000000001,5795.970000000001,49077.6,9815.52
2025-09-04,STORE002,8,76.0,72702.0,8775.52,63926.479999999996,7990.8099999999995
2025-12-25,STORE006,12,147.0,191177.3,18065.79,173111.51,14425.959166666667
2025-10-31,STORE001,7,51.0,53577.17,5387.25,48189.92,6884.274285714286
2025-03-03,STORE007,5,30.0,20344.300000000003,1461.3799999999999,18882.92,3776.584
2025-06-23,STORE003,6,34.0,35424.89,3065.6399999999994,32359.25,5393.208333333333
2025-09-17,STORE001,12,93.0,105849.40999999999,10768.92,95080.49,7923.374166666667
2025-01-05,STORE005,7,74.0,81975.79999999999,8987.62,72988.18,10426.882857142857
2025-06-04,STORE001,10,87.0,86706.92,9577.25,77129.67,7712.967
2025-03-07,STORE017,8,77.0,53299.46,4692.98,48606.48,6075.81
2025-05-27,STORE004,7,75.0,85758.85,7303.4,78455.45,11207.921428571428
2025-06-02,STORE006,10,76.0,82391.08,9414.29,72976.79000000001,7297.679000000001
2025-07-23,STORE011,7,68.0,68300.95999999999,7462.009999999999,60838.95,8691.278571428571
2025-04-22,STORE018,6,57.0,64733.53999999999,7150.17,57583.37,9597.228333333334
2025-09-15,STORE009,9,69.0,71073.7,6768.91,64304.78999999999,7144.976666666666
2025-12-14,STORE004,11,109.0,151531.91999999998,14828.820000000002,136703.09999999998,12427.554545454543
2025-12-21,STORE012,7,71.0,72123.0,7420.57,64702.43,9243.204285714286
2025-01-05,STORE002,7,56.0,57699.26000000001,3917.7400000000002,53781.52,7683.074285714285
2025-06-13,STORE016,4,23.0,32247.930000000004,3180.6800000000003,29067.25,7266.8125
2025-03-18,STORE011,8,58.0,44000.880000000005,3243.2,40757.68,5094.71
2025-09-20,STORE012,8,65.0,80858.85999999999,7295.78,73563.07999999999,9195.384999999998
2025-03-28,STORE010,9,68.0,80824.59,10037.71,70786.88,7865.208888888889
2025-11-09,STORE014,9,90.0,100491.29999999999,12588.98,87902.32,9766.924444444445
2025-12-24,STORE007,6,74.0,59558.62,6242.81,53315.81,8885.968333333332
2025-02-08,STORE010,7,82.0,95550.59,8759.98,86790.61000000002,12398.658571428574
2025-07-24,STORE019,8,54.0,46065.36,3799.43,42265.93,5283.24125
2025-07-17,STORE017,11,99.0,103754.38,8904.06,94850.32,8622.756363636365
2025-03-29,STORE012,7,52.0,50242.8,5295.32,44947.479999999996,6421.068571428571
2025-12-06,STORE008,7,45.0,33514.07000000001,3535.88,29978.19,4282.598571428572
2025-01-16,STORE017,4,36.0,43032.170000000006,2905.09,40127.08,10031.77
2025-09-02,STORE007,4,31.0,32260.43,3578.79,28681.64,7170.41
2025-09-21,STORE020,11,110.0,117193.95,10648.46,106545.48999999999,9685.953636363636
2025-01-22,STORE014,5,23.0,27607.340000000004,3361.28,24246.06,4849.212
2025-04-13,STORE008,8,73.0,65903.28,4889.58,61013.7,7626.7125
2025-09-14,STORE015,9,80.0,87192.82,7228.35,79964.47,8884.941111111111
2025-05-28,STORE014,7,56.0,61603.689999999995,6910.849999999999,54692.84,7813.262857142857
2025-08-27,STORE017,8,63.0,61883.24999999999,5241.04,56642.21000000001,7080.276250000001
2025-05-06,STORE017,10,91.0,90144.76000000001,11143.41,79001.35,7900.135
2025-10-03,STORE003,3,16.0,21494.55,2002.52,19492.03,6497.343333333333
2025-09-05,STORE002,8,57.0,56577.69999999999,5535.929999999999,51041.77,6380.22125
2025-05-17,STORE006,8,77.0,75904.54000000001,7735.120000000001,68169.42,8521.1775
2025-12-13,STORE003,8,53.0,65770.48999999999,7084.3,58686.19,7335.77375
2025-10-15,STORE014,9,89.0,100737.23999999999,10357.810000000001,90379.43000000001,10042.15888888889
2025-09-27,STORE005,7,49.0,60028.270000000004,5750.01,54278.259999999995,7754.0371428571425
2025-08-15,STORE010,5,18.0,28742.05,1651.38,27090.67,5418.134
2025-01-04,STORE011,9,89.0,114622.02,9189.920000000002,105432.1,11714.677777777779
2025-05-18,STORE019,9,76.0,74166.70999999999,7227.81,66938.9,7437.655555555555
2025-06-28,STORE011,7,75.0,82565.76999999999,6144.09,76421.68,10917.382857142857
2025-11-02,STORE003,10,88.0,96795.5,9071.59,87723.91,8772.391
2025-01-05,STORE009,10,97.0,94244.88,9789.22,84455.66,8445.566
2025-08-25,STORE004,7,52.0,47939.07,4263.2300000000005,43675.840000000004,6239.405714285715
2025-12-07,STORE003,7,54.0,39375.78,3345.62,36030.16,5147.165714285715
2025-10-29,STORE013,9,105.0,96795.02,12005.18,84789.84,9421.093333333332
2025-04-17,STORE016,7,65.0,74566.05999999998,9562.86,65003.2,9286.171428571428
2025-09-12,STORE019,5,42.0,38538.42,3005.3099999999995,35533.11,7106.622
2025-04-01,STORE020,6,68.0,72560.95999999999,9081.68,63479.28,10579.88
2025-11-27,STORE010,7,64.0,93726.16,8762.48,84963.68,12137.66857142857
2025-06-10,STORE010,14,129.0,146193.0,12144.09,134048.91,9574.922142857144
2025-11-22,STORE011,3,21.0,22725.64,2869.8199999999997,19855.82,6618.606666666667
2025-02-23,STORE005,13,112.0,102049.09000000001,10630.84,91418.25,7032.173076923077
2025-05-01,STORE017,11,83.0,84135.27,9903.56,74231.71,6748.337272727274
2025-09-05,STORE003,3,29.0,23544.16,3440.9,20103.26,6701.086666666666
2025-08-14,STORE013,6,52.0,55672.7,6125.52,49547.18,8257.863333333333
2025-06-05,STORE002,10,111.0,100153.55,11741.42,88412.13,8841.213
2025-01-07,STORE004,12,112.0,113740.0,12869.87,100870.13,8405.844166666668
2025-02-08,STORE009,8,64.0,58014.07,7490.98,50523.09,6315.38625
2025-04-15,STORE003,13,111.0,104297.78,9415.54,94882.23999999999,7298.633846153845
2025-10-23,STORE002,5,43.0,43740.04,4512.42,39227.62,7845.524
2025-06-11,STORE011,7,52.0,60632.22,6644.300000000001,53987.92,7712.5599999999995
2025-10-27,STORE003,7,65.0,65889.92,5657.21,60232.71000000001,8604.672857142858
2025-09-26,STORE007,8,39.0,37386.39,3787.94,33598.450000000004,4199.806250000001
2025-03-13,STORE009,14,141.0,150468.1,16846.31,133621.78999999998,9544.41357142857
2025-01-13,STORE012,12,113.0,124660.92000000001,11042.24,113618.68,9468.223333333333
2025-07-19,STORE013,9,65.0,68082.19,8336.8,59745.39000000001,6638.376666666667
2025-08-04,STORE012,9,71.0,61456.79,6572.42,54884.369999999995,6098.263333333332
2025-01-14,STORE008,8,75.0,74969.09,9071.08,65898.01,8237.25125
2025-07-07,STORE016,4,27.0,33140.65,2416.92,30723.73,7680.9325
2025-01-11,STORE016,6,51.0,48648.93000000001,5813.0,42835.93,7139.321666666667
2025-12-07,STORE016,5,37.0,39239.5,4017.79,35221.71,7044.342
2025-09-27,STORE014,11,107.0,118610.20999999999,10912.840000000002,107697.37000000001,9790.67
2025-06-26,STORE009,9,126.0,140136.31,14640.449999999999,125495.86,13943.984444444444
2025-06-22,STORE005,5,39.0,35600.69,4158.219999999999,31442.469999999998,6288.494
2025-08-06,STORE017,13,104.0,110676.31999999999,9808.369999999999,100867.95,7759.073076923077
2025-12-28,STORE010,10,93.0,113561.02,12083.19,101477.83,10147.783
2025-10-05,STORE012,16,158.0,166146.2,18392.91,147753.29,9234.580625
2025-01-04,STORE010,6,38.0,54057.18000000001,5796.75,48260.43,8043.405
2025-01-07,STORE015,9,67.0,77223.39,8200.54,69022.85,7669.205555555556
2025-01-22,STORE008,9,76.0,78919.35,8827.04,70092.31,7788.0344444444445
2025-04-10,STORE010,12,92.0,90450.26,10538.92,79911.34000000001,6659.278333333335
2025-03-20,STORE006,8,90.0,81838.66,7653.589999999999,74185.07,9273.13375
2025-08-13,STORE008,10,81.0,75113.7,9167.899999999998,65945.8,6594.58
2025-10-20,STORE016,4,53.0,50763.2,4260.59,46502.61,11625.6525
2025-12-07,STORE020,12,125.0,110146.39000000001,10404.65,99741.73999999999,8311.811666666666
2025-04-06,STORE018,7,70.0,89238.70000000001,11257.43,77981.26999999999,11140.181428571426
2025-09-18,STORE020,9,58.0,58849.06,5116.129999999999,53732.92999999999,5970.325555555555
2025-05-22,STORE011,11,110.0,122769.02,12942.37,109826.65,9984.240909090908
2025-10-16,STORE004,6,45.0,43628.86,4280.47,39348.39,6558.065
2025-03-25,STORE009,4,24.0,16546.98,1834.54,14712.440000000002,3678.1100000000006
2025-05-13,STORE007,6,67.0,69511.97,7062.08,62449.89000000001,10408.315
2025-04-08,STORE002,8,80.0,86517.78,8038.639999999999,78479.14,9809.8925
2025-06-08,STORE001,7,45.0,40100.88,4199.95,35900.93,5128.704285714286
2025-07-03,STORE001,10,81.0,95789.87000000001,11912.179999999998,83877.69,8387.769
2025-09-14,STORE020,10,85.0,68518.46,5557.539999999999,62960.92,6296.092
2025-06-16,STORE005,10,115.0,124880.01,16030.289999999997,108849.72,10884.972
2025-05-11,STORE010,8,72.0,77307.81,6150.09,71157.72,8894.715
2025-12-31,STORE017,9,91.0,77909.67,7594.06,70315.61,7812.845555555556
2025-01-16,STORE020,5,41.0,43126.84,4048.36,39078.479999999996,7815.695999999999
2025-08-01,STORE020,9,63.0,58751.11,6403.240000000001,52347.869999999995,5816.429999999999
2025-05-15,STORE017,8,44.0,48457.31,6255.389999999999,42201.92,5275.24
2025-02-13,STORE004,9,83.0,98898.37,11065.710000000001,87832.66,9759.184444444445
2025-11-09,STORE010,8,65.0,70507.67,5030.82,65476.85,8184.60625
2025-11-17,STORE014,8,101.0,106557.44,12249.86,94307.58000000002,11788.447500000002
2025-11-09,STORE020,4,40.0,42407.03999999999,3493.12,38913.92,9728.48
2025-04-27,STORE008,13,94.0,94877.68000000001,10680.57,84197.11,6476.700769230769
2025-08-12,STORE015,7,62.0,62048.35999999999,5648.969999999999,56399.38999999999,8057.055714285713
2025-02-27,STORE012,12,118.0,123212.86,11267.130000000001,111945.73,9328.810833333333
2025-08-29,STORE012,8,60.0,59615.01,6780.089999999999,52834.92,6604.365
2025-06-17,STORE013,7,60.0,67069.03,6792.57,60276.46000000001,8610.922857142858
2025-07-30,STORE014,10,120.0,152814.68,14936.8,137877.88,13787.788
2025-07-13,STORE008,10,73.0,79302.09,7819.490000000001,71482.6,7148.26
2025-06-06,STORE009,10,90.0,114321.62,13763.18,100558.44,10055.844000000001
2025-02-14,STORE020,8,73.0,84834.09999999999,8438.61,76395.48999999999,9549.436249999999
2025-02-27,STORE002,13,118.0,137845.46,12974.2,124871.26,9605.481538461538
2025-03-18,STORE005,8,67.0,70478.16,5689.889999999999,64788.270000000004,8098.5337500000005
2025-02-16,STORE007,11,112.0,112866.06,12128.98,100737.08,9157.916363636365
2025-04-05,STORE018,8,93.0,110155.38,10722.59,99432.79000000001,12429.098750000001
2025-03-17,STORE003,10,69.0,78784.64,9136.24,69648.4,6964.839999999999
2025-10-22,STORE005,6,54.0,73028.01,7850.509999999999,65177.5,10862.916666666666
2025-12-11,STORE016,12,115.0,134879.66999999998,11856.200000000003,123023.47,10251.955833333333
2025-08-18,STORE012,9,94.0,93336.14,9912.96,83423.18,9269.242222222221
2025-02-06,STORE005,9,90.0,94201.09,9674.789999999999,84526.3,9391.811111111112
2025-11-27,STORE008,8,56.0,59873.439999999995,6324.55,53548.89000000001,6693.611250000001
2025-09-08,STORE009,4,37.0,30767.61,4144.839999999999,26622.77,6655.6925
2025-09-21,STORE004,9,49.0,63111.41,6083.69,57027.72,6336.413333333334
2025-04-21,STORE007,12,85.0,87815.5,8281.0,79534.5,6627.875
2025-08-26,STORE004,10,85.0,79541.92,9240.640000000001,70301.28,7030.128
2025-08-26,STORE008,4,34.0,34527.619999999995,4280.07,30247.55,7561.8875
2025-05-28,STORE018,9,106.0,123060.32999999999,8984.16,114076.17,12675.13
2025-05-01,STORE019,5,54.0,49840.409999999996,5309.5,44530.91,8906.182
2025-12-01,STORE018,4,36.0,32295.87,4010.8699999999994,28285.0,7071.25
2025-12-16,STORE020,8,93.0,95311.34,9926.759999999998,85384.58,10673.0725
2025-01-18,STORE014,7,64.0,58977.83,5526.77,53451.06,7635.865714285714
2025-01-18,STORE005,11,91.0,76643.05,7079.210000000001,69563.84,6323.985454545455
2025-03-14,STORE006,7,81.0,86813.83,8986.84,77826.98999999999,11118.141428571427
2025-10-23,STORE013,5,50.0,35345.81,2409.47,32936.34,6587.267999999999
2025-11-10,STORE014,5,46.0,43855.270000000004,3930.72,39924.55,7984.910000000001
2025-02-02,STORE008,7,43.0,39266.17,3249.42,36016.75,5145.25
2025-06-03,STORE003,6,43.0,61773.68,7162.499999999999,54611.18000000001,9101.863333333335
2025-04-16,STORE012,10,87.0,108092.46999999999,12061.26,96031.20999999999,9603.121
2025-03-02,STORE017,4,27.0,34508.64,4485.79,30022.85,7505.7125
2025-11-10,STORE008,6,46.0,49973.58,4859.58,45114.0,7519.0
2025-01-11,STORE005,12,106.0,103014.69,10235.489999999998,92779.2,7731.599999999999
2025-09-19,STORE008,9,86.0,102237.83,8095.700000000001,94142.13,10460.236666666668
2025-10-23,STORE020,3,35.0,34525.89,3165.86,31360.03,10453.343333333332
2025-04-11,STORE018,8,55.0,54179.11,5547.87,48631.240000000005,6078.905000000001
2025-08-19,STORE006,5,40.0,44799.880000000005,3492.66,41307.22,8261.444
2025-04-29,STORE015,7,70.0,58667.19,6336.27,52330.92,7475.845714285714
2025-05-09,STORE014,5,51.0,46470.979999999996,4765.379999999999,41705.600000000006,8341.12
2025-07-12,STORE006,11,66.0,75094.3,10260.23,64834.07,5894.006363636364
2025-03-19,STORE019,7,56.0,51703.659999999996,5144.2300000000005,46559.43,6651.347142857143
2025-08-10,STORE011,6,48.0,49698.87,3188.8700000000003,46510.0,7751.666666666667
2025-07-20,STORE015,6,58.0,63873.5,6482.85,57390.65,9565.108333333334
2025-08-13,STORE002,9,61.0,64972.5,6317.92,58654.579999999994,6517.175555555555
2025-04-06,STORE009,6,51.0,48674.47,5571.200000000001,43103.270000000004,7183.878333333334
2025-01-23,STORE008,6,70.0,58199.19,3765.95,54433.240000000005,9072.206666666667
2025-09-23,STORE010,3,31.0,39379.74,5735.96,33643.78,11214.593333333332
2025-03-06,STORE007,6,64.0,57685.36,6063.75,51621.61,8603.601666666667
2025-04-12,STORE005,6,75.0,76314.27,9980.94,66333.33,11055.555
2025-07-19,STORE015,9,91.0,105075.54000000001,9893.26,95182.28,10575.808888888889
2025-08-09,STORE006,5,27.0,19346.589999999997,1504.4999999999998,17842.09,3568.418
2025-08-09,STORE013,8,71.0,74494.08,7689.709999999999,66804.37,8350.54625
2025-06-17,STORE010,5,30.0,33432.62,3050.37,30382.25,6076.45
2025-02-13,STORE008,5,51.0,43114.78,3684.54,39430.24,7886.048
2025-05-25,STORE001,13,116.0,106623.66,9280.71,97342.95000000001,7487.919230769232
2025-09-17,STORE017,8,74.0,76211.54999999999,7487.11,68724.44,8590.555
2025-05-16,STORE006,7,71.0,84739.01000000001,9770.939999999999,74968.06999999999,10709.724285714285
2025-09-08,STORE015,8,78.0,80155.88,9141.449999999999,71014.43,8876.80375
2025-07-03,STORE018,10,103.0,128312.87,11319.390000000001,116993.48000000001,11699.348000000002
2025-10-27,STORE001,5,50.0,54172.89000000001,5863.95,48308.94,9661.788
2025-06-04,STORE007,18,205.0,189912.08,20273.440000000002,169638.63999999998,9424.368888888888
2025-08-13,STORE019,7,88.0,89106.76000000001,7141.34,81965.42000000001,11709.345714285717
2025-12-07,STORE004,10,93.0,93241.85,6668.84,86573.01,8657.301
2025-01-06,STORE013,5,43.0,44177.869999999995,5665.4,38512.47,7702.494000000001
2025-01-14,STORE017,7,73.0,76063.01,8509.31,67553.70000000001,9650.528571428573
2025-05-12,STORE016,6,53.0,52711.850000000006,4783.63,47928.22,7988.036666666667
2025-06-25,STORE013,10,68.0,75433.23,6040.56,69392.67,6939.267
2025-09-13,STORE019,7,73.0,51849.76,3706.7700000000004,48142.990000000005,6877.570000000001
2025-07-26,STORE016,3,21.0,23187.75,2498.81,20688.94,6896.313333333333
2025-04-06,STORE015,12,97.0,92048.65,11267.39,80781.26000000001,6731.771666666667
2025-03-25,STORE013,10,109.0,108881.67,11162.529999999999,97719.13999999998,9771.913999999999
2025-04-04,STORE007,3,32.0,28329.5,3124.1499999999996,25205.35,8401.783333333333
2025-05-23,STORE005,7,38.0,41637.39,4032.0099999999998,37605.380000000005,5372.197142857143
2025-03-11,STORE012,9,92.0,107821.3,7801.3099999999995,100019.99,11113.332222222223
2025-02-09,STORE002,5,27.0,29769.949999999997,2065.49,27704.46,5540.892
2025-11-24,STORE006,7,61.0,72008.04999999999,5879.73,66128.31999999999,9446.902857142855
2025-11-07,STORE012,10,111.0,115975.11000000002,10800.36,105174.75,10517.475
2025-07-18,STORE001,13,129.0,142071.36,15811.460000000001,126259.9,9712.3
2025-11-22,STORE008,8,73.0,68472.88,5514.97,62957.909999999996,7869.7387499999995
2025-02-14,STORE004,10,54.0,44362.68,4077.71,40284.97,4028.4970000000003
2025-04-28,STORE010,5,45.0,55729.759999999995,5864.76,49865.0,9973.0
2025-02-20,STORE001,5,68.0,78341.45,9562.210000000001,68779.23999999999,13755.847999999998
2025-09-05,STORE006,6,69.0,62819.48,7028.67,55790.81,9298.468333333332
2025-08-02,STORE017,7,62.0,70624.95,6182.5199999999995,64442.42999999999,9206.061428571427
2025-05-08,STORE016,12,89.0,97922.30999999998,11020.69,86901.62000000001,7241.801666666667
2025-07-09,STORE002,15,136.0,135628.55000000002,14076.59,121551.96,8103.464000000001
2025-08-19,STORE013,8,89.0,78909.44999999998,7143.75,71765.7,8970.7125
2025-07-10,STORE008,7,81.0,59309.850000000006,6913.3099999999995,52396.54000000001,7485.220000000001
2025-11-27,STORE006,7,79.0,76654.45,9103.58,67550.87,9650.124285714284
2025-11-03,STORE015,2,19.0,18435.5,2438.91,15996.589999999998,7998.294999999999
2025-06-07,STORE015,9,80.0,82278.65,7781.080000000001,74497.56999999999,8277.507777777777
2025-04-26,STORE018,5,38.0,39116.52,3614.3600000000006,35502.16,7100.432000000001
2025-05-21,STORE018,4,51.0,65107.990000000005,6643.56,58464.43,14616.1075
2025-04-27,STORE016,11,99.0,90713.54000000001,8731.49,81982.05,7452.913636363636
2025-04-04,STORE002,6,32.0,25637.47,2846.08,22791.39,3798.565
2025-01-08,STORE015,7,55.0,40030.100000000006,4872.0,35158.1,5022.585714285714
2025-12-15,STORE003,8,90.0,98856.07,9260.7,89595.37000000001,11199.421250000001
2025-11-18,STORE007,6,40.0,31386.089999999997,2812.36,28573.730000000003,4762.288333333334
2025-09-09,STORE011,5,45.0,39095.13,3219.55,35875.58,7175.116
2025-05-25,STORE011,8,87.0,102530.74,10586.49,91944.25,11493.03125
2025-03-25,STORE008,9,82.0,80722.44,7588.6900000000005,73133.75,8125.972222222223
2025-05-22,STORE005,7,63.0,77971.1,8633.779999999999,69337.31999999999,9905.331428571428
2025-05-03,STORE008,4,39.0,34262.82,3924.8300000000004,30337.989999999998,7584.4974999999995
2025-01-19,STORE020,3,28.0,18009.75,1258.39,16751.36,5583.786666666667
2025-09-02,STORE019,8,40.0,43118.29,3172.61,39945.67999999999,4993.209999999999
2025-02-27,STORE013,5,38.0,31268.000000000004,2647.41,28620.59,5724.118
2025-03-11,STORE014,10,66.0,79426.45999999999,8585.18,70841.28,7084.128
2025-10-19,STORE003,8,58.0,52219.25000000001,4561.08,47658.170000000006,5957.271250000001
2025-12-15,STORE011,5,37.0,36724.01,4381.41,32342.6,6468.5199999999995
2025-05-28,STORE002,9,53.0,36913.74,3519.53,33394.21,3710.467777777778
2025-01-19,STORE002,9,91.0,65766.34,6084.43,59681.91,6631.323333333334
2025-12-26,STORE007,11,83.0,77929.53,9243.119999999999,68686.41,6244.219090909091
2025-09-16,STORE008,11,101.0,102363.45,10305.220000000001,92058.23,8368.93
2025-02-27,STORE010,5,36.0,36935.89,3731.79,33204.100000000006,6640.8200000000015
2025-03-15,STORE005,7,78.0,77081.54,6855.059999999999,70226.48,10032.354285714286
2025-03-26,STORE016,9,76.0,67413.49,6157.93,61255.56,6806.173333333333
2025-08-06,STORE001,10,65.0,64494.2,7207.800000000001,57286.399999999994,5728.639999999999
2025-09-16,STORE018,10,68.0,64897.700000000004,6650.55,58247.15,5824.715
2025-09-24,STORE017,6,52.0,54214.57,5910.07,48304.50000000001,8050.750000000001
2025-08-21,STORE018,4,56.0,46524.759999999995,3996.8999999999996,42527.86,10631.965
2025-02-24,STORE008,9,57.0,62870.39,6340.77,56529.619999999995,6281.068888888888
2025-08-16,STORE006,9,92.0,99942.58,10264.720000000001,89677.86,9964.206666666667
2025-01-12,STORE011,15,122.0,121429.95000000001,14526.419999999998,106903.53,7126.902
2025-01-01,STORE019,5,34.0,35967.77,4603.2300000000005,31364.54,6272.908
2025-11-01,STORE009,6,51.0,51104.170000000006,5704.429999999999,45399.740000000005,7566.623333333334
2025-09-12,STORE013,5,49.0,53435.520000000004,5057.129999999999,48378.39,9675.678
2025-07-16,STORE012,12,130.0,129211.2,14050.17,115161.03,9596.7525
2025-05-20,STORE020,7,59.0,75485.19,7415.58,68069.61,9724.23
2025-01-21,STORE010,7,69.0,74025.90000000001,7288.780000000001,66737.12,9533.874285714284
2025-09-08,STORE005,7,61.0,87779.14,8308.13,79471.01,11353.001428571428
2025-05-02,STORE018,6,74.0,70259.48,7490.64,62768.84,10461.473333333333
2025-04-29,STORE010,7,66.0,83237.63,8428.01,74809.62,10687.08857142857
2025-10-27,STORE009,5,42.0,51503.670000000006,5978.75,45524.920000000006,9104.984
2025-12-15,STORE016,5,45.0,54613.86000000001,5048.7,49565.159999999996,9913.032
2025-03-06,STORE019,6,53.0,50306.8,5195.130000000001,45111.670000000006,7518.611666666668
2025-10-26,STORE016,7,67.0,75699.28000000001,9620.63,66078.65,9439.807142857142
2025-06-19,STORE017,11,94.0,100907.70999999999,8709.01,92198.70000000001,8381.7
2025-01-21,STORE016,11,84.0,86728.61,7709.45,79019.16,7183.56
2025-06-25,STORE010,8,36.0,43471.42,5355.66,38115.76,4764.47
2025-08-10,STORE004,10,58.0,39753.84,4186.61,35567.23,3556.7230000000004
2025-10-29,STORE005,10,111.0,124731.33,13650.379999999997,111080.95000000001,11108.095000000001
2025-04-14,STORE017,7,74.0,91068.8,9372.75,81696.05,11670.864285714286
2025-09-04,STORE007,11,67.0,58951.93000000001,4464.16,54487.770000000004,4953.433636363637
2025-07-02,STORE008,7,69.0,77771.78,8812.25,68959.53,9851.361428571428
2025-01-14,STORE013,6,44.0,42918.020000000004,5029.98,37888.04,6314.673333333333
2025-03-19,STORE011,5,48.0,54264.33,5225.48,49038.85,9807.77
2025-10-14,STORE005,8,75.0,70259.45,6123.35,64136.09999999999,8017.012499999999
2025-05-04,STORE002,8,87.0,106389.63,9965.89,96423.74,12052.9675
2025-08-18,STORE014,9,82.0,108100.62,10814.79,97285.82999999999,10809.536666666665
2025-05-11,STORE001,7,57.0,67753.57,8156.57,59597.0,8513.857142857143
2025-09-02,STORE002,5,25.0,39582.54,3878.620000000001,35703.92,7140.784
2025-09-05,STORE011,7,81.0,69332.45999999999,7532.629999999999,61799.829999999994,8828.547142857142
2025-03-24,STORE004,8,50.0,59680.3,7031.56,52648.73999999999,6581.092499999999
2025-04-12,STORE010,13,112.0,140217.64,12401.76,127815.88,9831.99076923077
2025-01-09,STORE004,8,86.0,87310.28,9254.310000000001,78055.97,9756.99625
2025-02-20,STORE002,9,83.0,89262.67,9651.04,79611.62999999999,8845.736666666666
2025-07-14,STORE007,5,29.0,30207.37,1761.62,28445.75,5689.15
2025-04-05,STORE007,10,101.0,113030.47,11555.75,101474.71999999999,10147.471999999998
2025-01-20,STORE017,13,119.0,147671.98,12052.95,135619.03,10432.233076923078
2025-07-18,STORE017,10,90.0,98194.25000000001,9609.31,88584.93999999999,8858.493999999999
2025-07-29,STORE019,13,95.0,82619.18000000001,5750.849999999999,76868.33,5912.948461538462
2025-03-01,STORE008,11,97.0,107061.46000000002,11124.02,95937.44000000002,8721.585454545457
2025-11-26,STORE007,8,70.0,68406.94,7052.4400000000005,61354.5,7669.3125
2025-06-04,STORE012,6,57.0,58794.409999999996,5350.26,53444.15000000001,8907.358333333335
2025-01-13,STORE009,7,45.0,49234.69,5618.93,43615.759999999995,6230.822857142856
2025-01-13,STORE018,9,66.0,67553.41,8082.400000000001,59471.009999999995,6607.889999999999
2025-12-11,STORE010,6,40.0,51416.030000000006,4080.71,47335.32,7889.22
2025-08-28,STORE002,10,82.0,86428.31999999999,8920.96,77507.36,7750.736
2025-07-02,STORE006,10,75.0,96123.79,9225.470000000001,86898.32,8689.832
2025-05-12,STORE003,12,111.0,140929.76,13894.32,127035.43999999999,10586.286666666665
2025-02-04,STORE002,8,78.0,78391.09000000001,6700.25,71690.84,8961.355
2025-05-31,STORE002,12,117.0,127000.72,11721.780000000002,115278.94,9606.578333333333
2025-01-22,STORE018,6,55.0,41676.520000000004,4549.02,37127.5,6187.916666666667
2025-10-10,STORE016,5,33.0,29112.47,2053.3100000000004,27059.16,5411.832
2025-12-22,STORE019,6,27.0,27289.890000000003,2580.69,24709.199999999997,4118.2
2025-07-20,STORE009,6,51.0,48497.68,4927.05,43570.63,7261.7716666666665
2025-01-14,STORE020,8,46.0,43659.549999999996,4181.57,39477.98,4934.7475
2025-03-12,STORE018,6,26.0,22377.9,2474.6,19903.300000000003,3317.216666666667
2025-01-29,STORE011,13,132.0,131983.05000000002,14143.189999999999,117839.86,9064.604615384615
2025-11-05,STORE015,6,45.0,54454.47,3132.99,51321.48,8553.58
2025-08-01,STORE008,7,79.0,71321.62,9141.11,62180.51,8882.93
2025-09-18,STORE011,14,135.0,145669.55000000002,12517.46,133152.09,9510.863571428572
2025-07-14,STORE001,9,92.0,99953.17,8829.689999999999,91123.48,10124.83111111111
2025-09-13,STORE010,8,61.0,69362.77,6029.41,63333.36,7916.67
2025-06-09,STORE010,8,65.0,63445.74,6179.9,57265.84,7158.23
2025-12-16,STORE008,8,68.0,67431.88,8482.99,58948.89,7368.61125
2025-09-18,STORE008,9,75.0,75446.76999999999,8061.320000000001,67385.45,7487.272222222222
2025-03-09,STORE014,12,107.0,133338.56,12909.7,120428.86000000002,10035.738333333335
2025-04-08,STORE012,8,73.0,66967.13,6210.219999999999,60756.909999999996,7594.6137499999995
2025-10-03,STORE015,11,96.0,99129.8,10012.960000000001,89116.84,8101.530909090909
2025-06-29,STORE004,10,107.0,113499.32,12088.16,101411.16,10141.116
2025-09-06,STORE014,9,89.0,108819.34999999999,11780.08,97039.26999999999,10782.14111111111
2025-05-08,STORE018,10,107.0,115977.62000000001,12702.970000000001,103274.65,10327.465
2025-11-10,STORE011,12,96.0,102805.06,9167.08,93637.98,7803.165
2025-08-25,STORE007,6,44.0,40095.44,2170.12,37925.32,6320.886666666666
2025-10-05,STORE011,4,27.0,20148.020000000004,1553.5,18594.520000000004,4648.630000000001
2025-12-10,STORE014,5,40.0,42427.7,3783.0299999999997,38644.67,7728.933999999999
2025-02-25,STORE004,12,97.0,103737.09999999999,10681.15,93055.95,7754.662499999999
2025-06-09,STORE009,3,28.0,11764.380000000001,1301.22,10463.16,3487.72
2025-01-31,STORE012,7,71.0,67534.44,6129.19,61405.25,8772.17857142857
2025-06-06,STORE017,6,60.0,60699.89,4591.78,56108.10999999999,9351.351666666666
2025-06-24,STORE006,10,74.0,87884.23000000001,11103.5,76780.73000000001,7678.073000000001
2025-02-12,STORE017,8,48.0,48972.560000000005,6585.21,42387.35,5298.41875
2025-10-02,STORE014,10,97.0,101778.8,10600.119999999999,91178.68,9117.867999999999
2025-07-28,STORE011,7,68.0,78070.33,7462.780000000001,70607.55,10086.792857142858
2025-04-19,STORE016,10,86.0,83233.07,7618.9400000000005,75614.13,7561.4130000000005
2025-02-10,STORE017,12,83.0,99814.1,10510.23,89303.87000000001,7441.989166666667
2025-01-30,STORE002,4,25.0,22922.829999999998,2054.83,20868.0,5217.0
2025-01-22,STORE017,7,58.0,60402.35,4834.03,55568.32000000001,7938.33142857143
2025-01-15,STORE009,9,108.0,126536.05000000002,12317.179999999998,114218.87,12690.985555555555
2025-06-30,STORE013,8,102.0,101177.26999999999,9100.76,92076.50999999998,11509.563749999998
2025-05-12,STORE008,11,87.0,76817.48000000001,5751.03,71066.45,6460.586363636364
2025-06-16,STORE010,6,43.0,46434.08,3861.6400000000003,42572.44,7095.406666666667
2025-08-15,STORE002,9,58.0,61759.33,5908.09,55851.240000000005,6205.693333333334
2025-04-19,STORE009,9,77.0,68306.87,5814.38,62492.490000000005,6943.610000000001
2025-01-25,STORE003,10,116.0,124643.76000000001,12057.11,112586.65,11258.664999999999
2025-04-09,STORE003,8,63.0,70039.53,6517.86,63521.67,7940.20875
2025-04-05,STORE005,8,97.0,104846.70000000001,10285.689999999999,94561.01000000001,11820.126250000001
2025-01-27,STORE014,11,87.0,93941.59999999999,10430.98,83510.62,7591.874545454545
2025-07-08,STORE011,11,97.0,110066.09000000001,11277.52,98788.57,8980.77909090909
2025-06-02,STORE005,4,57.0,54299.91,6501.74,47798.17,11949.5425
2025-10-24,STORE003,10,66.0,71966.4,7893.679999999999,64072.72,6407.272
2025-06-30,STORE004,11,101.0,101838.99999999999,9018.000000000002,92821.0,8438.272727272728
2025-11-29,STORE015,6,42.0,45699.17,4860.49,40838.67999999999,6806.446666666666
2025-01-17,STORE012,7,78.0,72793.29000000001,6926.15,65867.14,9409.591428571428
2025-01-25,STORE009,12,84.0,78094.29,6389.87,71704.42,5975.368333333333
2025-04-29,STORE001,14,128.0,159872.38,14764.400000000001,145107.98,10364.855714285715
2025-05-27,STORE009,12,115.0,129244.7,13000.95,116243.75,9686.979166666666
2025-08-06,STORE003,10,98.0,112584.06999999998,10857.74,101726.33,10172.633
2025-09-19,STORE005,6,63.0,60954.81,5010.84,55943.97,9323.995
2025-05-16,STORE015,14,115.0,114122.19999999998,10992.359999999999,103129.84000000001,7366.4171428571435
2025-04-16,STORE005,9,73.0,91877.51000000001,8455.86,83421.65,9269.072222222221
2025-01-06,STORE009,5,35.0,35699.18,2980.1499999999996,32719.03,6543.806
2025-03-28,STORE012,5,37.0,45732.479999999996,4940.42,40792.06,8158.411999999999
2025-01-24,STORE013,11,100.0,113902.7,9882.23,104020.47,9456.406363636364
2025-02-22,STORE002,10,72.0,78008.12,7724.469999999999,70283.65,7028.365
2025-05-12,STORE015,7,59.0,71322.55,5111.9,66210.65,9458.664285714285
2025-03-05,STORE008,9,81.0,85095.20000000001,9450.830000000002,75644.37,8404.93
2025-01-19,STORE014,6,78.0,74902.14,7595.759999999999,67306.38,11217.730000000001
2025-10-24,STORE019,4,47.0,50406.5,4169.18,46237.32000000001,11559.330000000002
2025-06-06,STORE006,15,116.0,145410.1,15418.05,129992.04999999999,8666.136666666665
2025-04-12,STORE012,8,71.0,68566.03,8403.33,60162.7,7520.3375
2025-07-15,STORE020,8,97.0,106962.76,11674.47,95288.29000000001,11911.036250000001
2025-09-28,STORE006,7,71.0,80544.51,8519.05,72025.45999999999,10289.351428571428
2025-12-21,STORE014,7,92.0,109156.62999999999,12049.23,97107.4,13872.485714285713
2025-05-10,STORE005,10,81.0,83251.56,7656.89,75594.67,7559.467
2025-09-22,STORE016,6,70.0,70106.44,5927.919999999999,64178.52,10696.42
2025-12-10,STORE018,7,78.0,72376.46,7228.530000000001,65147.93,9306.847142857143
2025-02-28,STORE017,7,71.0,70088.66,5960.070000000001,64128.59,9161.227142857142
2025-02-21,STORE001,7,70.0,65514.9,6745.63,58769.27,8395.609999999999
2025-12-03,STORE005,7,48.0,54800.88,5933.620000000001,48867.26,6981.037142857143
2025-08-16,STORE017,12,104.0,111929.04000000001,9371.560000000001,102557.48,8546.456666666667
2025-06-13,STORE012,9,80.0,80635.19,6972.64,73662.55,8184.727777777778
2025-06-24,STORE017,10,103.0,116188.79999999997,12659.309999999998,103529.49000000002,10352.949000000002
2025-10-28,STORE012,4,46.0,59429.94,7996.929999999999,51433.01,12858.2525
2025-08-21,STORE016,5,39.0,44122.71000000001,5395.29,38727.42,7745.4839999999995
2025-07-05,STORE020,10,129.0,112452.73999999999,10054.37,102398.37,10239.837
2025-02-12,STORE016,7,46.0,39295.64,3189.02,36106.62,5158.088571428571
2025-06-23,STORE016,9,65.0,69027.09999999999,8266.669999999998,60760.42999999999,6751.158888888888
2025-05-07,STORE018,11,114.0,119053.81,12646.369999999999,106407.44,9673.403636363637
2025-07-02,STORE005,6,56.0,51390.56,4689.66,46700.899999999994,7783.483333333333
2025-05-05,STORE018,7,41.0,38908.57000000001,4889.129999999999,34019.439999999995,4859.919999999999
2025-12-04,STORE019,10,72.0,79709.98000000001,6129.849999999999,73580.13,7358.013000000001
2025-03-10,STORE003,8,43.0,54424.13,4964.39,49459.74,6182.4675
2025-05-27,STORE015,12,131.0,111016.89000000001,9071.33,101945.56,8495.463333333333
2025-12-24,STORE008,4,43.0,42428.229999999996,4640.91,37787.32,9446.83
2025-05-11,STORE013,7,60.0,53719.490000000005,5402.65,48316.840000000004,6902.405714285715
2025-03-31,STORE017,8,52.0,60612.55,4960.16,55652.39,6956.54875
2025-10-01,STORE016,9,86.0,95253.88,9950.920000000002,85302.96,9478.106666666667
2025-08-20,STORE005,6,45.0,40797.490000000005,4197.43,36600.06,6100.009999999999
2025-09-01,STORE006,10,91.0,110767.22,13648.220000000001,97119.0,9711.9
2025-08-12,STORE017,10,92.0,110801.02,11698.93,99102.09000000001,9910.209
2025-08-12,STORE014,11,76.0,102797.45,9426.090000000002,93371.35999999999,8488.305454545452
2025-04-13,STORE017,10,76.0,89157.79000000001,8817.609999999999,80340.18000000002,8034.018000000002
2025-03-12,STORE006,7,64.0,54199.46000000001,4592.4800000000005,49606.979999999996,7086.711428571428
2025-04-01,STORE007,8,66.0,56707.4,6298.58,50408.82000000001,6301.102500000001
2025-11-26,STORE013,8,71.0,78740.01000000001,7114.86,71625.15,8953.14375
2025-11-28,STORE011,10,94.0,88836.75,7720.3,81116.45,8111.6449999999995
2025-10-20,STORE009,8,52.0,46859.75000000001,5704.790000000001,41154.96000000001,5144.370000000001
2025-08-13,STORE011,9,89.0,68259.23000000001,5006.750000000001,63252.479999999996,7028.053333333333
2025-12-01,STORE016,11,82.0,94415.78,7361.5,87054.28,7914.0254545454545
2025-06-12,STORE016,4,22.0,26664.940000000002,1616.96,25047.98,6261.995
2025-12-20,STORE019,9,80.0,69121.3,6297.12,62824.18000000001,6980.464444444446
2025-10-13,STORE019,6,48.0,41559.990000000005,3905.1400000000003,37654.850000000006,6275.808333333334
2025-10-15,STORE018,13,119.0,117305.73000000001,12267.69,105038.04,8079.84923076923
2025-05-14,STORE015,8,64.0,60193.600000000006,6033.6,54160.00000000001,6770.000000000001
2025-01-04,STORE009,13,141.0,137420.35,12435.869999999999,124984.48,9614.190769230769
2025-07-09,STORE018,8,72.0,70263.16,7462.91,62800.25,7850.03125
2025-07-06,STORE010,7,81.0,94320.57,8076.389999999999,86244.18,12320.597142857141
2025-09-06,STORE019,6,58.0,54508.82,6065.53,48443.28999999999,8073.881666666665
2025-01-15,STORE018,11,108.0,116104.80000000002,10810.08,105294.72,9572.247272727273
2025-08-09,STORE016,9,77.0,67687.57,6166.879999999999,61520.69,6835.6322222222225
2025-08-26,STORE009,10,119.0,98684.34,11419.66,87264.68000000001,8726.468
2025-08-24,STORE020,14,117.0,107204.47,11444.98,95759.48999999999,6839.9635714285705
2025-01-27,STORE008,8,72.0,87642.19,8750.710000000001,78891.48,9861.435
2025-03-23,STORE011,2,32.0,34582.51,4186.68,30395.83,15197.915
2025-11-17,STORE018,5,49.0,58806.8,5815.83,52990.97,10598.194
2025-06-15,STORE009,5,43.0,46486.0,4776.95,41709.049999999996,8341.81
2025-08-14,STORE006,8,66.0,58771.59,5446.13,53325.45999999999,6665.682499999999
2025-02-24,STORE020,11,88.0,106217.07,10459.05,95758.02,8705.274545454546
2025-02-21,STORE017,10,71.0,60807.799999999996,5665.4400000000005,55142.36,5514.236
2025-12-21,STORE011,5,39.0,50670.0,5401.43,45268.56999999999,9053.713999999998
2025-12-05,STORE006,7,66.0,89052.48999999999,9026.26,80026.23000000001,11432.318571428574
2025-01-08,STORE005,7,79.0,68461.79000000001,7527.200000000001,60934.59,8704.941428571428
2025-06-18,STORE008,11,105.0,100542.65999999999,7476.5599999999995,93066.1,8460.554545454546
2025-12-19,STORE008,6,48.0,55046.42,5128.92,49917.5,8319.583333333334
2025-03-15,STORE013,7,70.0,73621.44,5552.67,68068.77,9724.11
2025-09-12,STORE010,10,91.0,107251.13999999998,9884.099999999999,97367.04000000001,9736.704000000002
2025-12-03,STORE019,17,171.0,165255.47,15826.159999999998,149429.31,8789.959411764707
2025-05-05,STORE002,6,69.0,52456.869999999995,6491.52,45965.34999999999,7660.8916666666655
2025-07-12,STORE001,7,93.0,89924.48999999999,11284.17,78640.32,11234.33142857143
2025-06-26,STORE006,4,31.0,35766.729999999996,4132.05,31634.679999999997,7908.669999999999
2025-09-12,STORE020,13,117.0,102872.8,9745.0,93127.8,7163.676923076923
2025-05-02,STORE012,8,77.0,95580.17,9520.23,86059.94,10757.4925
2025-10-09,STORE004,7,44.0,56961.47,5515.66,51445.81,7349.401428571428
2025-10-13,STORE015,9,77.0,86107.98000000001,5757.5599999999995,80350.41999999998,8927.824444444443
2025-12-05,STORE015,11,112.0,122575.23000000001,11369.62,111205.61000000002,10109.60090909091
2025-04-09,STORE012,8,73.0,61006.76000000001,6966.84,54039.920000000006,6754.990000000001
2025-04-29,STORE009,5,39.0,39343.729999999996,3359.4799999999996,35984.25,7196.85
2025-11-26,STORE020,9,89.0,100111.15000000001,11137.73,88973.42,9885.935555555556
2025-02-28,STORE019,10,86.0,62247.600000000006,5077.369999999999,57170.229999999996,5717.022999999999
2025-08-18,STORE017,13,105.0,111850.89000000001,10802.41,101048.48000000001,7772.960000000001
2025-12-24,STORE020,8,81.0,79991.26000000001,9183.74,70807.51999999999,8850.939999999999
2025-07-19,STORE010,4,28.0,34296.28,3178.76,31117.52,7779.38
2025-05-18,STORE010,10,56.0,64407.17,6336.85,58070.32,5807.032
2025-04-21,STORE011,10,108.0,111667.70000000001,10460.29,101207.40999999999,10120.740999999998
2025-01-23,STORE006,7,58.0,67043.06,5050.89,61992.16999999999,8856.024285714284
2025-09-26,STORE005,11,86.0,84500.62000000001,6256.54,78244.07999999999,7113.098181818181
2025-03-31,STORE018,5,37.0,27629.53,2872.51,24757.02,4951.404
2025-11-18,STORE016,8,65.0,58807.07000000001,6254.03,52553.04,6569.13
2025-09-29,STORE004,7,75.0,83376.98,6752.939999999999,76624.04000000001,10946.29142857143
2025-07-11,STORE010,15,115.0,122343.88,13600.769999999999,108743.10999999999,7249.540666666666
2025-10-03,STORE008,5,41.0,42658.24,4458.87,38199.37,7639.874000000001
2025-10-12,STORE007,3,20.0,10974.7,912.1800000000001,10062.52,3354.1733333333336
2025-06-25,STORE007,8,85.0,77483.62,6753.96,70729.66,8841.2075
2025-04-19,STORE007,10,103.0,99776.45999999999,10040.019999999999,89736.44,8973.644
2025-04-17,STORE015,5,33.0,35508.04,3689.0699999999997,31818.969999999994,6363.793999999999
2025-08-18,STORE006,7,58.0,59935.66,6467.1,53468.560000000005,7638.365714285715
2025-04-09,STORE007,6,60.0,65772.53,6975.15,58797.38,9799.563333333334
2025-07-19,STORE002,8,88.0,87789.92,9699.06,78090.86,9761.3575
2025-12-09,STORE005,9,72.0,68756.79000000001,3735.09,65021.7,7224.633333333333
2025-12-23,STORE008,7,84.0,80016.19,6892.91,73123.28,10446.182857142858
2025-07-21,STORE010,4,22.0,14500.0,1685.53,12814.470000000001,3203.6175000000003
2025-05-02,STORE005,11,103.0,80467.06999999999,7014.969999999999,73452.1,6677.463636363637
2025-01-02,STORE013,8,75.0,73517.26000000001,5509.070000000001,68008.19,8501.02375
2025-03-21,STORE007,7,42.0,41517.72,3807.0600000000004,37710.66,5387.237142857143
2025-03-08,STORE010,11,89.0,99613.84,11075.220000000001,88538.62000000001,8048.965454545455
2025-06-16,STORE020,7,47.0,43154.75,4631.93,38522.81999999999,5503.259999999999
2025-06-12,STORE004,7,60.0,72170.05,7753.21,64416.84,9202.405714285715
2025-02-19,STORE001,6,58.0,63618.71000000001,5763.27,57855.44,9642.573333333334
2025-09-06,STORE020,12,126.0,123661.08,12955.66,110705.42,9225.451666666666
2025-02-01,STORE003,6,54.0,55602.310000000005,5426.030000000001,50176.28,8362.713333333333
2025-06-19,STORE014,5,51.0,64476.32,6181.910000000001,58294.41,11658.882000000001
2025-09-05,STORE014,6,50.0,47447.21,5900.81,41546.4,6924.400000000001
2025-05-14,STORE009,10,93.0,97454.23999999999,10712.86,86741.38,8674.138
2025-01-10,STORE010,6,54.0,53694.75,4686.04,49008.71,8168.118333333333
2025-05-30,STORE019,9,79.0,75765.54,7818.900000000001,67946.64,7549.626666666667
2025-07-05,STORE014,8,61.0,63554.86,5021.150000000001,58533.71000000001,7316.713750000001
2025-10-08,STORE003,7,69.0,81065.4,6220.5599999999995,74844.84,10692.119999999999
2025-08-17,STORE006,4,40.0,49315.030000000006,4284.860000000001,45030.170000000006,11257.542500000001
2025-07-09,STORE006,5,32.0,39378.85,3020.8199999999997,36358.03,7271.606
2025-03-22,STORE009,7,67.0,62804.18000000001,8182.18,54622.0,7803.142857142857
2025-03-14,STORE013,7,70.0,61781.65,6565.23,55216.42,7888.0599999999995
2025-06-01,STORE007,11,87.0,89605.31,10112.719999999998,79492.59,7226.599090909091
2025-10-07,STORE013,3,18.0,19939.68,1820.47,18119.21,6039.736666666667
2025-12-09,STORE007,9,76.0,93216.0,7754.639999999999,85461.36,9495.706666666667
2025-10-01,STORE004,10,104.0,119455.72,11327.29,108128.43,10812.842999999999
2025-08-01,STORE011,7,52.0,60123.89,5359.200000000001,54764.69,7823.527142857143
2025-11-14,STORE013,6,61.0,59061.42,4333.83,54727.59,9121.265
2025-02-18,STORE003,13,134.0,150653.07,17611.66,133041.40999999997,10233.954615384613
2025-10-18,STORE016,4,41.0,41673.21000000001,3429.2000000000003,38244.01,9561.0025
2025-09-15,STORE001,10,103.0,121564.75999999998,13698.91,107865.85,10786.585000000001
2025-09-28,STORE017,9,73.0,76985.74,6900.0,70085.74,7787.304444444445
2025-06-17,STORE002,9,93.0,95027.26,10203.589999999998,84823.67,9424.852222222222
2025-10-12,STORE004,10,79.0,69471.70999999999,7428.030000000001,62043.68,6204.368
2025-08-13,STORE014,5,51.0,72285.59,6634.209999999999,65651.38,13130.276000000002
2025-01-08,STORE003,12,110.0,117235.11,12820.63,104414.48000000001,8701.206666666667
2025-08-14,STORE015,8,67.0,61356.96,7515.91,53841.05,6730.13125
2025-04-11,STORE010,10,74.0,74744.03000000001,8512.920000000002,66231.11,6623.111
2025-03-03,STORE013,9,83.0,87978.36,8609.529999999999,79368.83000000002,8818.758888888891
2025-07-31,STORE015,9,88.0,106083.95000000001,8164.87,97919.08000000002,10879.89777777778
2025-02-20,STORE016,7,81.0,78332.36000000002,7190.16,71142.2,10163.171428571428
2025-03-18,STORE006,6,56.0,53183.810000000005,5494.17,47689.64,7948.2733333333335
2025-11-07,STORE003,3,38.0,40201.17,5186.67,35014.5,11671.5
2025-01-19,STORE012,11,96.0,97935.08,8934.93,89000.15,8090.922727272727
2025-07-20,STORE003,7,59.0,71383.81,8353.95,63029.86,9004.265714285715
2025-12-17,STORE018,4,28.0,24546.47,2952.6899999999996,21593.780000000002,5398.445000000001
2025-08-27,STORE002,7,56.0,61556.84,5736.099999999999,55820.74,7974.391428571428
2025-07-10,STORE004,7,45.0,44848.560000000005,4955.77,39892.78999999999,5698.969999999999
2025-02-23,STORE016,6,57.0,51828.67,5419.570000000001,46409.1,7734.849999999999
2025-11-17,STORE007,5,44.0,46438.25,6839.77,39598.48,7919.696000000001
2025-11-28,STORE009,9,76.0,67955.83,7302.719999999999,60653.11,6739.234444444444
2025-06-18,STORE014,5,57.0,57110.56,5864.509999999999,51246.05,10249.210000000001
2025-04-26,STORE009,7,72.0,66975.92,7979.570000000001,58996.35,8428.05
2025-04-18,STORE015,13,86.0,70071.31,8418.65,61652.66,4742.512307692308
2025-11-30,STORE004,7,52.0,37577.8,2911.0299999999997,34666.77,4952.395714285713
2025-06-27,STORE013,6,42.0,54162.39,5146.59,49015.799999999996,8169.299999999999
2025-12-19,STORE015,8,60.0,56200.99,6098.4,50102.590000000004,6262.8237500000005
2025-01-30,STORE013,5,56.0,54893.58,5481.27,49412.310000000005,9882.462000000001
2025-05-19,STORE016,8,46.0,58148.840000000004,4025.45,54123.38999999999,6765.423749999999
2025-10-26,STORE001,3,24.0,20365.89,2457.12,17908.77,5969.59
2025-12-28,STORE020,5,40.0,32480.769999999997,3347.3199999999997,29133.449999999997,5826.69
2025-05-09,STORE018,9,88.0,103582.68000000001,9492.67,94090.01,10454.445555555554
2025-08-08,STORE017,10,68.0,68648.48000000001,8242.75,60405.729999999996,6040.572999999999
2025-01-30,STORE004,8,80.0,89171.18999999999,6472.37,82698.82,10337.3525
2025-10-27,STORE010,5,48.0,47142.590000000004,5680.09,41462.5,8292.5
2025-12-27,STORE010,8,74.0,76970.22,7073.200000000001,69897.01999999999,8737.127499999999
2025-03-09,STORE002,10,77.0,69938.57,6444.95,63493.619999999995,6349.361999999999
2025-07-18,STORE019,10,107.0,108137.16999999998,11542.64,96594.53,9659.453
2025-12-05,STORE016,6,45.0,41611.380000000005,2833.02,38778.36,6463.06
2025-10-11,STORE013,5,43.0,46722.16,5555.610000000001,41166.55,8233.310000000001
2025-07-07,STORE020,7,52.0,40520.09,4117.49,36402.6,5200.371428571429
2025-10-24,STORE020,8,80.0,70426.14,6168.580000000001,64257.56,8032.195
2025-07-06,STORE012,6,59.0,71211.85,7853.46,63358.39,10559.731666666667
2025-01-08,STORE019,3,33.0,28350.720000000005,2851.92,25498.8,8499.6
2025-08-10,STORE012,3,25.0,16343.810000000001,1512.29,14831.52,4943.84
2025-02-07,STORE019,13,110.0,99349.84,11392.52,87957.32,6765.947692307693
2025-08-14,STORE017,3,18.0,13976.269999999999,1400.96,12575.310000000001,4191.77
2025-06-12,STORE018,10,88.0,82150.86,6660.32,75490.54,7549.053999999999
2025-01-21,STORE018,5,58.0,59252.42999999999,5388.44,53863.990000000005,10772.798
2025-01-10,STORE018,5,46.0,43205.92,5464.34,37741.58,7548.316000000001
2025-06-02,STORE018,6,34.0,38639.40000000001,3235.9399999999996,35403.46,5900.576666666667
2025-11-05,STORE017,12,77.0,104434.56000000001,7654.77,96779.79000000001,8064.982500000001
2025-04-08,STORE001,3,17.0,18312.94,1752.12,16560.82,5520.2733333333335
2025-06-25,STORE001,7,39.0,40570.46,3159.2699999999995,37411.19,5344.455714285715
2025-03-09,STORE004,9,77.0,91389.84,8101.76,83288.08,9254.231111111112
2025-12-09,STORE011,14,115.0,126166.43,13432.220000000001,112734.20999999999,8052.443571428571
2025-07-05,STORE011,4,35.0,48745.28,4664.849999999999,44080.43,11020.1075
2025-08-27,STORE010,6,47.0,56810.82,5086.62,51724.2,8620.699999999999
2025-01-09,STORE001,7,48.0,55526.68,5730.9800000000005,49795.7,7113.671428571428
2025-05-25,STORE005,9,71.0,54572.99999999999,3804.22,50768.78,5640.975555555556
2025-07-10,STORE002,6,37.0,51506.049999999996,4436.3,47069.75,7844.958333333333
2025-06-17,STORE012,9,54.0,47373.56,5054.27,42319.29,4702.143333333333
2025-07-04,STORE006,6,60.0,75693.07,6346.59,69346.48,11557.746666666666
2025-10-26,STORE003,15,160.0,170318.94,17816.23,152502.71000000002,10166.847333333335
2025-01-23,STORE013,9,80.0,87829.15,8978.14,78851.01000000001,8761.223333333335
2025-03-20,STORE009,12,115.0,103880.87,12108.16,91772.70999999999,7647.725833333333
2025-07-05,STORE019,11,80.0,61422.72,5936.15,55486.56999999999,5044.233636363636
2025-07-30,STORE018,11,121.0,139878.28,11871.810000000001,128006.47,11636.951818181818
2025-07-12,STORE008,13,105.0,103168.97,10587.869999999999,92581.1,7121.623076923077
2025-09-06,STORE018,3,37.0,28258.59,2405.4100000000003,25853.18,8617.726666666667
2025-05-13,STORE019,11,119.0,104430.96,13143.55,91287.41,8298.855454545455
2025-12-22,STORE020,7,23.0,23951.55,2594.28,21357.27,3051.0385714285717
2025-05-28,STORE001,6,65.0,79495.82999999999,9177.08,70318.75,11719.791666666666
2025-02-20,STORE017,6,57.0,54268.94,7262.4400000000005,47006.5,7834.416666666667
2025-11-07,STORE008,6,42.0,45738.479999999996,3847.3900000000003,41891.09,6981.848333333332
2025-02-14,STORE013,7,64.0,51619.78000000001,5208.240000000001,46411.54,6630.22
2025-10-19,STORE013,8,103.0,91061.02999999998,8190.93,82870.1,10358.7625
2025-04-06,STORE010,8,79.0,101462.55999999998,8649.48,92813.08,11601.635
2025-03-09,STORE013,7,70.0,76141.7,7122.759999999999,69018.94,9859.848571428573
2025-06-26,STORE012,8,60.0,75129.86,7341.62,67788.24,8473.53
2025-09-15,STORE011,9,58.0,70794.62000000001,6772.5,64022.119999999995,7113.568888888888
2025-02-07,STORE011,8,72.0,69584.39,6754.270000000001,62830.12000000001,7853.765000000001
2025-09-06,STORE007,3,29.0,34398.58,3155.6299999999997,31242.949999999997,10414.316666666666
2025-10-11,STORE016,11,108.0,101544.78,9639.78,91905.0,8355.0
2025-01-28,STORE019,10,103.0,107386.26000000001,10516.15,96870.11,9687.011
2025-11-25,STORE010,10,100.0,107099.71999999999,10739.039999999999,96360.68,9636.068
2025-08-15,STORE014,11,106.0,116335.68000000001,12252.68,104083.0,9462.09090909091
2025-05-04,STORE018,9,91.0,92834.33,9684.3,83150.03000000001,9238.892222222225
2025-07-10,STORE001,7,48.0,64335.58,5092.96,59242.619999999995,8463.231428571427
2025-08-04,STORE009,14,108.0,103448.01000000001,10724.380000000001,92723.63,6623.1164285714285
2025-12-28,STORE006,7,67.0,77398.34,8338.86,69059.48,9865.64
2025-02-10,STORE003,7,63.0,79788.11,7077.810000000001,72710.29999999999,10387.185714285713
2025-02-09,STORE008,9,83.0,85996.35,8705.25,77291.09999999999,8587.9
2025-07-08,STORE004,11,73.0,85188.45,7805.78,77382.67,7034.788181818181
2025-04-02,STORE014,7,60.0,73221.82,8389.99,64831.83,9261.69
2025-04-18,STORE012,8,78.0,88660.12999999999,10475.25,78184.88,9773.11
2025-03-08,STORE009,10,75.0,73871.48,7236.34,66635.14,6663.514
2025-07-02,STORE019,10,76.0,63337.33,4585.33,58752.0,5875.2
2025-09-20,STORE009,10,91.0,94551.84999999999,9020.83,85531.02,8553.102
2025-08-04,STORE002,7,60.0,64686.89,6273.5599999999995,58413.33,8344.761428571428
2025-10-22,STORE017,5,33.0,29821.48,2596.74,27224.739999999998,5444.947999999999
2025-02-07,STORE018,9,86.0,78026.09,7507.33,70518.76,7835.417777777777
2025-01-20,STORE001,9,66.0,65894.51,6509.120000000001,59385.389999999985,6598.376666666665
2025-05-09,STORE001,8,79.0,74000.77,6654.449999999999,67346.32,8418.29
2025-01-19,STORE015,5,48.0,65774.26999999999,8760.36,57013.909999999996,11402.782
2025-06-27,STORE010,9,67.0,75469.35,7666.879999999999,67802.47,7533.607777777778
2025-12-04,STORE013,9,78.0,86492.16,9769.84,76722.32,8524.702222222222
2025-05-29,STORE003,6,51.0,61319.01,8232.07,53086.94,8847.823333333334
2025-06-25,STORE018,6,39.0,38494.02,3160.04,35333.98,5888.996666666667
2025-03-23,STORE014,7,53.0,48404.79,6225.590000000001,42179.200000000004,6025.6
2025-03-02,STORE013,8,66.0,60623.94,7578.76,53045.18000000001,6630.647500000001
2025-04-13,STORE012,8,46.0,42980.89,3205.49,39775.40000000001,4971.925000000001
2025-01-26,STORE004,7,45.0,50054.08,4106.219999999999,45947.86,6563.9800000000005
2025-03-15,STORE010,5,36.0,42924.12,4251.9400000000005,38672.18,7734.436
2025-10-30,STORE006,5,53.0,45170.55,4204.73,40965.82,8193.164
2025-09-25,STORE009,7,67.0,76776.44,5093.639999999999,71682.8,10240.4
2025-07-02,STORE015,8,83.0,77930.91,9812.189999999999,68118.72,8514.84
2025-06-19,STORE006,10,96.0,106388.94,10009.74,96379.19999999998,9637.919999999998
2025-08-23,STORE009,9,61.0,74243.48,8130.75,66112.73000000001,7345.85888888889
2025-03-20,STORE011,7,54.0,61433.55,6044.91,55388.64,7912.662857142857
2025-10-19,STORE017,8,64.0,58771.68,4007.0499999999997,54764.630000000005,6845.578750000001
2025-06-25,STORE006,4,29.0,38072.46000000001,2839.7200000000003,35232.74,8808.185
2025-02-27,STORE018,7,72.0,59003.65,5420.87,53582.780000000006,7654.682857142858
2025-08-25,STORE020,8,63.0,66005.01,5363.790000000001,60641.22,7580.1525
2025-12-05,STORE003,8,83.0,72468.89,5994.68,66474.20999999999,8309.276249999999
2025-02-08,STORE012,13,124.0,121534.4,13032.810000000001,108501.59,8346.276153846153
2025-09-19,STORE002,12,118.0,109001.61,10435.480000000001,98566.12999999999,8213.844166666666
2025-01-01,STORE004,9,73.0,93067.62,9987.36,83080.26,9231.14
2025-04-07,STORE005,8,77.0,84901.56,7997.65,76903.91,9612.98875
2025-05-15,STORE012,8,78.0,71358.97,7151.85,64207.119999999995,8025.889999999999
2025-07-23,STORE014,16,156.0,155722.48,12830.53,142891.94999999998,8930.746874999999
2025-05-08,STORE010,12,95.0,108259.62000000001,10680.55,97579.07,8131.589166666668
2025-03-27,STORE004,10,79.0,97056.4,8069.959999999999,88986.44,8898.644
2025-02-26,STORE016,8,82.0,80999.95,8717.76,72282.19,9035.27375
2025-04-04,STORE014,8,64.0,77735.24,8418.29,69316.95000000001,8664.618750000001
2025-08-12,STORE004,9,69.0,70472.23000000001,3521.71,66950.52,7438.946666666667
2025-12-03,STORE006,7,83.0,88323.4,10356.83,77966.57,11138.08142857143
2025-12-30,STORE004,7,52.0,51911.05000000001,6173.5599999999995,45737.490000000005,6533.927142857144
2025-05-20,STORE005,9,73.0,89751.81,10970.46,78781.34999999999,8753.483333333332
2025-04-25,STORE010,6,70.0,82668.91,6677.33,75991.58,12665.263333333334
2025-04-06,STORE017,8,73.0,85359.52,9272.71,76086.81,9510.85125
2025-04-18,STORE006,9,90.0,107314.74,9374.93,97939.81,10882.201111111111
2025-02-06,STORE018,14,140.0,138814.48,14165.96,124648.52,8903.465714285714
2025-10-23,STORE014,9,57.0,54380.53,4322.26,50058.27,5562.03
2025-04-13,STORE002,10,96.0,74370.72,9721.249999999998,64649.47,6464.947
2025-10-07,STORE010,6,47.0,39347.41,4158.6,35188.81,5864.801666666666
2025-03-26,STORE007,8,73.0,74699.58,8003.209999999999,66696.37,8337.04625
2025-02-12,STORE005,4,42.0,47950.53,4432.11,43518.42,10879.605
2025-05-07,STORE002,5,50.0,49043.53,4492.63,44550.9,8910.18
2025-10-15,STORE010,9,104.0,94687.84,7447.25,87240.59,9693.398888888889
2025-09-07,STORE001,6,45.0,43410.990000000005,4651.5599999999995,38759.43,6459.905
2025-10-14,STORE015,6,53.0,52548.659999999996,4458.15,48090.51,8015.085
2025-11-25,STORE002,6,53.0,44819.8,3951.3500000000004,40868.45,6811.408333333333
2025-04-26,STORE012,4,35.0,25715.61,3211.58,22504.03,5626.0075
2025-03-03,STORE008,7,54.0,52388.95,5053.86,47335.090000000004,6762.155714285715
2025-02-01,STORE004,6,52.0,37606.99,4632.13,32974.86,5495.81
2025-01-21,STORE002,6,52.0,53638.130000000005,6442.68,47195.450000000004,7865.908333333334
2025-12-25,STORE014,8,67.0,75889.20000000001,6857.240000000001,69031.96,8628.995
2025-09-23,STORE012,12,103.0,111682.71,7715.19,103967.52,8663.960000000001
2025-07-01,STORE017,6,65.0,69526.13,6624.209999999999,62901.92,10483.653333333334
2025-06-20,STORE010,7,54.0,62185.81,5723.26,56462.55,8066.078571428572
2025-12-22,STORE010,3,19.0,20428.73,2587.39,17841.34,5947.113333333334
2025-03-16,STORE004,7,55.0,54416.19000000001,6206.26,48209.93,6887.132857142858
2025-06-20,STORE002,13,135.0,125199.70000000001,13697.71,111501.98999999999,8577.076153846154
2025-02-23,STORE003,10,97.0,104441.62999999999,13373.119999999999,91068.51000000001,9106.851
2025-02-14,STORE001,12,122.0,130366.91,11278.28,119088.63000000002,9924.052500000002
2025-11-28,STORE017,10,105.0,104018.29999999999,10549.099999999999,93469.20000000001,9346.920000000002
2025-04-27,STORE002,6,55.0,47940.26,4792.82,43147.44,7191.240000000001
2025-09-26,STORE010,7,65.0,68884.79000000001,6936.26,61948.53,8849.789999999999
2025-01-09,STORE016,5,51.0,46391.399999999994,5133.34,41258.06,8251.612
2025-02-26,STORE001,7,68.0,67366.26999999999,6635.439999999999,60730.83,8675.832857142857
2025-01-14,STORE016,5,68.0,90569.49,8911.93,81657.56,16331.511999999999
2025-11-20,STORE008,11,94.0,87501.29000000001,9481.25,78020.04,7092.730909090908
2025-05-28,STORE019,11,80.0,66812.91,7056.8,59756.11,5432.373636363636
2025-11-22,STORE020,5,53.0,53931.369999999995,3425.5599999999995,50505.81,10101.162
2025-02-18,STORE019,9,68.0,50023.25,5136.07,44887.18,4987.464444444445
2025-11-21,STORE017,3,30.0,26554.309999999998,2465.82,24088.49,8029.496666666667
2025-03-07,STORE004,5,47.0,50152.48,6040.07,44112.41,8822.482
2025-12-13,STORE016,10,98.0,99224.45,9928.380000000001,89296.07,8929.607
2025-04-01,STORE016,9,111.0,112689.13,10951.59,101737.54,11304.17111111111
2025-10-26,STORE005,13,112.0,123456.79000000001,13135.15,110321.63999999998,8486.279999999999
2025-09-29,STORE012,6,46.0,41996.49,3922.93,38073.56,6345.593333333333
2025-12-28,STORE011,8,60.0,48881.5,4732.900000000001,44148.6,5518.575
2025-05-13,STORE020,12,92.0,88821.43999999999,10668.63,78152.80999999998,6512.734166666665
2025-07-03,STORE013,6,51.0,59840.08,5141.09,54698.990000000005,9116.498333333335
2025-08-13,STORE001,7,66.0,72839.65,7149.38,65690.27,9384.324285714287
2025-02-21,STORE011,9,100.0,99414.57,9266.16,90148.41,10016.49
2025-07-07,STORE018,9,82.0,63830.09,4622.3,59207.79000000001,6578.643333333334
2025-06-24,STORE013,9,86.0,103913.63,10976.45,92937.18,10326.353333333333
2025-12-11,STORE003,6,42.0,38137.18,3973.95,34163.229999999996,5693.871666666666
2025-07-06,STORE020,11,100.0,94801.34,9547.82,85253.51999999999,7750.319999999999
2025-08-06,STORE006,6,56.0,63049.15,7643.93,55405.22,9234.203333333333
2025-07-16,STORE008,5,42.0,46350.89,3796.77,42554.119999999995,8510.823999999999
2025-09-16,STORE012,8,89.0,74760.86,6946.82,67814.04000000001,8476.755000000001
2025-03-30,STORE001,6,42.0,57197.02,4866.719999999999,52330.3,8721.716666666667
2025-06-20,STORE019,7,86.0,80857.25,8151.510000000001,72705.74,10386.534285714286
2025-08-27,STORE020,12,111.0,93944.93000000001,8074.130000000001,85870.80000000002,7155.9000000000015
2025-02-09,STORE020,6,35.0,44290.869999999995,4571.13,39719.74,6619.956666666666
2025-06-29,STORE001,7,69.0,64153.9,5299.4,58854.5,8407.785714285714
2025-07-23,STORE008,15,112.0,105200.6,12342.7,92857.9,6190.526666666667
2025-08-04,STORE004,9,104.0,117736.62,10617.76,107118.86,11902.095555555556
2025-01-18,STORE020,12,101.0,84501.74,9363.130000000001,75138.60999999999,6261.550833333332
2025-05-25,STORE019,12,118.0,121659.01999999999,13297.34,108361.68,9030.14
2025-03-23,STORE006,6,46.0,55928.2,6067.59,49860.61,8310.101666666667
2025-09-16,STORE006,9,77.0,76798.44,8251.57,68546.87,7616.318888888888
2025-08-06,STORE011,5,51.0,32315.809999999998,2838.2799999999997,29477.530000000002,5895.506
2025-10-29,STORE007,8,74.0,75467.98000000001,8127.780000000001,67340.20000000001,8417.525000000001
2025-01-30,STORE003,9,77.0,80768.85,8658.45,72110.40000000001,8012.266666666667
2025-04-05,STORE008,10,104.0,99787.90000000001,12336.96,87450.94,8745.094000000001
2025-04-15,STORE001,6,51.0,59235.23000000001,6417.549999999999,52817.67999999999,8802.946666666665
2025-04-15,STORE018,8,109.0,106777.34999999999,12042.640000000001,94734.71,11841.83875
2025-11-10,STORE004,8,83.0,102202.7,10003.96,92198.73999999999,11524.842499999999
2025-10-31,STORE002,11,76.0,84560.21,8971.289999999999,75588.92,6871.72
2025-04-21,STORE016,14,115.0,125361.62,14687.92,110673.7,7905.2642857142855
2025-05-11,STORE005,7,37.0,37639.32,4275.91,33363.409999999996,4766.201428571428
2025-08-15,STORE005,11,121.0,147333.99,13019.490000000002,134314.5,12210.40909090909
2025-12-14,STORE017,9,66.0,69012.68,7445.64,61567.04,6840.782222222222
2025-03-06,STORE004,5,24.0,31916.88,4517.4400000000005,27399.440000000002,5479.888000000001
2025-12-02,STORE019,8,75.0,64486.63,6514.959999999999,57971.670000000006,7246.458750000001
2025-01-29,STORE015,10,71.0,73833.15000000001,6747.23,67085.92,6708.592
2025-06-21,STORE019,5,49.0,47451.79,5617.58,41834.21000000001,8366.842
2025-12-08,STORE020,5,36.0,35718.25,2958.92,32759.329999999994,6551.865999999999
2025-03-04,STORE005,7,43.0,42748.079999999994,2876.39,39871.689999999995,5695.955714285714
2025-09-13,STORE001,7,60.0,72882.26000000001,6839.37,66042.89,9434.698571428571
2025-04-29,STORE019,12,82.0,84810.67,9472.150000000001,75338.51999999999,6278.209999999999
2025-08-21,STORE008,5,69.0,68583.3,7997.789999999999,60585.509999999995,12117.101999999999
2025-05-03,STORE002,6,44.0,44859.06,5162.82,39696.24,6616.04
2025-07-21,STORE016,12,77.0,60124.149999999994,4787.94,55336.20999999999,4611.350833333333
2025-10-26,STORE008,6,46.0,48299.32,6288.380000000001,42010.94,7001.823333333334
2025-07-27,STORE017,5,46.0,44290.73999999999,3603.42,40687.32,8137.464
2025-08-01,STORE010,10,69.0,72354.86,5342.82,67012.04000000001,6701.204000000001
2025-02-05,STORE003,9,112.0,106820.24,9996.730000000001,96823.51000000001,10758.167777777779
2025-08-31,STORE010,9,64.0,77646.58,9905.59,67740.99,7526.776666666668
2025-12-23,STORE013,7,60.0,56695.82000000001,6262.01,50433.810000000005,7204.830000000001
2025-10-02,STORE008,11,94.0,86519.82,9222.16,77297.66,7027.06
2025-09-03,STORE017,7,45.0,38125.18,3939.8199999999997,34185.36,4883.622857142857
2025-07-16,STORE016,14,115.0,127212.48,10746.380000000001,116466.09999999999,8319.007142857143
2025-01-10,STORE004,5,54.0,65832.58,5240.64,60591.94,12118.388
2025-01-02,STORE011,3,40.0,41215.78999999999,3332.1800000000003,37883.61,12627.87
2025-02-21,STORE020,6,35.0,35925.67,2603.27,33322.4,5553.733333333334
2025-09-05,STORE007,7,53.0,35015.16,4559.9400000000005,30455.219999999998,4350.745714285714
2025-03-14,STORE018,10,75.0,74649.04,8544.5,66104.54,6610.454
2025-12-08,STORE007,10,108.0,86474.29000000001,9339.52,77134.76999999999,7713.476999999999
2025-05-28,STORE007,8,58.0,50104.14,4756.92,45347.22,5668.4025
2025-01-09,STORE003,11,77.0,76802.34,8122.9,68679.44,6243.585454545455
2025-02-09,STORE001,9,63.0,74461.01,8730.73,65730.28000000001,7303.364444444446
2025-02-19,STORE010,6,54.0,48140.86,4431.509999999999,43709.350000000006,7284.891666666667
2025-06-17,STORE018,8,77.0,80730.57999999999,7647.44,73083.14,9135.3925
2025-07-24,STORE013,9,80.0,90889.37000000001,8557.14,82332.23,9148.025555555556
2025-01-05,STORE012,6,49.0,47332.69,5746.3,41586.39,6931.065
2025-02-22,STORE010,4,29.0,42412.280000000006,3871.7000000000003,38540.58,9635.145
2025-05-16,STORE017,5,42.0,44679.86,4538.219999999999,40141.64,8028.3279999999995
2025-03-14,STORE001,7,83.0,88034.21,7618.83,80415.38,11487.91142857143
2025-08-16,STORE002,9,76.0,87615.43,7470.650000000001,80144.78000000001,8904.975555555557
2025-12-16,STORE003,6,62.0,67106.37,6454.260000000001,60652.11,10108.685
2025-10-06,STORE007,8,61.0,48589.39,5686.16,42903.229999999996,5362.9037499999995
2025-05-28,STORE009,11,99.0,110362.33,11381.18,98981.15,8998.286363636364
2025-10-16,STORE013,8,61.0,73525.64,8313.49,65212.15,8151.51875
2025-03-10,STORE017,8,70.0,71108.6,6916.429999999999,64192.17,8024.02125
2025-08-22,STORE008,7,56.0,49005.45,4211.5599999999995,44793.89,6399.127142857143
2025-10-05,STORE006,11,119.0,135293.81,16043.41,119250.40000000001,10840.945454545456
2025-02-18,STORE006,6,55.0,59986.94,6707.38,53279.55999999999,8879.926666666664
2025-09-13,STORE016,8,47.0,42098.36,3994.02,38104.34,4763.0425
2025-10-04,STORE018,11,66.0,59894.479999999996,6911.95,52982.53,4816.5936363636365
2025-12-01,STORE005,9,83.0,70046.98999999999,5972.869999999999,64074.12000000001,7119.346666666668
2025-05-19,STORE011,8,82.0,81996.42,7869.889999999999,74126.53,9265.81625
2025-01-09,STORE006,11,90.0,88124.14,10189.029999999999,77935.11,7085.01
2025-09-08,STORE014,2,5.0,5089.860000000001,428.75,4661.11,2330.555
2025-12-22,STORE013,9,65.0,68575.97,7922.1,60653.87000000001,6739.31888888889
2025-07-15,STORE017,8,69.0,72507.67,7381.17,65126.5,8140.8125
2025-03-05,STORE018,10,75.0,70544.42000000001,7979.42,62565.0,6256.5
2025-09-17,STORE002,11,96.0,78656.96,8946.7,69710.26000000001,6337.296363636365
2025-01-18,STORE019,9,86.0,78138.03,8772.31,69365.72,7707.302222222223
2025-09-03,STORE018,9,73.0,77751.04000000001,7741.43,70009.60999999999,7778.845555555554
2025-07-11,STORE019,11,102.0,85445.11,8838.760000000002,76606.35,6964.213636363637
2025-06-18,STORE009,10,86.0,82737.81,7361.42,75376.39,7537.639
2025-09-06,STORE015,11,77.0,76934.61,7631.34,69303.27000000002,6300.2972727272745
2025-11-19,STORE007,14,129.0,128540.18,12756.29,115783.88999999998,8270.277857142855
2025-12-19,STORE003,12,78.0,74364.94,8060.65,66304.29000000001,5525.357500000001
2025-04-27,STORE012,5,38.0,43633.76,4147.24,39486.520000000004,7897.304000000001
2025-01-05,STORE008,4,32.0,28654.749999999996,1813.4699999999998,26841.28,6710.32
2025-06-01,STORE012,7,74.0,68701.12,6233.73,62467.39,8923.912857142857
2025-06-20,STORE015,9,76.0,73193.51,5728.41,67465.1,7496.122222222223
2025-12-05,STORE017,5,36.0,26572.260000000002,2619.47,23952.79,4790.558
2025-10-31,STORE010,11,102.0,92856.01000000001,8460.08,84395.93,7672.357272727272
2025-06-08,STORE015,10,77.0,69461.61,7849.63,61611.979999999996,6161.197999999999
2025-07-15,STORE001,10,100.0,102367.09,12259.099999999999,90107.98999999999,9010.798999999999
2025-02-02,STORE007,11,77.0,92964.06999999998,9601.939999999999,83362.13,7578.375454545455
2025-05-21,STORE020,7,70.0,73991.12999999999,5501.2699999999995,68489.86,9784.265714285715
2025-11-16,STORE012,15,146.0,136466.95,14241.37,122225.57999999999,8148.371999999999
2025-10-25,STORE005,10,69.0,62151.119999999995,5953.14,56197.979999999996,5619.798
2025-05-23,STORE004,13,82.0,67531.81999999999,7850.38,59681.44,4590.88
2025-11-20,STORE003,6,86.0,75094.2,6229.179999999999,68865.01999999999,11477.503333333332
2025-08-01,STORE017,9,98.0,111345.57,9176.13,102169.43999999999,11352.159999999998
2025-12-12,STORE019,4,16.0,17114.16,1855.56,15258.600000000002,3814.6500000000005
2025-06-26,STORE011,13,123.0,109711.53,9842.850000000002,99868.68000000001,7682.206153846155
2025-05-25,STORE002,3,42.0,43026.350000000006,3298.25,39728.1,13242.699999999999
2025-12-28,STORE016,8,85.0,79851.78,7922.830000000001,71928.95,8991.11875
2025-06-07,STORE004,6,58.0,55224.22,6455.18,48769.03999999999,8128.173333333332
2025-11-09,STORE008,8,59.0,57865.04,4559.0599999999995,53305.979999999996,6663.2474999999995
2025-05-01,STORE004,4,39.0,40062.84,2857.77,37205.07,9301.2675
2025-11-15,STORE012,2,12.0,11642.99,1283.48,10359.51,5179.755
2025-11-10,STORE012,4,31.0,23762.31,1866.49,21895.82,5473.955
2025-05-08,STORE019,4,36.0,32897.48,3892.24,29005.24,7251.31
2025-09-06,STORE004,3,15.0,16152.519999999999,934.91,15217.61,5072.536666666667
2025-05-31,STORE010,8,67.0,68528.84,7165.62,61363.219999999994,7670.402499999999
2025-02-08,STORE008,5,43.0,33558.03,3542.5,30015.53,6003.106
2025-03-28,STORE004,10,92.0,99703.65000000001,10744.900000000001,88958.75000000001,8895.875000000002
2025-10-25,STORE008,7,81.0,67632.67000000001,8072.2300000000005,59560.44,8508.634285714286
2025-10-24,STORE005,10,81.0,83847.83,10349.18,73498.65,7349.865
2025-11-27,STORE015,9,68.0,84699.22,9599.880000000001,75099.34,8344.371111111112
2025-06-27,STORE016,9,87.0,79091.34,9449.36,69641.98,7737.997777777778
2025-02-18,STORE012,10,90.0,88287.56,10196.89,78090.67,7809.067
2025-11-21,STORE020,13,70.0,66757.70999999999,6006.07,60751.64,4673.203076923077
2025-06-06,STORE002,4,24.0,21008.01,2037.81,18970.2,4742.55
2025-08-05,STORE018,7,55.0,60358.05,5865.15,54492.899999999994,7784.699999999999
2025-10-31,STORE013,11,60.0,70219.58,6997.58,63222.0,5747.454545454545
2025-07-19,STORE001,7,55.0,65208.11,4637.81,60570.3,8652.9
2025-12-08,STORE016,8,70.0,69937.61,5681.8099999999995,64255.8,8031.975
2025-03-21,STORE001,8,68.0,73767.82,7158.7699999999995,66609.04999999999,8326.131249999999
2025-03-29,STORE010,10,67.0,74918.22,6088.899999999999,68829.31999999999,6882.931999999999
2025-08-31,STORE002,11,95.0,101110.02000000002,7884.280000000001,93225.73999999999,8475.067272727272
2025-09-08,STORE013,4,30.0,30761.320000000003,2883.83,27877.49,6969.3725
2025-10-11,STORE014,6,48.0,41064.77,4321.93,36742.840000000004,6123.806666666667
2025-03-08,STORE014,6,53.0,57960.84,6348.400000000001,51612.44,8602.073333333334
2025-12-12,STORE004,7,58.0,72096.27,6018.16,66078.11,9439.73
2025-06-05,STORE013,6,57.0,47580.659999999996,3920.04,43660.619999999995,7276.7699999999995
2025-07-31,STORE017,6,35.0,28347.35,3210.67,25136.68,4189.446666666667
2025-02-06,STORE008,5,44.0,35913.850000000006,3996.6000000000004,31917.25,6383.45
2025-12-13,STORE005,4,26.0,21808.760000000002,2934.62,18874.14,4718.535
2025-03-27,STORE007,8,41.0,37660.33,3494.16,34166.170000000006,4270.771250000001
2025-12-29,STORE010,9,82.0,104085.43,9587.8,94497.63,10499.736666666668
2025-11-21,STORE001,12,108.0,112882.1,10463.93,102418.17,8534.8475
2025-10-12,STORE005,10,75.0,77230.29000000001,8410.04,68820.25,6882.025
2025-11-23,STORE012,6,37.0,27726.870000000003,2467.9700000000003,25258.899999999998,4209.816666666667
2025-11-18,STORE017,13,111.0,130985.78,13334.25,117651.53,9050.117692307693
2025-10-19,STORE008,7,60.0,60558.020000000004,5130.53,55427.490000000005,7918.2128571428575
2025-08-10,STORE013,14,104.0,94839.28,8007.08,86832.20000000001,6202.300000000001
2025-09-25,STORE006,3,16.0,17457.61,2425.96,15031.649999999998,5010.549999999999
2025-04-23,STORE010,9,133.0,156591.15000000002,15706.91,140884.24,15653.804444444444
2025-04-20,STORE008,11,96.0,105517.65000000001,11704.59,93813.06,8528.46
2025-07-18,STORE006,5,69.0,59518.29000000001,5689.95,53828.34,10765.668
2025-04-13,STORE006,10,91.0,106801.3,9914.91,96886.39,9688.639
2025-02-09,STORE017,8,77.0,81012.92,11156.529999999999,69856.39,8732.04875
2025-07-22,STORE015,7,67.0,64603.83,6018.0,58585.83,8369.404285714287
2025-01-15,STORE002,6,44.0,45656.94,4347.0199999999995,41309.92,6884.986666666667
2025-11-24,STORE011,4,17.0,23378.579999999998,3351.4900000000002,20027.09,5006.7725
2025-11-24,STORE020,4,50.0,54025.54,6479.56,47545.979999999996,11886.494999999999
2025-04-05,STORE004,10,96.0,107744.15000000002,11227.099999999999,96517.04999999999,9651.704999999998
2025-07-17,STORE014,7,63.0,60328.85999999999,5093.44,55235.42,7890.774285714286
2025-02-14,STORE018,9,85.0,82055.03,8231.84,73823.18999999999,8202.576666666666
2025-07-20,STORE013,5,36.0,34098.909999999996,3494.02,30604.89,6120.978
2025-11-02,STORE005,7,54.0,50852.4,2530.7799999999997,48321.619999999995,6903.0885714285705
2025-03-25,STORE006,9,65.0,74420.35,7547.370000000001,66872.98000000001,7430.3311111111125
2025-10-30,STORE011,8,91.0,78101.98,8806.16,69295.82,8661.9775
2025-07-29,STORE016,8,60.0,58947.69000000001,5723.58,53224.11,6653.01375
2025-03-11,STORE010,11,68.0,85637.41,9334.24,76303.17,6936.651818181818
2025-11-16,STORE001,3,22.0,31382.030000000002,4570.7300000000005,26811.299999999996,8937.099999999999
2025-08-30,STORE020,6,50.0,54734.02,5018.2699999999995,49715.75000000001,8285.958333333334
2025-05-07,STORE007,8,99.0,103200.07999999999,10277.279999999999,92922.8,11615.35
2025-02-17,STORE016,9,48.0,46499.98,5161.49,41338.49,4593.165555555555
2025-10-30,STORE001,5,67.0,74043.06999999999,8042.490000000001,66000.57999999999,13200.115999999998
2025-08-24,STORE016,12,146.0,140766.25,15520.869999999999,125245.38,10437.115
2025-10-23,STORE008,14,119.0,114585.54000000001,12354.38,102231.16,7302.225714285714
2025-04-25,STORE011,11,81.0,70252.36,6483.769999999999,63768.59,5797.144545454546
2025-03-21,STORE012,10,80.0,77616.24,7865.18,69751.06,6975.106
2025-02-02,STORE002,9,77.0,61854.549999999996,7027.1900000000005,54827.36,6091.928888888889
2025-05-16,STORE009,5,38.0,41148.92,4455.34,36693.58,7338.716
2025-08-05,STORE009,7,61.0,68983.61,6375.659999999999,62607.950000000004,8943.992857142857
2025-12-10,STORE004,10,97.0,114933.12,10524.560000000001,104408.56,10440.856
2025-10-01,STORE012,10,100.0,102052.4,12602.75,89449.65000000001,8944.965
2025-03-06,STORE011,7,66.0,63613.52,7173.91,56439.60999999999,8062.801428571428
2025-08-20,STORE001,8,80.0,61229.500000000015,5963.54,55265.95999999999,6908.244999999999
2025-05-11,STORE014,4,43.0,52080.16,6717.65,45362.51,11340.6275
2025-04-02,STORE012,9,81.0,78147.74,8485.28,69662.45999999999,7740.273333333333
2025-11-20,STORE004,7,66.0,71380.12,7129.32,64250.8,9178.685714285715
2025-08-29,STORE002,10,76.0,73901.64000000001,8180.960000000001,65720.68,6572.067999999999
2025-12-05,STORE011,9,86.0,66948.75,6550.25,60398.5,6710.944444444444
2025-07-28,STORE010,5,61.0,83393.38,6035.530000000001,77357.85,15471.570000000002
2025-09-12,STORE017,7,63.0,59228.73999999999,4443.08,54785.66,7826.522857142858
2025-09-23,STORE001,9,53.0,47700.83,4923.87,42776.96,4752.995555555555
2025-06-24,STORE005,4,25.0,19187.36,1666.1399999999999,17521.22,4380.305
2025-07-20,STORE017,5,56.0,60299.240000000005,5994.22,54305.02,10861.003999999999
2025-02-11,STORE005,8,64.0,75289.28,6033.55,69255.73,8656.96625
2025-03-28,STORE015,5,47.0,47706.340000000004,6588.35,41117.99,8223.598
2025-12-15,STORE014,7,61.0,61349.409999999996,7582.639999999999,53766.770000000004,7680.967142857144
2025-03-17,STORE004,6,79.0,87557.62,5451.32,82106.29999999999,13684.383333333331
2025-06-05,STORE011,11,93.0,109359.02,11337.01,98022.01000000001,8911.09181818182
2025-05-11,STORE004,7,54.0,66774.61,8566.92,58207.69,8315.384285714286
2025-11-21,STORE002,9,84.0,63090.02,7234.9400000000005,55855.079999999994,6206.119999999999
2025-11-04,STORE014,7,65.0,64009.56,5084.860000000001,58924.7,8417.814285714285
2025-08-25,STORE003,4,35.0,37713.189999999995,2633.13,35080.06,8770.015
2025-09-15,STORE006,11,123.0,117664.25,12866.09,104798.16,9527.105454545455
2025-10-29,STORE019,7,61.0,62835.649999999994,6055.28,56780.37000000001,8111.48142857143
2025-10-05,STORE003,8,67.0,69582.13,8266.460000000001,61315.67,7664.45875
2025-01-24,STORE020,6,32.0,30421.59,2776.69,27644.9,4607.483333333334
2025-11-04,STORE006,11,86.0,99653.48,9304.330000000002,90349.15,8213.55909090909
2025-02-27,STORE009,9,60.0,66244.1,5512.650000000001,60731.45,6747.938888888889
2025-05-17,STORE019,9,65.0,48896.19,4338.49,44557.7,4950.855555555555
2025-08-15,STORE007,13,136.0,152255.34,16802.73,135452.61,10419.431538461537
2025-05-02,STORE010,5,41.0,41872.73,4322.46,37550.270000000004,7510.054000000001
2025-01-22,STORE007,6,52.0,47271.68,6316.41,40955.27,6825.878333333333
2025-07-22,STORE020,9,104.0,100367.86,11172.51,89195.35,9910.594444444445
2025-12-16,STORE014,13,116.0,120878.90000000001,13558.24,107320.65999999999,8255.435384615384
2025-08-11,STORE002,10,96.0,99669.54000000001,11358.759999999998,88310.78,8831.078
2025-06-30,STORE019,6,38.0,37641.47,4134.13,33507.34,5584.556666666666
2025-01-01,STORE002,4,45.0,43917.32,4519.91,39397.41,9849.3525
2025-07-08,STORE003,5,37.0,40993.37,3271.91,37721.46000000001,7544.292000000001
2025-02-13,STORE005,7,66.0,64406.490000000005,5237.0,59169.48999999999,8452.784285714284
2025-11-11,STORE017,8,56.0,61763.259999999995,5320.91,56442.350000000006,7055.293750000001
2025-02-11,STORE011,8,91.0,95291.67,9278.740000000002,86012.93,10751.61625
2025-01-07,STORE005,6,62.0,68421.01,6766.37,61654.64,10275.773333333333
2025-11-16,STORE020,7,35.0,32097.28,2623.4700000000003,29473.809999999998,4210.544285714285
2025-08-10,STORE014,9,83.0,111906.53,9350.810000000001,102555.72,11395.08
2025-07-04,STORE010,10,74.0,92615.57,8775.11,83840.45999999999,8384.045999999998
2025-10-25,STORE009,8,74.0,63236.47,5827.15,57409.32000000001,7176.165000000001
2025-11-26,STORE008,5,28.0,17802.44,1841.81,15960.630000000001,3192.126
2025-12-29,STORE012,8,57.0,54514.55,5528.77,48985.78,6123.2225
2025-07-15,STORE008,6,52.0,37907.27,2972.52,34934.75,5822.458333333333
2025-10-19,STORE012,6,46.0,42229.49,4476.04,37753.450000000004,6292.241666666668
2025-10-21,STORE004,7,61.0,75642.01,9554.31,66087.7,9441.1
2025-08-15,STORE004,6,36.0,39453.44,5041.879999999999,34411.560000000005,5735.260000000001
2025-01-12,STORE008,8,57.0,58930.399999999994,5096.049999999999,53834.350000000006,6729.293750000001
2025-06-24,STORE009,7,47.0,44271.78,4279.92,39991.86,5713.122857142857
2025-07-03,STORE012,8,69.0,55116.520000000004,4978.75,50137.77,6267.22125
2025-12-06,STORE011,12,95.0,93991.45999999999,8629.21,85362.25,7113.520833333333
2025-11-22,STORE009,12,78.0,83595.59,6339.84,77255.75,6437.979166666667
2025-07-14,STORE010,11,114.0,132819.28,13141.95,119677.33000000002,10879.757272727275
2025-09-20,STORE018,11,86.0,81235.23000000001,7441.02,73794.20999999999,6708.564545454545
2025-07-12,STORE004,7,41.0,37669.4,3025.0299999999997,34644.37,4949.1957142857145
2025-10-23,STORE016,11,103.0,120147.81,13855.86,106291.95000000001,9662.904545454547
2025-07-25,STORE008,7,54.0,54918.71000000001,4659.75,50258.96,7179.851428571428
2025-07-06,STORE007,6,46.0,54860.92,4371.74,50489.18000000001,8414.863333333335
2025-09-11,STORE012,9,96.0,99492.7,8913.470000000001,90579.23,10064.358888888888
2025-02-28,STORE003,4,35.0,31724.02,3225.2099999999996,28498.809999999998,7124.702499999999
2025-06-12,STORE008,10,95.0,64896.39,6907.99,57988.4,5798.84
2025-03-29,STORE020,4,34.0,30101.43,2960.8999999999996,27140.53,6785.1325
2025-12-07,STORE008,7,54.0,57423.66,4826.78,52596.880000000005,7513.840000000001
2025-02-11,STORE020,8,72.0,81804.52000000002,7804.74,73999.78,9249.9725
2025-07-17,STORE009,6,35.0,24591.210000000003,1445.4,23145.81,3857.635
2025-06-28,STORE015,4,38.0,44498.5,5399.389999999999,39099.11,9774.7775
2025-02-13,STORE019,14,136.0,137161.57,13895.77,123265.8,8804.7
2025-03-27,STORE003,10,109.0,113924.71999999999,10382.119999999999,103542.6,10354.26
2025-10-30,STORE002,7,51.0,52920.04,4033.5199999999995,48886.52,6983.788571428571
2025-12-11,STORE009,6,29.0,38704.399999999994,3649.04,35055.36,5842.56
2025-06-07,STORE003,9,55.0,60463.59000000001,5560.31,54903.28,6100.364444444444
2025-01-08,STORE002,9,100.0,88976.04999999999,7455.34,81520.70999999999,9057.856666666667
2025-01-25,STORE006,6,56.0,67550.39,9148.400000000001,58401.99,9733.664999999999
2025-12-05,STORE005,6,45.0,58043.54000000001,5425.79,52617.75,8769.625
2025-02-14,STORE015,8,69.0,82525.95,9963.95,72562.0,9070.25
2025-11-09,STORE012,6,58.0,66744.69,5928.95,60815.74,10135.956666666667
2025-12-30,STORE006,12,91.0,94678.0,9277.81,85400.19,7116.6825
2025-03-12,STORE012,12,86.0,72372.53,5791.82,66580.70999999999,5548.392499999999
2025-10-09,STORE013,5,47.0,49663.22,4761.22,44902.0,8980.4
2025-07-27,STORE005,6,49.0,52518.65,5022.75,47495.899999999994,7915.983333333333
2025-01-11,STORE006,6,55.0,64086.979999999996,5777.76,58309.22,9718.203333333333
2025-03-26,STORE011,5,69.0,84219.15,9911.41,74307.73999999999,14861.547999999999
2025-11-13,STORE002,8,40.0,44580.7,3791.8700000000003,40788.83,5098.60375
2025-10-19,STORE019,4,41.0,48217.939999999995,5616.07,42601.869999999995,10650.467499999999
2025-11-20,STORE017,10,68.0,73307.54000000001,8206.47,65101.07000000001,6510.107000000001
2025-11-23,STORE002,11,91.0,93742.67000000001,10719.83,83022.84,7547.530909090909
2025-02-19,STORE014,10,82.0,82695.37000000001,8106.71,74588.66,7458.866
2025-12-18,STORE008,6,76.0,75125.84,4974.620000000001,70151.22,11691.87
2025-12-10,STORE005,11,105.0,107792.70999999999,10522.27,97270.44,8842.767272727273
2025-07-14,STORE015,7,55.0,58188.649999999994,6605.46,51583.19,7369.027142857143
2025-11-24,STORE008,10,90.0,97180.11,12516.960000000001,84663.15,8466.314999999999
2025-03-09,STORE010,8,82.0,83022.52,10192.119999999999,72830.4,9103.8
2025-05-26,STORE013,13,119.0,101493.64,11037.880000000001,90455.76000000001,6958.135384615385
2025-04-02,STORE009,10,95.0,69695.57999999999,7900.0599999999995,61795.520000000004,6179.552000000001
2025-02-05,STORE020,2,22.0,35058.05,4243.860000000001,30814.190000000002,15407.095000000001
2025-04-10,STORE012,12,124.0,126448.1,11536.8,114911.3,9575.941666666668
2025-12-19,STORE016,10,78.0,75847.5,6786.77,69060.73,6906.072999999999
2025-03-28,STORE001,7,59.0,56444.170000000006,5270.1,51174.07,7310.581428571429
2025-05-21,STORE009,13,128.0,132971.68,13875.25,119096.43000000001,9161.263846153846
2025-07-08,STORE016,9,66.0,73283.75,7431.750000000001,65852.0,7316.888888888889
2025-02-22,STORE003,7,58.0,67368.26000000001,5987.92,61380.34,8768.619999999999
2025-05-11,STORE002,7,57.0,56829.020000000004,5396.86,51432.16,7347.4514285714295
2025-07-06,STORE011,8,56.0,59309.159999999996,6752.7699999999995,52556.39,6569.54875
2025-09-02,STORE001,7,53.0,43902.369999999995,6068.999999999999,37833.37,5404.767142857143
2025-06-15,STORE005,6,59.0,54253.81,5750.51,48503.3,8083.883333333334
2025-11-21,STORE008,12,84.0,95100.82999999999,8571.01,86529.81999999999,7210.818333333333
2025-09-24,STORE016,6,21.0,21192.350000000002,1839.75,19352.6,3225.433333333333
2025-10-20,STORE004,11,118.0,116076.62,11505.02,104571.6,9506.509090909092
2025-05-05,STORE009,7,56.0,62204.72,6042.45,56162.27,8023.181428571428
2025-08-13,STORE018,8,76.0,80479.88,9372.050000000001,71107.83,8888.47875
2025-04-12,STORE011,7,47.0,47544.87,3859.2300000000005,43685.64000000001,6240.805714285715
2025-02-08,STORE002,8,80.0,73397.79,6777.05,66620.73999999999,8327.592499999999
2025-12-27,STORE014,11,99.0,101243.27,9708.89,91534.38,8321.307272727274
2025-01-26,STORE016,6,49.0,47550.22,4061.12,43489.100000000006,7248.183333333334
2025-03-29,STORE007,14,147.0,143144.02000000002,14938.79,128205.23000000001,9157.516428571429
2025-12-12,STORE014,9,87.0,79933.34,9762.899999999998,70170.44,7796.7155555555555
2025-08-02,STORE020,10,94.0,68484.37999999999,5832.579999999999,62651.8,6265.18
2025-05-30,STORE004,10,96.0,97469.42000000001,9026.72,88442.69999999998,8844.269999999999
2025-06-28,STORE009,15,134.0,136718.78,15553.970000000001,121164.81,8077.6539999999995
2025-11-05,STORE016,6,45.0,53172.54000000001,4668.53,48504.009999999995,8084.001666666666
2025-06-09,STORE020,6,50.0,61847.18000000001,6963.219999999999,54883.96000000001,9147.326666666668
2025-10-20,STORE006,4,36.0,51418.700000000004,4758.97,46659.729999999996,11664.932499999999
2025-07-29,STORE015,9,103.0,108957.18,10963.689999999999,97993.49,10888.165555555555
2025-11-20,STORE016,5,40.0,47694.45,4629.32,43065.130000000005,8613.026000000002
2025-05-13,STORE018,11,101.0,103471.0,11094.5,92376.5,8397.863636363636
2025-10-06,STORE005,15,126.0,125166.16,13660.61,111505.54999999999,7433.703333333333
2025-02-08,STORE001,8,68.0,86399.97,9875.31,76524.66,9565.5825
2025-01-28,STORE017,3,16.0,17893.58,1392.51,16501.07,5500.356666666667
2025-01-10,STORE007,10,67.0,79963.04,8727.369999999999,71235.67,7123.567
2025-10-26,STORE009,12,117.0,111464.04,11809.449999999999,99654.59,8304.549166666666
2025-03-27,STORE001,4,37.0,31504.949999999997,4693.160000000001,26811.79,6702.9475
2025-10-23,STORE019,6,41.0,42477.71,4177.84,38299.869999999995,6383.311666666666
2025-04-28,STORE019,8,72.0,65360.729999999996,7204.14,58156.590000000004,7269.5737500000005
2025-09-07,STORE005,7,63.0,56729.46000000001,4937.53,51791.93,7398.847142857143
2025-07-01,STORE011,5,49.0,55217.15000000001,6678.06,48539.09,9707.818
2025-01-06,STORE014,1,13.0,4764.68,599.5,4165.18,4165.18
2025-09-16,STORE005,7,43.0,47632.420000000006,4775.339999999999,42857.08,6122.4400000000005
2025-01-13,STORE014,11,109.0,127453.48000000001,12291.13,115162.34999999999,10469.304545454544
2025-11-01,STORE008,8,47.0,48594.96000000001,5042.83,43552.130000000005,5444.016250000001
2025-11-09,STORE015,10,82.0,101629.79000000001,11523.080000000002,90106.71,9010.671
2025-12-07,STORE002,6,72.0,64193.67,6905.540000000001,57288.130000000005,9548.021666666667
2025-05-12,STORE006,9,67.0,79445.23999999999,7131.339999999998,72313.90000000001,8034.877777777779
2025-05-20,STORE017,5,54.0,54903.95,5026.11,49877.84000000001,9975.568000000003
2025-04-18,STORE013,10,106.0,115412.55000000002,10527.5,104885.04999999999,10488.505
2025-08-16,STORE013,5,35.0,44768.990000000005,3382.24,41386.75,8277.35
2025-09-28,STORE010,4,31.0,37931.41,2937.04,34994.37,8748.5925
2025-07-30,STORE017,10,68.0,66184.54000000001,6539.250000000001,59645.28999999999,5964.5289999999995
2025-10-13,STORE003,5,58.0,55272.920000000006,5056.36,50216.56,10043.312
2025-01-18,STORE015,6,44.0,39462.86,3621.52,35841.34,5973.556666666666
2025-09-15,STORE013,5,49.0,60881.82,3644.27,57237.55,11447.51
2025-12-11,STORE002,10,94.0,93887.63,8951.92,84935.70999999999,8493.571
2025-03-28,STORE018,13,132.0,145763.68,17254.2,128509.48000000001,9885.344615384616
2025-05-07,STORE019,9,76.0,88240.07,8833.529999999999,79406.54,8822.948888888888
2025-06-18,STORE002,11,99.0,109029.29999999999,10299.4,98729.90000000001,8975.445454545456
2025-01-18,STORE018,5,64.0,67855.35,6348.69,61506.66,12301.332
2025-04-24,STORE001,6,60.0,75386.28,8423.880000000001,66962.40000000001,11160.400000000001
2025-06-16,STORE007,14,92.0,84904.56999999999,8926.919999999998,75977.65,5426.974999999999
2025-03-31,STORE001,9,93.0,93712.0,10293.109999999999,83418.89,9268.765555555556
2025-01-07,STORE001,11,73.0,77314.75,9899.86,67414.89,6128.626363636364
2025-06-25,STORE002,10,95.0,88950.25,7307.919999999999,81642.33,8164.233
2025-10-23,STORE003,5,38.0,34465.6,3602.8999999999996,30862.7,6172.54
2025-06-23,STORE017,7,67.0,61326.33,5381.63,55944.7,7992.099999999999
2025-09-19,STORE015,5,51.0,50606.4,4920.93,45685.47,9137.094000000001
2025-06-11,STORE001,9,97.0,125725.39,13236.1,112489.29000000001,12498.810000000001
2025-05-11,STORE007,13,116.0,109472.31,10806.39,98665.92000000001,7589.686153846154
2025-10-10,STORE002,8,52.0,58361.240000000005,4548.87,53812.37,6726.54625
2025-11-05,STORE005,6,43.0,57513.43,6535.249999999999,50978.18,8496.363333333333
2025-11-12,STORE008,6,46.0,53815.9,5711.450000000001,48104.450000000004,8017.408333333334
2025-08-25,STORE001,11,81.0,91404.4,8101.989999999999,83302.41,7572.946363636364
2025-10-25,STORE002,5,64.0,69667.20999999999,8457.18,61210.03,12242.006
2025-08-13,STORE009,11,111.0,127433.0,9700.61,117732.39,10702.944545454546
2025-09-23,STORE007,4,30.0,26986.620000000003,2521.44,24465.18,6116.295
2025-11-26,STORE004,12,122.0,119265.82,12120.37,107145.45,8928.7875
2025-07-11,STORE017,3,31.0,40793.259999999995,5384.04,35409.22,11803.073333333334
2025-12-26,STORE013,4,36.0,40895.99,3965.84,36930.15,9232.5375
2025-03-26,STORE010,11,99.0,131558.82,12586.73,118972.09,10815.644545454545
2025-04-09,STORE006,6,55.0,73715.01000000001,6906.83,66808.18,11134.696666666665
2025-02-22,STORE001,3,31.0,28085.78,3097.8700000000003,24987.91,8329.303333333333
2025-03-03,STORE004,5,53.0,45003.25,5581.31,39421.94,7884.388000000001
2025-02-18,STORE004,8,120.0,132733.79,11024.63,121709.16,15213.645
2025-06-29,STORE007,13,111.0,111868.17,11467.560000000001,100400.61,7723.123846153846
2025-08-14,STORE018,9,70.0,77477.8,8754.49,68723.31,7635.923333333333
2025-09-09,STORE014,8,63.0,92364.81,7439.39,84925.42,10615.6775
2025-07-01,STORE015,7,71.0,64283.04,6051.21,58231.83,8318.832857142857
2025-04-16,STORE010,8,60.0,72774.69,6397.92,66376.77,8297.09625
2025-06-10,STORE019,8,68.0,66287.71,8310.43,57977.28,7247.16
2025-04-16,STORE017,8,84.0,86498.12,8622.99,77875.13,9734.39125
2025-10-01,STORE002,7,62.0,63461.82,4385.3099999999995,59076.51,8439.50142857143
2025-09-26,STORE008,10,85.0,89158.53,10708.45,78450.08000000002,7845.008000000002
2025-09-28,STORE009,8,44.0,46030.96,4104.79,41926.17,5240.77125
2025-12-01,STORE006,4,32.0,30527.109999999997,3066.42,27460.69,6865.1725
2025-02-12,STORE018,8,77.0,89661.27,10361.57,79299.7,9912.4625
2025-05-30,STORE016,15,132.0,131995.98,12618.659999999998,119377.32,7958.488
2025-04-20,STORE010,8,67.0,83036.94,7915.159999999999,75121.78,9390.2225
2025-04-30,STORE003,3,25.0,27162.53,2693.11,24469.420000000002,8156.473333333334
2025-05-13,STORE017,4,41.0,52423.850000000006,3070.7,49353.149999999994,12338.287499999999
2025-04-23,STORE012,5,53.0,53926.810000000005,4798.8099999999995,49128.0,9825.6
2025-07-18,STORE009,7,50.0,36153.13,3254.46,32898.67,4699.8099999999995
2025-03-10,STORE005,5,43.0,50393.43000000001,4825.79,45567.64,9113.528
2025-09-06,STORE017,6,57.0,59554.94,5673.45,53881.490000000005,8980.248333333335
2025-01-23,STORE014,3,31.0,30203.750000000004,4728.63,25475.12,8491.706666666667
2025-04-04,STORE010,9,92.0,107149.12999999999,8725.63,98423.50000000001,10935.944444444445
2025-04-07,STORE006,6,54.0,50628.3,3360.56,47267.740000000005,7877.956666666668
2025-03-25,STORE017,7,47.0,61398.99,7494.4800000000005,53904.509999999995,7700.644285714285
2025-02-24,STORE011,11,100.0,119042.20999999999,12381.42,106660.79000000001,9696.435454545455
2025-09-21,STORE005,8,76.0,83825.1,9073.61,74751.49,9343.93625
2025-06-06,STORE010,11,109.0,118108.87,12025.5,106083.37,9643.942727272726
2025-04-08,STORE013,8,79.0,73453.11,6743.649999999999,66709.45999999999,8338.682499999999
2025-01-06,STORE008,9,82.0,88852.28000000001,9051.78,79800.5,8866.722222222223
2025-11-10,STORE002,6,63.0,49425.060000000005,5454.09,43970.97,7328.495
2025-07-01,STORE019,7,64.0,72413.14,6176.88,66236.26,9462.322857142857
2025-10-17,STORE019,7,53.0,63864.72,4732.85,59131.87,8447.41
2025-12-27,STORE016,5,32.0,15648.16,1336.1,14312.06,2862.412
2025-01-12,STORE016,6,61.0,61943.299999999996,6968.1900000000005,54975.10999999999,9162.518333333332
2025-06-08,STORE006,9,69.0,80004.98999999999,8653.65,71351.34,7927.926666666666
2025-08-15,STORE016,7,41.0,39383.229999999996,4401.610000000001,34981.619999999995,4997.374285714285
2025-02-14,STORE006,7,58.0,68228.11,7274.029999999999,60954.079999999994,8707.725714285714
2025-08-31,STORE004,6,47.0,50259.73,6392.950000000001,43866.78,7311.13
2025-06-26,STORE007,9,93.0,113371.48,11839.439999999999,101532.04000000001,11281.337777777779
2025-02-05,STORE018,8,72.0,76847.72,8388.33,68459.39,8557.42375
2025-10-29,STORE020,5,47.0,36862.799999999996,2799.28,34063.52,6812.704
2025-10-14,STORE017,4,17.0,22614.35,3146.3099999999995,19468.04,4867.01
2025-06-26,STORE019,6,50.0,38438.719999999994,3806.5200000000004,34632.200000000004,5772.033333333334
2025-09-09,STORE013,16,151.0,155261.50999999998,13913.470000000001,141348.03999999998,8834.252499999999
2025-11-22,STORE018,6,63.0,69014.85,6037.09,62977.76,10496.293333333333
2025-05-22,STORE007,8,66.0,60498.48000000001,5820.0,54678.48,6834.81
2025-02-18,STORE002,12,98.0,100238.19,12634.82,87603.37,7300.280833333333
2025-01-17,STORE005,15,127.0,131739.1,11202.3,120536.79999999999,8035.786666666666
2025-03-30,STORE005,12,117.0,141230.62,14158.85,127071.77,10589.314166666667
2025-10-30,STORE012,8,80.0,83952.59999999999,6443.5599999999995,77509.04000000001,9688.630000000001
2025-11-20,STORE011,7,43.0,34544.68,3870.0899999999992,30674.589999999997,4382.084285714285
2025-06-05,STORE004,10,74.0,87073.25,9309.33,77763.91999999998,7776.391999999998
2025-02-15,STORE015,8,76.0,71321.94,6649.1900000000005,64672.75,8084.09375
2025-03-26,STORE006,11,119.0,130046.15000000001,14569.580000000002,115476.56999999999,10497.869999999999
2025-08-31,STORE012,7,56.0,63347.350000000006,5219.9,58127.45,8303.921428571428
2025-10-06,STORE014,4,33.0,35952.4,3567.2300000000005,32385.17,8096.2925
2025-10-13,STORE001,6,55.0,46281.170000000006,4005.3899999999994,42275.78,7045.963333333333
2025-04-28,STORE001,7,42.0,40443.47,4808.93,35634.54,5090.648571428572
2025-01-17,STORE001,8,70.0,76300.9,7003.49,69297.41,8662.17625
2025-03-12,STORE002,4,37.0,36396.09,3763.1899999999996,32632.9,8158.225
2025-01-11,STORE009,8,76.0,70080.85,4462.580000000001,65618.27,8202.28375
2025-12-08,STORE015,15,148.0,147203.12,13741.48,133461.64,8897.442666666668
2025-04-23,STORE019,3,44.0,39810.479999999996,4095.95,35714.53,11904.843333333332
2025-11-16,STORE009,10,114.0,105329.74,10310.49,95019.25,9501.925
2025-12-18,STORE013,5,42.0,32649.260000000002,2777.0299999999997,29872.23,5974.446
2025-08-27,STORE006,13,78.0,96679.96,10834.249999999998,85845.70999999999,6603.516153846153
2025-01-22,STORE005,7,73.0,73834.75,8825.08,65009.670000000006,9287.095714285715
2025-02-01,STORE018,8,50.0,45738.73,4166.04,41572.69,5196.58625
2025-10-17,STORE001,7,77.0,84484.31,8650.95,75833.36,10833.337142857143
2025-06-19,STORE001,8,61.0,68273.36,8835.13,59438.229999999996,7429.7787499999995
2025-11-15,STORE004,2,21.0,17598.98,1645.1999999999998,15953.779999999999,7976.889999999999
2025-10-22,STORE004,7,55.0,59429.020000000004,6673.669999999999,52755.35,7536.478571428571
2025-12-28,STORE019,6,62.0,57910.06,6272.360000000001,51637.7,8606.283333333333
2025-02-04,STORE013,7,63.0,60923.479999999996,5664.59,55258.89000000001,7894.127142857144
2025-08-29,STORE005,9,70.0,69175.45999999999,6776.82,62398.63999999999,6933.182222222222
2025-10-07,STORE018,7,88.0,112129.99000000002,9978.79,102151.2,14593.028571428571
2025-10-06,STORE016,5,34.0,23510.42,1524.3500000000001,21986.07,4397.214
2025-01-08,STORE012,8,88.0,97550.34,10266.82,87283.52,10910.44
2025-01-09,STORE015,7,51.0,51691.740000000005,6460.299999999999,45231.44,6461.634285714286
2025-10-31,STORE006,14,126.0,145320.77000000002,14051.990000000002,131268.78,9376.341428571428
2025-08-30,STORE007,8,82.0,77837.22,7532.76,70304.45999999999,8788.057499999999
2025-05-27,STORE018,9,95.0,85393.20999999999,7731.739999999999,77661.47,8629.052222222223
2025-01-24,STORE009,11,112.0,126889.24,13010.469999999998,113878.76999999999,10352.615454545454
2025-10-27,STORE018,10,98.0,102569.02,10043.140000000001,92525.87999999999,9252.588
2025-04-18,STORE001,9,68.0,82459.03,8478.37,73980.65999999999,8220.073333333332
2025-06-06,STORE011,8,74.0,98069.68000000001,9304.14,88765.54000000001,11095.692500000001
2025-04-27,STORE004,6,53.0,51966.32,5550.08,46416.23999999999,7736.039999999998
2025-11-16,STORE017,6,47.0,58551.22,6041.26,52509.96000000001,8751.660000000002
2025-04-08,STORE020,7,80.0,66051.13,8209.78,57841.350000000006,8263.050000000001
2025-12-14,STORE012,6,67.0,69942.91,8128.360000000001,61814.549999999996,10302.425
2025-08-21,STORE005,9,69.0,77869.79000000001,6539.99,71329.8,7925.533333333334
2025-12-19,STORE012,9,96.0,100348.4,10816.060000000001,89532.34,9948.037777777778
2025-02-19,STORE007,7,57.0,61054.03,6237.639999999999,54816.39,7830.912857142857
2025-01-08,STORE017,10,75.0,66532.63,5762.8,60769.83,6076.983
2025-03-03,STORE002,6,40.0,29290.83,3754.0600000000004,25536.769999999997,4256.128333333333
2025-07-10,STORE018,7,72.0,76992.79,7469.7,69523.09000000001,9931.87
2025-08-14,STORE003,7,68.0,79869.87,10594.91,69274.95999999999,9896.422857142856
2025-05-30,STORE002,8,73.0,71713.19,7207.969999999999,64505.22,8063.1525
2025-11-04,STORE001,4,41.0,47372.09,5439.72,41932.37,10483.0925
2025-04-19,STORE006,3,40.0,39715.47,4336.85,35378.619999999995,11792.873333333331
2025-02-15,STORE020,10,82.0,57945.31,6497.889999999999,51447.42,5144.742
2025-08-24,STORE003,6,68.0,77360.70999999999,6504.959999999999,70855.75,11809.291666666666
2025-12-25,STORE005,9,65.0,58675.579999999994,6404.09,52271.490000000005,5807.943333333334
2025-06-20,STORE018,5,51.0,52863.32,5180.5,47682.82,9536.564
2025-03-21,STORE003,6,44.0,50723.81,6030.65,44693.16,7448.860000000001
2025-03-11,STORE008,10,91.0,73422.69,7007.5199999999995,66415.17,6641.517
2025-10-15,STORE017,4,31.0,31681.309999999998,3160.3599999999997,28520.949999999997,7130.237499999999
2025-03-20,STORE014,11,128.0,137852.78,14227.989999999998,123624.79000000001,11238.617272727273
2025-11-27,STORE014,8,67.0,73116.43,9125.759999999998,63990.67,7998.83375
2025-04-03,STORE009,8,66.0,68281.94999999998,7752.48,60529.47,7566.18375
2025-02-17,STORE009,6,55.0,57153.58,5535.0599999999995,51618.520000000004,8603.086666666668
2025-01-24,STORE017,6,61.0,79097.44,8802.22,70295.22,11715.87
2025-07-08,STORE010,4,42.0,51727.66,6021.42,45706.240000000005,11426.560000000001
2025-07-28,STORE009,7,57.0,64903.53,6296.370000000001,58607.159999999996,8372.451428571429
2025-08-30,STORE003,10,87.0,94125.98999999999,10264.09,83861.9,8386.189999999999
2025-03-22,STORE007,10,80.0,94958.76999999999,10632.199999999999,84326.57,8432.657000000001
2025-01-05,STORE001,6,60.0,64891.59,6310.89,58580.700000000004,9763.45
2025-04-08,STORE015,8,66.0,75592.53,6494.58,69097.95,8637.24375
2025-09-08,STORE012,11,109.0,108211.08,12539.920000000002,95671.16,8697.378181818181
2025-01-13,STORE015,9,73.0,64345.94,4613.11,59732.829999999994,6636.98111111111
2025-05-20,STORE002,7,46.0,47194.25,5768.98,41425.27,5917.895714285713
2025-01-19,STORE019,7,58.0,55167.82,5150.610000000001,50017.21,7145.315714285714
2025-11-09,STORE016,8,80.0,78126.17,8987.29,69138.88,8642.36
2025-07-17,STORE008,9,84.0,90487.01999999999,7332.38,83154.64,9239.404444444444
2025-08-03,STORE001,8,72.0,74671.08,7881.910000000001,66789.17,8348.64625
2025-11-15,STORE018,5,41.0,32887.57000000001,2129.5,30758.07,6151.614
2025-07-30,STORE008,9,61.0,55522.39,4021.17,51501.22,5722.357777777778
2025-08-09,STORE009,8,68.0,75806.15999999999,6493.720000000001,69312.44,8664.055
2025-08-20,STORE009,4,54.0,51091.240000000005,6307.790000000001,44783.450000000004,11195.862500000001
2025-12-02,STORE004,9,82.0,100703.10999999999,7476.08,93227.03,10358.558888888889
2025-11-06,STORE015,11,66.0,77436.63,8295.35,69141.28,6285.570909090909
2025-10-06,STORE017,9,91.0,95900.87999999999,9486.24,86414.64,9601.626666666667
2025-08-17,STORE009,3,28.0,36287.350000000006,3516.21,32771.14,10923.713333333333
2025-03-10,STORE009,5,31.0,26098.069999999996,3061.9799999999996,23036.09,4607.218
2025-07-25,STORE012,6,28.0,34654.5,4989.76,29664.74,4944.123333333334
2025-09-28,STORE019,9,86.0,106019.67000000001,12315.75,93703.91999999998,10411.546666666665
2025-12-10,STORE002,6,40.0,42348.3,4928.5,37419.8,6236.633333333334
2025-02-28,STORE009,7,42.0,50221.36,5203.15,45018.20999999999,6431.172857142856
2025-05-26,STORE003,8,74.0,74894.93,7650.000000000001,67244.93,8405.61625
2025-09-20,STORE014,8,70.0,84457.79000000001,9234.779999999999,75223.01000000001,9402.876250000001
2025-01-24,STORE012,6,33.0,33747.84,4343.120000000001,29404.72,4900.786666666667
2025-12-27,STORE005,5,49.0,67857.13,6202.86,61654.270000000004,12330.854000000001
2025-07-20,STORE007,9,87.0,99888.59,10941.230000000001,88947.36,9883.04
2025-10-19,STORE018,7,62.0,69635.64,8004.2300000000005,61631.41,8804.487142857144
2025-02-03,STORE014,9,59.0,67773.59999999999,6904.409999999999,60869.19,6763.243333333334
2025-02-04,STORE001,10,103.0,101774.78,11111.740000000002,90663.04,9066.304
2025-03-21,STORE008,10,100.0,113427.1,8734.7,104692.4,10469.24
2025-11-24,STORE014,7,45.0,47542.130000000005,4544.92,42997.21,6142.458571428571
2025-11-25,STORE020,5,44.0,47521.71,4163.780000000001,43357.93000000001,8671.586000000001
2025-04-21,STORE010,7,51.0,59893.3,4719.349999999999,55173.95,7881.992857142856
2025-04-07,STORE015,5,51.0,60514.40000000001,6240.5,54273.9,10854.78
2025-02-01,STORE001,8,71.0,78028.66,6658.16,71370.49999999999,8921.312499999998
2025-06-15,STORE007,8,57.0,65244.579999999994,7471.22,57773.35999999999,7221.669999999999
2025-07-15,STORE010,7,54.0,70308.24,6218.38,64089.85999999999,9155.694285714284
2025-02-16,STORE008,6,59.0,60818.34000000001,6715.76,54102.58,9017.096666666666
2025-12-29,STORE015,8,82.0,95958.33,9124.64,86833.69,10854.21125
2025-12-31,STORE009,9,61.0,56576.159999999996,6498.66,50077.5,5564.166666666667
2025-04-05,STORE017,6,49.0,52686.439999999995,5786.9400000000005,46899.5,7816.583333333333
2025-02-16,STORE002,10,62.0,62356.59999999999,6095.98,56260.62000000001,5626.062000000001
2025-08-19,STORE019,8,74.0,80672.42,6556.849999999999,74115.56999999999,9264.446249999999
2025-05-27,STORE006,5,29.0,43721.71,4557.24,39164.47,7832.894
2025-04-17,STORE014,5,40.0,41134.47,4810.97,36323.5,7264.7
2025-04-21,STORE018,8,74.0,68264.81,7093.1,61171.71,7646.46375
2025-08-09,STORE008,6,50.0,47575.240000000005,4909.36,42665.88,7110.98
2025-01-01,STORE017,9,78.0,86844.73,9062.78,77781.95000000001,8642.43888888889
2025-12-19,STORE013,10,82.0,88009.91,10170.27,77839.64,7783.964
2025-04-13,STORE009,5,53.0,43611.35,4806.23,38805.119999999995,7761.023999999999
2025-12-31,STORE019,12,112.0,113170.75999999998,11337.009999999998,101833.75000000001,8486.145833333334
2025-05-05,STORE020,4,34.0,36871.51,3045.69,33825.81999999999,8456.454999999998
2025-01-05,STORE017,12,105.0,88784.31000000001,9085.0,79699.31,6641.609166666666
2025-11-25,STORE019,6,52.0,35420.22,3574.63,31845.59,5307.598333333333
2025-10-09,STORE014,8,78.0,86278.19,8236.240000000002,78041.95,9755.24375
2025-07-11,STORE002,5,52.0,41126.67,3807.6700000000005,37319.0,7463.8
2025-09-24,STORE011,6,54.0,46451.39,4741.68,41709.71,6951.618333333333
2025-04-26,STORE014,5,45.0,53716.55,5001.9800000000005,48714.57,9742.914
2025-04-29,STORE017,6,54.0,58211.57,6403.61,51807.96000000001,8634.660000000002
2025-07-09,STORE007,5,57.0,63689.94,7492.01,56197.93,11239.586
2025-06-10,STORE003,6,53.0,53299.189999999995,5118.2,48180.990000000005,8030.165000000001
2025-10-19,STORE005,6,42.0,53665.05,6028.2699999999995,47636.78,7939.463333333333
2025-06-30,STORE008,6,45.0,53862.72,5220.09,48642.63,8107.105
2025-02-08,STORE014,9,79.0,82360.33000000002,8967.699999999999,73392.63,8154.736666666668
2025-10-14,STORE011,6,32.0,42203.03,4078.3,38124.73,6354.121666666667
2025-07-24,STORE014,9,71.0,83130.17,9543.39,73586.78,8176.308888888889
2025-03-14,STORE011,5,53.0,65305.03,7232.41,58072.62,11614.524000000001
2025-01-09,STORE020,5,47.0,55105.99,5729.3099999999995,49376.68,9875.336
2025-07-12,STORE015,12,108.0,108697.27999999998,10266.869999999999,98430.41,8202.534166666666
2025-03-23,STORE016,15,127.0,122577.53,12152.310000000001,110425.22,7361.681333333333
2025-06-14,STORE001,8,51.0,45611.93,6563.650000000001,39048.28,4881.035
2025-10-29,STORE017,7,62.0,47079.71,4864.42,42215.29,6030.755714285714
2025-11-10,STORE015,9,73.0,71279.81,7547.13,63732.67999999999,7081.408888888888
2025-01-01,STORE012,5,67.0,62832.14000000001,6870.23,55961.91,11192.382000000001
2025-05-31,STORE009,8,69.0,70829.5,8672.16,62157.34,7769.6675
2025-11-30,STORE017,9,86.0,103235.36,7411.71,95823.65,10647.072222222221
2025-04-11,STORE017,8,90.0,107070.15,9280.49,97789.65999999999,12223.707499999999
2025-11-11,STORE019,6,51.0,49549.810000000005,3078.37,46471.44,7745.240000000001
2025-08-10,STORE015,10,93.0,107121.51999999999,9806.48,97315.04000000001,9731.504
2025-05-24,STORE006,5,46.0,52826.340000000004,4680.74,48145.6,9629.119999999999
2025-07-21,STORE019,7,59.0,62548.55,6047.09,56501.46000000001,8071.637142857144
2025-04-23,STORE006,7,57.0,69297.26,6375.88,62921.38,8988.76857142857
2025-08-04,STORE016,3,23.0,27247.25,2832.8999999999996,24414.350000000006,8138.116666666669
2025-12-30,STORE010,11,94.0,93751.15,10348.449999999999,83402.69999999998,7582.063636363635
2025-11-02,STORE009,10,78.0,70799.43000000001,7813.93,62985.5,6298.55
2025-02-19,STORE005,3,44.0,46948.11,3782.64,43165.47,14388.49
2025-07-24,STORE002,11,86.0,91362.84999999999,6459.370000000001,84903.48000000001,7718.498181818183
2025-08-22,STORE019,8,67.0,66394.95999999999,5206.929999999999,61188.03,7648.50375
2025-02-22,STORE020,9,84.0,86231.64,9914.68,76316.96,8479.662222222223
2025-06-03,STORE005,6,46.0,54322.83,6341.6900000000005,47981.14,7996.856666666667
2025-05-13,STORE005,4,46.0,52588.740000000005,6461.700000000001,46127.04,11531.76
2025-11-30,STORE011,12,106.0,112420.69,9675.400000000001,102745.29,8562.1075
2025-06-27,STORE011,7,70.0,68662.42000000001,7081.5199999999995,61580.9,8797.271428571428
2025-09-11,STORE005,12,124.0,124240.56000000001,12410.189999999999,111830.37,9319.1975
2025-03-01,STORE006,9,70.0,65599.73,7549.620000000001,58050.11,6450.012222222223
2025-07-16,STORE007,10,78.0,82106.3,8329.150000000001,73777.15,7377.714999999999
2025-02-22,STORE006,12,115.0,119202.73,11178.23,108024.5,9002.041666666666
2025-09-15,STORE018,9,66.0,68915.79000000001,7790.58,61125.21000000001,6791.6900000000005
2025-06-25,STORE005,11,76.0,79205.13,6796.040000000001,72409.09,6582.644545454546
2025-03-31,STORE014,5,66.0,75651.66,8698.25,66953.41,13390.682
2025-12-05,STORE008,6,51.0,48046.36,4814.030000000001,43232.33,7205.388333333333
2025-10-25,STORE017,4,34.0,30168.43,2228.2699999999995,27940.16,6985.04
2025-09-18,STORE002,15,107.0,105465.00999999998,10701.42,94763.59,6317.572666666666
2025-06-08,STORE013,5,26.0,21476.55,2811.2299999999996,18665.32,3733.064
2025-02-19,STORE002,9,103.0,93933.65,11019.150000000001,82914.5,9212.722222222223
2025-05-04,STORE014,13,122.0,113333.03,10667.33,102665.7,7897.361538461539
2025-12-24,STORE011,4,33.0,45507.84,4611.56,40896.28,10224.07
2025-05-06,STORE014,11,124.0,129557.48999999999,15089.359999999997,114468.12999999999,10406.193636363636
2025-03-01,STORE015,9,67.0,61281.13000000001,5973.650000000001,55307.48,6145.275555555556
2025-10-31,STORE018,7,93.0,100776.61000000002,12851.58,87925.03,12560.718571428572
2025-05-24,STORE009,7,57.0,66813.29,7701.7,59111.59,8444.512857142856
2025-08-23,STORE011,8,75.0,89379.23,7105.12,82274.10999999999,10284.263749999998
2025-02-21,STORE008,10,86.0,61406.09,5690.93,55715.16,5571.5160000000005
2025-07-05,STORE015,3,26.0,24919.600000000002,1878.6000000000001,23041.0,7680.333333333333
2025-12-14,STORE001,7,56.0,57181.92,5659.52,51522.4,7360.342857142858
2025-07-13,STORE012,5,53.0,58059.29000000001,5689.929999999999,52369.36,10473.872
2025-12-22,STORE015,10,92.0,94504.68000000001,7017.030000000001,87487.65000000001,8748.765000000001
2025-12-20,STORE011,7,73.0,63493.729999999996,6860.01,56633.72,8090.5314285714285
2025-01-22,STORE016,6,41.0,37883.13,3838.7999999999997,34044.33,5674.055
2025-05-18,STORE017,12,100.0,96699.37000000001,11370.38,85328.98999999999,7110.749166666666
2025-01-07,STORE012,6,53.0,56544.380000000005,3320.56,53223.82000000001,8870.636666666667
2025-12-21,STORE010,9,93.0,107624.15000000001,7382.28,100241.87000000001,11137.985555555557
2025-05-28,STORE010,4,48.0,56613.29999999999,4471.360000000001,52141.94,13035.485
2025-03-29,STORE009,5,41.0,39442.92,4552.38,34890.54,6978.108
2025-05-14,STORE017,13,158.0,160634.59,15756.449999999999,144878.13999999998,11144.472307692307
2025-08-02,STORE013,7,66.0,72565.94,6621.32,65944.62,9420.66
2025-03-11,STORE009,5,40.0,53860.86,5784.03,48076.83,9615.366
2025-11-27,STORE018,6,53.0,55654.52,4759.04,50895.479999999996,8482.58
2025-05-12,STORE019,7,82.0,66813.87999999999,5895.8,60918.08,8702.582857142857
2025-05-28,STORE004,9,54.0,66286.27,5046.199999999999,61240.06999999999,6804.452222222221
2025-06-07,STORE010,11,120.0,125620.78,13138.55,112482.23000000001,10225.657272727274
2025-01-15,STORE019,9,86.0,75143.37,5567.750000000001,69575.62000000001,7730.6244444444455
2025-03-10,STORE012,8,91.0,102886.19,10506.05,92380.14,11547.5175
2025-07-07,STORE004,14,128.0,143791.43,15541.77,128249.66,9160.69
2025-12-09,STORE015,11,91.0,89200.45999999999,9172.310000000001,80028.15,7275.286363636363
2025-07-29,STORE014,8,41.0,47496.12,3890.29,43605.83,5450.72875
2025-07-19,STORE007,6,59.0,59017.68,5457.8099999999995,53559.87,8926.645
2025-10-19,STORE007,7,71.0,78893.12999999999,7665.5599999999995,71227.56999999999,10175.367142857142
2025-01-28,STORE013,10,102.0,102092.22,10730.33,91361.88999999998,9136.188999999998
2025-05-10,STORE009,5,62.0,50548.450000000004,5428.15,45120.3,9024.060000000001
2025-09-01,STORE002,9,71.0,59317.35,6689.26,52628.090000000004,5847.565555555556
2025-04-16,STORE020,6,46.0,43954.270000000004,4069.5199999999995,39884.75,6647.458333333333
2025-02-26,STORE018,7,88.0,107327.85,9094.84,98233.01000000001,14033.287142857143
2025-11-26,STORE011,9,81.0,89378.22,8716.83,80661.39,8962.376666666667
2025-01-16,STORE015,6,30.0,37095.79,3496.02,33599.770000000004,5599.961666666667
2025-04-28,STORE012,6,37.0,39541.51,4111.39,35430.12,5905.02
2025-11-22,STORE001,8,79.0,77344.35,8655.64,68688.70999999999,8586.088749999999
2025-06-22,STORE004,10,87.0,93569.48,9250.58,84318.9,8431.89
2025-04-02,STORE020,8,48.0,35106.21,3936.5299999999997,31169.68,3896.21
2025-10-24,STORE018,12,96.0,97041.37000000001,10826.349999999999,86215.02,7184.585
2025-05-14,STORE007,12,93.0,103137.01,8385.4,94751.61000000002,7895.967500000002
2025-04-08,STORE019,8,86.0,96930.90000000001,9244.0,87686.9,10960.8625
2025-10-09,STORE007,10,79.0,58250.0,7035.81,51214.19,5121.419
2025-07-23,STORE010,6,50.0,55201.1,7715.469999999999,47485.63,7914.2716666666665
2025-05-04,STORE012,8,73.0,78638.63,9475.46,69163.17000000001,8645.396250000002
2025-05-03,STORE014,6,57.0,55747.89,7577.8499999999985,48170.04,8028.34
2025-01-11,STORE007,7,45.0,49922.57,4828.530000000001,45094.04,6442.005714285714
2025-01-09,STORE005,13,144.0,139884.55,15571.789999999999,124312.75999999998,9562.519999999999
2025-09-21,STORE009,10,103.0,121924.29000000001,12817.91,109106.37999999999,10910.637999999999
2025-04-09,STORE009,7,61.0,72476.22,9711.05,62765.17,8966.452857142856
2025-08-17,STORE003,7,62.0,75795.9,6673.969999999999,69121.93,9874.561428571427
2025-02-12,STORE011,10,105.0,111542.32999999999,13471.100000000002,98071.23000000001,9807.123000000001
2025-03-19,STORE004,8,98.0,109300.05000000002,12310.64,96989.41,12123.67625
2025-06-06,STORE016,11,108.0,122910.14000000001,13259.93,109650.20999999999,9968.200909090909
2025-09-06,STORE016,5,38.0,30925.300000000003,2768.7,28156.6,5631.32
2025-02-20,STORE011,11,84.0,98157.66,9114.01,89043.65000000001,8094.8772727272735
2025-09-14,STORE011,11,76.0,73230.52,6555.16,66675.35999999999,6061.396363636362
2025-01-12,STORE003,6,46.0,36473.61,3432.4799999999996,33041.130000000005,5506.8550000000005
2025-10-09,STORE003,6,54.0,62233.630000000005,5559.5,56674.130000000005,9445.688333333334
2025-11-07,STORE006,11,109.0,129541.09,13701.689999999999,115839.4,10530.854545454546
2025-11-12,STORE011,8,85.0,79213.62,7988.37,71225.25,8903.15625
2025-09-28,STORE020,6,76.0,82109.1,8981.26,73127.84,12187.973333333333
2025-12-12,STORE017,8,50.0,60822.65,5500.99,55321.66,6915.2075
2025-08-09,STORE018,7,61.0,55680.04,4955.59,50724.45,7246.349999999999
2025-05-07,STORE016,10,81.0,78707.45,7769.76,70937.69,7093.769
2025-06-04,STORE018,6,57.0,50937.78,3847.1,47090.68,7848.446666666667
2025-12-20,STORE005,9,75.0,82817.63999999998,8759.779999999999,74057.86,8228.65111111111
2025-01-10,STORE011,9,79.0,100645.70000000001,10611.75,90033.95,10003.772222222222
2025-08-07,STORE011,6,44.0,49898.020000000004,4938.3099999999995,44959.71000000001,7493.285000000001
2025-04-09,STORE010,5,36.0,41533.29,5392.879999999999,36140.41,7228.082
2025-04-24,STORE006,10,93.0,99744.41,11415.58,88328.82999999999,8832.882999999998
2025-08-19,STORE012,13,116.0,139236.97999999998,14518.929999999998,124718.05,9593.696153846155
2025-11-28,STORE005,9,88.0,84604.88,9119.84,75485.04000000001,8387.226666666667
2025-10-21,STORE008,5,60.0,52152.11,4801.88,47350.23,9470.046
2025-06-09,STORE014,13,123.0,131393.34,14674.609999999999,116718.73000000001,8978.363846153847
2025-06-18,STORE012,7,67.0,69724.1,5916.16,63807.93999999999,9115.419999999998
2025-05-24,STORE019,5,65.0,65029.16,5031.3099999999995,59997.85,11999.57
2025-12-16,STORE009,6,87.0,81278.81,9013.019999999999,72265.79,12044.298333333332
2025-06-25,STORE015,6,66.0,61963.42,7720.39,54243.03,9040.505
2025-11-14,STORE018,4,45.0,46352.009999999995,4128.3,42223.71,10555.9275
2025-01-24,STORE001,10,120.0,102890.68999999999,9622.399999999998,93268.29,9326.829
2025-10-15,STORE004,7,81.0,83626.17,7665.3099999999995,75960.86,10851.551428571429
2025-04-05,STORE012,10,120.0,145118.48,12320.76,132797.72,13279.772
2025-01-01,STORE013,9,65.0,71564.75,5152.58,66412.17,7379.13
2025-02-24,STORE007,11,144.0,139964.31,14421.23,125543.08000000002,11413.007272727275
2025-08-03,STORE012,15,150.0,141711.53000000003,15041.14,126670.39,8444.692666666666
2025-09-22,STORE005,7,84.0,93620.16,10177.53,83442.63,11920.375714285716
2025-07-15,STORE013,14,148.0,176317.88999999998,17927.91,158389.98,11313.570000000002
2025-09-27,STORE001,7,61.0,67318.06,5860.2699999999995,61457.79,8779.684285714286
2025-10-22,STORE019,15,128.0,131868.78,14558.8,117309.98000000001,7820.665333333334
2025-10-06,STORE003,10,96.0,87141.63,7333.45,79808.18,7980.817999999999
2025-06-04,STORE002,12,120.0,139463.87,13234.650000000001,126229.22,10519.101666666667
2025-11-20,STORE010,11,129.0,163408.64,19324.26,144084.38,13098.58
2025-11-24,STORE009,5,27.0,20171.49,1731.23,18440.260000000002,3688.0520000000006
2025-08-08,STORE015,7,58.0,70491.32,6536.959999999999,63954.36,9136.337142857143
2025-07-15,STORE007,8,47.0,53190.490000000005,4825.0,48365.48999999999,6045.686249999999
2025-11-29,STORE004,6,46.0,70506.23,7233.0,63273.23,10545.538333333334
2025-10-05,STORE008,8,68.0,70412.34,7293.18,63119.16,7889.895
2025-04-27,STORE003,8,63.0,63535.51000000001,6170.5599999999995,57364.95,7170.61875
2025-10-11,STORE018,10,72.0,64842.25,5370.22,59472.03,5947.2029999999995
2025-07-23,STORE004,6,45.0,50425.409999999996,5577.66,44847.75,7474.625
2025-06-06,STORE015,4,32.0,40604.9,2930.95,37673.95,9418.4875
2025-01-06,STORE005,5,47.0,55136.58999999999,5038.2,50098.38999999999,10019.677999999998
2025-05-24,STORE013,11,126.0,139874.94,13881.18,125993.76,11453.978181818182
2025-04-15,STORE008,9,53.0,53227.5,5101.13,48126.369999999995,5347.374444444444
2025-12-16,STORE016,11,108.0,116626.29,10491.14,106135.15,9648.65
2025-07-25,STORE016,16,151.0,166211.94,19034.57,147177.37,9198.585625
2025-10-11,STORE003,5,54.0,59078.53,4037.0599999999995,55041.47,11008.294
2025-03-02,STORE015,6,43.0,51450.69,4913.82,46536.869999999995,7756.1449999999995
2025-06-28,STORE016,2,18.0,11955.44,1304.62,10650.82,5325.41
2025-06-29,STORE020,9,68.0,59869.100000000006,5284.21,54584.88999999999,6064.9877777777765
2025-11-03,STORE017,12,105.0,99251.70999999999,9797.85,89453.85999999999,7454.488333333332
2025-09-25,STORE018,10,111.0,121840.38,11462.03,110378.34999999999,11037.835
2025-06-14,STORE003,11,116.0,130199.57,13365.98,116833.59,10621.235454545455
2025-02-23,STORE011,10,90.0,94062.54999999999,9072.199999999999,84990.35,8499.035
2025-04-28,STORE008,5,50.0,58113.11,5339.1900000000005,52773.92,10554.784
2025-05-25,STORE015,8,74.0,92035.46,9470.119999999999,82565.34,10320.6675
2025-09-28,STORE012,11,101.0,91258.95000000001,9441.189999999999,81817.76000000001,7437.978181818183
2025-10-18,STORE018,8,95.0,102148.13999999998,9999.449999999999,92148.69,11518.58625
2025-11-07,STORE001,17,134.0,132462.08000000002,16251.260000000002,116210.81999999999,6835.930588235294
2025-08-30,STORE016,5,61.0,43448.869999999995,4616.110000000001,38832.759999999995,7766.551999999999
2025-11-18,STORE003,8,98.0,96322.90999999999,10264.449999999999,86058.45999999999,10757.307499999999
2025-08-27,STORE007,12,88.0,73140.71,7561.07,65579.64,5464.97
2025-10-29,STORE012,8,52.0,57707.44,4960.820000000001,52746.619999999995,6593.327499999999
2025-08-08,STORE012,10,86.0,80156.84,8965.66,71191.18,7119.1179999999995
2025-10-30,STORE014,6,49.0,58249.23999999999,6033.72,52215.520000000004,8702.586666666668
2025-06-08,STORE003,7,64.0,75561.81,5345.14,70216.67000000001,10030.952857142858
2025-10-28,STORE020,8,55.0,51801.51,4610.44,47191.06999999999,5898.883749999999
2025-08-04,STORE001,7,52.0,42648.68,3729.1,38919.58,5559.9400000000005
2025-07-04,STORE018,2,21.0,18916.010000000002,1448.37,17467.64,8733.82
2025-01-14,STORE002,6,58.0,49447.21,4617.8,44829.409999999996,7471.568333333333
2025-11-10,STORE016,9,94.0,92520.84999999999,6319.76,86201.09,9577.898888888889
2025-06-08,STORE012,10,110.0,116075.75,12780.46,103295.29000000001,10329.529
2025-06-25,STORE016,9,96.0,92500.89,7023.34,85477.55,9497.505555555555
2025-09-07,STORE014,8,90.0,110412.99,11142.329999999998,99270.66,12408.8325
2025-04-17,STORE011,7,64.0,79013.61000000002,7194.610000000001,71819.0,10259.857142857143
2025-01-21,STORE001,7,46.0,58085.4,5796.65,52288.75,7469.821428571428
2025-02-04,STORE003,13,109.0,134625.36,15658.289999999999,118967.07,9151.313076923077
2025-10-10,STORE020,4,47.0,45293.380000000005,4034.8700000000003,41258.51,10314.6275
2025-04-21,STORE012,4,53.0,56099.55,5986.35,50113.2,12528.3
2025-05-12,STORE001,11,111.0,124340.67000000001,11970.750000000002,112369.92,10215.447272727273
2025-04-30,STORE015,4,27.0,21673.78,1713.4500000000003,19960.33,4990.0825
2025-04-29,STORE007,8,79.0,64222.67000000001,7573.349999999999,56649.32,7081.165
2025-11-28,STORE012,12,65.0,76357.15,6687.620000000001,69669.53,5805.794166666667
2025-09-30,STORE012,9,84.0,83814.8,11067.349999999999,72747.45000000001,8083.050000000001
2025-08-28,STORE019,10,87.0,83303.47,7081.2699999999995,76222.2,7622.219999999999
2025-03-13,STORE003,7,65.0,60791.31999999999,5835.53,54955.79,7850.827142857143
2025-04-16,STORE003,13,127.0,129300.66,11388.25,117912.40999999999,9070.185384615384
2025-11-20,STORE012,13,157.0,150535.1,15750.26,134784.84,10368.064615384616
2025-11-02,STORE019,7,60.0,60857.87,6984.98,53872.89,7696.127142857143
2025-05-26,STORE002,9,84.0,89912.46,7170.389999999999,82742.06999999999,9193.563333333332
2025-04-21,STORE004,8,67.0,61820.520000000004,6570.55,55249.969999999994,6906.246249999999
2025-06-12,STORE014,8,68.0,79758.48999999999,7234.53,72523.95999999999,9065.494999999999
2025-12-06,STORE010,8,77.0,88042.47,9557.77,78484.7,9810.5875
2025-05-05,STORE014,7,52.0,52683.5,5581.17,47102.33,6728.904285714286
2025-12-28,STORE012,7,52.0,63479.82000000001,6502.649999999999,56977.17,8139.595714285714
2025-01-25,STORE014,5,38.0,35245.63,3630.9400000000005,31614.690000000002,6322.938
2025-04-27,STORE007,7,56.0,54387.899999999994,6076.59,48311.31,6901.615714285714
2025-10-23,STORE017,4,50.0,50126.87,4128.030000000001,45998.840000000004,11499.710000000001
2025-06-24,STORE019,10,96.0,106602.64,11738.22,94864.42,9486.442
2025-01-02,STORE002,12,109.0,95327.66,8500.21,86827.45,7235.620833333333
2025-09-16,STORE019,10,90.0,94229.21,10130.4,84098.81,8409.881
2025-02-24,STORE001,13,139.0,138202.92,12225.94,125976.98000000001,9690.536923076925
2025-05-14,STORE011,8,56.0,46051.299999999996,5480.01,40571.29000000001,5071.411250000001
2025-09-22,STORE008,8,63.0,42137.53,3031.6,39105.93,4888.24125
2025-02-22,STORE013,5,36.0,34908.56,3749.8199999999997,31158.74,6231.7480000000005
2025-07-02,STORE017,8,65.0,65019.3,6604.599999999999,58414.7,7301.8375
2025-10-04,STORE007,9,79.0,69099.48000000001,6688.8499999999985,62410.630000000005,6934.514444444445
2025-02-22,STORE018,7,63.0,66742.63999999998,6148.76,60593.880000000005,8656.268571428573
2025-06-07,STORE008,9,64.0,53252.020000000004,5513.27,47738.75,5304.305555555556
2025-07-18,STORE004,10,117.0,127444.0,12350.18,115093.81999999999,11509.382
2025-09-07,STORE012,5,36.0,46321.380000000005,5575.2,40746.18,8149.236
2025-12-02,STORE001,10,69.0,87171.33000000002,9080.640000000001,78090.69,7809.069
2025-11-06,STORE013,4,43.0,55612.329999999994,6045.219999999999,49567.10999999999,12391.777499999998
2025-03-13,STORE008,7,55.0,44778.799999999996,3163.48,41615.32,5945.045714285714
2025-11-14,STORE001,11,94.0,96641.86,11417.52,85224.34,7747.667272727273
2025-10-18,STORE019,9,91.0,83278.29999999999,9930.01,73348.29000000001,8149.810000000001
2025-03-25,STORE003,7,53.0,52044.02,7050.359999999999,44993.66,6427.665714285715
2025-10-14,STORE012,9,80.0,96423.25,8514.64,87908.60999999999,9767.623333333331
2025-08-06,STORE016,7,87.0,70000.79,7279.08,62721.71,8960.244285714285
2025-08-22,STORE009,3,27.0,36897.69,4397.32,32500.370000000003,10833.456666666667
2025-08-06,STORE010,7,65.0,68928.09000000001,3763.8599999999997,65164.23,9309.175714285715
2025-04-03,STORE014,4,33.0,40830.450000000004,5659.289999999999,35171.16,8792.79
2025-10-04,STORE006,12,117.0,135070.53000000003,15563.1,119507.43,9958.9525
2025-06-12,STORE005,6,28.0,24779.65,2993.8,21785.85,3630.975
2025-06-28,STORE001,8,75.0,79924.9,7917.2699999999995,72007.63,9000.95375
2025-07-24,STORE016,8,53.0,45613.7,3812.6,41801.1,5225.1375
2025-03-08,STORE011,9,74.0,74886.07999999999,6655.32,68230.76,7581.195555555555
2025-01-14,STORE006,4,26.0,26498.92,2461.08,24037.84,6009.46
2025-04-20,STORE005,9,67.0,61778.729999999996,7317.05,54461.68000000001,6051.297777777779
2025-01-25,STORE002,7,74.0,73346.94,8489.970000000001,64856.97,9265.281428571428
2025-02-06,STORE020,9,87.0,72322.41,6824.45,65497.96,7277.551111111111
2025-08-20,STORE007,7,41.0,44126.72,5734.17,38392.55,5484.650000000001
2025-02-16,STORE004,7,68.0,52422.86,4831.76,47591.09999999999,6798.72857142857
2025-12-25,STORE017,11,105.0,123425.35,12146.73,111278.62,10116.238181818182
2025-11-24,STORE017,5,68.0,73129.05,6862.23,66266.82,13253.364000000001
2025-10-16,STORE011,8,68.0,70888.43,5502.31,65386.12,8173.265
2025-03-21,STORE019,11,101.0,95484.2,8228.439999999999,87255.76,7932.341818181818
2025-12-10,STORE010,6,40.0,49066.82,4245.44,44821.38,7470.23
2025-01-05,STORE011,7,86.0,86521.63,8614.41,77907.22,11129.602857142858
2025-12-09,STORE018,8,81.0,82509.03,8962.33,73546.7,9193.3375
2025-10-19,STORE004,10,120.0,128595.71000000002,13287.73,115307.97999999998,11530.797999999999
2025-11-20,STORE019,9,102.0,84271.68,7994.05,76277.63,8475.292222222222
2025-06-28,STORE006,8,61.0,65539.2,6513.220000000001,59025.98,7378.2475
2025-10-29,STORE001,9,77.0,84181.23,9506.890000000001,74674.34,8297.148888888889
2025-12-25,STORE011,6,53.0,46639.91,5354.54,41285.369999999995,6880.8949999999995
2025-05-06,STORE011,8,87.0,105932.78,9768.1,96164.68,12020.585
2025-02-01,STORE009,8,88.0,87911.67,9340.34,78571.32999999999,9821.416249999998
2025-07-18,STORE008,6,58.0,54008.54,5784.860000000001,48223.68,8037.28
2025-06-27,STORE012,7,60.0,77018.67,7746.420000000001,69272.25,9896.035714285714
2025-04-01,STORE010,15,131.0,147479.29,13442.730000000001,134036.56,8935.770666666667
2025-10-11,STORE010,5,46.0,50408.110000000015,5365.69,45042.42,9008.484
2025-08-22,STORE004,7,59.0,68608.37,5733.98,62874.38999999999,8982.055714285712
2025-09-26,STORE020,7,66.0,72720.98,6302.120000000001,66418.86,9488.408571428572
2025-04-15,STORE007,5,40.0,39712.76,4260.72,35452.04,7090.408
2025-09-06,STORE006,7,64.0,63548.61,6743.88,56804.73,8114.961428571429
2025-02-11,STORE009,4,35.0,43280.86,2670.2200000000003,40610.64,10152.66
2025-10-08,STORE001,7,71.0,69038.83,8405.09,60633.73999999999,8661.962857142857
2025-01-20,STORE006,10,72.0,96282.8,9775.970000000001,86506.83,8650.683
2025-01-24,STORE018,5,28.0,34044.34,3720.32,30324.020000000004,6064.804000000001
2025-12-04,STORE014,10,99.0,104652.01,10900.12,93751.89,9375.189
2025-03-13,STORE010,7,65.0,77774.23000000001,8126.32,69647.91,9949.701428571429
2025-09-06,STORE001,12,146.0,155856.19,16121.09,139735.09999999998,11644.591666666665
2025-10-31,STORE020,12,90.0,86664.49,7067.99,79596.5,6633.041666666667
2025-01-23,STORE005,6,48.0,46716.31,4996.110000000001,41720.2,6953.366666666666
2025-12-29,STORE020,8,88.0,79802.82,6756.4400000000005,73046.38,9130.7975
2025-04-01,STORE011,12,106.0,116854.39,11424.470000000001,105429.91999999998,8785.826666666666
2025-06-10,STORE004,3,24.0,26675.760000000002,2696.96,23978.8,7992.933333333333
2025-07-12,STORE016,9,64.0,57637.89,6472.59,51165.30000000001,5685.033333333335
2025-11-25,STORE001,13,95.0,90490.82999999999,9355.960000000001,81134.87,6241.1438461538455
2025-09-01,STORE005,9,71.0,66369.02,5706.510000000001,60662.509999999995,6740.278888888888
2025-12-02,STORE007,8,49.0,53537.08,5698.57,47838.509999999995,5979.813749999999
2025-07-22,STORE002,11,108.0,101155.06999999999,11334.91,89820.16,8165.469090909091
2025-08-05,STORE012,6,69.0,77233.76,6537.900000000001,70695.86,11782.643333333333
2025-12-09,STORE019,8,74.0,75938.39000000001,5971.82,69966.57,8745.82125
2025-04-25,STORE007,9,96.0,99525.26,11968.82,87556.44,9728.493333333334
2025-12-08,STORE003,10,95.0,107835.6,8947.45,98888.15,9888.814999999999
2025-10-30,STORE004,9,74.0,85868.57,7700.17,78168.40000000001,8685.37777777778
2025-09-30,STORE007,7,48.0,43250.47,5230.2,38020.270000000004,5431.467142857144
2025-12-28,STORE003,14,119.0,131276.74000000002,10998.24,120278.5,8591.32142857143
2025-09-25,STORE019,8,68.0,75024.7,7365.15,67659.55000000002,8457.443750000002
2025-05-26,STORE015,11,102.0,73680.38,9176.88,64503.49999999999,5863.954545454545
2025-01-14,STORE018,7,73.0,91800.5,9772.92,82027.58,11718.225714285714
2025-03-19,STORE009,7,61.0,72163.74999999999,6413.599999999999,65750.15,9392.878571428571
2025-04-17,STORE018,4,27.0,23738.989999999998,3280.85,20458.14,5114.535
2025-12-14,STORE018,10,97.0,93627.90000000001,9376.47,84251.43,8425.143
2025-04-28,STORE013,8,98.0,105011.81,10262.619999999999,94749.18999999999,11843.648749999998
2025-10-03,STORE002,12,106.0,121465.89,12673.68,108792.20999999999,9066.0175
2025-01-09,STORE010,7,74.0,98026.4,9341.649999999998,88684.75,12669.25
2025-09-12,STORE003,5,42.0,35786.48,3514.8599999999997,32271.619999999995,6454.323999999999
2025-08-30,STORE010,8,46.0,56612.26,5551.76,51060.5,6382.5625
2025-08-16,STORE003,9,98.0,103400.7,9694.310000000001,93706.39,10411.82111111111
2025-02-25,STORE018,8,62.0,74784.23999999999,6738.119999999999,68046.12000000001,8505.765000000001
2025-05-30,STORE013,3,29.0,29001.149999999998,3773.1299999999997,25228.02,8409.34
2025-03-28,STORE003,8,62.0,63539.13,8543.130000000001,54996.00000000001,6874.500000000001
2025-08-15,STORE020,13,96.0,107136.6,9171.95,97964.65000000001,7535.742307692309
2025-04-17,STORE007,6,38.0,28319.089999999997,3314.78,25004.31,4167.385
2025-02-17,STORE013,9,88.0,94298.93,9171.26,85127.67000000001,9458.630000000001
2025-03-10,STORE010,8,75.0,70934.29000000001,7145.95,63788.34,7973.5425
2025-02-11,STORE016,8,88.0,96329.74,11195.59,85134.15,10641.76875
2025-02-03,STORE018,6,44.0,45544.61,4189.75,41354.86,6892.4766666666665
2025-01-24,STORE004,6,58.0,59558.95999999999,4134.2,55424.759999999995,9237.46
2025-12-23,STORE007,19,173.0,177731.86,14487.119999999999,163244.74,8591.82842105263
2025-08-11,STORE009,15,123.0,113568.89,12354.18,101214.70999999999,6747.647333333332
2025-05-25,STORE010,14,111.0,135858.44,12374.940000000002,123483.5,8820.25
2025-03-12,STORE020,11,120.0,102117.23999999999,9191.759999999998,92925.48,8447.770909090908
2025-04-11,STORE016,8,53.0,65421.049999999996,6433.68,58987.37,7373.42125
2025-06-27,STORE006,8,76.0,98331.81999999999,10040.230000000001,88291.59,11036.44875
2025-12-17,STORE001,8,65.0,60410.72,6364.71,54046.01,6755.75125
2025-06-02,STORE008,4,39.0,22297.23,2405.5099999999998,19891.719999999998,4972.929999999999
2025-09-08,STORE002,5,54.0,60394.03,7440.799999999999,52953.229999999996,10590.645999999999
2025-07-26,STORE010,7,66.0,69000.67,6259.35,62741.32,8963.045714285714
2025-08-26,STORE001,10,89.0,99620.56,10346.7,89273.86,8927.386
2025-03-25,STORE018,7,69.0,60842.149999999994,6372.24,54469.909999999996,7781.415714285714
2025-08-23,STORE006,9,69.0,77181.56999999999,7639.36,69542.21,7726.912222222223
2025-08-18,STORE011,12,119.0,114020.55000000002,10549.93,103470.62000000001,8622.551666666668
2025-09-01,STORE020,3,35.0,47759.74,5755.85,42003.89,14001.296666666667
2025-11-16,STORE002,9,86.0,94803.32,7878.57,86924.75,9658.305555555555
2025-12-07,STORE012,10,76.0,85348.98999999999,8686.009999999998,76662.98,7666.298
2025-12-11,STORE014,10,65.0,63890.25,6600.84,57289.41,5728.941000000001
2025-05-17,STORE004,9,71.0,69397.04000000001,6898.669999999999,62498.37,6944.263333333333
2025-07-28,STORE001,7,87.0,95863.43,9949.43,85914.0,12273.42857142857
2025-12-29,STORE013,7,56.0,67453.83,7363.410000000001,60090.42,8584.345714285713
2025-09-06,STORE011,13,110.0,125568.0,12567.800000000001,113000.20000000001,8692.323076923078
2025-11-17,STORE005,15,120.0,111199.18,11795.760000000002,99403.42000000001,6626.894666666668
2025-07-15,STORE012,3,26.0,31679.3,2674.07,29005.229999999996,9668.409999999998
2025-11-03,STORE011,2,13.0,11226.55,1644.2400000000002,9582.310000000001,4791.155000000001
2025-04-22,STORE006,5,47.0,54687.43,5808.6,48878.83,9775.766
2025-11-28,STORE001,10,50.0,44635.55,4184.49,40451.06,4045.1059999999998
2025-09-15,STORE004,8,47.0,54082.8,7166.839999999999,46915.95999999999,5864.494999999999
2025-12-31,STORE007,10,93.0,88904.09,9318.97,79585.12,7958.512
2025-07-21,STORE005,8,74.0,89969.27000000002,9969.470000000001,79999.79999999999,9999.974999999999
2025-08-26,STORE003,7,63.0,72519.79999999999,6285.0199999999995,66234.78,9462.111428571428
2025-12-17,STORE017,12,86.0,93007.4,8164.349999999999,84843.04999999999,7070.254166666666
2025-12-18,STORE019,5,52.0,33228.91,3655.93,29572.979999999996,5914.596
2025-10-28,STORE009,4,43.0,41299.34999999999,4846.3,36453.05,9113.2625
2025-08-03,STORE018,13,147.0,171871.85,18963.02,152908.83,11762.217692307691
2025-06-04,STORE006,10,114.0,153029.04,16482.76,136546.28,13654.628
2025-10-13,STORE006,10,57.0,73223.41,7989.9800000000005,65233.43,6523.343
2025-07-13,STORE002,5,46.0,40398.810000000005,4787.79,35611.02,7122.204
2025-03-02,STORE019,7,51.0,50154.549999999996,4804.77,45349.78,6478.54
2025-11-30,STORE015,12,133.0,147735.65,13670.5,134065.15,11172.095833333333
2025-04-24,STORE009,8,81.0,75807.45000000001,7285.5599999999995,68521.89,8565.23625
2025-06-15,STORE013,10,90.0,108646.63,11432.58,97214.05,9721.405
2025-02-18,STORE016,9,76.0,57475.71000000001,5751.339999999999,51724.369999999995,5747.152222222222
2025-03-07,STORE001,5,40.0,39653.33,3350.43,36302.9,7260.58
2025-04-03,STORE018,7,49.0,47659.590000000004,5051.0599999999995,42608.53,6086.932857142857
2025-03-19,STORE001,6,43.0,54205.21000000001,7266.320000000001,46938.89,7823.1483333333335
2025-11-27,STORE012,5,33.0,39019.16,3918.84,35100.31999999999,7020.0639999999985
2025-10-27,STORE013,11,82.0,81155.79000000001,6902.33,74253.46,6750.314545454546
2025-07-13,STORE014,7,90.0,113150.05000000002,8439.84,104710.21,14958.60142857143
2025-11-01,STORE007,10,70.0,66730.12,6204.2300000000005,60525.89,6052.589
2025-10-20,STORE007,8,51.0,49485.009999999995,5208.91,44276.1,5534.5125
2025-02-05,STORE016,7,57.0,61325.950000000004,8192.46,53133.490000000005,7590.498571428572
2025-07-05,STORE017,7,65.0,69021.61,6949.799999999999,62071.81,8867.401428571427
2025-10-07,STORE020,11,85.0,89299.29999999999,8909.95,80389.34999999999,7308.1227272727265
2025-11-23,STORE001,14,124.0,140286.99,13115.6,127171.38999999998,9083.670714285714
2025-05-31,STORE013,10,83.0,92534.09999999998,7939.049999999999,84595.04999999999,8459.505
2025-08-05,STORE008,9,73.0,63549.079999999994,5019.379999999999,58529.700000000004,6503.3
2025-03-03,STORE016,11,90.0,87686.98000000001,7525.15,80161.83,7287.439090909091
2025-03-12,STORE011,5,37.0,34013.35,3817.25,30196.1,6039.219999999999
2025-01-23,STORE001,15,142.0,159411.47,14401.99,145009.47999999998,9667.298666666666
2025-03-14,STORE010,12,114.0,121009.72,12664.03,108345.69,9028.8075
2025-04-05,STORE002,9,77.0,72275.63,6977.360000000001,65298.270000000004,7255.363333333334
2025-05-22,STORE002,6,41.0,42781.909999999996,3437.7999999999997,39344.11,6557.3516666666665
2025-12-29,STORE006,5,45.0,54604.030000000006,5946.879999999999,48657.149999999994,9731.429999999998
2025-01-22,STORE012,12,99.0,103371.53,12216.9,91154.63,7596.219166666667
2025-06-04,STORE003,11,109.0,119138.64000000001,11461.02,107677.62,9788.874545454544
2025-09-01,STORE012,5,42.0,47994.200000000004,3417.93,44576.270000000004,8915.254
2025-11-27,STORE004,7,93.0,97701.03,9061.82,88639.20999999999,12662.744285714285
2025-11-06,STORE012,11,107.0,111007.51000000001,12549.03,98458.48000000001,8950.77090909091
2025-03-14,STORE019,7,55.0,47236.08,4762.869999999999,42473.21,6067.601428571428
2025-12-23,STORE009,8,82.0,81747.98000000001,8336.33,73411.65,9176.45625
2025-09-27,STORE002,8,68.0,62733.34,7936.38,54796.96,6849.62
2025-08-31,STORE007,4,38.0,41812.380000000005,2887.37,38925.01,9731.2525
2025-10-15,STORE001,12,83.0,87297.86,10202.56,77095.3,6424.608333333334
2025-11-14,STORE002,7,60.0,68799.54000000001,8353.890000000001,60445.649999999994,8635.092857142856
2025-07-29,STORE017,7,76.0,63633.12000000001,7166.99,56466.130000000005,8066.590000000001
2025-09-03,STORE012,12,99.0,77895.0,7317.039999999999,70577.95999999999,5881.496666666666
2025-06-22,STORE019,10,102.0,89381.26000000001,7315.49,82065.77,8206.577000000001
2025-05-22,STORE008,7,67.0,75372.68,8126.6,67246.07999999999,9606.582857142856
2025-02-28,STORE011,3,29.0,18045.059999999998,1278.33,16766.73,5588.91
2025-08-20,STORE013,6,46.0,32054.879999999997,2512.7799999999997,29542.1,4923.683333333333
2025-10-25,STORE013,5,67.0,80225.09,7100.92,73124.17000000001,14624.834000000003
2025-08-01,STORE006,7,56.0,61607.159999999996,6601.61,55005.54999999999,7857.9357142857125
2025-09-05,STORE009,5,34.0,36180.86,3066.8999999999996,33113.96,6622.7919999999995
2025-07-28,STORE013,11,107.0,100634.45000000001,10227.06,90407.39,8218.853636363636
2025-10-24,STORE011,10,81.0,70681.98,8502.02,62179.96000000001,6217.996000000001
2025-11-18,STORE019,7,83.0,92561.18,8011.21,84549.97000000002,12078.567142857146
2025-03-17,STORE010,4,39.0,39597.19,2836.9799999999996,36760.21,9190.0525
2025-01-30,STORE005,7,63.0,68453.65,6662.3099999999995,61791.340000000004,8827.334285714287
2025-07-24,STORE007,10,82.0,80842.7,9412.26,71430.44,7143.044
2025-05-31,STORE018,3,44.0,31814.54,2083.99,29730.550000000003,9910.183333333334
2025-04-30,STORE012,6,57.0,55521.57,5139.8,50381.770000000004,8396.961666666668
2025-06-25,STORE011,15,126.0,114481.1,10348.04,104133.06,6942.204
2025-01-06,STORE020,13,112.0,124755.94,12126.279999999999,112629.66,8663.82
2025-04-04,STORE019,7,99.0,91351.81,10369.88,80981.93000000001,11568.847142857145
2025-06-23,STORE010,6,63.0,71839.36,5405.5599999999995,66433.79999999999,11072.299999999997
2025-04-03,STORE012,8,68.0,67533.59,6013.420000000001,61520.17,7690.02125
2025-02-04,STORE018,8,63.0,64664.7,7328.1,57336.6,7167.075
2025-10-14,STORE019,12,61.0,57087.31,5346.49,51740.82000000001,4311.735000000001
2025-07-22,STORE012,5,41.0,32972.28,3144.04,29828.239999999998,5965.647999999999
2025-02-06,STORE007,10,101.0,77723.82,9540.91,68182.90999999999,6818.290999999999
2025-04-14,STORE009,7,29.0,33903.57,2737.73,31165.84,4452.262857142857
2025-12-26,STORE020,10,77.0,90551.08,8130.23,82420.85,8242.085000000001
2025-09-17,STORE018,8,75.0,77330.41,6984.5599999999995,70345.85,8793.23125
2025-02-02,STORE014,9,70.0,89598.22,9182.67,80415.54999999999,8935.06111111111
2025-05-22,STORE016,6,60.0,77295.68000000001,7302.51,69993.17000000001,11665.528333333335
2025-03-07,STORE012,6,76.0,94613.23,7766.040000000001,86847.19,14474.531666666668
2025-11-15,STORE008,6,64.0,62322.869999999995,6565.73,55757.14,9292.856666666667
2025-12-09,STORE001,2,11.0,7741.86,979.34,6762.52,3381.26
2025-05-17,STORE008,8,50.0,38009.89,3960.4,34049.49,4256.18625
2025-02-27,STORE020,7,49.0,44844.08,4726.37,40117.71000000001,5731.101428571429
2025-07-19,STORE005,14,133.0,141019.82,14426.83,126592.99,9042.35642857143
2025-07-10,STORE005,4,42.0,35055.71,2527.0299999999997,32528.679999999993,8132.169999999998
2025-01-19,STORE010,10,106.0,114217.76,12876.369999999999,101341.39,10134.139
2025-04-19,STORE005,6,73.0,90525.59,8306.39,82219.2,13703.199999999999
2025-08-28,STORE017,10,98.0,104656.36,10643.150000000001,94013.21000000002,9401.321000000002
2025-09-18,STORE005,13,102.0,133678.41000000003,13178.159999999998,120500.25000000003,9269.250000000002
2025-05-30,STORE006,7,65.0,76884.87000000001,6216.15,70668.72,10095.531428571428
2025-01-26,STORE018,10,74.0,75370.68000000001,7389.310000000001,67981.37,6798.137
2025-12-12,STORE009,11,99.0,86688.54999999999,9493.310000000001,77195.24,7017.749090909091
2025-12-01,STORE014,6,57.0,51727.16,5079.95,46647.21,7774.535
2025-02-26,STORE014,7,57.0,61258.979999999996,6939.919999999999,54319.06,7759.865714285714
2025-05-01,STORE012,5,44.0,50709.29,3947.17,46762.119999999995,9352.423999999999
2025-04-01,STORE014,10,65.0,51988.42,7191.92,44796.5,4479.65
2025-09-14,STORE004,8,68.0,73510.56,8171.679999999999,65338.87999999999,8167.359999999999
2025-06-11,STORE014,7,58.0,69348.79000000001,7712.889999999999,61635.899999999994,8805.128571428571
2025-09-01,STORE017,5,37.0,34622.6,3730.99,30891.61,6178.322
2025-12-23,STORE012,11,108.0,105742.29000000001,8831.300000000001,96910.99,8810.09
2025-03-09,STORE001,7,54.0,63539.630000000005,8028.660000000001,55510.97,7930.138571428572
2025-02-08,STORE003,8,83.0,81068.94,8116.84,72952.1,9119.0125
2025-07-18,STORE016,14,126.0,119613.59999999999,15195.539999999999,104418.06,7458.432857142857
2025-08-25,STORE012,13,136.0,145242.92,13660.55,131582.37000000002,10121.720769230771
2025-01-14,STORE007,9,68.0,82702.18999999999,9096.77,73605.42,8178.38
2025-03-10,STORE019,9,68.0,66396.9,5048.5,61348.4,6816.488888888889
2025-04-18,STORE002,8,72.0,81374.68000000001,9278.36,72096.32,9012.04
2025-12-26,STORE008,9,73.0,80279.26000000001,8933.16,71346.1,7927.344444444445
2025-02-01,STORE019,8,102.0,88218.57,8711.7,79506.87,9938.35875
2025-02-08,STORE020,8,65.0,51122.450000000004,5170.16,45952.29,5744.03625
2025-04-22,STORE010,11,109.0,130642.61,11547.69,119094.92,10826.81090909091
2025-11-06,STORE007,5,33.0,34931.54,3149.1099999999997,31782.43,6356.486
2025-06-16,STORE001,12,143.0,138576.15000000002,15074.51,123501.64,10291.803333333333
2025-06-01,STORE019,10,84.0,80737.69,8061.67,72676.02,7267.602000000001
2025-02-13,STORE003,10,70.0,81755.25,6793.540000000001,74961.70999999999,7496.170999999999
2025-12-07,STORE015,8,84.0,90978.98999999999,8495.789999999999,82483.2,10310.4
2025-02-17,STORE020,7,52.0,64433.33,6324.54,58108.79000000001,8301.255714285715
2025-02-03,STORE001,8,84.0,108777.4,10704.91,98072.48999999999,12259.061249999999
2025-04-22,STORE003,6,51.0,49535.89,4614.76,44921.13,7486.855
2025-03-14,STORE004,12,78.0,103403.42,11758.92,91644.5,7637.041666666667
2025-09-14,STORE010,4,39.0,44944.21,4383.5,40560.71,10140.1775
2025-07-27,STORE011,13,92.0,101420.20000000001,11381.99,90038.20999999998,6926.0161538461525
2025-12-20,STORE016,4,39.0,48234.68000000001,5787.760000000001,42446.920000000006,10611.730000000001
2025-01-04,STORE006,4,48.0,49991.19,4958.31,45032.880000000005,11258.220000000001
2025-12-24,STORE004,7,77.0,79250.59,8136.000000000001,71114.59,10159.227142857142
2025-08-21,STORE013,8,38.0,24457.489999999998,2136.87,22320.620000000003,2790.0775000000003
2025-11-29,STORE014,11,73.0,94450.37000000001,8883.470000000001,85566.9,7778.809090909091
2025-03-25,STORE002,9,83.0,86344.23000000001,9211.89,77132.34,8570.26
2025-04-26,STORE017,4,38.0,25587.21,1637.24,23949.97,5987.4925
2025-11-07,STORE005,10,75.0,73094.57,4772.709999999999,68321.86,6832.186
2025-06-06,STORE018,6,55.0,58527.71000000001,6272.87,52254.84,8709.14
2025-08-28,STORE011,10,100.0,102777.27,9678.68,93098.59,9309.859
2025-06-13,STORE009,5,45.0,39154.11,3235.41,35918.7,7183.74
2025-04-13,STORE004,14,110.0,128576.66999999998,10682.699999999999,117893.96999999999,8420.997857142856
2025-12-25,STORE007,10,64.0,58972.34,4571.289999999999,54401.05,5440.1050000000005
2025-05-06,STORE009,11,96.0,96566.12,11818.829999999998,84747.29,7704.29909090909
2025-08-11,STORE004,8,68.0,88550.56,8411.04,80139.51999999999,10017.439999999999
2025-12-22,STORE012,13,122.0,118370.8,12138.19,106232.61,8171.739230769231
2025-08-22,STORE016,8,68.0,76432.14,7010.900000000001,69421.23999999999,8677.654999999999
2025-04-30,STORE007,11,99.0,97433.68000000001,9018.23,88415.45000000001,8037.768181818183
2025-08-15,STORE009,5,52.0,62371.950000000004,4570.77,57801.18,11560.236
2025-11-11,STORE001,10,74.0,75921.75,7203.66,68718.09,6871.808999999999
2025-04-16,STORE007,10,70.0,71635.42,7832.699999999999,63802.72,6380.272
2025-03-29,STORE016,5,37.0,32621.43,3545.9,29075.53,5815.106
2025-11-11,STORE002,2,23.0,25474.76,1339.19,24135.57,12067.785
2025-01-03,STORE009,6,63.0,64746.97,7633.920000000002,57113.049999999996,9518.841666666665
2025-07-23,STORE006,11,93.0,105533.51999999999,11144.990000000002,94388.53,8580.775454545454
2025-04-24,STORE017,10,89.0,88281.46,10161.619999999999,78119.84,7811.9839999999995
2025-05-09,STORE007,10,82.0,85288.07,8429.900000000001,76858.17,7685.817
2025-08-07,STORE014,7,69.0,75492.4,10674.65,64817.75,9259.67857142857
2025-12-31,STORE003,9,90.0,104773.34,9423.35,95349.98999999999,10594.443333333333
2025-07-30,STORE011,3,27.0,35238.66,3025.95,32212.71,10737.57
2025-05-17,STORE011,2,12.0,8806.65,903.4200000000001,7903.2300000000005,3951.6150000000002
2025-11-12,STORE018,8,57.0,54548.399999999994,3913.81,50634.59,6329.32375
2025-03-14,STORE016,8,54.0,48533.93000000001,4323.219999999999,44210.71,5526.33875
2025-11-12,STORE015,8,50.0,41273.75,3659.5299999999997,37614.22,4701.7775
2025-10-17,STORE008,8,61.0,55725.17000000001,6061.5599999999995,49663.61,6207.95125
2025-12-30,STORE014,12,85.0,90681.97,8264.4,82417.56999999999,6868.130833333333
2025-05-08,STORE017,6,48.0,42214.439999999995,4382.41,37832.03,6305.338333333333
2025-11-10,STORE018,7,70.0,86542.48000000001,7669.58,78872.9,11267.557142857142
2025-08-22,STORE001,10,85.0,59406.340000000004,5765.629999999999,53640.71,5364.071
2025-04-08,STORE007,4,38.0,34111.28,3550.62,30560.66,7640.165
2025-03-14,STORE008,6,34.0,41375.03,4071.1,37303.93,6217.321666666667
2025-01-12,STORE004,14,121.0,135129.49000000002,13761.050000000001,121368.44,8669.174285714285
2025-11-06,STORE014,9,103.0,121675.61000000002,11084.01,110591.59999999999,12287.955555555554
2025-02-09,STORE009,9,109.0,118607.96,10393.63,108214.33,12023.814444444444
2025-11-09,STORE004,8,75.0,71896.54000000001,9313.230000000001,62583.310000000005,7822.913750000001
2025-07-09,STORE012,9,96.0,79744.78,7222.95,72521.83,8057.981111111111
2025-05-21,STORE015,7,65.0,57561.21,5048.9,52512.31,7501.7585714285715
2025-02-24,STORE017,14,115.0,126432.04000000001,12436.170000000002,113995.87,8142.562142857142
2025-06-02,STORE010,6,82.0,107917.13,10885.0,97032.13,16172.021666666667
2025-01-30,STORE008,8,73.0,70676.57,7645.7,63030.87,7878.85875
2025-05-07,STORE001,9,79.0,98545.69,9055.95,89489.73999999999,9943.304444444444
2025-01-01,STORE018,6,64.0,74028.34,6947.27,67081.06999999999,11180.178333333331
2025-11-06,STORE019,8,78.0,75215.53,5432.18,69783.35,8722.91875
2025-03-12,STORE015,12,99.0,105699.78,11746.19,93953.59,7829.465833333333
2025-10-13,STORE017,9,63.0,64197.14,6911.54,57285.6,6365.066666666667
2025-08-29,STORE020,6,56.0,64728.21000000001,6128.880000000001,58599.33,9766.555
2025-10-15,STORE020,4,26.0,25310.93,3356.0099999999998,21954.920000000002,5488.7300000000005
2025-12-23,STORE020,3,27.0,27903.370000000003,4011.12,23892.25,7964.083333333333
2025-11-21,STORE018,10,66.0,73739.28,9000.330000000002,64738.95,6473.8949999999995
2025-04-17,STORE019,6,58.0,59990.92999999999,6173.0,53817.93000000001,8969.655
2025-09-20,STORE001,5,34.0,41569.96,4353.12,37216.84,7443.3679999999995
2025-03-26,STORE001,11,54.0,49688.87,4476.94,45211.92999999999,4110.175454545454
2025-12-08,STORE005,6,45.0,60215.21000000001,4021.8999999999996,56193.31,9365.551666666666
2025-11-17,STORE001,4,29.0,33812.15,3516.09,30296.059999999998,7574.014999999999
2025-05-20,STORE015,8,71.0,85795.36000000002,8603.060000000001,77192.29999999999,9649.037499999999
2025-04-23,STORE015,9,73.0,77137.34,6901.85,70235.49,7803.943333333334
2025-03-15,STORE015,5,40.0,44835.47,4093.16,40742.31,8148.4619999999995
2025-10-14,STORE013,13,144.0,148049.01,16773.82,131275.19,10098.091538461538
2025-03-06,STORE006,6,62.0,62805.03,3671.6000000000004,59133.43000000001,9855.571666666669
2025-11-14,STORE012,9,92.0,94104.48,9246.029999999999,84858.45,9428.716666666667
2025-05-15,STORE008,8,71.0,82548.48,8823.95,73724.53,9215.56625
2025-10-09,STORE018,6,67.0,85533.66,9751.289999999999,75782.37,12630.394999999999
2025-10-02,STORE010,6,66.0,56374.97,4793.460000000001,51581.51,8596.918333333333
2025-04-24,STORE007,11,94.0,109003.49,9504.65,99498.84,9045.34909090909
2025-03-06,STORE020,9,78.0,75224.34,6034.8099999999995,69189.53,7687.725555555556
2025-10-21,STORE009,7,66.0,81866.23000000001,9390.32,72475.91,10353.701428571429
2025-07-07,STORE003,8,67.0,68466.23,6855.359999999999,61610.869999999995,7701.358749999999
2025-04-01,STORE017,4,19.0,16708.35,2520.87,14187.48,3546.87
2025-02-02,STORE003,7,68.0,59549.380000000005,6934.280000000001,52615.09999999999,7516.442857142856
2025-05-17,STORE018,12,73.0,70221.72,5816.449999999999,64405.270000000004,5367.105833333334
2025-01-11,STORE013,6,50.0,48206.340000000004,4806.0199999999995,43400.32000000001,7233.386666666668
2025-07-29,STORE006,7,71.0,81979.78,8458.93,73520.85,10502.978571428572
2025-09-19,STORE006,5,47.0,54844.14000000001,5995.300000000001,48848.83999999999,9769.767999999998
2025-04-28,STORE016,6,52.0,65484.119999999995,7232.85,58251.27,9708.545
2025-08-11,STORE001,10,86.0,81129.20999999999,6257.41,74871.79999999999,7487.1799999999985
2025-05-22,STORE014,6,44.0,54737.509999999995,4942.51,49795.0,8299.166666666666
2025-09-18,STORE007,10,99.0,106187.57,11241.279999999999,94946.29,9494.628999999999
2025-11-08,STORE005,4,14.0,9388.279999999999,914.9300000000001,8473.35,2118.3375
2025-10-04,STORE016,10,85.0,77468.37,7248.350000000001,70220.01999999999,7022.001999999999
2025-09-24,STORE014,5,34.0,44052.75000000001,4038.07,40014.68,8002.936
2025-05-26,STORE006,11,97.0,95119.22,9286.9,85832.32,7802.938181818183
2025-12-23,STORE006,6,25.0,31568.33,3793.75,27774.58,4629.096666666667
2025-07-16,STORE003,8,78.0,89700.72,10530.25,79170.47,9896.30875
2025-07-12,STORE007,6,41.0,39606.1,4402.12,35203.98,5867.330000000001
2025-05-15,STORE020,8,68.0,57300.439999999995,6195.5599999999995,51104.880000000005,6388.110000000001
2025-12-27,STORE001,12,113.0,128035.94999999998,12889.82,115146.13000000002,9595.510833333336
2025-09-30,STORE002,13,131.0,128866.23,12123.039999999999,116743.18999999999,8980.245384615384
2025-08-21,STORE019,10,96.0,88373.04000000001,6791.169999999999,81581.87000000001,8158.187000000001
2025-05-23,STORE019,10,83.0,73362.90999999999,6644.41,66718.5,6671.85
2025-06-21,STORE008,2,22.0,21088.340000000004,3389.84,17698.499999999996,8849.249999999998
2025-01-18,STORE016,8,75.0,73535.07,8786.29,64748.780000000006,8093.597500000001
2025-05-29,STORE005,9,61.0,78851.5,9240.34,69611.16,7734.573333333334
2025-07-18,STORE007,2,20.0,14068.310000000001,1111.72,12956.59,6478.295
2025-12-24,STORE015,7,48.0,58932.28999999999,4619.54,54312.75000000001,7758.964285714287
2025-05-17,STORE020,8,92.0,89440.47,9331.599999999999,80108.87,10013.60875
2025-08-23,STORE004,7,60.0,58297.91,6053.74,52244.170000000006,7463.452857142858
2025-02-18,STORE020,14,130.0,120454.1,10781.289999999999,109672.81,7833.772142857143
2025-06-17,STORE020,10,83.0,78697.91,9522.920000000002,69174.99,6917.499000000001
2025-07-04,STORE020,8,91.0,72087.87999999999,5352.87,66735.01,8341.87625
2025-03-22,STORE004,6,79.0,78482.03,7348.39,71133.64,11855.606666666667
2025-09-11,STORE001,8,83.0,82326.45000000001,9144.89,73181.56000000001,9147.695000000002
2025-07-22,STORE017,3,36.0,31296.87,3734.37,27562.500000000004,9187.500000000002
2025-11-16,STORE018,6,62.0,63008.96,6708.509999999999,56300.45,9383.408333333333
2025-09-01,STORE011,3,31.0,39643.8,5375.66,34268.14,11422.713333333333
2025-01-31,STORE004,6,75.0,97289.9,11152.650000000001,86137.25,14356.208333333334
2025-04-29,STORE006,8,75.0,66287.08,6383.050000000001,59904.02999999999,7488.003749999999
2025-11-29,STORE010,7,44.0,55917.99,5605.24,50312.75,7187.535714285715
2025-08-20,STORE020,8,80.0,69274.2,5986.680000000001,63287.52,7910.94
2025-05-12,STORE010,7,43.0,53618.54,5557.07,48061.47,6865.924285714286
2025-11-15,STORE001,9,45.0,56254.01,4797.41,51456.6,5717.4
2025-12-04,STORE016,13,120.0,136970.93,13967.61,123003.31999999999,9461.793846153845
2025-10-04,STORE010,13,102.0,129772.19999999998,11694.289999999999,118077.90999999999,9082.916153846152
2025-07-11,STORE012,4,47.0,55809.119999999995,5838.2,49970.92,12492.73
2025-11-12,STORE017,7,60.0,60338.42999999999,4769.68,55568.75,7938.392857142857
2025-11-19,STORE010,6,40.0,58271.68,4584.669999999999,53687.01,8947.835000000001
2025-08-28,STORE012,6,35.0,41044.83,3709.54,37335.29,6222.548333333333
2025-02-21,STORE013,7,43.0,49751.73,4613.66,45138.07,6448.295714285714
2025-10-20,STORE014,5,41.0,35630.64,4041.61,31589.03,6317.806
2025-11-06,STORE018,11,109.0,115107.10999999999,11644.03,103463.08000000002,9405.734545454547
2025-04-06,STORE014,4,34.0,38859.78,4973.9400000000005,33885.84,8471.46
2025-12-10,STORE007,11,86.0,85874.99,8366.07,77508.92,7046.265454545454
2025-08-22,STORE006,14,148.0,190720.47,17769.7,172950.77,12353.626428571428
2025-07-14,STORE013,6,47.0,51859.90000000001,4952.350000000001,46907.549999999996,7817.924999999999
2025-05-19,STORE012,4,38.0,39859.06,2558.6899999999996,37300.369999999995,9325.092499999999
2025-03-31,STORE005,5,44.0,48177.43,6072.860000000001,42104.57000000001,8420.914
2025-02-13,STORE011,6,65.0,65532.71,6170.49,59362.219999999994,9893.703333333333
2025-07-17,STORE011,5,56.0,54122.40000000001,4911.22,49211.18,9842.236
2025-07-27,STORE008,8,89.0,77574.82999999999,7193.29,70381.54,8797.6925
2025-09-27,STORE007,7,60.0,66706.48,6863.889999999999,59842.590000000004,8548.941428571428
2025-04-14,STORE001,7,44.0,34939.79,3886.52,31053.27,4436.181428571429
2025-07-28,STORE007,10,76.0,79301.65,7963.23,71338.41999999998,7133.841999999999
2025-07-01,STORE016,6,47.0,51431.880000000005,6389.59,45042.29,7507.048333333333
2025-07-04,STORE012,7,38.0,28550.53,2191.12,26359.41,3765.63
2025-04-06,STORE005,11,132.0,150105.91999999998,17934.62,132171.3,12015.572727272725
2025-03-05,STORE005,11,95.0,93729.69,9023.19,84706.5,7700.590909090909
2025-07-09,STORE020,9,60.0,78109.18,8303.98,69805.2,7756.133333333333
2025-09-18,STORE019,9,92.0,102307.63,10955.01,91352.62,10150.29111111111
2025-08-04,STORE013,12,80.0,78718.27,6764.299999999999,71953.97,5996.1641666666665
2025-02-20,STORE020,7,86.0,88911.73000000001,8676.91,80234.82,11462.117142857143
2025-12-05,STORE020,9,98.0,101964.06,9948.44,92015.62000000001,10223.95777777778
2025-02-23,STORE019,7,69.0,64319.15,7498.15,56820.99999999999,8117.285714285713
2025-09-27,STORE003,5,43.0,48479.729999999996,3751.4600000000005,44728.270000000004,8945.654
2025-04-14,STORE007,4,33.0,34439.58,2972.9700000000003,31466.61,7866.6525
2025-01-26,STORE002,7,64.0,72816.22,9046.26,63769.96,9109.994285714285
2025-01-12,STORE015,8,62.0,53371.200000000004,5098.160000000001,48273.03999999999,6034.129999999999
2025-06-24,STORE001,4,37.0,35714.350000000006,2709.87,33004.479999999996,8251.119999999999
2025-03-07,STORE013,9,67.0,67069.33,5186.049999999999,61883.28000000001,6875.920000000002
2025-02-21,STORE019,4,47.0,49819.81999999999,5413.6,44406.22,11101.555
2025-11-27,STORE020,9,89.0,71729.96,7750.9400000000005,63979.020000000004,7108.780000000001
2025-05-24,STORE001,8,99.0,105379.34999999999,8759.69,96619.66,12077.4575
2025-04-16,STORE008,9,56.0,64545.93,7207.48,57338.45,6370.938888888889
2025-07-14,STORE005,5,50.0,38777.21,3866.25,34910.96,6982.192
2025-08-27,STORE014,9,103.0,115941.66,13049.2,102892.46,11432.495555555557
2025-08-18,STORE009,10,104.0,119424.88,11805.710000000001,107619.17000000001,10761.917000000001
2025-01-29,STORE012,9,63.0,52190.25,5234.280000000001,46955.97,5217.33
2025-07-18,STORE010,7,59.0,65228.729999999996,7808.630000000001,57420.1,8202.871428571429
2025-06-27,STORE015,5,39.0,35652.0,3010.79,32641.21,6528.242
2025-02-16,STORE020,6,39.0,41388.96,4882.17,36506.78999999999,6084.464999999999
2025-03-30,STORE007,8,53.0,48709.05,5392.72,43316.33,5414.54125
2025-08-31,STORE016,10,89.0,87233.20000000001,7879.379999999999,79353.82,7935.3820000000005
2025-03-23,STORE001,8,55.0,62468.149999999994,7711.57,54756.58,6844.5725
2025-09-20,STORE007,12,141.0,108867.00000000001,12553.05,96313.95000000001,8026.162500000001
2025-03-29,STORE004,8,67.0,72747.62,7918.150000000001,64829.47,8103.68375
2025-12-04,STORE010,9,80.0,72925.16,8333.35,64591.81,7176.8677777777775
2025-12-15,STORE012,10,87.0,90734.42,9697.87,81036.55,8103.655000000001
2025-12-22,STORE002,11,90.0,88905.83,8646.04,80259.79000000001,7296.344545454546
2025-08-07,STORE009,9,92.0,99800.11,9728.349999999999,90071.76,10007.973333333333
2025-04-05,STORE020,5,49.0,54635.77,5508.070000000001,49127.7,9825.539999999999
2025-03-15,STORE019,10,95.0,83221.84,8664.150000000001,74557.69,7455.769
2025-05-16,STORE016,10,69.0,73741.56,5405.72,68335.84000000001,6833.584000000001
2025-03-04,STORE007,8,52.0,47713.64,5854.86,41858.78,5232.3475
2025-07-19,STORE018,7,57.0,56876.759999999995,6557.110000000001,50319.65,7188.521428571429
2025-10-07,STORE019,10,88.0,80261.1,8661.51,71599.59,7159.959
2025-02-21,STORE014,8,79.0,91205.43999999999,9259.789999999999,81945.65,10243.20625
2025-10-31,STORE007,10,69.0,73595.92000000001,9052.970000000001,64542.95,6454.295
2025-06-06,STORE007,6,43.0,41740.66,3406.9399999999996,38333.72,6388.953333333334
2025-11-10,STORE003,12,109.0,116242.32,12050.49,104191.83,8682.6525
2025-08-08,STORE014,7,61.0,77175.73,6580.929999999999,70594.8,10084.971428571429
2025-04-15,STORE016,10,86.0,95635.96,9649.890000000001,85986.07,8598.607
2025-10-09,STORE006,11,96.0,99854.47,10579.79,89274.68,8115.879999999999
2025-10-11,STORE009,8,65.0,72097.62,6555.99,65541.62999999999,8192.703749999999
2025-01-07,STORE013,11,104.0,96056.68,9824.07,86232.60999999999,7839.32818181818
2025-11-13,STORE009,5,54.0,47802.32,3587.09,44215.23,8843.046
2025-06-16,STORE014,6,51.0,42753.21000000001,4631.78,38121.43,6353.571666666667
2025-06-16,STORE009,9,98.0,97945.51999999999,11554.5,86391.01999999999,9599.002222222221
2025-12-14,STORE014,11,82.0,97755.54000000001,9754.21,88001.33,8000.12090909091
2025-07-27,STORE001,4,25.0,30108.72,2499.5799999999995,27609.14,6902.285
2025-08-13,STORE005,12,107.0,108392.5,12198.84,96193.66,8016.138333333333
2025-05-22,STORE001,7,43.0,55156.490000000005,4589.38,50567.11,7223.872857142857
2025-09-27,STORE015,7,62.0,49175.68,6374.65,42801.03,6114.432857142857
2025-11-20,STORE005,9,59.0,61044.62999999999,5834.219999999999,55210.41,6134.490000000001
2025-05-17,STORE002,7,55.0,48595.31,5080.96,43514.34999999999,6216.335714285713
2025-05-31,STORE004,4,31.0,40630.53,3164.21,37466.32,9366.58
2025-02-14,STORE019,11,100.0,90166.4,9238.990000000002,80927.40999999999,7357.037272727272
2025-12-01,STORE002,5,47.0,62594.59,6430.400000000001,56164.19,11232.838
2025-05-19,STORE017,5,50.0,54196.73,4746.349999999999,49450.380000000005,9890.076000000001
2025-10-15,STORE008,7,49.0,43601.19,4110.09,39491.1,5641.585714285714
2025-10-22,STORE013,7,65.0,69693.19,6405.300000000001,63287.89,9041.127142857144
2025-10-29,STORE006,5,66.0,59802.25,6454.780000000001,53347.47,10669.494
2025-09-01,STORE010,13,127.0,133471.94,15705.019999999997,117766.91999999998,9058.993846153844
2025-04-09,STORE013,5,37.0,40100.11,4919.9,35180.21,7036.0419999999995
2025-07-11,STORE001,8,77.0,87923.89000000001,5998.93,81924.95999999999,10240.619999999999
2025-05-28,STORE011,7,65.0,68551.65,7118.530000000001,61433.119999999995,8776.16
2025-12-28,STORE008,9,94.0,89218.04000000001,11427.07,77790.97,8643.441111111111
2025-12-15,STORE019,12,115.0,124798.50999999998,13321.56,111476.95000000001,9289.745833333334
2025-12-27,STORE012,10,79.0,80829.07999999999,9448.04,71381.04,7138.103999999999
2025-10-17,STORE018,12,79.0,84812.46,7016.220000000001,77796.23999999999,6483.0199999999995
2025-11-25,STORE008,6,58.0,48595.07,4930.320000000001,43664.75,7277.458333333333
2025-11-03,STORE019,14,92.0,101069.22,9147.24,91921.98,6565.855714285714
2025-01-02,STORE010,10,50.0,57144.03999999999,6816.56,50327.479999999996,5032.748
2025-12-30,STORE007,5,36.0,33334.74,3442.7299999999996,29892.010000000002,5978.402
2025-04-23,STORE007,8,85.0,100432.27,7826.43,92605.84,11575.73
2025-03-12,STORE013,7,44.0,36528.95,2875.18,33653.770000000004,4807.681428571429
2025-05-13,STORE014,7,56.0,64892.80000000001,7361.459999999999,57531.34,8218.762857142856
2025-06-29,STORE003,7,67.0,67891.64,7085.339999999999,60806.299999999996,8686.614285714286
2025-08-03,STORE007,9,62.0,70029.78,7342.32,62687.46000000001,6965.273333333334
2025-03-08,STORE002,5,28.0,29745.36,3377.0700000000006,26368.29,5273.658
2025-01-26,STORE008,11,129.0,133389.34,11810.060000000001,121579.28,11052.661818181818
2025-07-14,STORE019,7,67.0,72877.51,7480.629999999999,65396.880000000005,9342.41142857143
2025-01-11,STORE014,8,79.0,89379.28,7253.67,82125.60999999999,10265.701249999998
2025-10-07,STORE016,4,18.0,14392.71,1855.75,12536.960000000001,3134.2400000000002
2025-05-24,STORE004,3,27.0,38178.43000000001,2959.84,35218.59,11739.529999999999
2025-12-16,STORE015,7,75.0,78908.06,8188.629999999999,70719.43,10102.775714285714
2025-12-11,STORE004,12,114.0,126794.29,13363.41,113430.88,9452.573333333334
2025-05-02,STORE017,13,104.0,112198.65,13734.879999999997,98463.77,7574.136153846154
2025-10-08,STORE012,9,69.0,76837.75,8660.710000000001,68177.04000000001,7575.226666666667
2025-11-26,STORE012,8,67.0,49596.54,4516.88,45079.66,5634.9575
2025-03-30,STORE008,8,73.0,70041.61000000002,7396.59,62645.020000000004,7830.6275000000005
2025-11-19,STORE006,6,73.0,94297.13,9702.42,84594.70999999999,14099.118333333332
2025-04-17,STORE008,7,56.0,45189.159999999996,4490.64,40698.520000000004,5814.074285714286
2025-06-26,STORE014,8,48.0,40019.42,3247.8800000000006,36771.54,4596.4425
2025-02-22,STORE004,3,22.0,21456.449999999997,2636.05,18820.4,6273.466666666667
2025-12-18,STORE014,11,69.0,80331.96999999999,7535.43,72796.54000000001,6617.867272727273
2025-09-15,STORE015,2,19.0,17610.79,2182.97,15427.82,7713.91
2025-09-17,STORE012,7,59.0,61825.880000000005,7403.550000000001,54422.33,7774.618571428572
2025-01-16,STORE019,6,45.0,62588.73,6419.420000000001,56169.31,9361.551666666666
2025-02-04,STORE011,5,44.0,49672.009999999995,5594.65,44077.36,8815.472
2025-03-22,STORE008,9,67.0,70157.65,7104.73,63052.92,7005.88
2025-07-23,STORE002,8,56.0,55392.53999999999,6761.49,48631.049999999996,6078.881249999999
2025-01-20,STORE002,8,82.0,88268.62,8725.06,79543.56000000001,9942.945000000002
2025-04-27,STORE014,5,52.0,58303.340000000004,4413.11,53890.23,10778.046
2025-10-05,STORE013,8,79.0,75056.82,7416.0599999999995,67640.76,8455.095
2025-03-12,STORE007,9,84.0,71642.04,7635.17,64006.869999999995,7111.874444444444
2025-10-20,STORE013,11,100.0,96220.86,10361.400000000001,85859.46,7805.4054545454555
2025-01-14,STORE011,11,89.0,73674.38,9135.17,64539.21,5867.200909090909
2025-03-02,STORE010,7,59.0,70448.62000000001,7118.2300000000005,63330.39,9047.198571428571
2025-10-05,STORE007,9,67.0,66056.40000000001,4909.51,61146.89,6794.098888888889
2025-01-13,STORE019,11,75.0,82231.55,7995.949999999998,74235.59999999999,6748.6909090909085
2025-09-23,STORE020,6,54.0,54569.53,6201.77,48367.759999999995,8061.293333333332
2025-03-23,STORE009,4,35.0,33284.35,4379.93,28904.42,7226.105
2025-05-14,STORE001,6,55.0,54835.51000000001,4225.73,50609.78,8434.963333333333
2025-12-23,STORE003,6,70.0,76488.01999999999,8655.67,67832.35,11305.391666666668
2025-03-29,STORE018,6,47.0,47211.86,4491.23,42720.630000000005,7120.1050000000005
2025-11-17,STORE009,9,69.0,75909.1,8841.26,67067.84,7451.982222222222
2025-06-21,STORE003,7,43.0,48093.659999999996,5449.860000000001,42643.8,6091.971428571429
2025-05-24,STORE002,7,57.0,56663.63999999999,5216.24,51447.399999999994,7349.6285714285705
2025-07-18,STORE005,9,66.0,60888.51,6900.62,53987.89,5998.654444444444
2025-08-07,STORE006,7,75.0,82516.62,9975.240000000002,72541.38,10363.054285714286
2025-06-05,STORE007,10,76.0,62033.69,6888.01,55145.68,5514.568
2025-04-23,STORE005,9,70.0,77877.36,8365.57,69511.79,7723.532222222221
2025-06-29,STORE008,12,115.0,112882.34000000001,11628.04,101254.30000000002,8437.858333333335
2025-05-25,STORE014,4,39.0,42613.729999999996,5823.12,36790.61,9197.6525
2025-02-28,STORE012,4,39.0,47315.5,4607.23,42708.270000000004,10677.067500000001
2025-04-02,STORE006,10,72.0,77515.97,7427.290000000001,70088.68,7008.8679999999995
2025-04-25,STORE013,6,55.0,60656.670000000006,4777.799999999999,55878.87,9313.145
2025-09-09,STORE010,6,50.0,54976.380000000005,7296.48,47679.9,7946.650000000001
2025-08-07,STORE002,10,84.0,73689.28,7618.64,66070.64,6607.064
2025-09-25,STORE016,12,86.0,80286.56999999999,5843.74,74442.83,6203.569166666667
2025-06-07,STORE019,10,93.0,99069.52,11620.55,87448.96999999999,8744.896999999999
2025-08-16,STORE020,6,69.0,68009.26,7219.79,60789.47,10131.578333333333
2025-04-22,STORE004,8,88.0,105672.65000000001,9982.669999999998,95689.98000000001,11961.247500000001
2025-10-05,STORE004,9,82.0,87989.73000000001,8713.62,79276.11,8808.456666666667
2025-10-08,STORE015,5,52.0,60666.84,5973.660000000001,54693.18000000001,10938.636000000002
2025-07-25,STORE004,5,58.0,55576.59,5813.45,49763.14,9952.628
2025-02-19,STORE020,14,123.0,102023.58,11964.869999999999,90058.70999999999,6432.764999999999
2025-06-18,STORE018,10,79.0,80267.07,7966.91,72300.16,7230.0160000000005
2025-11-14,STORE019,11,106.0,105580.91,9764.789999999999,95816.12,8710.556363636364
2025-04-27,STORE019,11,67.0,71318.83,7259.84,64058.99,5823.544545454545
2025-04-25,STORE012,10,90.0,88602.59000000001,8698.66,79903.93,7990.392999999999
2025-10-09,STORE017,9,51.0,49456.9,5267.36,44189.54000000001,4909.94888888889
2025-09-10,STORE012,7,41.0,50383.43,5869.5599999999995,44513.87,6359.124285714286
2025-09-08,STORE017,10,105.0,144076.63999999998,14098.32,129978.32,12997.832
2025-04-24,STORE002,4,45.0,45727.02,4527.790000000001,41199.229999999996,10299.807499999999
2025-01-03,STORE004,8,44.0,46717.76,4740.32,41977.44,5247.18
2025-11-05,STORE010,4,35.0,37115.14,4513.26,32601.880000000005,8150.470000000001
2025-07-21,STORE002,7,71.0,81460.65000000001,6563.94,74896.71,10699.53
2025-03-10,STORE016,9,95.0,100193.32999999999,11630.77,88562.56,9840.284444444444
2025-11-05,STORE020,4,27.0,24295.760000000002,2570.77,21724.989999999998,5431.2474999999995
2025-02-15,STORE011,6,57.0,61439.81,5682.17,55757.64,9292.94
2025-08-16,STORE007,7,73.0,79412.53,7766.99,71645.54000000001,10235.077142857144
2025-11-21,STORE005,8,83.0,84609.06999999999,7415.199999999999,77193.87,9649.23375
2025-10-18,STORE020,10,73.0,63975.58000000001,7736.489999999999,56239.09,5623.909
2025-08-25,STORE010,8,74.0,92287.17,10929.130000000001,81358.04000000001,10169.755000000001
2025-07-17,STORE004,8,52.0,66463.15,7053.5599999999995,59409.590000000004,7426.1987500000005
2025-12-03,STORE003,12,79.0,90319.17,8148.55,82170.62,6847.551666666666
2025-08-11,STORE020,10,89.0,79044.56,6047.2699999999995,72997.29000000001,7299.729000000001
2025-02-01,STORE020,8,61.0,51163.29,5133.82,46029.47,5753.68375
2025-04-27,STORE009,10,76.0,71953.7,7877.16,64076.53999999999,6407.6539999999995
2025-07-07,STORE008,8,87.0,88384.87,9546.15,78838.72,9854.84
2025-11-08,STORE017,8,77.0,80506.79999999999,8795.69,71711.11,8963.88875
2025-05-09,STORE002,10,78.0,91683.30000000002,6794.6,84888.7,8488.869999999999
2025-05-21,STORE019,8,79.0,81843.93,8595.310000000001,73248.62,9156.0775
2025-12-04,STORE005,8,89.0,83291.56,9843.61,73447.95000000001,9180.993750000001
2025-04-27,STORE011,10,65.0,73976.57,6745.17,67231.4,6723.139999999999
2025-07-15,STORE003,11,91.0,110172.07999999999,14308.39,95863.69,8714.880909090909
2025-10-12,STORE016,8,58.0,53085.81,4896.58,48189.229999999996,6023.6537499999995
2025-09-17,STORE019,11,81.0,80319.29999999999,8068.079999999999,72251.22,6568.2927272727275
2025-12-12,STORE010,7,55.0,61798.63,6142.14,55656.49,7950.927142857143
2025-12-30,STORE019,7,72.0,75338.9,6530.629999999999,68808.26999999999,9829.752857142856
2025-04-12,STORE001,7,64.0,70841.75,7430.88,63410.869999999995,9058.695714285714
2025-02-28,STORE016,9,72.0,73165.47,7728.379999999999,65437.09,7270.787777777778
2025-01-11,STORE018,10,92.0,96566.28,8643.61,87922.67,8792.267
2025-12-29,STORE017,6,27.0,37885.479999999996,3647.81,34237.67,5706.278333333333
2025-10-20,STORE017,5,72.0,66603.23,6695.099999999999,59908.13,11981.626
2025-10-12,STORE015,9,98.0,82341.70999999999,8431.619999999999,73910.09,8212.232222222221
2025-08-06,STORE020,9,76.0,75464.8,8595.1,66869.7,7429.966666666666
2025-11-26,STORE001,9,70.0,61843.18000000001,6372.5599999999995,55470.619999999995,6163.402222222222
2025-12-16,STORE006,8,91.0,100097.15999999999,11701.119999999999,88396.04000000002,11049.505000000003
2025-11-23,STORE015,7,47.0,49606.11,6217.509999999999,43388.6,6198.371428571429
2025-10-03,STORE010,5,34.0,34393.66,4149.75,30243.910000000003,6048.782000000001
2025-05-11,STORE011,8,64.0,58691.95,5582.6,53109.35,6638.66875
2025-11-08,STORE008,5,33.0,34711.17,3530.24,31180.93,6236.186
2025-05-03,STORE003,9,55.0,70518.09,7037.349999999999,63480.74,7053.415555555555
2025-11-12,STORE020,12,108.0,113706.40999999999,9144.94,104561.47000000002,8713.455833333335
2025-09-07,STORE008,4,21.0,20687.75,2446.7200000000003,18241.03,4560.2575
2025-11-19,STORE005,6,53.0,55359.78999999999,6728.8099999999995,48630.979999999996,8105.163333333333
2025-06-17,STORE007,7,55.0,59438.450000000004,6218.48,53219.97,7602.852857142857
2025-08-04,STORE017,7,42.0,53222.46,7421.61,45800.85,6542.978571428571
2025-12-31,STORE008,9,76.0,60539.14,5840.530000000001,54698.61,6077.623333333333
2025-09-25,STORE004,9,68.0,75377.16,7095.85,68281.31,7586.812222222222
2025-11-01,STORE016,7,79.0,81763.23999999999,8113.139999999999,73650.1,10521.442857142858
2025-02-05,STORE013,9,62.0,55790.27,6497.32,49292.95,5476.9944444444445
2025-02-05,STORE010,10,120.0,134724.99,13935.279999999999,120789.70999999999,12078.971
2025-06-18,STORE016,11,96.0,100036.31999999999,9175.19,90861.13,8260.102727272728
2025-05-18,STORE020,10,125.0,135757.27999999997,14496.13,121261.15000000001,12126.115000000002
2025-05-06,STORE019,5,37.0,45887.549999999996,4822.45,41065.1,8213.02
2025-10-08,STORE017,12,117.0,114184.19,13348.47,100835.72,8402.976666666667
2025-01-11,STORE019,12,116.0,108329.70000000001,12075.800000000001,96253.90000000001,8021.158333333334
2025-01-14,STORE015,7,29.0,26434.090000000004,2982.8799999999997,23451.21,3350.172857142857
2025-08-30,STORE009,6,44.0,43037.17999999999,4469.58,38567.6,6427.933333333333
2025-09-18,STORE016,8,61.0,62186.619999999995,6678.110000000001,55508.509999999995,6938.563749999999
2025-10-09,STORE001,11,104.0,104236.93,8156.199999999999,96080.73000000001,8734.611818181818
2025-09-19,STORE012,12,109.0,104248.34,10599.97,93648.37,7804.030833333333
2025-06-07,STORE002,6,55.0,56833.79,5646.68,51187.11,8531.185
2025-02-06,STORE019,4,33.0,31768.38,3902.17,27866.21,6966.5525
2025-07-10,STORE003,9,93.0,90305.14000000001,8959.75,81345.39,9038.376666666667
2025-05-01,STORE020,11,97.0,102582.90999999999,10176.86,92406.04999999999,8400.55
2025-12-26,STORE012,7,45.0,55347.47,4653.2,50694.270000000004,7242.038571428572
2025-12-21,STORE005,10,95.0,104497.06999999999,11305.24,93191.83,9319.183
2025-11-18,STORE014,12,109.0,129244.88,12960.48,116284.4,9690.366666666667
2025-07-18,STORE014,5,33.0,31666.56,2959.72,28706.84,5741.368
2025-01-09,STORE002,12,125.0,127664.41000000002,14149.46,113514.95,9459.579166666666
2025-04-08,STORE014,18,174.0,200074.76,18043.04,182031.72,10112.873333333333
2025-09-25,STORE007,5,48.0,50234.59,6408.400000000001,43826.189999999995,8765.238
2025-10-18,STORE007,7,46.0,40416.340000000004,4924.169999999999,35492.170000000006,5070.31
2025-05-18,STORE013,7,57.0,53765.65,6477.859999999999,47287.79000000001,6755.398571428573
2025-02-03,STORE013,7,61.0,57439.41,6407.88,51031.53,7290.2185714285715
2025-03-06,STORE001,5,33.0,37210.51,4106.49,33104.020000000004,6620.804000000001
2025-10-15,STORE019,3,11.0,14212.099999999999,1880.9700000000003,12331.130000000001,4110.376666666667
2025-07-03,STORE006,3,21.0,22840.190000000002,3350.75,19489.44,6496.48
2025-01-10,STORE001,7,58.0,68748.73000000001,6274.879999999999,62473.850000000006,8924.835714285715
2025-09-21,STORE001,5,47.0,41701.84,3916.04,37785.8,7557.160000000001
2025-02-06,STORE004,10,95.0,113111.28999999998,12324.399999999998,100786.89,10078.689
2025-02-16,STORE018,9,72.0,80711.77,8543.36,72168.41,8018.712222222222
2025-04-14,STORE011,9,103.0,107995.30999999998,11960.250000000002,96035.06,10670.562222222223
2025-09-24,STORE010,9,72.0,76569.35,7632.41,68936.94,7659.66
2025-02-16,STORE013,7,71.0,59975.14,5378.73,54596.409999999996,7799.487142857142
2025-03-24,STORE009,6,45.0,47338.630000000005,5515.28,41823.35,6970.558333333333
2025-08-20,STORE003,10,94.0,97471.11,7773.21,89697.90000000001,8969.79
2025-07-10,STORE009,9,81.0,81341.04999999999,7105.96,74235.09,8248.343333333332
2025-04-28,STORE003,6,53.0,57963.5,5790.67,52172.83,8695.471666666666
2025-07-06,STORE009,8,59.0,53135.1,5555.530000000001,47579.57,5947.44625
2025-10-02,STORE015,7,76.0,82682.77,8697.57,73985.2,10569.314285714285
2025-11-03,STORE005,7,64.0,72442.79000000001,5479.469999999999,66963.32,9566.188571428573
2025-03-26,STORE015,6,65.0,57196.36,6626.8,50569.56,8428.26
2025-12-04,STORE001,5,52.0,64447.850000000006,6084.72,58363.13,11672.626
2025-02-13,STORE016,13,71.0,69894.60999999999,7675.92,62218.69,4786.053076923077
2025-02-26,STORE004,9,71.0,75839.89999999998,8088.409999999999,67751.49,7527.943333333334
2025-06-14,STORE010,12,131.0,133063.13,11210.2,121852.93000000001,10154.410833333333
2025-08-25,STORE014,11,118.0,129378.95000000001,14296.36,115082.59,10462.053636363637
2025-05-04,STORE015,5,32.0,29442.84,2806.86,26635.98,5327.196
2025-02-02,STORE004,8,65.0,74420.91,9043.25,65377.66,8172.2075
2025-12-16,STORE001,6,55.0,60938.43,5563.95,55374.479999999996,9229.08
2025-03-05,STORE003,12,103.0,114177.15000000001,12773.63,101403.51999999999,8450.293333333333
2025-02-25,STORE009,10,86.0,82661.18000000001,7274.47,75386.70999999999,7538.670999999999
2025-04-26,STORE013,9,88.0,75718.11,7008.880000000001,68709.23,7634.358888888888
2025-02-04,STORE012,8,59.0,44408.009999999995,4415.76,39992.25,4999.03125
2025-06-14,STORE018,9,66.0,87100.18,9185.09,77915.09,8657.232222222221
2025-03-10,STORE014,8,90.0,100423.38,10812.380000000001,89610.99999999999,11201.374999999998
2025-09-15,STORE010,10,108.0,120648.09,8386.42,112261.67,11226.167
2025-05-31,STORE017,6,56.0,49482.58,3337.88,46144.700000000004,7690.783333333334
2025-07-10,STORE020,10,60.0,59727.880000000005,5823.9,53903.979999999996,5390.397999999999
2025-02-05,STORE012,9,89.0,95623.09999999999,8352.33,87270.76999999999,9696.752222222221
2025-12-16,STORE010,7,79.0,92964.18000000001,8378.55,84585.63,12083.66142857143
2025-04-02,STORE018,6,75.0,66137.95999999999,5375.889999999999,60762.07000000001,10127.011666666667
2025-09-27,STORE004,5,44.0,49166.79,3422.59,45744.2,9148.84
2025-11-24,STORE019,6,51.0,58085.7,5583.82,52501.88,8750.313333333334
2025-02-10,STORE008,4,22.0,23558.760000000002,2113.16,21445.6,5361.4
2025-03-18,STORE012,9,65.0,76065.98999999999,8254.54,67811.45000000001,7534.605555555557
2025-07-11,STORE011,8,72.0,77548.96,8515.849999999999,69033.11,8629.13875
2025-07-15,STORE016,12,99.0,105687.04,13812.54,91874.5,7656.208333333333
2025-03-10,STORE007,3,29.0,24330.53,3202.08,21128.45,7042.816666666667
2025-01-10,STORE019,8,71.0,60240.380000000005,6451.35,53789.03000000001,6723.628750000002
2025-01-24,STORE005,9,64.0,59733.490000000005,6995.780000000001,52737.70999999999,5859.745555555554
2025-02-21,STORE015,5,43.0,39789.82,4111.79,35678.03,7135.606
2025-02-08,STORE013,6,55.0,62591.42999999999,5836.610000000001,56754.82,9459.136666666667
2025-02-03,STORE011,6,62.0,55097.31,5283.620000000001,49813.69,8302.281666666668
2025-05-26,STORE018,4,22.0,31230.58,3354.9799999999996,27875.6,6968.9
2025-11-16,STORE004,5,46.0,43515.64,4072.6699999999996,39442.97,7888.594
2025-07-01,STORE009,7,81.0,70085.4,7480.5,62604.9,8943.557142857144
2025-03-12,STORE010,2,22.0,17198.27,1621.4900000000002,15576.78,7788.39
2025-01-22,STORE006,7,75.0,92738.91,9756.75,82982.16,11854.594285714285
2025-06-08,STORE005,14,103.0,91429.8,7351.910000000001,84077.89000000001,6005.563571428573
2025-09-11,STORE015,6,44.0,50976.4,5347.879999999999,45628.520000000004,7604.753333333334
2025-02-08,STORE006,8,78.0,96245.9,9702.56,86543.34,10817.9175
2025-09-24,STORE002,15,127.0,125819.15,14400.97,111418.18000000001,7427.878666666667
2025-03-31,STORE013,8,65.0,85143.88,9344.599999999999,75799.28,9474.91
2025-05-05,STORE005,9,70.0,81232.21,7316.460000000001,73915.75,8212.861111111111
2025-05-14,STORE006,6,61.0,78551.29999999999,6817.9,71733.4,11955.566666666666
2025-07-24,STORE012,12,124.0,120469.2,10845.159999999998,109624.04000000001,9135.336666666668
2025-11-21,STORE009,5,44.0,48450.42,4946.4400000000005,43503.979999999996,8700.795999999998
2025-05-19,STORE002,7,55.0,51086.28,6436.4800000000005,44649.8,6378.542857142857
2025-02-05,STORE007,7,61.0,55376.17,4627.97,50748.200000000004,7249.742857142858
2025-12-26,STORE004,11,136.0,146522.31999999998,15721.039999999999,130801.27999999998,11891.025454545454
2025-02-13,STORE002,3,26.0,25179.059999999998,2560.52,22618.54,7539.513333333333
2025-07-07,STORE010,3,25.0,27584.62,2832.31,24752.309999999998,8250.769999999999
2025-08-30,STORE001,5,33.0,46727.71,3803.28,42924.43000000001,8584.886000000002
2025-10-22,STORE010,4,28.0,35110.1,2344.48,32765.620000000003,8191.405000000001
2025-10-21,STORE001,4,17.0,13832.41,2367.7500000000005,11464.66,2866.165
2025-11-14,STORE017,8,59.0,53566.950000000004,6528.5,47038.450000000004,5879.806250000001
2025-06-05,STORE020,7,62.0,48343.44,5613.41,42730.03,6104.29
2025-04-23,STORE008,8,86.0,84441.86,7375.99,77065.87,9633.23375
2025-03-21,STORE015,6,39.0,44272.12,2693.1000000000004,41579.02,6929.836666666666
2025-10-03,STORE013,7,72.0,88383.14000000001,7979.0599999999995,80404.08000000002,11486.297142857145
2025-12-29,STORE014,9,81.0,94348.68000000001,9805.25,84543.43,9393.714444444444
2025-03-31,STORE007,11,114.0,124035.9,13924.029999999999,110111.87,10010.17
2025-07-09,STORE010,13,117.0,137109.28,14094.609999999999,123014.67,9462.666923076922
2025-09-02,STORE020,9,60.0,77834.26000000001,8678.11,69156.15,7684.016666666666
2025-03-24,STORE018,7,59.0,61139.26,7047.34,54091.92,7727.417142857143
2025-01-08,STORE006,5,30.0,45893.97,3047.84,42846.130000000005,8569.226
2025-07-12,STORE018,7,60.0,68923.98000000001,7114.82,61809.16,8829.880000000001
2025-12-16,STORE018,6,54.0,79705.18000000001,6595.9,73109.28,12184.88
2025-04-18,STORE019,7,43.0,44869.26,3726.64,41142.619999999995,5877.517142857142
2025-04-17,STORE009,14,103.0,113296.33,10660.240000000002,102636.09,7331.149285714286
2025-11-28,STORE006,6,50.0,64350.64,5937.51,58413.13,9735.521666666666
2025-10-17,STORE006,15,148.0,175670.72000000003,20611.8,155058.92,10337.261333333334
2025-08-11,STORE007,8,55.0,48067.38,3273.75,44793.630000000005,5599.203750000001
2025-05-09,STORE005,8,60.0,45472.16999999999,2869.15,42603.020000000004,5325.3775000000005
2025-02-15,STORE018,6,42.0,44567.79000000001,6561.31,38006.48000000001,6334.413333333335
2025-03-27,STORE010,8,80.0,90339.91,9975.07,80364.84000000001,10045.605000000001
2025-12-01,STORE011,6,67.0,89482.93,11527.02,77955.91,12992.651666666667
2025-05-25,STORE012,9,93.0,95391.23,8750.83,86640.4,9626.71111111111
2025-04-27,STORE013,8,74.0,73104.05,6831.459999999999,66272.59,8284.07375
2025-08-21,STORE009,9,119.0,131124.05,14140.6,116983.45,12998.16111111111
2025-03-30,STORE011,7,66.0,61661.16,6391.48,55269.68,7895.668571428571
2025-09-10,STORE005,9,76.0,84775.76000000001,7948.92,76826.84,8536.315555555555
2025-12-19,STORE017,4,34.0,38413.11,3295.4800000000005,35117.63,8779.4075
2025-10-08,STORE010,10,90.0,118452.79,10415.46,108037.33000000002,10803.733000000002
2025-08-13,STORE017,3,31.0,38881.03,3086.45,35794.58,11931.526666666667
2025-03-22,STORE019,7,42.0,29304.520000000004,3842.2799999999997,25462.239999999998,3637.462857142857
2025-01-03,STORE002,6,62.0,64850.58000000001,4862.5599999999995,59988.02,9998.003333333332
2025-01-23,STORE012,10,90.0,92189.72,8598.67,83591.05,8359.105
2025-06-17,STORE015,7,64.0,57730.13999999999,6131.960000000001,51598.18,7371.168571428571
2025-05-13,STORE011,6,51.0,38078.490000000005,2737.89,35340.6,5890.099999999999
2025-06-17,STORE009,9,78.0,75349.34,6566.41,68782.93000000001,7642.547777777779
2025-09-07,STORE017,2,7.0,5830.07,359.55,5470.5199999999995,2735.2599999999998
2025-09-12,STORE005,8,84.0,82661.59000000001,7752.65,74908.94,9363.6175
2025-07-10,STORE011,6,73.0,76227.19,10117.34,66109.85,11018.308333333334
2025-10-28,STORE016,4,30.0,28249.64,2220.69,26028.950000000004,6507.237500000001
2025-08-30,STORE006,11,94.0,98300.18,9899.900000000001,88400.28,8036.389090909091
2025-01-17,STORE020,6,41.0,34539.5,3075.9900000000002,31463.510000000002,5243.918333333334
2025-06-29,STORE011,10,94.0,85182.61,8423.48,76759.13,7675.9130000000005
2025-05-16,STORE013,7,68.0,70092.29999999999,5073.240000000001,65019.06,9288.437142857143
2025-04-09,STORE017,7,53.0,56032.56000000001,6600.320000000001,49432.240000000005,7061.748571428572
2025-09-20,STORE006,8,68.0,75003.5,8568.01,66435.49,8304.43625
2025-07-22,STORE010,6,41.0,38271.2,4318.83,33952.37,5658.7283333333335
2025-07-23,STORE001,4,35.0,38074.28,4308.89,33765.39,8441.3475
2025-11-15,STORE009,3,18.0,12157.470000000001,1535.5099999999998,10621.96,3540.653333333333
2025-03-18,STORE014,9,69.0,73476.92,6276.040000000001,67200.87999999999,7466.764444444443
2025-08-06,STORE005,9,109.0,134466.33,11006.84,123459.49,13717.721111111112
2025-11-29,STORE013,5,29.0,27917.780000000002,3581.3500000000004,24336.43,4867.286
2025-01-21,STORE008,7,72.0,70699.09999999999,6886.66,63812.439999999995,9116.062857142857
2025-06-27,STORE009,4,41.0,25060.78,2068.38,22992.4,5748.1
2025-09-07,STORE004,3,20.0,28715.550000000003,2784.78,25930.770000000004,8643.590000000002
2025-05-26,STORE019,5,49.0,43212.87,5316.280000000001,37896.59,7579.317999999999
2025-05-19,STORE009,7,66.0,72417.42000000001,5856.34,66561.07999999999,9508.725714285712
2025-07-10,STORE013,6,73.0,73000.45000000001,7250.64,65749.81,10958.301666666666
2025-01-08,STORE016,7,56.0,66830.85,5985.34,60845.51000000001,8692.215714285716
2025-11-29,STORE019,8,58.0,48471.42,6178.01,42293.41,5286.67625
2025-05-03,STORE001,11,94.0,89211.26,9767.429999999998,79443.83,7222.166363636364
2025-10-23,STORE007,5,27.0,36382.130000000005,2518.05,33864.08,6772.816000000001
2025-10-29,STORE011,8,66.0,64906.520000000004,5398.099999999999,59508.420000000006,7438.552500000001
2025-09-13,STORE007,11,94.0,92197.59,9807.779999999999,82389.81,7489.982727272727
2025-05-17,STORE005,7,50.0,62689.78,5947.24,56742.53999999999,8106.077142857142
2025-04-21,STORE020,5,33.0,29883.699999999997,2277.4299999999994,27606.269999999997,5521.253999999999
2025-01-31,STORE007,11,86.0,77066.69,6411.41,70655.28,6423.2072727272725
2025-07-20,STORE018,10,102.0,102773.48,8930.279999999999,93843.2,9384.32
2025-08-13,STORE015,8,94.0,91261.7,6579.57,84682.13,10585.26625
2025-09-20,STORE015,15,111.0,111544.83,11247.48,100297.35,6686.490000000001
2025-03-07,STORE015,11,83.0,75700.52,7241.02,68459.5,6223.590909090909
2025-12-24,STORE017,7,74.0,71005.91,7706.53,63299.380000000005,9042.768571428573
2025-08-10,STORE009,10,85.0,88956.48999999999,6946.59,82009.9,8200.99
2025-03-24,STORE016,6,25.0,21499.829999999998,2070.31,19429.52,3238.2533333333336
2025-11-30,STORE013,11,162.0,188719.78,20286.250000000004,168433.53,15312.139090909091
2025-11-29,STORE020,4,27.0,34604.59,4099.96,30504.629999999997,7626.157499999999
2025-03-01,STORE011,9,59.0,53654.5,4894.83,48759.670000000006,5417.741111111111
2025-10-02,STORE002,12,100.0,101576.47,9273.480000000001,92302.99000000002,7691.915833333335
2025-05-05,STORE012,4,24.0,26960.08,3084.32,23875.76,5968.94
2025-09-09,STORE005,6,56.0,50623.490000000005,5219.8,45403.69,7567.281666666667
2025-05-06,STORE008,4,22.0,18599.489999999998,2260.85,16338.640000000001,4084.6600000000003
2025-09-10,STORE006,9,110.0,141822.61,12828.850000000002,128993.76000000001,14332.640000000001
2025-05-21,STORE003,7,66.0,56770.619999999995,5708.48,51062.14,7294.591428571429
2025-12-08,STORE006,14,142.0,152350.66999999998,16846.8,135503.87,9678.847857142857
2025-03-21,STORE004,8,92.0,92963.95,8444.59,84519.36,10564.92
2025-05-21,STORE012,8,67.0,75796.54000000001,8544.1,67252.44,8406.555
2025-03-07,STORE018,4,26.0,22777.62,1428.91,21348.710000000003,5337.177500000001
2025-09-28,STORE015,12,73.0,90408.15999999999,10995.169999999998,79412.99,6617.749166666667
2025-04-17,STORE013,5,57.0,61241.130000000005,6303.960000000001,54937.17,10987.434
2025-10-22,STORE006,3,35.0,39243.57000000001,5010.82,34232.75,11410.916666666666
2025-07-28,STORE006,10,118.0,132579.61,10608.71,121970.9,12197.09
2025-09-15,STORE020,7,53.0,47502.22,4781.5,42720.72,6102.96
2025-05-11,STORE012,6,43.0,49074.87,6289.18,42785.69,7130.948333333334
2025-11-05,STORE002,9,96.0,105873.87000000001,11387.300000000001,94486.57,10498.507777777779
2025-03-28,STORE007,8,84.0,77071.43,6823.55,70247.87999999999,8780.984999999999
2025-09-18,STORE010,12,104.0,103292.01,11093.33,92198.67999999998,7683.2233333333315
2025-11-30,STORE009,6,54.0,49334.89000000001,4858.530000000001,44476.36,7412.7266666666665
2025-12-04,STORE008,7,71.0,68433.45,7536.5599999999995,60896.89,8699.555714285714
2025-05-18,STORE005,11,62.0,73463.84,8650.57,64813.27,5892.115454545455
2025-11-09,STORE001,9,98.0,110592.91,11205.789999999999,99387.12,11043.013333333332
2025-12-20,STORE002,3,21.0,20801.32,2903.17,17898.149999999998,5966.049999999999
2025-05-19,STORE018,9,94.0,108193.32,9469.560000000001,98723.76000000001,10969.306666666667
2025-03-11,STORE006,12,89.0,93302.2,10097.95,83204.25,6933.6875
2025-04-06,STORE003,4,51.0,54779.74999999999,4494.07,50285.68000000001,12571.420000000002
2025-10-10,STORE009,4,29.0,43322.59,5090.0599999999995,38232.53,9558.1325
2025-10-21,STORE002,8,47.0,52356.619999999995,3820.8599999999997,48535.759999999995,6066.969999999999
2025-03-23,STORE004,8,63.0,72652.34,5472.51,67179.82999999999,8397.478749999998
2025-06-13,STORE018,6,42.0,52215.41,6457.5,45757.91,7626.318333333334
2025-03-15,STORE008,7,56.0,61060.990000000005,6306.740000000001,54754.25,7822.035714285715
2025-04-17,STORE003,3,31.0,36491.850000000006,3959.55,32532.299999999996,10844.099999999999
2025-08-29,STORE008,4,38.0,47213.97,5898.98,41314.99,10328.7475
2025-01-02,STORE004,10,78.0,86133.01999999999,6674.65,79458.37,7945.8369999999995
2025-06-29,STORE012,11,79.0,62194.0,7176.129999999999,55017.869999999995,5001.624545454545
2025-09-30,STORE020,7,77.0,74764.42,6660.8099999999995,68103.61,9729.087142857143
2025-12-05,STORE019,7,67.0,55666.520000000004,6868.17,48798.34999999999,6971.192857142856
2025-12-23,STORE005,11,92.0,80421.06000000001,7353.929999999999,73067.13,6642.466363636364
2025-08-09,STORE005,9,57.0,66337.04,5459.37,60877.67,6764.185555555556
2025-12-05,STORE007,7,49.0,46294.2,5016.73,41277.47,5896.7814285714285
2025-09-13,STORE014,5,52.0,63558.630000000005,7223.08,56335.55,11267.11
2025-03-16,STORE007,9,64.0,60002.950000000004,5870.84,54132.11,6014.678888888889
2025-02-22,STORE005,8,36.0,34875.619999999995,2748.1800000000003,32127.440000000002,4015.9300000000003
2025-07-11,STORE013,10,93.0,95678.62,9394.189999999999,86284.43,8628.443
2025-01-15,STORE004,8,78.0,92833.06,9604.720000000001,83228.34,10403.5425
2025-04-17,STORE005,12,113.0,95709.05,10250.51,85458.54,7121.544999999999
2025-12-01,STORE017,12,103.0,80670.5,7420.490000000001,73250.01000000001,6104.1675000000005
2025-01-31,STORE001,11,116.0,126976.37,14754.73,112221.64,10201.967272727272
2025-03-25,STORE010,10,72.0,91197.87,10377.11,80820.76000000001,8082.076000000001
2025-12-07,STORE009,8,59.0,58481.58,6836.37,51645.20999999999,6455.651249999999
2025-06-20,STORE003,6,37.0,32327.68,3085.11,29242.570000000003,4873.761666666667
2025-07-07,STORE017,10,87.0,90703.64,8507.759999999998,82195.88,8219.588
2025-01-29,STORE018,5,40.0,45657.83,4061.77,41596.06,8319.212
2025-12-11,STORE006,5,40.0,49043.100000000006,4869.57,44173.53,8834.706
2025-02-14,STORE005,10,98.0,117448.69,13706.85,103741.84000000001,10374.184000000001
2025-08-02,STORE003,12,134.0,165430.74,17779.62,147651.12,12304.26
2025-01-13,STORE013,9,55.0,46946.63,4109.57,42837.06,4759.673333333333
2025-04-29,STORE016,9,90.0,108615.78,10341.319999999998,98274.45999999999,10919.384444444444
2025-05-22,STORE019,6,48.0,47132.2,6054.969999999999,41077.23,6846.205000000001
2025-10-25,STORE019,10,74.0,76425.80999999998,7386.99,69038.81999999999,6903.882
2025-05-01,STORE001,3,30.0,20042.92,2048.0099999999998,17994.91,5998.303333333333
2025-08-14,STORE011,10,75.0,90434.21,10349.73,80084.48000000001,8008.448000000001
2025-09-03,STORE020,9,105.0,112080.07,10223.539999999999,101856.53,11317.392222222223
2025-11-17,STORE019,8,73.0,70736.78,6927.210000000001,63809.57,7976.19625
2025-12-18,STORE010,6,51.0,48677.61,5437.33,43240.28,7206.713333333333
2025-08-24,STORE002,8,51.0,65435.68000000001,7145.51,58290.17,7286.27125
2025-07-11,STORE018,14,124.0,127065.20000000001,14222.689999999999,112842.51000000001,8060.179285714286
2025-04-03,STORE005,6,35.0,46067.869999999995,5013.93,41053.939999999995,6842.323333333333
2025-12-11,STORE008,8,68.0,71296.73000000001,7452.5199999999995,63844.21000000001,7980.526250000001
2025-02-05,STORE014,7,79.0,83370.16,6933.97,76436.19,10919.455714285714
2025-05-03,STORE020,9,82.0,87624.12000000001,9615.689999999999,78008.43,8667.603333333333
2025-09-30,STORE004,6,52.0,56254.03,5677.849999999999,50576.18,8429.363333333333
2025-09-23,STORE008,5,39.0,39380.95,4184.73,35196.22,7039.244000000001
2025-08-10,STORE006,9,79.0,91612.48999999999,7080.2699999999995,84532.22,9392.468888888889
2025-08-04,STORE019,8,71.0,62340.380000000005,7574.369999999999,54766.01,6845.75125
2025-03-16,STORE011,10,111.0,130375.63999999998,14691.57,115684.06999999999,11568.407
2025-04-20,STORE018,10,80.0,73104.28,6694.64,66409.64,6640.964
2025-09-11,STORE009,5,38.0,40503.28,4100.84,36402.44,7280.488
2025-11-23,STORE008,7,63.0,62003.84,5251.259999999999,56752.58,8107.511428571429
2025-03-18,STORE004,8,81.0,95334.0,9204.67,86129.33000000002,10766.166250000002
2025-06-01,STORE002,10,128.0,121456.61000000002,11700.85,109755.76000000001,10975.576000000001
2025-09-03,STORE011,11,108.0,85640.92,8961.449999999999,76679.47,6970.860909090909
2025-05-17,STORE009,7,75.0,83546.48999999999,6222.540000000001,77323.95000000001,11046.278571428573
2025-01-27,STORE005,4,35.0,44315.13,4137.72,40177.41,10044.3525
2025-01-12,STORE018,10,99.0,127046.63,15144.13,111902.5,11190.25
2025-09-03,STORE008,5,32.0,37848.94,4117.54,33731.4,6746.280000000001
2025-05-18,STORE004,9,75.0,89203.70999999999,10112.91,79090.80000000002,8787.866666666669
2025-05-19,STORE007,6,71.0,65887.09,4776.56,61110.53,10185.088333333333
2025-02-15,STORE019,9,61.0,63144.590000000004,7209.43,55935.16,6215.017777777778
2025-02-24,STORE005,9,55.0,61287.9,5351.23,55936.67,6215.185555555556
2025-10-21,STORE014,7,81.0,89857.14,10057.470000000001,79799.67,11399.952857142856
2025-11-11,STORE010,5,47.0,48033.94,6388.76,41645.18,8329.036
2025-12-07,STORE019,6,49.0,32376.46,2619.5599999999995,29756.9,4959.483333333334
2025-05-07,STORE017,6,59.0,61127.74,6187.75,54939.990000000005,9156.665
2025-02-14,STORE009,6,39.0,30668.56,3419.92,27248.640000000003,4541.4400000000005
2025-05-23,STORE020,9,78.0,63782.91,6192.17,57590.740000000005,6398.971111111112
2025-09-13,STORE004,8,86.0,94939.17000000001,6800.099999999999,88139.06999999999,11017.383749999999
2025-04-11,STORE008,11,126.0,127168.68,11932.24,115236.44,10476.04
2025-06-04,STORE005,6,68.0,79451.92,9889.16,69562.76,11593.793333333333
2025-06-26,STORE004,7,71.0,66921.4,6059.610000000001,60861.79000000001,8694.54142857143
2025-05-07,STORE014,7,60.0,68151.81999999999,8154.969999999999,59996.85,8570.978571428572
2025-05-20,STORE008,10,78.0,51715.729999999996,5578.970000000001,46136.76,4613.676
2025-09-25,STORE012,6,74.0,85919.9,8608.74,77311.16,12885.193333333335
2025-01-20,STORE011,5,34.0,40945.310000000005,5133.370000000001,35811.94,7162.388000000001
2025-10-18,STORE005,11,124.0,121339.06,13193.08,108145.98000000001,9831.452727272728
2025-07-17,STORE015,9,82.0,64427.87999999999,6702.280000000001,57725.6,6413.955555555555
2025-05-30,STORE010,13,136.0,151188.09000000003,17072.29,134115.80000000002,10316.600000000002
2025-12-31,STORE015,8,69.0,84120.37000000001,8775.18,75345.19,9418.14875
2025-08-12,STORE003,1,13.0,10987.15,1094.01,9893.140000000001,9893.140000000001
2025-10-06,STORE015,7,97.0,80846.01999999999,9476.51,71369.51000000001,10195.644285714287
2025-06-29,STORE015,7,49.0,51917.920000000006,4730.34,47187.58,6741.082857142857
2025-10-30,STORE018,11,94.0,96749.0,10828.399999999998,85920.6,7810.963636363637
2025-07-07,STORE007,9,76.0,67847.63,5562.4,62285.23,6920.581111111112
2025-10-06,STORE009,5,53.0,45362.29,4161.27,41201.020000000004,8240.204000000002
2025-08-22,STORE003,10,94.0,94981.64,10807.44,84174.2,8417.42
2025-11-22,STORE004,5,40.0,40004.82,3269.09,36735.729999999996,7347.145999999999
2025-03-16,STORE006,8,52.0,61484.04000000001,5845.92,55638.12,6954.765
2025-03-26,STORE020,3,22.0,16656.2,1456.66,15199.539999999999,5066.513333333333
2025-01-20,STORE009,10,81.0,71482.87000000001,6303.04,65179.829999999994,6517.982999999999
2025-01-16,STORE012,9,55.0,58374.29,6382.09,51992.2,5776.911111111111
2025-12-03,STORE008,5,39.0,37481.509999999995,5113.28,32368.229999999996,6473.645999999999
2025-08-03,STORE011,12,91.0,91101.51999999999,8995.79,82105.73,6842.144166666666
2025-03-29,STORE001,8,84.0,79905.06,7770.42,72134.64,9016.83
2025-06-05,STORE019,6,53.0,48800.4,4071.29,44729.11,7454.8516666666665
2025-12-17,STORE020,14,95.0,103726.7,10130.399999999998,93596.3,6685.45
2025-06-29,STORE014,9,98.0,110000.99000000002,10386.230000000001,99614.76000000001,11068.306666666667
2025-07-22,STORE011,8,96.0,109743.90999999999,11901.68,97842.23000000001,12230.278750000001
2025-01-07,STORE020,7,76.0,79966.13,7261.46,72704.67,10386.381428571429
2025-08-26,STORE020,17,158.0,168226.91,15574.880000000001,152652.03,8979.531176470588
2025-07-06,STORE004,11,81.0,87490.86,7953.740000000001,79537.12,7230.647272727272
2025-08-17,STORE008,10,61.0,71564.96,8449.59,63115.37000000001,6311.537000000001
2025-02-12,STORE001,6,69.0,78849.76000000001,9502.09,69347.67,11557.945
2025-01-28,STORE018,8,77.0,81171.25,9210.32,71960.93,8995.11625
2025-06-09,STORE003,13,97.0,117375.5,12885.79,104489.71000000002,8037.670000000002
2025-02-21,STORE006,7,71.0,75913.07999999999,6989.200000000001,68923.88,9846.268571428573
2025-06-15,STORE002,12,101.0,91648.98999999999,8705.19,82943.8,6911.983333333334
2025-08-19,STORE011,9,80.0,81376.15000000001,9556.69,71819.46,7979.9400000000005
2025-09-16,STORE001,5,61.0,66299.58,4857.719999999999,61441.85999999999,12288.372
2025-05-23,STORE003,7,50.0,45023.31999999999,4565.1900000000005,40458.130000000005,5779.732857142858
2025-07-26,STORE001,6,38.0,31313.889999999996,3906.82,27407.07,4567.845
2025-09-14,STORE019,5,49.0,66733.15,6980.4400000000005,59752.71000000001,11950.542000000001
2025-06-26,STORE017,8,94.0,97975.17,8453.56,89521.61000000002,11190.201250000002
2025-10-04,STORE009,13,122.0,114501.67,10059.19,104442.47999999998,8034.036923076922
2025-11-14,STORE006,6,40.0,39111.649999999994,5039.549999999999,34072.1,5678.683333333333
2025-10-05,STORE002,2,11.0,9983.369999999999,759.85,9223.52,4611.76
2025-04-09,STORE011,10,104.0,111858.18000000002,9603.689999999999,102254.49000000002,10225.449000000002
2025-08-17,STORE013,6,90.0,74594.20999999999,7414.34,67179.87,11196.644999999999
2025-03-04,STORE012,7,33.0,40067.39,4544.68,35522.71,5074.672857142857
2025-08-08,STORE018,8,80.0,84106.12,5523.42,78582.7,9822.8375
2025-11-04,STORE009,12,123.0,128706.32,13336.390000000001,115369.93,9614.160833333333
2025-08-04,STORE014,6,14.0,10928.19,785.6300000000001,10142.56,1690.4266666666665
2025-09-08,STORE004,6,60.0,73711.61,9585.369999999999,64126.24,10687.706666666667
2025-04-07,STORE018,7,41.0,42081.11,5355.12,36725.99,5246.57
2025-08-03,STORE009,11,119.0,129912.06,12429.909999999998,117482.15000000001,10680.195454545456
2025-09-10,STORE017,9,73.0,79125.13,6784.4400000000005,72340.69,8037.854444444445
2025-09-13,STORE008,11,72.0,62036.299999999996,6966.92,55069.38,5006.307272727273
2025-12-17,STORE004,9,73.0,79859.11,7302.719999999999,72556.39,8061.821111111111
2025-03-06,STORE018,9,69.0,70202.49,6817.080000000001,63385.41,7042.823333333334
2025-09-30,STORE018,8,93.0,98442.0,6587.4,91854.59999999999,11481.824999999999
2025-05-29,STORE006,10,72.0,94288.43,7988.81,86299.62,8629.962
2025-12-13,STORE018,8,64.0,80269.34,7413.53,72855.81,9106.97625
2025-01-02,STORE015,6,60.0,73423.80000000002,8730.11,64693.69,10782.281666666668
2025-09-19,STORE018,6,66.0,73461.33000000002,7981.780000000001,65479.549999999996,10913.258333333333
2025-05-09,STORE015,11,109.0,112474.59,10788.86,101685.73,9244.157272727272
2025-02-23,STORE015,5,49.0,57818.84,6571.570000000001,51247.270000000004,10249.454000000002
2025-12-24,STORE009,9,90.0,97451.28,9936.27,87515.01,9723.89
2025-04-25,STORE015,7,65.0,60404.07999999999,5733.389999999999,54670.69,7810.098571428572
2025-01-10,STORE009,11,113.0,138407.39,14734.34,123673.05,11243.004545454545
2025-02-16,STORE019,10,112.0,108666.58,10802.42,97864.16,9786.416000000001
2025-02-04,STORE014,10,104.0,131753.7,13082.529999999999,118671.16999999998,11867.116999999998
2025-09-29,STORE010,11,77.0,98965.01,10008.26,88956.75,8086.977272727273
2025-10-16,STORE016,7,75.0,69295.95000000001,7262.240000000001,62033.71000000001,8861.958571428573
2025-12-28,STORE013,12,113.0,137993.63,13628.1,124365.53,10363.794166666667
2025-08-31,STORE018,7,37.0,30792.510000000002,2790.43,28002.08,4000.297142857143
2025-06-08,STORE004,4,35.0,37565.090000000004,4855.47,32709.620000000003,8177.405000000001
2025-11-01,STORE019,4,37.0,47809.439999999995,5661.81,42147.630000000005,10536.907500000001
2025-04-01,STORE005,8,70.0,64330.350000000006,6572.860000000001,57757.490000000005,7219.686250000001
2025-01-28,STORE008,8,114.0,88351.62,8736.47,79615.15,9951.89375
2025-08-23,STORE012,8,95.0,89689.14,7167.1,82522.04,10315.255
2025-03-18,STORE002,7,65.0,58165.920000000006,5290.61,52875.31,7553.615714285714
2025-03-26,STORE002,5,62.0,52213.32000000001,6669.22,45544.1,9108.82
2025-12-08,STORE008,7,66.0,70933.67,7079.139999999999,63854.53,9122.075714285715
2025-03-17,STORE007,6,45.0,54005.71000000001,4611.73,49393.98,8232.33
2025-02-10,STORE012,8,93.0,102578.21999999999,9562.09,93016.13,11627.01625
2025-03-01,STORE005,9,75.0,64927.07,5724.89,59202.18,6578.02
2025-07-26,STORE015,8,64.0,74192.6,7831.629999999999,66360.97,8295.12125
2025-11-11,STORE009,8,70.0,81098.43,8346.57,72751.86000000002,9093.982500000002
2025-03-26,STORE018,7,41.0,40490.86,4013.26,36477.59999999999,5211.085714285713
2025-07-25,STORE009,7,39.0,39011.479999999996,3474.04,35537.439999999995,5076.777142857142
2025-04-10,STORE004,13,139.0,169010.5,17299.87,151710.63,11670.048461538461
2025-07-27,STORE018,9,84.0,93428.70000000001,10728.17,82700.53,9188.947777777777
2025-01-16,STORE004,13,101.0,120910.04999999999,12660.779999999999,108249.27,8326.866923076923
2025-12-19,STORE014,5,37.0,38121.69,3733.13,34388.56,6877.7119999999995
2025-08-12,STORE016,6,55.0,64348.83999999999,7588.04,56760.8,9460.133333333333
2025-05-27,STORE013,6,56.0,62123.6,5563.839999999999,56559.76,9426.626666666667
2025-07-19,STORE012,9,73.0,91073.38,9085.48,81987.9,9109.766666666666
2025-09-10,STORE018,3,13.0,9648.89,1018.8600000000001,8630.03,2876.6766666666667
2025-06-24,STORE004,5,48.0,46649.92,6356.16,40293.759999999995,8058.751999999999
2025-01-15,STORE005,8,73.0,73950.42000000001,6131.42,67819.0,8477.375
2025-09-04,STORE010,10,106.0,107853.62999999999,9333.61,98520.02,9852.002
2025-06-09,STORE012,8,82.0,76738.19,8097.910000000001,68640.28,8580.035
2025-01-16,STORE018,12,101.0,90737.04000000001,7657.120000000001,83079.92,6923.326666666667
2025-09-03,STORE013,7,67.0,74986.95999999999,7990.339999999999,66996.62,9570.945714285714
2025-01-25,STORE015,6,63.0,72424.79000000001,5171.3099999999995,67253.48000000001,11208.913333333336
2025-05-21,STORE005,6,68.0,76846.49,5827.2699999999995,71019.22,11836.536666666667
2025-10-19,STORE006,6,49.0,56864.19,5284.33,51579.86,8596.643333333333
2025-02-24,STORE015,7,81.0,75958.82,6631.639999999999,69327.18,9903.882857142857
2025-04-29,STORE013,16,125.0,130967.4,12243.39,118724.01000000001,7420.250625000001
2025-06-05,STORE010,9,89.0,87485.05,9850.959999999997,77634.09,8626.01
2025-05-31,STORE016,5,39.0,37689.350000000006,4011.34,33678.009999999995,6735.601999999999
2025-03-01,STORE016,7,82.0,81102.42,8663.93,72438.48999999999,10348.355714285713
2025-04-14,STORE014,3,26.0,35003.41,4729.67,30273.739999999998,10091.246666666666
2025-05-26,STORE017,6,63.0,67205.54000000001,7474.67,59730.87000000001,9955.145000000002
2025-02-10,STORE014,9,50.0,43963.69,3798.4199999999996,40165.270000000004,4462.807777777778
2025-10-30,STORE010,3,14.0,6848.2699999999995,662.06,6186.209999999999,2062.0699999999997
2025-04-10,STORE014,13,124.0,138481.36,14299.400000000001,124181.96,9552.458461538463
2025-11-16,STORE011,4,41.0,45305.7,3732.1,41573.6,10393.4
2025-11-01,STORE015,12,115.0,136723.65000000002,11740.750000000002,124982.9,10415.241666666667
2025-03-03,STORE011,11,113.0,127454.84999999999,14470.91,112983.94,10271.267272727273
2025-02-13,STORE017,6,53.0,43722.24999999999,3663.2900000000004,40058.96,6676.493333333333
2025-07-26,STORE013,6,55.0,56235.12999999999,4046.02,52189.11,8698.185
2025-10-07,STORE005,11,88.0,98318.84,10116.18,88202.66,8018.423636363636
2025-08-05,STORE002,3,46.0,57251.979999999996,3866.87,53385.11,17795.036666666667
2025-01-20,STORE012,4,23.0,16959.35,1469.78,15489.57,3872.3925
2025-11-09,STORE018,7,76.0,80803.04000000001,8776.84,72026.19999999998,10289.45714285714
2025-03-05,STORE002,6,53.0,50306.94,4159.11,46147.83,7691.305
2025-05-04,STORE003,9,101.0,105356.20000000001,10444.91,94911.29,10545.698888888888
2025-01-28,STORE001,14,109.0,119914.45000000001,12164.380000000001,107750.07,7696.433571428572
2025-01-16,STORE005,8,85.0,106641.13999999998,8971.6,97669.54000000001,12208.692500000001
2025-07-27,STORE003,8,80.0,74910.33,6458.9,68451.43,8556.42875
2025-12-18,STORE017,9,62.0,60471.729999999996,6583.62,53888.11,5987.567777777778
2025-01-04,STORE020,12,133.0,124517.33,14947.95,109569.38,9130.781666666668
2025-07-27,STORE013,11,110.0,114581.55,11893.27,102688.28,9335.298181818182
2025-07-30,STORE001,6,59.0,61213.7,6353.49,54860.21,9143.368333333334
2025-06-28,STORE017,11,94.0,112077.07,9820.57,102256.50000000001,9296.045454545456
2025-07-31,STORE019,5,48.0,54437.939999999995,4949.780000000001,49488.16,9897.632000000001
2025-02-06,STORE017,4,19.0,23158.859999999997,1466.65,21692.21,5423.0525
2025-12-19,STORE007,8,52.0,57022.22,5293.3,51728.92,6466.115
2025-05-05,STORE003,7,80.0,83515.61,9440.4,74075.20999999999,10582.172857142856
2025-06-16,STORE012,5,64.0,48399.73,6284.72,42115.009999999995,8423.001999999999
2025-06-09,STORE017,4,31.0,38374.479999999996,4396.26,33978.22,8494.555
2025-09-30,STORE001,7,56.0,51889.659999999996,4898.43,46991.229999999996,6713.032857142856
2025-09-23,STORE004,10,51.0,51012.95999999999,3222.46,47790.5,4779.05
2025-11-01,STORE002,9,77.0,83482.41,10734.310000000001,72748.1,8083.122222222223
2025-08-18,STORE004,7,91.0,94287.15999999999,11888.899999999998,82398.26000000001,11771.180000000002
2025-04-01,STORE006,7,68.0,75110.45,6664.44,68446.01,9778.001428571428
2025-06-08,STORE011,11,117.0,117603.16,12937.67,104665.48999999999,9515.044545454544
2025-09-05,STORE020,5,41.0,26028.769999999997,2425.96,23602.81,4720.562
2025-05-21,STORE013,14,107.0,99383.85,9103.460000000001,90280.38999999998,6448.599285714285
2025-10-27,STORE011,6,61.0,61881.29,7029.6,54851.68999999999,9141.948333333332
2025-11-08,STORE003,6,63.0,77924.08000000002,7073.39,70850.69,11808.448333333334
2025-11-13,STORE017,5,32.0,32271.559999999998,4132.96,28138.6,5627.719999999999
2025-09-21,STORE019,6,37.0,30330.699999999997,3460.5699999999997,26870.130000000005,4478.3550000000005
2025-05-24,STORE005,8,83.0,86918.04999999999,9611.1,77306.95,9663.36875
2025-01-05,STORE010,5,52.0,70425.01,6558.400000000001,63866.61,12773.322
2025-09-01,STORE016,10,92.0,112572.64000000001,10988.689999999999,101583.95,10158.395
2025-12-21,STORE004,10,104.0,110084.60999999999,14639.68,95444.93000000001,9544.493
2025-03-11,STORE003,7,62.0,73412.61,7192.099999999999,66220.51,9460.072857142857
2025-12-03,STORE015,8,65.0,56641.85,5189.689999999999,51452.16,6431.52
2025-11-14,STORE010,3,27.0,19534.32,2230.73,17303.59,5767.863333333334
2025-04-14,STORE013,12,113.0,106065.35,11022.880000000001,95042.47,7920.205833333333
2025-11-28,STORE015,9,81.0,85886.07999999999,7761.19,78124.89,8680.543333333333
2025-06-22,STORE008,12,131.0,118220.73999999999,13256.149999999998,104964.59,8747.049166666666
2025-07-17,STORE020,12,117.0,149895.1,17008.539999999997,132886.56,11073.88
2025-08-18,STORE019,9,92.0,87174.16,10473.46,76700.7,8522.3
2025-08-31,STORE020,10,95.0,93552.10999999999,9514.36,84037.75,8403.775
2025-04-02,STORE019,8,71.0,80117.29000000001,9862.630000000001,70254.66,8781.8325
2025-01-11,STORE017,7,51.0,57691.59,7383.89,50307.7,7186.814285714286
2025-11-30,STORE003,8,61.0,72113.10999999999,8735.61,63377.5,7922.1875
2025-06-30,STORE007,11,80.0,79078.29000000001,10637.88,68440.41,6221.855454545454
2025-12-04,STORE018,7,53.0,40349.270000000004,4091.84,36257.43,5179.632857142858
2025-10-06,STORE013,9,55.0,61183.17,5650.72,55532.45000000001,6170.272222222224
2025-11-24,STORE012,11,100.0,111054.95000000001,13562.06,97492.88999999998,8862.989999999998
2025-11-13,STORE006,12,101.0,118082.67,13612.37,104470.29999999999,8705.858333333332
2025-11-09,STORE006,12,89.0,99606.95,10380.81,89226.13999999998,7435.511666666665
2025-03-24,STORE013,7,62.0,61467.53,5548.97,55918.56,7988.365714285714
2025-05-17,STORE007,9,79.0,75668.12000000001,9383.44,66284.68000000001,7364.964444444446
2025-06-21,STORE005,8,81.0,88450.25,7740.77,80709.48,10088.685
2025-09-05,STORE012,8,43.0,36290.39,3744.84,32545.550000000003,4068.1937500000004
2025-08-05,STORE013,4,36.0,46082.229999999996,4206.76,41875.47,10468.8675
2025-04-09,STORE004,17,171.0,191548.1,23606.89,167941.21000000002,9878.894705882354
2025-12-06,STORE006,7,70.0,79377.37999999999,8391.4,70985.98,10140.854285714286
2025-12-19,STORE020,9,112.0,111077.12,13155.800000000001,97921.32,10880.146666666667
2025-10-26,STORE011,6,44.0,53494.56,5503.14,47991.42,7998.57
2025-01-03,STORE013,8,68.0,74968.26,8501.17,66467.09,8308.38625
2025-04-18,STORE020,6,84.0,56507.56,5202.42,51305.14,8550.856666666667
2025-02-11,STORE003,6,71.0,76607.64,7204.82,69402.81999999999,11567.136666666665
2025-12-27,STORE007,7,74.0,90836.06,9057.150000000001,81778.91,11682.701428571429
2025-02-24,STORE013,12,135.0,149143.34,14067.079999999998,135076.26,11256.355000000001
2025-01-24,STORE006,7,35.0,36745.27,3177.02,33568.25,4795.464285714285
2025-03-20,STORE008,13,103.0,101038.43,10702.0,90336.43,6948.956153846153
2025-12-31,STORE004,10,102.0,117259.54999999999,10265.06,106994.48999999999,10699.448999999999
2025-06-23,STORE014,8,66.0,74011.17,5880.39,68130.78,8516.3475
2025-08-13,STORE013,13,130.0,144593.71000000002,14365.96,130227.74999999999,10017.51923076923
2025-03-29,STORE003,6,64.0,71987.51999999999,7057.04,64930.48,10821.746666666668
2025-12-13,STORE004,9,74.0,66301.67,4474.39,61827.280000000006,6869.697777777778
2025-09-21,STORE006,10,132.0,155804.38999999998,14955.94,140848.45,14084.845000000001
2025-02-20,STORE012,9,85.0,85093.19,8663.8,76429.39,8492.154444444444
2025-05-06,STORE002,6,49.0,48266.68,3781.4500000000003,44485.229999999996,7414.204999999999
2025-11-13,STORE003,9,93.0,98419.65,8471.9,89947.75,9994.194444444445
2025-06-12,STORE001,8,61.0,74463.59,8730.400000000001,65733.19,8216.64875
2025-07-30,STORE005,4,36.0,52770.11,4695.59,48074.520000000004,12018.630000000001
2025-02-18,STORE018,10,79.0,98464.72,8108.73,90355.98999999999,9035.598999999998
2025-01-01,STORE003,4,38.0,43450.0,3927.3999999999996,39522.6,9880.65
2025-01-21,STORE007,9,74.0,73558.89,8854.900000000001,64703.990000000005,7189.332222222223
2025-08-01,STORE002,5,52.0,56633.05,3976.4299999999994,52656.619999999995,10531.323999999999
2025-02-23,STORE007,11,79.0,94385.16999999998,10605.080000000002,83780.09000000001,7616.371818181819
2025-09-13,STORE011,5,38.0,38590.41,4334.320000000001,34256.090000000004,6851.218000000001
2025-02-10,STORE006,7,56.0,43385.670000000006,5936.949999999999,37448.72,5349.817142857143
2025-02-06,STORE002,4,45.0,35777.14,3137.51,32639.63,8159.9075
2025-11-13,STORE001,10,79.0,90620.19999999998,6965.13,83655.07,8365.507000000001
2025-03-22,STORE003,14,149.0,153034.55000000002,13473.070000000002,139561.48,9968.677142857143
2025-05-12,STORE018,6,55.0,60426.66,5765.129999999999,54661.53,9110.255
2025-10-13,STORE007,7,45.0,60061.04000000001,6383.21,53677.83,7668.261428571429
2025-01-27,STORE015,7,41.0,58438.880000000005,5439.9,52998.979999999996,7571.282857142856
2025-01-07,STORE007,8,58.0,51037.58,5409.9400000000005,45627.64000000001,5703.455000000001
2025-05-31,STORE020,12,108.0,111083.09,11080.38,100002.70999999999,8333.559166666666
2025-01-28,STORE020,9,110.0,96704.03,10377.63,86326.40000000001,9591.822222222223
2025-08-29,STORE019,16,159.0,144236.88,15589.180000000002,128647.70000000001,8040.481250000001
2025-04-07,STORE012,6,33.0,37887.2,3144.66,34742.54,5790.423333333333
2025-08-23,STORE017,9,95.0,101787.99999999999,10745.850000000002,91042.15000000001,10115.794444444446
2025-05-03,STORE015,11,93.0,95258.98000000001,8635.940000000002,86623.04000000002,7874.82181818182
2025-06-14,STORE016,11,95.0,92433.11000000002,10032.079999999998,82401.03,7491.0027272727275
2025-03-03,STORE001,11,84.0,115772.39999999998,13278.140000000001,102494.26,9317.66
2025-10-30,STORE016,11,96.0,100856.47,10955.0,89901.47,8172.860909090909
2025-11-15,STORE014,7,59.0,74356.34,9097.380000000001,65258.96000000001,9322.708571428573
2025-02-25,STORE015,3,10.0,11312.400000000001,1175.77,10136.63,3378.8766666666666
2025-10-15,STORE007,8,60.0,64058.780000000006,6495.629999999999,57563.149999999994,7195.393749999999
2025-11-05,STORE006,8,87.0,103401.17,12100.51,91300.66,11412.5825
2025-03-02,STORE005,5,44.0,33427.83,2933.09,30494.74,6098.948
2025-12-06,STORE019,11,116.0,111642.04999999999,10738.59,100903.45999999999,9173.041818181817
2025-03-14,STORE014,6,59.0,66006.33,7426.81,58579.520000000004,9763.253333333334
2025-11-14,STORE003,10,88.0,104221.76999999999,8921.97,95299.79999999999,9529.98
2025-06-11,STORE017,7,50.0,46195.53,4090.4499999999994,42105.08,6015.011428571429
2025-08-21,STORE010,10,64.0,68384.82,7184.49,61200.33,6120.033
2025-03-30,STORE017,8,49.0,54614.81999999999,4684.829999999999,49929.99,6241.24875
2025-03-29,STORE008,8,72.0,76183.14000000001,8362.37,67820.77,8477.59625
2025-10-08,STORE005,6,48.0,46160.36,3899.32,42261.04,7043.506666666667
2025-10-29,STORE004,10,110.0,128329.97000000002,15474.91,112855.06,11285.506
2025-09-09,STORE009,5,49.0,50556.270000000004,4163.54,46392.729999999996,9278.545999999998
2025-08-14,STORE004,2,9.0,4917.719999999999,728.52,4189.2,2094.6
2025-05-16,STORE007,6,71.0,71897.43,7576.51,64320.92,10720.153333333334
2025-02-17,STORE007,10,98.0,76948.05,8866.57,68081.48,6808.147999999999
2025-01-02,STORE017,5,46.0,53949.64,5581.91,48367.729999999996,9673.545999999998
2025-11-19,STORE015,7,56.0,56695.22,3644.35,53050.87,7578.6957142857145
2025-09-10,STORE004,9,87.0,98866.44999999998,11113.79,87752.66,9750.295555555556
2025-12-08,STORE009,8,73.0,72179.56,7467.23,64712.33,8089.04125
2025-12-23,STORE019,4,38.0,34918.93,4281.95,30636.98,7659.245
2025-05-04,STORE010,9,85.0,103990.75,9331.789999999999,94658.96,10517.662222222223
2025-05-29,STORE014,9,61.0,57764.38,4432.15,53332.23,5925.803333333333
2025-04-25,STORE020,8,64.0,66542.32,7424.34,59117.98,7389.7475
2025-12-17,STORE008,7,53.0,48785.85,3475.84,45310.009999999995,6472.858571428571
2025-10-04,STORE005,7,68.0,69444.24,6047.08,63397.16,9056.737142857144
2025-05-30,STORE005,12,147.0,165447.62000000002,15607.91,149839.71,12486.6425
2025-03-27,STORE011,9,85.0,111399.17000000001,11529.750000000002,99869.42,11096.602222222222
2025-01-01,STORE005,6,58.0,65041.759999999995,7803.96,57237.8,9539.633333333333
2025-04-26,STORE008,7,59.0,60270.21000000001,6503.359999999999,53766.850000000006,7680.978571428573
2025-06-17,STORE003,3,33.0,39613.270000000004,4003.0699999999997,35610.200000000004,11870.066666666668
2025-05-10,STORE004,9,75.0,83429.77,9112.82,74316.95,8257.438888888888
2025-11-03,STORE013,8,93.0,98719.39,11036.24,87683.15,10960.39375
2025-04-17,STORE002,1,14.0,12881.82,1202.3700000000001,11679.45,11679.45
2025-05-06,STORE020,5,40.0,36565.13,2744.94,33820.19,6764.0380000000005
2025-07-22,STORE018,7,62.0,71320.72,8094.92,63225.8,9032.257142857143
2025-07-28,STORE016,12,85.0,74209.72,7438.01,66771.70999999999,5564.309166666666
2025-06-29,STORE005,12,102.0,110485.48999999999,11510.3,98975.19,8247.9325
2025-08-30,STORE005,9,70.0,75229.95,8787.17,66442.78,7382.531111111111
2025-06-13,STORE007,12,93.0,91581.23000000001,9886.74,81694.48999999999,6807.874166666666
2025-02-05,STORE005,9,73.0,78549.25,6203.459999999999,72345.79000000001,8038.421111111112
2025-01-26,STORE006,10,56.0,62531.030000000006,6098.4800000000005,56432.549999999996,5643.254999999999
2025-12-05,STORE010,5,51.0,55000.270000000004,4488.240000000001,50512.03,10102.405999999999
2025-05-17,STORE012,8,84.0,68113.5,7820.18,60293.31999999999,7536.664999999999
2025-09-08,STORE006,11,108.0,101547.13,9284.470000000001,92262.66,8387.514545454545
2025-11-27,STORE003,8,66.0,79458.36,6450.54,73007.82,9125.9775
2025-12-05,STORE001,7,59.0,58373.29,6845.700000000001,51527.59,7361.084285714285
2025-09-11,STORE006,7,48.0,53451.61,5264.939999999999,48186.67,6883.8099999999995
2025-02-01,STORE002,10,106.0,118043.75,13518.039999999999,104525.70999999999,10452.571
2025-02-03,STORE004,5,47.0,61967.869999999995,6506.540000000001,55461.33,11092.266
2025-02-25,STORE014,4,24.0,37863.020000000004,4863.3,32999.72,8249.93
2025-03-13,STORE002,8,53.0,52708.26,4752.300000000001,47955.96000000001,5994.495000000001
2025-01-20,STORE003,10,73.0,76670.37,8318.21,68352.16,6835.216
2025-06-05,STORE009,3,24.0,19197.34,2815.59,16381.75,5460.583333333333
2025-10-25,STORE020,3,23.0,20687.36,2142.7400000000002,18544.620000000003,6181.540000000001
2025-08-23,STORE015,4,45.0,38545.0,3945.4400000000005,34599.56,8649.89
2025-05-29,STORE017,9,75.0,83098.69000000002,8871.869999999999,74226.81999999999,8247.424444444443
2025-04-02,STORE005,8,59.0,62795.63,7636.76,55158.87,6894.85875
2025-07-03,STORE007,9,66.0,61124.63,7660.5,53464.130000000005,5940.458888888889
2025-06-03,STORE002,9,104.0,95759.91,10710.63,85049.28,9449.92
2025-01-10,STORE006,10,96.0,111409.15,9643.5,101765.65000000001,10176.565
2025-12-23,STORE016,4,42.0,56174.07000000001,4990.85,51183.22,12795.805
2025-07-31,STORE002,10,75.0,76411.82,8102.370000000001,68309.45000000001,6830.9450000000015
2025-08-31,STORE017,6,30.0,25373.339999999997,2249.3,23124.04,3854.0066666666667
2025-04-14,STORE006,4,45.0,52696.79,4495.26,48201.53,12050.3825
2025-12-26,STORE011,5,42.0,42017.6,3130.38,38887.22,7777.444
2025-11-09,STORE003,8,93.0,94586.08,10581.29,84004.79,10500.59875
2025-01-19,STORE006,5,59.0,65890.91,8412.130000000001,57478.78,11495.756
2025-04-18,STORE007,5,25.0,15131.420000000002,1940.8199999999997,13190.6,2638.12
2025-08-26,STORE007,6,68.0,73909.58000000002,10381.6,63527.979999999996,10587.996666666666
2025-04-30,STORE017,4,40.0,47467.369999999995,4621.33,42846.04,10711.51
2025-08-01,STORE012,6,63.0,70614.72,5930.950000000001,64683.76999999999,10780.628333333332
2025-02-19,STORE012,6,45.0,26749.67,1944.69,24804.98,4134.163333333333
2025-01-21,STORE011,12,73.0,61230.47,6829.110000000001,54401.36,4533.446666666667
2025-12-30,STORE018,6,43.0,38486.10999999999,3699.53,34786.58,5797.763333333333
2025-06-22,STORE007,8,70.0,75334.28,7107.520000000001,68226.76000000001,8528.345000000001
2025-04-27,STORE017,5,40.0,38194.840000000004,3475.98,34718.86,6943.772
2025-08-12,STORE010,11,100.0,114886.33000000002,11126.550000000003,103759.78,9432.707272727273
2025-02-06,STORE012,13,105.0,121256.95000000001,11961.04,109295.91,8407.377692307693
2025-08-26,STORE010,10,96.0,108230.66,12355.3,95875.36,9587.536
2025-02-16,STORE001,8,69.0,81827.65,11363.960000000001,70463.69,8807.96125
2025-07-01,STORE001,12,106.0,121925.11000000002,12861.97,109063.14,9088.595
2025-03-11,STORE020,8,84.0,73459.17,8617.86,64841.31,8105.16375
2025-09-22,STORE017,9,74.0,70585.57,6124.280000000001,64461.29000000001,7162.365555555556
2025-03-30,STORE019,10,92.0,108815.22000000002,10328.309999999998,98486.91,9848.691
2025-03-19,STORE013,12,101.0,78879.01999999999,7266.67,71612.35,5967.695833333334
2025-09-14,STORE016,11,83.0,96132.90000000001,9203.56,86929.34,7902.667272727273
2025-07-08,STORE006,14,99.0,97873.04,7885.990000000001,89987.04999999999,6427.646428571427
2025-11-29,STORE012,6,70.0,65856.93999999999,7324.84,58532.1,9755.35
2025-10-25,STORE006,7,70.0,77957.04000000001,8335.93,69621.10999999999,9945.872857142855
2025-11-08,STORE015,9,107.0,129457.20000000001,13210.8,116246.40000000001,12916.266666666668
2025-07-10,STORE006,3,12.0,7191.43,245.36,6946.070000000001,2315.356666666667
2025-06-23,STORE004,9,71.0,71695.73,8780.24,62915.490000000005,6990.610000000001
2025-06-14,STORE004,9,91.0,88324.54000000001,11515.79,76808.75,8534.305555555555
2025-04-30,STORE010,7,78.0,80259.07,9689.55,70569.52,10081.36
2025-08-25,STORE019,5,44.0,46375.03,3414.2899999999995,42960.740000000005,8592.148000000001
2025-07-13,STORE004,5,48.0,56238.73,4797.56,51441.17,10288.234
2025-01-23,STORE003,8,75.0,71106.62999999999,7212.16,63894.47,7986.80875
2025-01-03,STORE019,9,90.0,98334.99,7881.17,90453.82,10050.424444444445
2025-02-22,STORE015,8,88.0,103033.99,11793.170000000002,91240.82,11405.1025
2025-04-07,STORE019,5,27.0,27479.98,3460.7000000000003,24019.280000000002,4803.856000000001
2025-03-01,STORE010,9,56.0,59777.840000000004,7386.46,52391.37999999999,5821.264444444443
2025-08-31,STORE001,11,75.0,90470.42000000001,7171.22,83299.20000000001,7572.654545454547
2025-03-22,STORE012,11,69.0,66851.65000000001,7169.69,59681.96000000001,5425.632727272728
2025-03-17,STORE013,4,47.0,49543.46000000001,5970.110000000001,43573.34999999999,10893.337499999998
2025-12-27,STORE015,10,81.0,88969.84,8162.95,80806.88999999998,8080.6889999999985
2025-04-08,STORE004,8,71.0,75112.18000000001,6093.719999999999,69018.46,8627.3075
2025-11-08,STORE011,6,44.0,62388.54,3569.13,58819.41,9803.235
2025-02-26,STORE008,4,27.0,31775.47,3868.17,27907.300000000003,6976.825000000001
2025-07-17,STORE007,7,47.0,44607.89,3747.29,40860.600000000006,5837.228571428573
2025-11-24,STORE004,9,89.0,79536.31,7031.46,72504.85,8056.094444444445
2025-09-24,STORE013,9,75.0,75685.28,8327.619999999999,67357.66,7484.184444444445
2025-11-10,STORE010,6,61.0,75947.13000000002,7833.59,68113.54,11352.256666666666
2025-11-20,STORE020,13,82.0,80630.48999999999,8140.540000000001,72489.95,5576.15
2025-10-20,STORE001,8,82.0,81110.7,9722.380000000001,71388.31999999999,8923.539999999999
2025-07-20,STORE020,9,80.0,76813.09,9617.93,67195.16,7466.128888888889
2025-06-06,STORE001,6,40.0,43927.58999999999,3863.9599999999996,40063.62999999999,6677.271666666665
2025-06-19,STORE020,11,71.0,79185.90999999999,8653.42,70532.49,6412.044545454546
2025-02-17,STORE001,7,84.0,98359.77,10208.86,88150.91,12592.987142857144
2025-11-25,STORE013,7,77.0,76811.04999999999,6738.070000000001,70072.98000000001,10010.425714285715
2025-08-29,STORE018,6,56.0,70713.11,9321.330000000002,61391.78,10231.963333333333
2025-06-06,STORE020,3,28.0,24901.309999999998,2683.6900000000005,22217.62,7405.873333333333
2025-12-30,STORE005,2,11.0,12843.42,1660.81,11182.61,5591.305
2025-10-28,STORE015,16,146.0,154842.69,15938.26,138904.43,8681.526875
2025-05-17,STORE015,8,58.0,65786.13,7375.9,58410.229999999996,7301.2787499999995
2025-07-28,STORE020,8,79.0,81414.92000000001,7294.110000000001,74120.81,9265.10125
2025-11-25,STORE018,7,64.0,72718.42,9315.789999999999,63402.63,9057.51857142857
2025-02-08,STORE017,9,97.0,81880.12999999999,8755.05,73125.08,8125.0088888888895
2025-08-21,STORE015,9,90.0,89098.37999999999,10817.77,78280.61,8697.845555555556
2025-06-15,STORE003,5,39.0,37717.310000000005,2689.4100000000003,35027.9,7005.58
2025-01-03,STORE012,7,61.0,63257.18000000001,5447.400000000001,57809.780000000006,8258.54
2025-01-01,STORE007,9,113.0,118739.94,13046.539999999999,105693.40000000001,11743.711111111112
2025-02-19,STORE013,3,37.0,48489.94,3210.08,45279.85999999999,15093.286666666665
2025-11-04,STORE002,10,89.0,98306.73000000001,10219.55,88087.18000000001,8808.718
2025-05-27,STORE019,9,98.0,95734.32,12364.06,83370.26,9263.362222222222
2025-12-19,STORE018,10,77.0,91691.54999999999,8891.75,82799.79999999999,8279.98
2025-06-14,STORE020,5,26.0,33877.78,4794.42,29083.36,5816.6720000000005
2025-10-17,STORE020,6,57.0,64061.8,4977.7699999999995,59084.03,9847.338333333333
2025-05-30,STORE009,8,72.0,65760.84,7776.67,57984.17,7248.02125
2025-02-07,STORE016,12,105.0,103216.5,10203.04,93013.45999999999,7751.121666666666
2025-09-01,STORE018,9,95.0,105357.41999999998,13567.169999999998,91790.25,10198.916666666666
2025-08-10,STORE020,8,64.0,50726.46,5502.9400000000005,45223.520000000004,5652.9400000000005
2025-09-07,STORE020,9,83.0,72466.31999999999,7508.83,64957.490000000005,7217.498888888889
2025-02-07,STORE017,4,22.0,20176.76,1042.71,19134.05,4783.5125
2025-04-20,STORE020,7,40.0,40065.96000000001,4580.97,35484.990000000005,5069.284285714287
2025-01-29,STORE002,13,103.0,94624.12,9821.64,84802.48000000001,6523.267692307693
2025-07-14,STORE003,7,49.0,61379.27,5901.16,55478.10999999999,7925.444285714285
2025-09-30,STORE006,5,49.0,49333.060000000005,5748.45,43584.61,8716.922
2025-12-26,STORE017,5,37.0,44137.35,4617.62,39519.729999999996,7903.945999999999
2025-08-26,STORE011,5,39.0,34859.450000000004,2363.5000000000005,32495.95,6499.1900000000005
2025-12-21,STORE020,8,61.0,58738.68,5039.56,53699.12,6712.39
2025-06-28,STORE008,7,74.0,62490.72,6880.389999999999,55610.33,7944.332857142857
2025-11-02,STORE010,8,93.0,99194.72,9556.2,89638.52,11204.815
2025-02-01,STORE006,4,20.0,14513.29,1801.3100000000002,12711.98,3177.995
2025-04-24,STORE015,10,120.0,105505.99,12366.75,93139.24000000002,9313.924000000003
2025-06-21,STORE004,10,63.0,57701.479999999996,6284.85,51416.630000000005,5141.6630000000005
2025-06-07,STORE012,7,65.0,65187.71,6664.4400000000005,58523.270000000004,8360.467142857144
2025-04-11,STORE002,11,84.0,90717.35,7910.87,82806.48,7527.861818181817
2025-03-09,STORE012,8,62.0,70733.20000000001,7731.780000000001,63001.42,7875.1775
2025-11-04,STORE018,5,65.0,71031.23000000001,6556.32,64474.91,12894.982
2025-10-08,STORE002,8,87.0,93041.75999999998,9611.91,83429.85,10428.73125
2025-06-11,STORE008,10,77.0,73594.12,5175.929999999999,68418.19,6841.819
2025-09-15,STORE016,11,112.0,120258.66,9743.269999999999,110515.39000000001,10046.853636363638
2025-10-26,STORE010,8,87.0,77114.41,8017.04,69097.37,8637.17125
2025-02-03,STORE002,8,78.0,71251.61,7131.150000000001,64120.45999999999,8015.057499999999
2025-05-03,STORE013,7,61.0,66713.51,7178.84,59534.67,8504.952857142856
2025-08-20,STORE011,10,69.0,93776.59000000001,9946.219999999998,83830.37000000001,8383.037
2025-03-05,STORE019,8,64.0,68535.52,6249.82,62285.7,7785.7125
2025-08-06,STORE019,11,114.0,104164.93,11717.49,92447.44,8404.312727272727
2025-09-20,STORE013,5,31.0,30437.33,3975.29,26462.04,5292.408
2025-04-01,STORE019,4,32.0,27716.72,3726.6800000000003,23990.04,5997.51
2025-03-16,STORE020,9,71.0,68080.97,8130.3,59950.67,6661.185555555556
2025-09-23,STORE003,7,77.0,80277.25,9428.41,70848.84,10121.262857142856
2025-08-06,STORE007,4,41.0,26743.81,3424.7,23319.11,5829.7775
2025-11-26,STORE003,8,85.0,88165.06,10216.75,77948.31,9743.53875
2025-05-29,STORE012,9,46.0,47145.61,4872.22,42273.39,4697.043333333333
2025-09-02,STORE003,12,110.0,127748.36000000002,12530.630000000001,115217.73,9601.477499999999
2025-11-12,STORE012,9,91.0,91206.31,8753.730000000001,82452.57999999999,9161.397777777776
2025-02-26,STORE017,9,48.0,37915.21000000001,4890.93,33024.28,3669.3644444444444
2025-10-22,STORE012,12,98.0,104729.19,9718.27,95010.92,7917.576666666667
2025-12-03,STORE007,4,50.0,63402.04,4618.33,58783.71,14695.9275
2025-04-24,STORE005,9,91.0,90977.86,7860.48,83117.38,9235.264444444445
2025-09-24,STORE005,8,101.0,98054.62999999999,8321.9,89732.73,11216.59125
2025-06-13,STORE014,12,97.0,100391.24,7996.189999999999,92395.05,7699.587500000001
2025-09-08,STORE003,12,94.0,94139.89000000001,11939.05,82200.84,6850.07
2025-05-04,STORE013,10,96.0,102011.61,11734.3,90277.31,9027.731
2025-03-24,STORE014,7,75.0,62282.47,5774.2,56508.27,8072.61
2025-12-24,STORE013,6,52.0,53352.630000000005,5889.8099999999995,47462.81999999999,7910.469999999998
2025-09-30,STORE003,5,27.0,37546.520000000004,3817.44,33729.08,6745.816000000001
2025-04-16,STORE019,3,21.0,23461.43,1576.2800000000002,21885.149999999998,7295.049999999999
2025-06-01,STORE006,5,46.0,52701.76,5782.960000000001,46918.799999999996,9383.759999999998
2025-06-08,STORE009,7,69.0,68500.17,7860.659999999999,60639.509999999995,8662.787142857142
2025-12-14,STORE016,5,27.0,34208.57,3757.63,30450.940000000002,6090.188
2025-11-05,STORE012,7,62.0,71525.65,6947.55,64578.100000000006,9225.442857142858
2025-10-27,STORE014,7,72.0,81612.92000000001,9266.720000000001,72346.2,10335.171428571428
2025-07-11,STORE015,7,67.0,56444.60999999999,6633.18,49811.42999999999,7115.91857142857
2025-06-21,STORE013,7,54.0,66138.54,5518.960000000001,60619.58,8659.94
2025-12-29,STORE008,7,63.0,57408.23,6542.4,50865.829999999994,7266.547142857142
2025-01-07,STORE018,14,130.0,146876.40000000002,13089.449999999999,133786.95,9556.210714285715
2025-06-27,STORE007,6,56.0,57263.23,5241.9400000000005,52021.29,8670.215
2025-01-27,STORE016,6,87.0,98779.14,9995.62,88783.52,14797.253333333334
2025-07-17,STORE002,3,36.0,30160.66,2389.35,27771.31,9257.103333333334
2025-05-06,STORE003,9,82.0,82716.48000000001,7466.66,75249.81999999999,8361.09111111111
2025-01-13,STORE010,6,61.0,51805.72,4414.95,47390.77,7898.461666666666
2025-09-09,STORE016,6,59.0,58387.29,5326.6,53060.69,8843.448333333334
2025-06-02,STORE004,11,74.0,76692.66,9208.96,67483.7,6134.881818181818
2025-10-24,STORE008,7,42.0,42260.85,4346.19,37914.659999999996,5416.379999999999
2025-09-13,STORE015,5,50.0,48593.26000000001,6279.56,42313.7,8462.74
2025-04-07,STORE001,8,67.0,81739.07,11027.43,70711.64,8838.955
2025-07-01,STORE004,7,86.0,87935.68,7866.740000000001,80068.94,11438.42
2025-09-24,STORE006,8,60.0,72590.09,8226.3,64363.79,8045.47375
2025-05-22,STORE004,11,94.0,105102.86,9347.039999999999,95755.82,8705.074545454547
2025-07-04,STORE008,10,88.0,75927.43,9334.640000000001,66592.79,6659.2789999999995
2025-03-14,STORE003,9,48.0,44124.770000000004,4496.2699999999995,39628.5,4403.166666666667
2025-07-21,STORE003,6,37.0,37228.45,3323.0699999999997,33905.38,5650.8966666666665
2025-04-10,STORE005,13,85.0,90145.45,9481.91,80663.54,6204.887692307691
2025-02-02,STORE018,5,43.0,53915.119999999995,5037.05,48878.07,9775.614
2025-10-21,STORE010,5,33.0,24788.8,2792.0800000000004,21996.72,4399.344
2025-05-22,STORE020,7,74.0,50351.8,5345.0,45006.8,6429.542857142857
2025-02-17,STORE019,5,42.0,36903.32,3618.6100000000006,33284.71000000001,6656.942000000001
2025-04-22,STORE019,14,89.0,93808.18000000002,7514.32,86293.86,6163.847142857143
2025-11-07,STORE016,7,40.0,41599.21,4864.670000000001,36734.54,5247.791428571429
2025-03-19,STORE005,8,59.0,72597.02,6943.58,65653.44,8206.68
2025-10-31,STORE008,4,33.0,41518.59,3849.05,37669.54,9417.385
2025-08-24,STORE006,5,41.0,34121.94,3298.78,30823.159999999996,6164.632
2025-05-27,STORE017,8,39.0,33663.56,3374.51,30289.05,3786.13125
2025-06-16,STORE006,8,75.0,63196.990000000005,6953.799999999999,56243.19,7030.39875
2025-05-19,STORE004,5,35.0,35466.76,4070.19,31396.57,6279.314
2025-06-11,STORE003,11,104.0,117601.19,11600.98,106000.20999999999,9636.382727272727
2025-09-17,STORE007,10,70.0,73602.06,8868.570000000002,64733.490000000005,6473.349
2025-08-20,STORE018,8,90.0,92442.29999999999,9573.449999999999,82868.85,10358.60625
2025-06-03,STORE014,10,101.0,123135.49000000002,15313.39,107822.1,10782.210000000001
2025-11-08,STORE014,10,106.0,128653.81000000001,13683.79,114970.01999999999,11497.001999999999
2025-10-27,STORE007,6,44.0,52439.329999999994,4135.74,48303.590000000004,8050.598333333334
2025-09-02,STORE015,11,75.0,76915.16,7363.8,69551.36,6322.850909090909
2025-05-02,STORE007,9,61.0,65406.100000000006,7866.71,57539.39,6393.265555555556
2025-07-01,STORE005,5,40.0,45049.399999999994,3072.7999999999997,41976.6,8395.32
2025-02-01,STORE008,5,30.0,39390.840000000004,4103.29,35287.55,7057.51
2025-12-28,STORE005,8,48.0,57766.619999999995,5202.34,52564.28,6570.535
2025-01-23,STORE015,8,77.0,76750.83,9031.640000000001,67719.19,8464.89875
2025-03-03,STORE003,13,80.0,82671.12,7325.049999999999,75346.07,5795.851538461539
2025-05-09,STORE012,4,37.0,39539.83,1968.73,37571.100000000006,9392.775000000001
2025-03-05,STORE010,7,56.0,52276.2,4813.0,47463.200000000004,6780.4571428571435
2025-07-24,STORE008,6,70.0,79373.68000000001,7228.16,72145.51999999999,12024.253333333332
2025-03-10,STORE020,7,68.0,60978.41,7290.5,53687.90999999999,7669.701428571427
2025-02-19,STORE003,9,82.0,98143.76000000001,9752.14,88391.62,9821.29111111111
2025-10-09,STORE009,6,55.0,58520.69,7230.41,51290.28,8548.38
2025-11-08,STORE004,9,56.0,59556.72,6524.490000000001,53032.23,5892.47
2025-11-16,STORE013,7,53.0,51140.79000000001,6548.0,44592.78999999999,6370.398571428571
2025-05-21,STORE002,8,91.0,93653.26000000001,8735.259999999998,84918.0,10614.75
2025-07-02,STORE001,4,31.0,35445.9,3517.9,31928.0,7982.0
2025-04-16,STORE001,5,51.0,56781.31,4844.2300000000005,51937.08,10387.416000000001
2025-12-17,STORE019,8,66.0,47288.590000000004,5292.73,41995.86,5249.4825
2025-03-11,STORE017,5,44.0,33160.240000000005,2365.96,30794.28,6158.856
2025-08-14,STORE010,5,51.0,75447.15000000001,6214.86,69232.29000000001,13846.458000000002
2025-06-01,STORE016,5,46.0,35441.86,4633.2300000000005,30808.63,6161.726000000001
2025-03-27,STORE017,9,67.0,66927.0,7255.3099999999995,59671.689999999995,6630.187777777777
2025-01-20,STORE013,9,55.0,62189.92999999999,4594.86,57595.07000000001,6399.452222222223
2025-03-11,STORE013,5,36.0,37381.3,3344.25,34037.05,6807.410000000001
2025-12-16,STORE013,5,34.0,36933.369999999995,4323.429999999999,32609.939999999995,6521.987999999999
2025-01-25,STORE010,10,79.0,81099.78,6910.099999999999,74189.68000000001,7418.968000000001
2025-02-20,STORE018,6,50.0,49296.22,4695.3099999999995,44600.91,7433.485000000001
2025-10-26,STORE006,6,70.0,84016.61,7698.42,76318.18999999999,12719.698333333332
2025-03-29,STORE006,9,78.0,84332.15,9904.369999999999,74427.78,8269.753333333334
2025-04-14,STORE015,6,45.0,50559.020000000004,4533.52,46025.5,7670.916666666667
2025-06-08,STORE016,5,56.0,60383.59000000001,3858.62,56524.97,11304.994
2025-07-06,STORE005,5,54.0,45978.67,4493.4,41485.270000000004,8297.054
2025-11-28,STORE018,8,60.0,65145.91,7823.159999999999,57322.75,7165.34375
2025-10-17,STORE004,7,53.0,59954.91,5844.36,54110.55,7730.078571428572
2025-04-26,STORE007,2,9.0,8954.93,582.14,8372.79,4186.395
2025-03-24,STORE003,3,25.0,34907.68,4777.13,30130.550000000003,10043.516666666668
2025-07-28,STORE017,7,66.0,54813.990000000005,5616.05,49197.94,7028.277142857143
2025-05-05,STORE008,9,82.0,78048.78,9198.650000000001,68850.13,7650.014444444445
2025-04-26,STORE015,12,96.0,92428.5,10057.15,82371.34999999999,6864.279166666666
2025-05-21,STORE008,12,106.0,102364.70999999999,11613.060000000001,90751.65,7562.6375
2025-11-17,STORE008,6,52.0,61179.450000000004,6646.83,54532.62,9088.77
2025-04-15,STORE012,9,85.0,74074.55,6188.780000000001,67885.77,7542.863333333334
2025-08-23,STORE008,10,93.0,91356.10999999999,8914.01,82442.1,8244.210000000001
2025-02-24,STORE016,9,77.0,65495.44,6561.950000000001,58933.490000000005,6548.165555555556
2025-05-14,STORE018,6,57.0,64913.840000000004,5229.5199999999995,59684.32,9947.386666666667
2025-03-01,STORE019,15,101.0,107836.32,10283.5,97552.82,6503.521333333334
2025-10-11,STORE012,11,120.0,123323.63,11777.949999999999,111545.68,10140.516363636363
2025-08-28,STORE015,8,48.0,42017.69,4891.990000000001,37125.7,4640.7125
2025-09-17,STORE009,9,81.0,63119.18000000001,5811.110000000001,57308.07,6367.5633333333335
2025-06-12,STORE020,6,29.0,22095.980000000003,1150.1599999999999,20945.82,3490.97
2025-03-30,STORE009,4,29.0,36638.869999999995,3169.72,33469.15,8367.2875
2025-06-19,STORE016,7,69.0,73376.32999999999,5904.129999999999,67472.20000000001,9638.885714285716
2025-05-24,STORE017,8,81.0,95113.87,10674.09,84439.78,10554.9725
2025-06-13,STORE020,8,70.0,77555.16,7592.959999999999,69962.2,8745.275
2025-01-17,STORE010,6,52.0,63992.48000000001,5641.6900000000005,58350.79,9725.131666666666
2025-05-26,STORE007,5,46.0,44671.8,3598.92,41072.880000000005,8214.576000000001
2025-10-27,STORE005,6,35.0,37052.82,4457.71,32595.11,5432.518333333333
2025-09-21,STORE017,6,33.0,16574.65,2110.1099999999997,14464.54,2410.7566666666667
2025-02-24,STORE012,8,84.0,80208.51999999999,6103.289999999999,74105.23,9263.15375
2025-02-02,STORE012,3,29.0,40427.88,3950.3700000000003,36477.51,12159.17
2025-05-26,STORE010,1,2.0,471.66,36.3,435.36,435.36
2025-09-08,STORE020,14,111.0,87764.72,6806.04,80958.68000000001,5782.762857142858
2025-02-10,STORE002,8,80.0,79230.44,6643.530000000001,72586.91,9073.36375
2025-10-13,STORE018,9,116.0,131132.9,12811.69,118321.20999999999,13146.80111111111
2025-09-15,STORE005,7,46.0,46291.42,3173.01,43118.409999999996,6159.772857142857
2025-05-03,STORE009,6,46.0,50598.73,4190.25,46408.479999999996,7734.746666666666
2025-09-22,STORE013,3,25.0,23169.739999999998,1581.0900000000001,21588.65,7196.216666666667
2025-07-31,STORE010,8,43.0,45187.37000000001,5821.200000000001,39366.17,4920.77125
2025-11-03,STORE012,11,71.0,85110.1,8531.19,76578.91,6961.719090909091
2025-01-19,STORE008,8,78.0,83318.87999999999,8813.74,74505.14000000001,9313.142500000002
2025-10-24,STORE016,8,90.0,83445.1,8901.3,74543.8,9317.975
2025-07-30,STORE006,15,120.0,150849.77000000002,17657.88,133191.89,8879.459333333334
2025-10-02,STORE013,10,135.0,136067.22999999998,11121.26,124945.97,12494.597
2025-03-22,STORE010,5,37.0,46905.63,3419.3999999999996,43486.23,8697.246000000001
2025-04-11,STORE009,6,48.0,41346.43000000001,3737.3999999999996,37609.03,6268.171666666666
2025-03-08,STORE004,9,74.0,87202.69999999998,7327.759999999999,79874.94,8874.993333333334
2025-12-03,STORE017,9,77.0,69266.53,8885.210000000001,60381.32,6709.035555555555
2025-12-18,STORE007,7,76.0,72282.32,7542.44,64739.880000000005,9248.554285714286
2025-10-05,STORE001,12,100.0,91711.33000000002,10450.48,81260.85,6771.7375
2025-01-28,STORE002,9,85.0,99150.79,10438.640000000001,88712.15,9856.905555555555
2025-02-21,STORE003,6,47.0,52686.64,5271.63,47415.009999999995,7902.501666666666
2025-10-31,STORE005,7,63.0,80851.92,9774.2,71077.72,10153.960000000001
2025-06-13,STORE001,8,51.0,53064.700000000004,4161.610000000001,48903.09,6112.88625
2025-02-04,STORE008,9,79.0,79257.53,7230.869999999999,72026.66,8002.962222222222
2025-07-06,STORE019,11,92.0,91676.6,9690.99,81985.60999999999,7453.237272727271
2025-01-23,STORE011,5,43.0,27644.3,2045.8600000000001,25598.440000000002,5119.688
2025-03-02,STORE018,7,81.0,78593.65,9767.86,68825.79,9832.255714285713
2025-09-19,STORE019,13,124.0,161272.82,14510.72,146762.09999999998,11289.392307692306
2025-12-31,STORE014,10,73.0,87690.31999999999,7785.35,79904.97,7990.497
2025-06-26,STORE008,9,98.0,106904.34,10221.219999999998,96683.12,10742.568888888889
2025-02-28,STORE007,7,55.0,62838.9,6147.1900000000005,56691.71,8098.815714285714
2025-09-12,STORE012,5,53.0,47836.97,5715.75,42121.219999999994,8424.243999999999
2025-02-27,STORE007,6,73.0,73245.22,6749.71,66495.51000000001,11082.585000000001
2025-10-29,STORE008,8,58.0,44475.93000000001,4183.71,40292.22,5036.5275
2025-12-20,STORE018,5,65.0,82554.87000000001,10341.630000000001,72213.24,14442.648000000001
2025-12-27,STORE017,6,48.0,49639.18,6144.58,43494.600000000006,7249.100000000001
2025-05-30,STORE017,7,57.0,68942.73,7986.85,60955.88,8707.982857142857
2025-02-02,STORE020,5,33.0,21097.9,1697.9699999999998,19399.929999999997,3879.9859999999994
2025-01-11,STORE008,11,81.0,96552.69,8690.09,87862.6,7987.509090909091
2025-08-04,STORE010,10,117.0,118504.28,10667.26,107837.02,10783.702000000001
2025-10-26,STORE007,7,40.0,33026.55,3105.5,29921.05,4274.435714285714
2025-09-18,STORE014,8,71.0,77902.21,6162.79,71739.42,8967.4275
2025-11-15,STORE015,8,47.0,41681.3,4710.79,36970.51,4621.31375
2025-07-26,STORE003,6,44.0,37826.57,4144.07,33682.5,5613.75
2025-11-24,STORE007,5,37.0,41833.659999999996,4146.42,37687.240000000005,7537.448000000001
2025-06-30,STORE001,13,110.0,110433.80000000002,9497.63,100936.17,7764.320769230769
2025-11-17,STORE006,5,44.0,39273.12,3522.12,35751.0,7150.2
2025-04-10,STORE017,10,97.0,107038.26000000001,11718.550000000001,95319.70999999999,9531.971
2025-09-23,STORE019,9,77.0,76429.85,5432.54,70997.31,7888.59
2025-11-12,STORE016,9,92.0,91709.54999999999,7523.4,84186.15,9354.016666666666
2025-11-03,STORE018,8,82.0,69782.41,7340.07,62442.34,7805.2925
2025-04-13,STORE007,7,59.0,52976.57,6358.45,46618.12,6659.731428571429
2025-12-14,STORE003,12,67.0,65228.4,7458.14,57770.259999999995,4814.188333333333
2025-04-12,STORE017,6,57.0,70068.81999999999,7827.799999999999,62241.020000000004,10373.503333333334
2025-01-21,STORE005,12,89.0,93751.24,9712.880000000001,84038.36,7003.196666666667
2025-04-05,STORE016,7,67.0,63073.63,4407.360000000001,58666.270000000004,8380.895714285714
2025-05-16,STORE019,9,39.0,44352.76,4253.71,40099.05,4455.450000000001
2025-04-16,STORE016,10,72.0,56330.53,5816.09,50514.44,5051.444
2025-07-27,STORE007,2,19.0,20513.010000000002,2356.09,18156.920000000002,9078.460000000001
2025-09-11,STORE004,9,110.0,92954.40000000001,8406.21,84548.19,9394.243333333334
2025-10-17,STORE017,8,72.0,77343.03,8196.44,69146.59,8643.32375
2025-06-13,STORE011,10,108.0,116048.18000000001,11156.61,104891.56999999999,10489.157
2025-02-28,STORE002,10,90.0,79429.19,7716.25,71712.94,7171.294
2025-03-28,STORE013,12,70.0,67240.97,5477.0,61763.97,5146.9975
2025-02-01,STORE013,9,94.0,88400.12000000001,8057.469999999999,80342.65,8926.96111111111
2025-12-08,STORE004,7,47.0,59937.93,6951.63,52986.3,7569.471428571429
2025-09-21,STORE010,10,98.0,110456.15999999999,10473.05,99983.11,9998.311
2025-08-28,STORE006,12,130.0,158544.33,17672.340000000004,140871.99,11739.332499999999
2025-10-01,STORE005,4,24.0,39519.78,5393.09,34126.689999999995,8531.672499999999
2025-04-23,STORE013,9,67.0,57773.35,4617.32,53156.03,5906.225555555556
2025-11-23,STORE020,7,68.0,60292.93000000001,6634.41,53658.520000000004,7665.5028571428575
2025-11-13,STORE016,7,62.0,56817.380000000005,4875.7,51941.67999999999,7420.239999999999
2025-04-03,STORE016,5,34.0,46043.79,4883.87,41159.92,8231.984
2025-06-10,STORE013,7,57.0,45826.07,4658.54,41167.530000000006,5881.075714285716
2025-12-11,STORE001,9,78.0,83114.35999999999,8656.21,74458.15,8273.127777777778
2025-11-26,STORE005,8,91.0,84696.51,6663.83,78032.68000000001,9754.085000000001
2025-01-30,STORE019,8,88.0,70421.74,8025.0,62396.74,7799.5925
2025-12-26,STORE018,7,73.0,79053.53,9247.189999999999,69806.34,9972.334285714285
2025-01-20,STORE004,9,76.0,91726.01000000001,8711.52,83014.48999999999,9223.832222222221
2025-08-08,STORE004,9,70.0,69277.63,6356.65,62920.979999999996,6991.219999999999
2025-12-24,STORE005,18,169.0,178744.41,17230.18,161514.22999999998,8973.012777777776
2025-08-06,STORE008,9,70.0,54886.92,5398.54,49488.38,5498.708888888888
2025-01-21,STORE009,9,93.0,93671.12,8545.060000000001,85126.06,9458.451111111111
2025-12-15,STORE017,7,40.0,43543.729999999996,4030.93,39512.8,5644.685714285714
2025-07-14,STORE017,5,52.0,46037.07,4767.14,41269.93,8253.986
2025-06-28,STORE012,10,101.0,129438.22,14505.55,114932.66999999998,11493.266999999998
2025-11-10,STORE007,7,79.0,73655.34999999999,7754.5,65900.84999999999,9414.407142857142
2025-03-28,STORE016,9,101.0,99653.07,10642.55,89010.51999999999,9890.057777777776
2025-04-30,STORE004,3,28.0,35102.49,3419.4800000000005,31683.010000000002,10561.003333333334
2025-06-14,STORE008,13,125.0,130419.99,11343.460000000001,119076.53000000001,9159.733076923078
2025-03-20,STORE007,11,122.0,112030.95,11485.59,100545.36,9140.487272727272
2025-08-07,STORE010,7,70.0,73217.03,6459.849999999999,66757.18,9536.74
2025-12-01,STORE001,17,118.0,123548.43000000002,10990.82,112557.60999999999,6621.0358823529405
2025-06-12,STORE006,6,44.0,45137.159999999996,4735.95,40401.21000000001,6733.535000000001
2025-08-26,STORE006,6,63.0,90771.23000000001,10956.380000000001,79814.85,13302.475
2025-06-25,STORE014,4,47.0,58672.70000000001,6834.960000000001,51837.74,12959.435
2025-04-06,STORE002,6,36.0,44376.2,6090.64,38285.560000000005,6380.926666666667
2025-03-24,STORE012,11,126.0,127722.76999999999,12507.48,115215.29,10474.117272727271
2025-01-26,STORE007,5,56.0,42672.450000000004,3320.59,39351.86,7870.372
2025-09-03,STORE006,13,103.0,128048.01000000001,11419.71,116628.30000000002,8971.407692307694
2025-04-21,STORE001,8,112.0,135718.82,12959.0,122759.82,15344.9775
2025-08-11,STORE003,7,63.0,73407.63999999998,6741.16,66666.48000000001,9523.782857142858
2025-12-24,STORE003,6,54.0,43237.119999999995,3600.67,39636.45,6606.075
2025-06-13,STORE013,15,134.0,132201.54,13320.54,118881.00000000001,7925.400000000001
2025-04-19,STORE020,12,100.0,124983.92000000001,12538.73,112445.19000000002,9370.4325
2025-01-29,STORE016,4,25.0,26043.36,3589.12,22454.24,5613.56
2025-01-07,STORE002,9,73.0,67048.42,6625.370000000001,60423.05,6713.672222222222
2025-06-10,STORE020,9,61.0,50466.56,5364.679999999999,45101.88,5011.32
2025-06-27,STORE019,7,60.0,59511.66,5559.65,53952.009999999995,7707.429999999999
2025-07-18,STORE012,11,117.0,117318.00000000001,11842.810000000001,105475.19,9588.653636363637
2025-01-31,STORE002,9,89.0,100380.21,9016.220000000001,91363.99,10151.554444444446
2025-01-26,STORE020,13,88.0,77837.46,9663.869999999999,68173.59,5244.122307692307
2025-10-21,STORE018,9,72.0,62270.44,6984.46,55285.98,6142.886666666667
2025-05-15,STORE010,6,29.0,35925.95,4402.39,31523.559999999998,5253.926666666666
2025-12-04,STORE003,10,122.0,129477.64,10969.57,118508.07,11850.807
2025-03-09,STORE007,10,82.0,72155.77000000002,7158.25,64997.51999999999,6499.751999999999
2025-05-13,STORE003,10,87.0,89328.35,7810.990000000001,81517.36,8151.736
2025-04-14,STORE008,9,73.0,79989.65000000001,7443.3099999999995,72546.34,8060.704444444444
2025-10-16,STORE020,8,75.0,71518.06000000001,6438.360000000001,65079.7,8134.9625
2025-12-20,STORE008,6,44.0,47160.869999999995,5549.1900000000005,41611.67999999999,6935.279999999999
2025-06-02,STORE017,12,107.0,97912.89,10036.740000000002,87876.15,7323.0125
2025-08-17,STORE002,12,127.0,125817.89,12422.600000000002,113395.29,9449.6075
2025-01-04,STORE001,6,56.0,69811.98000000001,7061.68,62750.3,10458.383333333333
2025-06-14,STORE006,6,58.0,66260.08,6381.01,59879.06999999999,9979.845
2025-09-09,STORE017,8,75.0,87952.04,7449.42,80502.62,10062.8275
2025-02-27,STORE019,8,62.0,65443.05,6829.110000000001,58613.939999999995,7326.742499999999
2025-04-03,STORE007,8,75.0,83521.86000000002,9254.73,74267.13,9283.39125
2025-07-16,STORE020,15,150.0,148936.0,15156.06,133779.94,8918.662666666667
2025-08-14,STORE008,5,26.0,24782.32,3297.97,21484.350000000002,4296.870000000001
2025-01-27,STORE002,11,106.0,95480.67000000001,11179.77,84300.90000000001,7663.7181818181825
2025-02-01,STORE010,10,122.0,141528.28,12893.25,128635.02999999998,12863.502999999999
2025-03-20,STORE001,9,80.0,76711.89,7280.21,69431.68,7714.63111111111
2025-12-29,STORE009,8,107.0,116545.8,11959.13,104586.67,13073.33375
2025-09-03,STORE002,7,64.0,60702.74999999999,5767.579999999999,54935.17,7847.881428571428
2025-06-16,STORE016,7,65.0,58249.82000000001,6236.4400000000005,52013.380000000005,7430.482857142858
2025-06-25,STORE019,3,26.0,29913.89,3922.96,25990.93,8663.643333333333
2025-10-09,STORE002,6,54.0,52217.63,5009.7,47207.93,7867.988333333334
2025-10-10,STORE019,8,64.0,70493.56,6959.499999999999,63534.060000000005,7941.757500000001
2025-01-16,STORE003,7,80.0,102325.55000000002,9826.179999999998,92499.37,13214.195714285714
2025-07-02,STORE002,7,51.0,43045.02,5092.0,37953.020000000004,5421.860000000001
2025-03-15,STORE002,11,95.0,89937.16,10015.24,79921.92000000001,7265.629090909092
2025-02-25,STORE016,7,73.0,100865.20999999999,11100.55,89764.66,12823.522857142858
2025-04-29,STORE018,4,36.0,40719.93000000001,5156.959999999999,35562.97,8890.7425
2025-04-09,STORE005,9,60.0,72767.5,6558.82,66208.68000000001,7356.52
2025-01-06,STORE003,8,72.0,76413.7,7222.14,69191.56,8648.945
2025-10-09,STORE015,11,128.0,130316.3,12501.12,117815.18000000001,10710.47090909091
2025-06-22,STORE014,6,37.0,39468.72,4085.3199999999997,35383.399999999994,5897.233333333333
2025-07-14,STORE006,8,86.0,90657.23999999999,8760.68,81896.56,10237.07
2025-03-25,STORE007,8,79.0,64565.100000000006,7754.42,56810.67999999999,7101.334999999999
2025-08-31,STORE009,10,103.0,97366.89000000001,10058.439999999999,87308.45,8730.845
2025-11-23,STORE010,6,37.0,48140.759999999995,3013.4900000000002,45127.270000000004,7521.211666666667
2025-03-17,STORE019,6,67.0,73321.06,7983.909999999999,65337.149999999994,10889.525
2025-06-15,STORE016,6,32.0,36837.78,2469.77,34368.009999999995,5728.001666666666
2025-07-29,STORE010,6,48.0,52917.27,4519.370000000001,48397.90000000001,8066.316666666668
2025-05-01,STORE007,11,111.0,113967.6,12623.99,101343.61,9213.055454545454
2025-11-30,STORE005,7,77.0,76055.82,6003.259999999999,70052.56,10007.50857142857
2025-12-31,STORE005,7,71.0,93689.48999999999,8846.18,84843.30999999998,12120.472857142855
2025-09-28,STORE013,8,59.0,57860.57,5603.679999999999,52256.89,6532.11125
2025-09-29,STORE011,6,52.0,60698.15999999999,6330.45,54367.70999999999,9061.284999999998
2025-08-24,STORE014,5,39.0,47544.89,4165.59,43379.3,8675.86
2025-02-20,STORE005,9,95.0,100901.93,9103.5,91798.43,10199.825555555555
2025-01-24,STORE010,8,59.0,68874.33,7160.0,61714.33,7714.29125
2025-10-06,STORE019,5,37.0,36460.45,4288.55,32171.9,6434.38
2025-10-10,STORE013,12,92.0,104064.79000000001,12302.79,91762.0,7646.833333333333
2025-12-15,STORE001,11,75.0,67698.28,6741.900000000001,60956.38,5541.489090909091
2025-12-26,STORE010,10,66.0,73727.87999999999,5840.94,67886.93999999999,6788.693999999999
2025-02-16,STORE014,10,50.0,59042.0,6020.43,53021.57,5302.157
2025-11-15,STORE006,13,90.0,89551.40000000001,9559.86,79991.54000000001,6153.195384615386
2025-07-05,STORE010,7,47.0,64186.13999999999,6236.24,57949.9,8278.557142857144
2025-09-01,STORE019,9,96.0,93725.63,8604.06,85121.57,9457.952222222222
2025-05-04,STORE016,9,68.0,61631.840000000004,7009.49,54622.35,6069.15
2025-12-26,STORE009,12,99.0,117444.2,13510.31,103933.89,8661.1575
2025-01-19,STORE009,9,66.0,66194.94,7594.04,58600.9,6511.211111111112
2025-06-03,STORE009,9,93.0,86274.11,7217.79,79056.31999999999,8784.035555555554
2025-03-23,STORE010,8,48.0,49864.97,5938.35,43926.62000000001,5490.827500000001
2025-09-12,STORE004,11,103.0,125285.04,13768.84,111516.2,10137.836363636363
2025-01-31,STORE005,4,32.0,39430.35,5509.15,33921.200000000004,8480.300000000001
2025-07-30,STORE013,9,95.0,84545.94,6115.06,78430.88,8714.542222222222
2025-03-04,STORE019,7,78.0,94334.77,10031.3,84303.47,12043.352857142858
2025-05-16,STORE002,11,108.0,109151.1,10612.970000000001,98538.13,8958.011818181818
2025-06-21,STORE001,6,56.0,61905.0,6835.15,55069.850000000006,9178.308333333334
2025-08-02,STORE014,11,103.0,118603.08,12183.650000000001,106419.43,9674.493636363635
2025-11-12,STORE014,6,53.0,76809.62,7636.82,69172.8,11528.800000000001
2025-01-13,STORE017,9,81.0,82215.45999999999,7085.0,75130.46,8347.82888888889
2025-10-28,STORE001,12,88.0,90283.45999999999,9862.210000000001,80421.25,6701.770833333333
2025-08-09,STORE007,8,67.0,62435.0,6277.879999999999,56157.119999999995,7019.639999999999
2025-12-18,STORE012,7,64.0,56721.89,6374.58,50347.310000000005,7192.472857142858
2025-07-06,STORE006,5,38.0,36888.92,4712.02,32176.9,6435.38
2025-02-17,STORE004,11,92.0,88851.91999999998,10217.09,78634.83,7148.62090909091
2025-04-23,STORE001,11,114.0,139163.09999999998,10660.45,128502.65000000001,11682.059090909092
2025-07-12,STORE005,5,71.0,75917.45999999999,6671.279999999999,69246.18,13849.235999999999
2025-10-28,STORE005,1,4.0,2057.28,58.79,1998.49,1998.49
2025-09-09,STORE019,12,108.0,114101.94,10981.71,103120.23,8593.352499999999
2025-04-12,STORE007,10,88.0,91996.64000000001,9627.890000000001,82368.75,8236.875
2025-04-29,STORE005,7,49.0,46964.18,3962.72,43001.46000000001,6143.065714285715
2025-02-12,STORE010,6,77.0,78808.53,7350.500000000001,71458.03000000001,11909.671666666669
2025-12-17,STORE002,9,90.0,80285.5,6975.61,73309.89,8145.543333333333
2025-12-15,STORE002,7,90.0,92285.48,8857.28,83428.20000000001,11918.314285714287
2025-12-02,STORE009,9,94.0,89581.56000000001,7420.13,82161.43000000001,9129.047777777778
2025-01-07,STORE010,10,73.0,79854.63999999998,7602.02,72252.62,7225.262
2025-01-28,STORE009,7,87.0,98576.33,10971.130000000001,87605.2,12515.028571428571
2025-10-22,STORE018,6,52.0,50402.66,6114.99,44287.67,7381.278333333333
2025-10-30,STORE005,6,71.0,71188.04,7306.029999999999,63882.009999999995,10647.001666666665
2025-05-30,STORE003,9,90.0,107737.82,9640.81,98097.01000000001,10899.667777777779
2025-09-16,STORE011,8,56.0,54821.29,5950.72,48870.57,6108.82125
2025-07-13,STORE013,7,50.0,42113.719999999994,3274.72,38839.0,5548.428571428572
2025-05-27,STORE010,6,54.0,53448.64,6595.400000000001,46853.240000000005,7808.873333333334
2025-04-20,STORE002,8,95.0,108117.01000000001,12609.179999999998,95507.83,11938.47875
2025-10-04,STORE017,10,94.0,100924.57999999999,10201.81,90722.77,9072.277
2025-08-08,STORE016,4,41.0,34980.25,3989.1,30991.15,7747.7875
2025-02-15,STORE009,6,44.0,41158.01,5018.57,36139.439999999995,6023.239999999999
2025-10-05,STORE018,5,48.0,54876.350000000006,4731.74,50144.61,10028.922
2025-12-16,STORE002,10,67.0,65988.43999999999,7162.77,58825.67,5882.567
2025-12-28,STORE015,11,101.0,122602.82999999999,14766.210000000001,107836.62000000001,9803.329090909092
2025-06-22,STORE018,9,43.0,48494.89000000001,4812.139999999999,43682.75,4853.638888888889
2025-03-18,STORE007,8,67.0,56492.75,6404.470000000001,50088.27999999999,6261.034999999999
2025-12-03,STORE020,12,110.0,123868.8,10128.78,113740.01999999999,9478.335
2025-05-31,STORE007,5,52.0,60917.62,6874.5,54043.119999999995,10808.624
2025-12-02,STORE003,6,50.0,48459.73999999999,5835.46,42624.28,7104.046666666666
2025-04-26,STORE006,7,54.0,65417.75,5375.660000000001,60042.09,8577.441428571428
2025-08-11,STORE006,4,27.0,34238.84,4936.8099999999995,29302.03,7325.5075
2025-11-02,STORE008,5,42.0,42150.78,4275.950000000001,37874.83,7574.966
2025-09-03,STORE003,7,51.0,50494.15999999999,5819.47,44674.689999999995,6382.098571428571
2025-08-31,STORE011,7,60.0,56597.25,5719.83,50877.42,7268.202857142857
2025-08-02,STORE004,7,79.0,87309.51000000001,7142.04,80167.47,11452.495714285715
2025-09-27,STORE006,7,45.0,50607.520000000004,3732.29,46875.229999999996,6696.461428571428
2025-09-04,STORE011,11,81.0,86639.73000000001,8611.91,78027.82,7093.438181818183
2025-08-04,STORE006,9,87.0,107322.66,11017.82,96304.84,10700.537777777778
2025-01-27,STORE004,4,43.0,40353.299999999996,3671.2700000000004,36682.03,9170.5075
2025-07-16,STORE014,7,56.0,71726.82999999999,8348.89,63377.94,9053.99142857143
2025-01-18,STORE007,10,96.0,89988.66,8216.36,81772.3,8177.2300000000005
2025-12-03,STORE004,5,35.0,37061.19,3744.24,33316.95,6663.389999999999
2025-09-10,STORE003,5,39.0,45764.72,5880.799999999999,39883.92,7976.784
2025-01-03,STORE017,7,53.0,64038.64,7340.9,56697.73999999999,8099.677142857142
2025-08-11,STORE005,10,69.0,85165.10999999999,11507.07,73658.04,7365.803999999999
2025-11-03,STORE010,6,58.0,52598.63,4562.41,48036.22,8006.036666666667
2025-05-08,STORE006,9,80.0,80502.6,6959.36,73543.23999999999,8171.47111111111
2025-01-17,STORE003,11,83.0,93923.79000000001,9741.849999999999,84181.94,7652.903636363637
2025-08-10,STORE005,12,105.0,100187.19,11359.079999999998,88828.11,7402.3425
2025-02-10,STORE015,11,113.0,128491.23999999999,12981.05,115510.19,10500.926363636363
2025-04-23,STORE002,8,76.0,66879.02,7633.74,59245.280000000006,7405.660000000001
2025-08-31,STORE003,16,125.0,149197.90000000002,15016.53,134181.37,8386.335625
2025-09-19,STORE014,15,116.0,111159.43000000001,9265.65,101893.77999999998,6792.918666666666
2025-03-04,STORE020,9,75.0,78554.28000000001,7489.72,71064.56,7896.062222222222
2025-01-13,STORE006,12,144.0,139641.35,15352.840000000002,124288.51000000001,10357.375833333334
2025-02-04,STORE006,16,155.0,184422.91000000003,18649.02,165773.89,10360.868125
2025-08-05,STORE017,15,144.0,139602.82,12849.170000000002,126753.65,8450.243333333334
2025-01-29,STORE014,11,88.0,115874.36,11115.130000000001,104759.22999999998,9523.566363636362
2025-03-27,STORE002,9,62.0,59354.73,6316.8099999999995,53037.920000000006,5893.102222222223
2025-04-08,STORE003,8,49.0,48100.990000000005,4496.57,43604.420000000006,5450.552500000001
2025-04-12,STORE002,5,40.0,53392.97,5929.05,47463.92,9492.784
2025-01-21,STORE020,8,52.0,48650.490000000005,4572.63,44077.86,5509.7325
2025-01-19,STORE017,9,84.0,91042.86,8460.5,82582.35999999999,9175.817777777776
2025-05-23,STORE006,4,21.0,15726.18,1287.8500000000001,14438.33,3609.5825
2025-08-30,STORE018,8,56.0,52585.299999999996,5841.68,46743.62000000001,5842.952500000001
2025-08-24,STORE013,8,97.0,89766.37999999999,10519.42,79246.96,9905.87
2025-09-20,STORE005,8,64.0,72492.23,7567.29,64924.94,8115.6175
2025-01-15,STORE003,7,66.0,72590.63,6635.4,65955.23,9422.175714285713
2025-08-07,STORE019,5,41.0,49613.97,4223.08,45390.89,9078.178
2025-04-29,STORE011,9,77.0,76984.37,7320.28,69664.09,7740.454444444444
2025-11-28,STORE013,5,52.0,43792.44,5605.77,38186.67,7637.334
2025-01-26,STORE017,6,53.0,53342.44,4738.76,48603.68,8100.613333333334
2025-06-30,STORE010,14,102.0,97758.46,8080.130000000001,89678.33,6405.595
2025-12-30,STORE015,10,94.0,96052.51000000001,9766.52,86285.98999999999,8628.598999999998
2025-06-27,STORE008,5,44.0,50541.52,4897.389999999999,45644.130000000005,9128.826000000001
2025-08-29,STORE015,4,43.0,43747.45,3467.12,40280.33,10070.0825
2025-06-29,STORE016,8,60.0,67709.79999999999,6793.63,60916.17,7614.52125
2025-11-07,STORE011,11,113.0,130819.31,15225.36,115593.95,10508.540909090909
2025-03-12,STORE017,4,27.0,34998.58,2668.98,32329.6,8082.4
2025-08-21,STORE003,8,65.0,82170.02,7285.710000000001,74884.31,9360.53875
2025-07-09,STORE008,8,66.0,72545.53,8010.26,64535.270000000004,8066.9087500000005
2025-08-05,STORE020,7,72.0,75585.75,7071.469999999999,68514.28,9787.754285714285
2025-02-02,STORE006,7,62.0,70272.36,5545.57,64726.79,9246.684285714286
2025-08-17,STORE017,9,56.0,49846.35,5015.24,44831.11,4981.234444444444
2025-08-14,STORE005,14,115.0,125334.27,10578.93,114755.34000000003,8196.810000000001
2025-01-10,STORE014,7,49.0,58268.74,2821.96,55446.78,7920.9685714285715
2025-08-10,STORE010,7,48.0,60193.7,4906.05,55287.649999999994,7898.235714285714
2025-10-14,STORE018,7,51.0,59800.450000000004,6258.330000000001,53542.119999999995,7648.874285714285
2025-09-05,STORE004,9,90.0,99393.32,10006.2,89387.12000000001,9931.902222222223
2025-01-24,STORE002,9,94.0,82351.16,9583.349999999999,72767.81,8085.312222222222
2025-10-09,STORE020,6,65.0,70082.52,5991.03,64091.490000000005,10681.915
2025-03-28,STORE019,15,137.0,143644.80000000002,16446.81,127197.99,8479.866
2025-05-25,STORE007,14,133.0,131436.03,13901.989999999998,117534.03999999998,8395.28857142857
2025-06-16,STORE011,10,107.0,134881.86,13427.529999999999,121454.33,12145.433
2025-10-08,STORE008,6,53.0,62633.31,6289.62,56343.69,9390.615
2025-09-13,STORE005,4,19.0,23184.58,3098.5699999999997,20086.01,5021.5025
2025-02-10,STORE010,8,61.0,73868.37999999999,9958.33,63910.049999999996,7988.756249999999
2025-08-17,STORE016,9,80.0,80477.06,7231.43,73245.63,8138.403333333334
2025-04-18,STORE004,7,65.0,61207.380000000005,5295.85,55911.53,7987.361428571428
2025-05-06,STORE013,9,85.0,79904.27,6844.93,73059.34,8117.704444444444
2025-10-08,STORE018,4,29.0,36698.57,3253.41,33445.16,8361.29
2025-11-26,STORE019,6,56.0,50585.310000000005,5302.59,45282.72,7547.12
2025-04-27,STORE010,8,88.0,100510.01000000001,9470.93,91039.08,11379.885
2025-12-10,STORE015,6,54.0,75677.63,9481.290000000003,66196.34,11032.723333333333
2025-02-05,STORE017,7,69.0,70449.92,7339.9800000000005,63109.94,9015.705714285714
2025-07-24,STORE004,9,95.0,104962.27,10863.91,94098.36,10455.373333333333
2025-12-23,STORE001,13,108.0,122481.39,12593.329999999998,109888.06,8452.927692307692
2025-04-09,STORE008,6,52.0,55178.74,6869.06,48309.67999999999,8051.613333333332
2025-08-22,STORE018,6,54.0,56743.49,5508.16,51235.33,8539.221666666666
2025-12-02,STORE017,9,113.0,145660.36,15020.92,130639.43999999999,14515.493333333332
2025-05-27,STORE011,8,54.0,53569.75,5677.76,47891.990000000005,5986.498750000001
2025-10-24,STORE004,10,74.0,76854.72,7761.470000000001,69093.25,6909.325
2025-05-20,STORE004,8,75.0,67757.16,7228.990000000001,60528.17,7566.02125
2025-06-14,STORE013,13,139.0,150982.32,13402.689999999999,137579.63,10583.048461538461
2025-10-27,STORE016,9,88.0,109720.03,8869.14,100850.89000000001,11205.654444444446
2025-01-14,STORE012,6,76.0,84105.01000000001,7953.58,76151.43,12691.904999999999
2025-05-17,STORE014,6,58.0,69582.02,6319.2,63262.82,10543.803333333333
2025-06-03,STORE007,7,58.0,56810.98,7347.749999999999,49463.23,7066.175714285715
2025-10-26,STORE017,6,53.0,38121.92,3298.51,34823.409999999996,5803.901666666666
2025-12-05,STORE018,7,40.0,51748.759999999995,5065.25,46683.509999999995,6669.072857142856
2025-04-16,STORE004,9,51.0,51066.86,4644.9400000000005,46421.92,5157.9911111111105
2025-07-31,STORE020,9,69.0,64170.53,5220.32,58950.21000000001,6550.023333333334
2025-11-25,STORE003,6,44.0,49536.08,3517.89,46018.19,7669.698333333334
2025-11-08,STORE012,6,48.0,53164.899999999994,4018.4299999999994,49146.47,8191.078333333334
2025-03-24,STORE020,3,24.0,33043.53,5307.49,27736.04,9245.346666666666
2025-10-12,STORE012,6,64.0,69157.89000000001,6603.13,62554.76,10425.793333333333
2025-09-04,STORE014,7,88.0,91708.42000000001,9344.880000000001,82363.54000000001,11766.220000000001
2025-01-11,STORE001,10,99.0,120726.48999999999,8265.68,112460.81,11246.081
2025-12-10,STORE019,7,59.0,61174.99,5739.66,55435.33,7919.332857142857
2025-07-17,STORE006,10,85.0,96401.8,10143.85,86257.95,8625.795
2025-04-26,STORE019,8,75.0,67298.89,9023.78,58275.11,7284.38875
2025-09-18,STORE017,11,85.0,80495.41,7878.88,72616.53,6601.5027272727275
2025-12-16,STORE019,17,134.0,121382.19999999998,12901.469999999998,108480.73,6381.219411764706
2025-11-07,STORE002,8,67.0,62621.63,5737.84,56883.78999999999,7110.473749999999
2025-07-03,STORE002,10,90.0,91046.79,9776.67,81270.12,8127.012
2025-08-12,STORE020,8,70.0,62286.36,5338.15,56948.21,7118.52625
2025-01-13,STORE008,13,89.0,102644.86000000002,9371.609999999999,93273.25,7174.865384615385
2025-01-02,STORE005,12,114.0,98724.63,10953.32,87771.31,7314.275833333333
2025-07-09,STORE004,9,91.0,93755.59999999999,10318.19,83437.41,9270.823333333334
2025-04-19,STORE011,7,94.0,92637.25,9271.76,83365.48999999999,11909.355714285713
2025-11-08,STORE010,12,96.0,122284.07999999997,13703.38,108580.7,9048.391666666666
2025-06-27,STORE001,11,96.0,100037.71000000002,8991.18,91046.52999999998,8276.957272727272
2025-07-31,STORE012,7,74.0,92282.65,10151.6,82131.05,11733.007142857143
2025-09-08,STORE018,7,57.0,55601.5,4602.8099999999995,50998.69,7285.527142857143
2025-11-22,STORE017,6,82.0,79914.73000000001,6585.620000000001,73329.11,12221.518333333333
2025-06-30,STORE014,10,92.0,105633.82,10870.14,94763.68,9476.367999999999
2025-11-27,STORE011,10,86.0,98001.09,8252.92,89748.17,8974.817
2025-04-02,STORE010,9,84.0,70068.91,5826.47,64242.44,7138.048888888889
2025-09-06,STORE013,10,100.0,110451.39000000001,10107.859999999999,100343.53,10034.353
2025-10-22,STORE007,6,47.0,47670.57,4855.39,42815.18,7135.863333333334
2025-05-09,STORE017,6,39.0,37185.229999999996,3859.58,33325.65,5554.275000000001
2025-03-06,STORE015,10,79.0,82113.20999999999,7433.65,74679.56,7467.956
2025-04-14,STORE020,6,60.0,54076.5,4913.860000000001,49162.64000000001,8193.773333333334
2025-01-28,STORE011,8,70.0,52348.64,4843.2,47505.439999999995,5938.179999999999
2025-06-02,STORE020,8,85.0,89138.68,8774.09,80364.59,10045.57375
2025-03-09,STORE016,13,98.0,89836.99,10175.61,79661.38,6127.798461538462
2025-05-31,STORE019,7,65.0,67166.85,5793.83,61373.020000000004,8767.574285714287
2025-03-10,STORE015,7,69.0,55663.14,4790.73,50872.41,7267.487142857143
2025-04-04,STORE011,8,80.0,76285.06999999999,8950.57,67334.5,8416.8125
2025-05-10,STORE017,10,52.0,60235.57,5465.18,54770.39,5477.039
2025-09-24,STORE009,6,74.0,79917.54000000001,7918.66,71998.88,11999.813333333334
2025-02-19,STORE004,7,56.0,47970.16,4638.09,43332.07,6190.295714285714
2025-04-24,STORE013,6,48.0,47862.829999999994,5566.91,42295.91999999999,7049.319999999999
2025-02-25,STORE003,8,90.0,97619.90000000001,8721.0,88898.9,11112.3625
2025-06-07,STORE007,6,62.0,53349.939999999995,6482.06,46867.88,7811.313333333333
2025-11-17,STORE011,8,68.0,65590.92000000001,6738.530000000001,58852.39,7356.54875
2025-08-15,STORE018,7,71.0,80744.17000000001,6616.879999999999,74127.29,10589.612857142856
2025-05-04,STORE004,6,29.0,34515.32,3961.11,30554.21,5092.368333333333
2025-02-24,STORE019,7,53.0,44276.82000000001,6258.630000000001,38018.19,5431.17
2025-06-09,STORE001,6,61.0,79430.72,5041.1,74389.62000000001,12398.270000000002
2025-07-25,STORE015,9,70.0,56996.8,7254.29,49742.509999999995,5526.945555555555
2025-09-05,STORE005,7,81.0,93682.4,8102.259999999999,85580.13999999998,12225.734285714283
2025-08-16,STORE015,7,77.0,74170.78,6791.219999999999,67379.56,9625.651428571427
2025-11-12,STORE013,9,69.0,74373.47,8395.890000000001,65977.58,7330.8422222222225
2025-11-19,STORE012,10,104.0,105849.88,7596.390000000001,98253.48999999999,9825.348999999998
2025-11-30,STORE001,8,64.0,67068.82,5323.07,61745.75000000001,7718.218750000001
2025-08-22,STORE015,7,67.0,77190.62000000001,10758.49,66432.12999999999,9490.304285714285
2025-12-07,STORE013,11,102.0,108547.36,9763.7,98783.66,8980.332727272727
2025-03-08,STORE018,15,149.0,159750.88,16742.48,143008.4,9533.893333333333
2025-07-22,STORE005,7,59.0,61179.93000000001,5198.950000000001,55980.98,7997.282857142857
2025-11-26,STORE009,8,57.0,75512.33,6465.240000000001,69047.09,8630.88625
2025-03-24,STORE002,8,62.0,67411.5,6703.320000000001,60708.17999999999,7588.522499999999
2025-04-25,STORE006,8,56.0,63059.560000000005,8010.15,55049.41,6881.17625
2025-09-11,STORE007,5,58.0,60873.810000000005,5449.72,55424.09,11084.818
2025-08-07,STORE018,6,50.0,58980.05,7210.91,51769.14,8628.19
2025-03-24,STORE019,8,65.0,57415.33,8208.27,49207.06,6150.8825
2025-03-09,STORE009,12,126.0,139776.44,13079.099999999999,126697.34,10558.111666666666
2025-02-27,STORE006,10,77.0,101027.57,10128.69,90898.88,9089.888
2025-04-23,STORE003,14,139.0,150394.84000000003,15315.09,135079.75,9648.55357142857
2025-08-16,STORE004,6,47.0,46936.98,5547.9400000000005,41389.04,6898.173333333333
2025-02-07,STORE014,9,69.0,68537.31,6814.179999999999,61723.130000000005,6858.125555555556
2025-12-13,STORE010,5,29.0,35734.67,3923.1500000000005,31811.520000000004,6362.304000000001
2025-07-09,STORE001,2,28.0,28600.649999999998,2320.3,26280.35,13140.175
2025-11-18,STORE004,7,67.0,75926.54999999999,7753.55,68173.0,9739.0
2025-11-14,STORE011,9,98.0,105871.86,11054.48,94817.38,10535.264444444445
2025-08-03,STORE005,8,61.0,58482.32000000001,4639.34,53842.979999999996,6730.3724999999995
2025-12-08,STORE018,6,72.0,69933.39000000001,8836.560000000001,61096.83,10182.805
2025-12-02,STORE002,6,34.0,37846.899999999994,2172.12,35674.78,5945.796666666666
2025-10-10,STORE012,11,99.0,78419.82,5900.84,72518.98,6592.634545454545
2025-04-16,STORE011,6,59.0,68764.56,6897.870000000001,61866.69000000001,10311.115000000002
2025-07-03,STORE015,3,29.0,31989.879999999997,3595.57,28394.31,9464.77
2025-05-09,STORE020,6,42.0,31957.480000000003,1970.3599999999997,29987.12,4997.8533333333335
2025-02-09,STORE011,12,109.0,123833.5,11784.760000000002,112048.74000000002,9337.395000000002
2025-10-16,STORE015,8,86.0,82464.61,9149.7,73314.91,9164.36375
2025-04-30,STORE014,6,61.0,68367.39,7208.16,61159.229999999996,10193.205
2025-04-20,STORE012,16,117.0,116289.20999999999,11036.56,105252.64999999998,6578.290624999999
2025-04-06,STORE020,14,127.0,125727.30999999998,12807.289999999999,112920.01999999999,8065.715714285713
2025-07-05,STORE008,8,58.0,61811.20999999999,6356.01,55455.200000000004,6931.900000000001
2025-02-09,STORE016,5,48.0,56848.26,6004.57,50843.69,10168.738000000001
2025-06-17,STORE004,4,33.0,36984.090000000004,3741.34,33242.75,8310.6875
2025-03-01,STORE007,8,71.0,78688.18,8326.369999999999,70361.81,8795.22625
2025-03-19,STORE017,7,81.0,81351.16,6179.68,75171.48000000001,10738.782857142858
2025-11-24,STORE005,5,59.0,53652.58,4615.62,49036.95999999999,9807.391999999998
2025-06-14,STORE011,6,59.0,61665.82000000001,6034.37,55631.45,9271.908333333333
2025-06-15,STORE014,5,55.0,59327.21,6930.4800000000005,52396.729999999996,10479.346
2025-05-29,STORE007,3,34.0,25915.369999999995,2618.2400000000002,23297.129999999997,7765.709999999999
2025-02-23,STORE012,8,80.0,70759.15000000001,8808.599999999999,61950.55,7743.81875
2025-01-23,STORE019,5,62.0,63035.92,6553.45,56482.469999999994,11296.493999999999
2025-04-12,STORE016,5,38.0,31273.160000000003,2940.42,28332.739999999998,5666.548
2025-08-05,STORE015,7,57.0,64246.21000000001,6965.720000000001,57280.49,8182.927142857143
2025-03-07,STORE003,8,69.0,89584.09000000001,8217.47,81366.62000000001,10170.827500000001
2025-09-24,STORE012,12,126.0,124279.41,12299.2,111980.21,9331.684166666668
2025-06-04,STORE016,5,54.0,51000.740000000005,4972.51,46028.229999999996,9205.645999999999
2025-03-31,STORE006,3,20.0,19052.11,1273.82,17778.29,5926.096666666667
2025-08-05,STORE005,9,96.0,118651.65000000001,14343.150000000001,104308.5,11589.833333333334
2025-05-05,STORE004,5,57.0,72475.13999999998,5893.25,66581.89,13316.378
2025-12-21,STORE006,4,47.0,53702.740000000005,6285.43,47417.310000000005,11854.327500000001
2025-12-19,STORE010,8,77.0,91675.90000000001,9073.33,82602.57,10325.32125
2025-04-22,STORE014,6,46.0,61744.53,7186.390000000001,54558.14,9093.023333333333
2025-07-06,STORE002,10,108.0,122653.19,10781.939999999999,111871.25,11187.125
2025-01-18,STORE012,5,53.0,62233.85,5025.59,57208.26,11441.652
2025-11-05,STORE014,16,161.0,164232.90000000002,14212.809999999998,150020.09,9376.255625
2025-08-30,STORE013,8,76.0,83324.89,9526.509999999998,73798.38,9224.7975
2025-09-01,STORE013,8,81.0,99705.75999999998,9934.5,89771.26,11221.4075
2025-08-25,STORE015,6,70.0,73301.13,8271.23,65029.9,10838.316666666668
2025-11-19,STORE020,6,46.0,53458.58,6714.54,46744.04,7790.673333333333
2025-11-17,STORE004,9,71.0,85375.78,8896.48,76479.3,8497.7
2025-07-30,STORE019,7,99.0,102561.47999999998,11320.5,91240.98000000001,13034.425714285715
2025-04-14,STORE003,9,82.0,87494.81999999999,7788.379999999999,79706.44,8856.271111111111
2025-06-16,STORE018,12,111.0,121521.59999999998,12011.019999999999,109510.57999999999,9125.881666666666
2025-10-07,STORE012,9,64.0,70669.25,6038.7699999999995,64630.48,7181.164444444445
2025-08-07,STORE016,8,70.0,69457.72,5953.88,63503.83999999999,7937.979999999999
2025-09-14,STORE005,7,69.0,78802.70000000001,7912.97,70889.73,10127.104285714286
2025-01-19,STORE005,7,84.0,78306.34000000001,6883.979999999999,71422.36000000002,10203.194285714288
2025-09-03,STORE015,8,68.0,78627.43,10191.369999999999,68436.06,8554.5075
2025-03-23,STORE013,6,58.0,45277.02,4787.47,40489.55,6748.258333333334
2025-05-05,STORE015,4,38.0,42884.8,4847.219999999999,38037.58,9509.395
2025-03-08,STORE006,8,52.0,68564.47,7779.859999999999,60784.61,7598.07625
2025-05-19,STORE006,7,73.0,91124.76000000001,8362.83,82761.93000000001,11823.132857142858
2025-12-12,STORE008,10,97.0,79187.44,10011.54,69175.9,6917.589999999999
2025-03-01,STORE014,2,15.0,21112.29,2351.04,18761.25,9380.625
2025-08-14,STORE012,13,98.0,100362.39,9006.779999999999,91355.61,7027.3546153846155
2025-10-09,STORE012,8,77.0,85409.01999999999,8729.24,76679.78,9584.9725
2025-05-19,STORE003,7,81.0,87347.78,8740.04,78607.73999999999,11229.677142857141
2025-01-04,STORE012,9,61.0,73342.87999999999,6733.469999999999,66609.41,7401.045555555556
2025-06-15,STORE004,6,55.0,60140.55,6673.549999999999,53467.0,8911.166666666666
2025-05-24,STORE015,4,27.0,27937.29,3794.81,24142.48,6035.62
2025-06-11,STORE007,4,51.0,52567.579999999994,4514.860000000001,48052.72,12013.18
2025-12-01,STORE015,12,73.0,66880.76000000001,7066.210000000001,59814.55,4984.545833333334
2025-10-03,STORE018,10,69.0,67209.81999999999,5195.4800000000005,62014.34,6201.433999999999
2025-05-20,STORE011,11,116.0,133339.66999999998,15718.84,117620.82999999999,10692.802727272727
2025-11-16,STORE014,7,65.0,81850.0,5506.74,76343.25999999998,10906.179999999997
2025-02-13,STORE009,3,18.0,15250.27,1237.7399999999998,14012.530000000002,4670.843333333334
2025-11-16,STORE007,13,113.0,102444.86,10014.58,92430.28,7110.0215384615385
2025-06-23,STORE009,12,124.0,128898.23000000001,11461.64,117436.59000000001,9786.382500000002
2025-01-29,STORE003,12,102.0,122570.65000000001,13573.88,108996.76999999999,9083.064166666665
2025-12-02,STORE008,12,97.0,104764.31000000001,10874.259999999998,93890.04999999999,7824.170833333333
2025-05-18,STORE007,7,45.0,41017.52,3680.58,37336.94,5333.848571428572
2025-01-16,STORE010,13,135.0,145631.99,14893.439999999999,130738.54999999999,10056.811538461538
2025-03-13,STORE014,12,105.0,131344.87,12433.06,118911.81,9909.3175
2025-01-29,STORE010,7,58.0,47117.04,5629.71,41487.33,5926.761428571429
2025-05-26,STORE005,6,60.0,55651.78999999999,6355.799999999999,49295.990000000005,8215.998333333335
2025-03-27,STORE016,7,56.0,32846.38,3250.29,29596.09,4228.012857142857
2025-05-30,STORE011,4,40.0,37464.96,3028.1400000000003,34436.82,8609.205
2025-01-31,STORE003,11,118.0,118407.38999999998,11993.79,106413.6,9673.963636363636
2025-02-20,STORE009,6,50.0,55456.81,5728.41,49728.4,8288.066666666668
2025-09-19,STORE016,10,101.0,112153.19,11003.220000000001,101149.97,10114.997
2025-10-14,STORE008,5,43.0,40615.28,4185.73,36429.55,7285.910000000001
2025-11-12,STORE019,6,47.0,48741.05,3596.2,45144.85,7524.141666666666
2025-05-20,STORE012,6,40.0,53511.05,4060.0299999999997,49451.020000000004,8241.836666666668
2025-07-31,STORE008,5,45.0,44219.99,4670.4,39549.590000000004,7909.918000000001
2025-09-10,STORE016,7,70.0,64405.34,6785.61,57619.73,8231.390000000001
2025-01-21,STORE003,6,83.0,96848.7,7982.470000000001,88866.23000000001,14811.038333333336
2025-08-02,STORE008,6,50.0,51635.61,4838.73,46796.880000000005,7799.4800000000005
2025-06-27,STORE020,10,63.0,56302.67,6098.81,50203.86,5020.386
2025-04-22,STORE013,8,88.0,88909.98,8746.67,80163.31000000001,10020.413750000002
2025-04-11,STORE006,7,66.0,70051.84000000001,7455.94,62595.899999999994,8942.271428571428
2025-09-24,STORE020,9,77.0,70902.53,8327.44,62575.09000000001,6952.787777777779
2025-02-15,STORE014,7,53.0,74899.53,7998.21,66901.32,9557.33142857143
2025-05-14,STORE002,3,25.0,26099.35,1965.99,24133.36,8044.453333333334
2025-06-20,STORE006,8,84.0,92466.22,6044.4,86421.82,10802.7275
2025-12-09,STORE006,7,59.0,66561.57,8180.15,58381.420000000006,8340.202857142858
2025-08-31,STORE014,6,33.0,36598.439999999995,3945.07,32653.37,5442.2283333333335
2025-09-19,STORE013,9,80.0,89009.35,7613.6,81395.75,9043.972222222223
2025-01-26,STORE009,13,108.0,104288.67000000001,10021.72,94266.95000000001,7251.303846153847
2025-01-12,STORE012,6,38.0,52638.990000000005,5962.620000000001,46676.369999999995,7779.3949999999995
2025-03-17,STORE020,9,74.0,65112.64,5861.119999999999,59251.52,6583.5022222222215
2025-01-21,STORE012,7,91.0,96136.81999999999,11048.42,85088.4,12155.485714285713
2025-04-19,STORE003,13,96.0,92140.73,10470.72,81670.01000000001,6282.308461538462
2025-10-17,STORE002,8,69.0,65243.990000000005,5768.780000000001,59475.21000000001,7434.401250000001
2025-05-29,STORE009,9,87.0,94044.7,9096.25,84948.45,9438.716666666667
2025-08-01,STORE005,4,23.0,24059.08,1408.7,22650.38,5662.595
2025-08-10,STORE007,8,64.0,60075.22,4251.97,55823.25000000001,6977.906250000001
2025-09-10,STORE009,6,47.0,51886.47,4776.4400000000005,47110.03,7851.671666666666
2025-06-09,STORE016,15,169.0,162171.91,14840.470000000001,147331.44,9822.096
2025-03-05,STORE001,9,79.0,70856.24,8222.029999999999,62634.21000000001,6959.3566666666675
2025-01-27,STORE013,5,44.0,28638.08,2830.5600000000004,25807.519999999997,5161.503999999999
2025-08-17,STORE018,8,88.0,100935.45000000001,10889.1,90046.35,11255.79375
2025-04-13,STORE020,8,78.0,81475.34,9270.68,72204.66,9025.5825
2025-11-06,STORE002,8,53.0,51178.03,4584.18,46593.85,5824.23125
2025-09-29,STORE017,5,34.0,47538.42,5352.78,42185.64,8437.128
2025-04-19,STORE012,7,54.0,49038.32000000001,5109.07,43929.25,6275.607142857143
2025-02-11,STORE007,9,96.0,108429.03000000001,10597.86,97831.17,10870.13
2025-01-12,STORE017,5,50.0,52826.58,6018.54,46808.04000000001,9361.608000000002
2025-02-21,STORE005,5,59.0,77804.40000000001,7967.509999999999,69836.89,13967.378
2025-07-29,STORE009,4,43.0,50518.97,2908.34,47610.630000000005,11902.657500000001
2025-11-18,STORE010,13,95.0,105632.81,10480.66,95152.15,7319.3961538461535
2025-05-11,STORE017,7,33.0,36731.49,3669.7700000000004,33061.72,4723.102857142857
2025-01-12,STORE006,7,66.0,77742.78,5901.5199999999995,71841.26,10263.037142857142
2025-11-20,STORE015,10,74.0,74587.38,6843.200000000001,67744.18000000001,6774.418000000001
2025-08-08,STORE001,3,38.0,50019.54,5137.92,44881.62,14960.54
2025-03-13,STORE020,7,84.0,107496.91,8666.83,98830.07999999999,14118.582857142856
2025-10-17,STORE014,9,65.0,94678.47,8372.22,86306.25,9589.583333333334
2025-11-01,STORE020,5,49.0,35065.09,2971.29,32093.800000000003,6418.76
2025-01-15,STORE014,6,60.0,88889.69000000002,8752.55,80137.14,13356.19
2025-02-19,STORE011,8,60.0,62817.57,4384.449999999999,58433.119999999995,7304.139999999999
2025-09-01,STORE015,8,92.0,106228.01000000001,8365.77,97862.23999999999,12232.779999999999
2025-01-05,STORE020,5,40.0,37590.85,4140.37,33450.479999999996,6690.096
2025-08-12,STORE019,9,92.0,80387.54000000001,9041.369999999999,71346.17,7927.352222222222
2025-07-10,STORE012,6,76.0,52733.490000000005,5610.0,47123.49,7853.915
2025-11-12,STORE002,11,111.0,92475.32999999999,9836.679999999998,82638.65,7512.604545454545
2025-01-05,STORE013,13,103.0,119986.12,12940.07,107046.04999999999,8234.311538461538
2025-08-09,STORE003,7,67.0,79395.13,7680.01,71715.12,10245.017142857143
2025-12-03,STORE018,7,55.0,50917.520000000004,5262.2,45655.32000000001,6522.188571428573
2025-10-28,STORE003,10,71.0,76215.9,7046.1900000000005,69169.70999999999,6916.971
2025-03-02,STORE011,12,117.0,108380.48000000001,11129.73,97250.74999999999,8104.229166666665
2025-12-14,STORE005,9,71.0,84929.01,8312.85,76616.16,8512.906666666668
2025-09-22,STORE002,8,57.0,52690.92,6502.16,46188.76,5773.595
2025-03-22,STORE015,9,86.0,89877.26,9188.660000000002,80688.6,8965.400000000001
2025-06-28,STORE004,9,89.0,89174.52,8797.82,80376.7,8930.744444444445
2025-01-29,STORE009,7,65.0,50082.89,3535.7,46547.19,6649.598571428572
2025-05-10,STORE002,6,63.0,54420.990000000005,6573.4400000000005,47847.55,7974.591666666667
2025-02-07,STORE003,7,84.0,89171.44,9233.23,79938.21,11419.744285714287
2025-11-24,STORE002,4,49.0,39964.34,6235.719999999999,33728.619999999995,8432.154999999999
2025-04-26,STORE002,8,82.0,63916.26,8052.429999999999,55863.83,6982.97875
2025-07-05,STORE007,7,56.0,59054.009999999995,5504.0,53550.009999999995,7650.001428571428
2025-12-08,STORE012,9,70.0,65812.98,5375.219999999999,60437.76000000001,6715.306666666667
2025-07-14,STORE008,5,50.0,37110.28,2956.66,34153.62,6830.724
2025-11-12,STORE005,8,69.0,78270.23,7788.33,70481.90000000001,8810.237500000001
2025-07-02,STORE013,7,78.0,71120.70000000001,6353.240000000001,64767.45999999999,9252.494285714285
2025-09-30,STORE005,6,53.0,78664.15999999999,8111.040000000001,70553.12000000001,11758.853333333334
2025-05-28,STORE013,5,53.0,50193.740000000005,5684.8099999999995,44508.93,8901.786
2025-05-28,STORE017,3,18.0,25227.589999999997,3042.8599999999997,22184.73,7394.91
2025-05-08,STORE011,10,93.0,106746.81000000001,10834.09,95912.72,9591.272
2025-01-17,STORE006,14,140.0,130954.14,15042.23,115911.91,8279.422142857144
2025-04-19,STORE018,10,87.0,107275.18,9893.460000000001,97381.71999999999,9738.171999999999
2025-08-07,STORE007,8,86.0,97410.65,10568.14,86842.51,10855.31375
2025-09-08,STORE011,10,54.0,59402.97,6094.04,53308.93,5330.893
2025-01-19,STORE001,3,16.0,17078.739999999998,313.65,16765.09,5588.363333333334
2025-10-19,STORE001,9,66.0,71061.87,8111.67,62950.200000000004,6994.466666666667
2025-04-04,STORE004,12,74.0,83226.66,6607.79,76618.87,6384.905833333333
2025-04-24,STORE003,7,65.0,63484.9,5929.67,57555.229999999996,8222.175714285713
2025-07-22,STORE006,4,53.0,56385.43,4069.4800000000005,52315.95,13078.9875
2025-08-29,STORE009,4,33.0,32256.66,2418.55,29838.11,7459.5275
2025-06-04,STORE017,8,84.0,99401.88,11284.77,88117.11,11014.63875
2025-03-04,STORE003,8,83.0,91379.54,7879.01,83500.53,10437.56625
2025-05-11,STORE020,4,36.0,22188.260000000002,2015.32,20172.940000000002,5043.235000000001
2025-08-12,STORE002,8,56.0,48208.409999999996,5924.750000000001,42283.66,5285.4575
2025-01-03,STORE008,7,60.0,66308.32,5349.66,60958.659999999996,8708.38
2025-02-10,STORE009,8,52.0,49799.829999999994,3784.41,46015.420000000006,5751.927500000001
2025-03-29,STORE002,6,44.0,54516.73999999999,4933.93,49582.81,8263.801666666666
2025-04-09,STORE020,8,72.0,79552.82,9423.34,70129.48000000001,8766.185000000001
2025-07-03,STORE010,4,32.0,28333.86,2945.49,25388.37,6347.0925
2025-06-02,STORE009,6,47.0,57973.65,6259.639999999999,51714.009999999995,8619.001666666665
2025-11-24,STORE016,6,33.0,28504.05,3487.7200000000003,25016.329999999998,4169.388333333333
2025-02-26,STORE010,12,104.0,120108.43000000001,12762.08,107346.34999999999,8945.529166666665
2025-05-24,STORE007,7,59.0,55692.42,5811.7699999999995,49880.649999999994,7125.807142857142
2025-02-09,STORE003,5,64.0,67715.65,7630.6,60085.049999999996,12017.009999999998
2025-10-08,STORE013,10,64.0,64617.03,7011.46,57605.57000000001,5760.557000000001
2025-01-19,STORE011,14,118.0,117889.4,10673.7,107215.7,7658.2642857142855
2025-01-30,STORE010,6,42.0,50239.020000000004,5182.49,45056.53,7509.421666666666
2025-01-17,STORE013,14,129.0,126712.26000000001,8793.27,117918.99,8422.785
2025-10-13,STORE011,7,80.0,98071.16,10923.099999999999,87148.06,12449.722857142857
2025-08-06,STORE004,6,61.0,73045.57,8226.240000000002,64819.33,10803.221666666666
2025-08-15,STORE003,6,36.0,37754.479999999996,3002.1800000000003,34752.3,5792.05
2025-06-22,STORE006,12,96.0,98521.24,7417.760000000001,91103.48,7591.956666666666
2025-07-16,STORE019,10,59.0,67218.82,5886.05,61332.770000000004,6133.277
2025-08-08,STORE011,10,85.0,93715.95,11584.46,82131.48999999999,8213.149
2025-03-07,STORE011,5,54.0,54300.240000000005,6675.6,47624.64,9524.928
2025-01-26,STORE013,6,64.0,61546.14,7347.85,54198.29,9033.048333333334
2025-08-17,STORE010,11,87.0,93246.61,8919.95,84326.65999999999,7666.059999999999
2025-02-18,STORE011,3,19.0,17387.2,1104.82,16282.38,5427.46
2025-06-10,STORE009,6,68.0,63761.57000000001,7592.759999999999,56168.81,9361.468333333332
2025-02-03,STORE010,5,56.0,73069.67,8365.470000000001,64704.200000000004,12940.84
2025-10-21,STORE015,4,20.0,21798.27,1361.02,20437.25,5109.3125
2025-10-25,STORE001,11,93.0,112532.10000000002,10595.75,101936.35,9266.94090909091
2025-02-11,STORE015,9,98.0,83090.68000000001,9024.52,74066.15999999999,8229.573333333332
2025-02-04,STORE004,10,75.0,84623.64,10295.2,74328.44,7432.844
2025-02-13,STORE001,6,55.0,49303.03,4489.98,44813.05,7468.841666666667
2025-08-13,STORE006,6,49.0,66246.97,7102.619999999999,59144.350000000006,9857.391666666668
2025-03-26,STORE017,7,44.0,48892.3,5283.87,43608.43,6229.7757142857145
2025-11-23,STORE019,13,118.0,106940.29000000001,9538.710000000001,97401.58,7492.429230769231
2025-11-03,STORE001,7,50.0,41084.049999999996,3858.9599999999996,37225.090000000004,5317.870000000001
2025-06-25,STORE003,13,141.0,129307.8,15188.8,114119.0,8778.384615384615
2025-04-24,STORE016,10,95.0,93992.55,10124.67,83867.88,8386.788
2025-05-10,STORE014,4,34.0,42014.56,5691.09,36323.47,9080.8675
2025-07-29,STORE004,4,32.0,30443.28,2652.71,27790.57,6947.6425
2025-12-18,STORE016,9,65.0,48516.689999999995,4301.75,44214.94,4912.771111111111
2025-05-28,STORE006,6,41.0,32264.64,2763.12,29501.52,4916.92
2025-07-20,STORE006,7,48.0,59543.93000000001,5085.24,54458.689999999995,7779.812857142856
2025-05-02,STORE019,3,18.0,30798.46,2710.08,28088.379999999997,9362.793333333333
2025-07-16,STORE005,10,80.0,94762.67,10374.98,84387.69,8438.769
2025-02-27,STORE003,6,86.0,89246.65999999999,6853.91,82392.75,13732.125
2025-08-29,STORE017,7,62.0,67546.12,7224.72,60321.399999999994,8617.342857142856
2025-07-16,STORE006,6,62.0,67982.72,6990.749999999999,60991.97,10165.328333333333
2025-04-02,STORE004,14,111.0,120676.97,12836.8,107840.16999999998,7702.869285714284
2025-07-28,STORE019,6,63.0,56091.28,5287.3099999999995,50803.97,8467.328333333333
2025-11-12,STORE003,8,61.0,67043.72,6702.52,60341.2,7542.65
2025-09-11,STORE011,5,48.0,61219.82000000001,5987.889999999999,55231.93000000001,11046.386000000002
2025-01-31,STORE015,9,78.0,73788.37999999999,8059.119999999999,65729.26000000001,7303.251111111113
2025-07-03,STORE020,6,39.0,35074.82,3905.67,31169.15,5194.858333333334
2025-06-29,STORE010,5,49.0,50267.57,4647.530000000001,45620.04,9124.008
2025-03-12,STORE005,7,72.0,61502.83,5031.73,56471.1,8067.3
2025-03-17,STORE001,12,98.0,94515.09,8363.83,86151.26000000001,7179.271666666667
2025-12-22,STORE003,2,25.0,22281.73,2828.6899999999996,19453.04,9726.52
2025-05-14,STORE012,10,91.0,93030.97,6217.66,86813.31,8681.331
2025-06-03,STORE020,8,63.0,66402.24999999999,6378.7,60023.549999999996,7502.943749999999
2025-07-08,STORE015,7,52.0,45088.340000000004,5330.37,39757.97,5679.71
2025-09-02,STORE014,6,37.0,42188.71,3317.59,38871.119999999995,6478.5199999999995
2025-04-22,STORE009,12,66.0,79444.46999999999,6588.17,72856.3,6071.358333333334
2025-09-05,STORE015,6,56.0,57836.78,6223.73,51613.05,8602.175000000001
2025-08-06,STORE014,10,92.0,106715.21999999999,12603.09,94112.13000000002,9411.213000000002
2025-06-19,STORE015,6,37.0,41138.979999999996,4455.9400000000005,36683.04,6113.84
2025-01-12,STORE007,5,42.0,35852.17999999999,3093.0,32759.18,6551.836
2025-08-12,STORE005,10,78.0,89131.80000000002,7590.740000000001,81541.06,8154.106
2025-07-01,STORE020,7,57.0,60117.19,4401.1,55716.09,7959.441428571428
2025-11-27,STORE002,13,138.0,133624.02,12418.87,121205.15,9323.473076923077
2025-11-29,STORE018,8,49.0,61193.22,6107.7,55085.520000000004,6885.6900000000005
2025-11-28,STORE002,8,64.0,51804.560000000005,6450.62,45353.939999999995,5669.242499999999
2025-06-21,STORE018,6,66.0,71542.68,7490.040000000001,64052.63999999999,10675.439999999999
2025-11-21,STORE011,11,128.0,127924.13999999998,12630.710000000001,115293.43000000001,10481.22090909091
2025-05-06,STORE010,11,108.0,125944.56999999998,15137.91,110806.66,10073.332727272727
2025-12-22,STORE014,4,32.0,37881.21,3607.6099999999997,34273.600000000006,8568.400000000001
2025-07-07,STORE019,5,39.0,43586.72,4526.52,39060.2,7812.039999999999
2025-12-02,STORE018,10,96.0,115132.81000000001,10194.810000000001,104938.0,10493.8
2025-05-08,STORE013,7,56.0,51904.84,3800.3800000000006,48104.46,6872.065714285714
2025-10-25,STORE016,11,95.0,90558.44,8321.01,82237.43,7476.129999999999
2025-06-10,STORE016,9,78.0,75046.97,7719.83,67327.13999999998,7480.793333333331
2025-10-02,STORE005,12,86.0,101068.86,9533.21,91535.65,7627.970833333333
2025-10-06,STORE020,7,66.0,61833.43000000001,6111.62,55721.81,7960.2585714285715
2025-01-17,STORE019,6,61.0,46875.270000000004,4365.5,42509.770000000004,7084.961666666667
2025-11-21,STORE012,6,37.0,44265.21,4207.280000000001,40057.93,6676.321666666667
2025-04-18,STORE010,8,70.0,57593.149999999994,5664.390000000001,51928.76,6491.095
2025-04-21,STORE017,5,49.0,44668.369999999995,5268.8099999999995,39399.560000000005,7879.912000000001
2025-09-21,STORE003,4,34.0,30809.13,3037.2,27771.93,6942.9825
2025-02-02,STORE010,10,86.0,91305.64000000001,7702.26,83603.38,8360.338
2025-02-25,STORE007,6,59.0,56471.01,4919.34,51551.670000000006,8591.945000000002
2025-04-26,STORE016,10,87.0,79837.20000000001,10966.02,68871.18000000001,6887.118
2025-10-26,STORE013,8,85.0,65272.97,7727.95,57545.02,7193.1275
2025-09-16,STORE014,9,100.0,108702.67000000001,9316.37,99386.30000000002,11042.922222222223
2025-10-23,STORE015,7,38.0,29131.8,1961.5800000000004,27170.220000000005,3881.4600000000005
2025-09-21,STORE016,9,82.0,80938.45,9487.029999999999,71451.42,7939.046666666666
2025-01-11,STORE011,7,74.0,78185.01,8375.69,69809.32,9972.76
2025-04-09,STORE015,18,166.0,167319.33000000002,17092.3,150227.02999999997,8345.946111111109
2025-10-01,STORE006,8,55.0,61885.61,6386.950000000001,55498.66,6937.3325
2025-04-24,STORE004,7,66.0,65251.86999999999,6969.42,58282.450000000004,8326.064285714287
2025-11-01,STORE012,6,69.0,79673.99,7071.630000000001,72602.36000000002,12100.393333333335
2025-06-16,STORE002,5,46.0,40857.63,3288.42,37569.21,7513.842
2025-04-28,STORE015,11,112.0,131344.28,11287.19,120057.09,10914.280909090909
2025-08-03,STORE017,6,49.0,53172.67999999999,4425.36,48747.32,8124.553333333333
2025-01-04,STORE003,8,67.0,66344.18,6130.23,60213.95,7526.74375
2025-03-28,STORE017,3,32.0,38649.149999999994,3326.29,35322.86,11774.286666666667
2025-07-26,STORE020,5,48.0,42600.310000000005,5583.639999999999,37016.67,7403.334
2025-11-18,STORE009,6,42.0,45937.04999999999,4793.01,41144.04000000001,6857.340000000001
2025-10-02,STORE007,10,93.0,99984.79,13225.550000000003,86759.24,8675.924
2025-03-19,STORE002,10,85.0,86250.79000000001,10450.859999999999,75799.93000000001,7579.993
2025-10-13,STORE016,6,51.0,45216.729999999996,3928.79,41287.94,6881.323333333334
2025-10-05,STORE014,9,90.0,97563.85999999999,8092.099999999999,89471.75999999998,9941.306666666664
2025-06-22,STORE011,8,102.0,93808.20999999999,8959.75,84848.45999999999,10606.057499999999
2025-12-10,STORE016,11,107.0,96478.18000000001,9391.03,87087.15000000001,7917.0136363636375
2025-09-25,STORE020,14,121.0,121284.62,12357.75,108926.87000000002,7780.490714285716
2025-03-20,STORE005,7,64.0,70332.55,7487.199999999999,62845.35,8977.907142857142
2025-07-07,STORE001,12,106.0,116227.87000000001,12048.54,104179.33,8681.610833333334
2025-08-14,STORE001,10,108.0,121118.47,9017.050000000001,112101.42000000001,11210.142000000002
2025-03-29,STORE011,8,82.0,89489.64,8255.41,81234.23,10154.27875
2025-03-05,STORE017,10,72.0,79090.94,5599.1,73491.84000000001,7349.184000000001
2025-02-28,STORE013,4,24.0,27493.059999999998,3237.58,24255.48,6063.87
2025-08-05,STORE011,9,69.0,90174.68000000001,8320.16,81854.52,9094.946666666667
2025-11-20,STORE007,6,57.0,60301.20999999999,6100.7699999999995,54200.439999999995,9033.406666666666
2025-04-01,STORE004,6,29.0,33709.86,3938.6800000000003,29771.18,4961.863333333334
2025-07-30,STORE007,7,62.0,53964.869999999995,4479.400000000001,49485.47,7069.352857142857
2025-09-14,STORE012,5,34.0,42743.03,3613.2999999999997,39129.729999999996,7825.945999999999
2025-01-17,STORE016,6,45.0,41556.520000000004,3826.7799999999997,37729.740000000005,6288.290000000001
2025-08-04,STORE015,9,66.0,69293.66,7243.150000000001,62050.509999999995,6894.501111111111
2025-11-11,STORE014,7,86.0,102377.01,10011.5,92365.51,13195.072857142857
2025-06-05,STORE016,8,90.0,90406.84,8839.550000000001,81567.29,10195.91125
2025-01-19,STORE016,5,44.0,48004.70000000001,5881.0199999999995,42123.68,8424.736
2025-09-06,STORE003,6,48.0,34702.89,4281.37,30421.52,5070.253333333333
2025-11-24,STORE001,11,78.0,84107.48000000001,9358.38,74749.1,6795.372727272727
2025-01-12,STORE019,15,122.0,123614.82999999999,12809.48,110805.35,7387.0233333333335
2025-03-16,STORE015,4,19.0,16333.710000000003,1318.7599999999998,15014.95,3753.7375
2025-07-03,STORE011,9,98.0,108924.63,11542.2,97382.43,10820.269999999999
2025-09-23,STORE016,1,15.0,16708.129999999997,2051.95,14656.18,14656.18
2025-06-19,STORE012,11,115.0,102562.51000000001,9977.7,92584.81,8416.800909090909
2025-04-16,STORE018,14,133.0,150302.26,13584.03,136718.22999999998,9765.587857142857
2025-03-05,STORE020,15,123.0,117441.85999999999,14010.26,103431.6,6895.4400000000005
2025-01-28,STORE015,7,71.0,66385.86,7209.31,59176.55,8453.792857142858
2025-12-01,STORE003,12,106.0,101558.85,8910.05,92648.80000000002,7720.7333333333345
2025-09-09,STORE001,8,61.0,62046.88,5577.54,56469.34,7058.6675
2025-07-29,STORE007,9,81.0,72443.12000000001,7470.32,64972.8,7219.200000000001
2025-08-11,STORE017,13,88.0,97631.25,10060.22,87571.03,6736.233076923077
2025-09-29,STORE015,8,71.0,57804.770000000004,4651.24,53153.52999999999,6644.191249999999
2025-07-09,STORE017,11,94.0,118038.47,14420.59,103617.88,9419.807272727274
2025-12-25,STORE003,4,34.0,41102.84,3760.6200000000003,37342.22,9335.555
2025-10-31,STORE011,7,62.0,70151.88,6207.67,63944.21,9134.887142857142
2025-02-04,STORE007,5,37.0,33349.44,3503.9,29845.539999999997,5969.107999999999
2025-04-03,STORE015,9,57.0,59719.58,6166.85,53552.73,5950.303333333333
2025-05-02,STORE020,7,64.0,66902.44,6581.610000000001,60320.83,8617.261428571428
2025-12-01,STORE009,5,51.0,54119.03999999999,6109.02,48010.020000000004,9602.004
2025-01-31,STORE014,10,93.0,83091.28,9018.02,74073.26000000001,7407.326000000001
2025-07-08,STORE019,5,60.0,54395.35999999999,5347.7699999999995,49047.590000000004,9809.518
2025-01-03,STORE018,8,62.0,76587.85,6657.43,69930.42000000001,8741.302500000002
2025-09-23,STORE009,10,53.0,60492.46000000001,5587.450000000001,54905.009999999995,5490.500999999999
2025-04-10,STORE009,4,42.0,44070.740000000005,3367.2999999999997,40703.44,10175.86
2025-01-04,STORE018,14,152.0,170252.61,15662.210000000003,154590.4,11042.171428571428
2025-12-16,STORE011,8,60.0,61138.95,7809.01,53329.939999999995,6666.242499999999
2025-11-12,STORE004,7,52.0,57216.92,5540.99,51675.93,7382.2757142857145
2025-02-13,STORE013,5,45.0,50305.87,5023.599999999999,45282.270000000004,9056.454000000002
2025-01-10,STORE008,6,65.0,60770.95,4377.05,56393.9,9398.983333333334
2025-10-10,STORE003,10,107.0,119283.61,12608.55,106675.06,10667.506
2025-06-10,STORE014,6,69.0,87792.13,7681.31,80110.81999999999,13351.803333333331
2025-03-15,STORE009,13,113.0,126792.15,14982.67,111809.48000000001,8600.729230769231
2025-03-12,STORE004,9,80.0,87043.43999999999,8144.299999999999,78899.14,8766.57111111111
2025-06-30,STORE011,6,53.0,57903.14000000001,7063.279999999999,50839.86,8473.31
2025-10-26,STORE002,12,118.0,101480.98000000001,8984.69,92496.29000000001,7708.024166666667
2025-11-06,STORE003,5,24.0,21247.649999999998,1724.24,19523.41,3904.682
2025-10-02,STORE011,6,64.0,76085.04999999999,7688.43,68396.62,11399.436666666666
2025-02-18,STORE014,12,117.0,137388.02,11981.38,125406.64000000001,10450.553333333335
2025-10-20,STORE020,5,37.0,33502.68,4222.6900000000005,29279.989999999998,5855.998
2025-03-05,STORE007,5,55.0,57118.43000000001,4659.64,52458.78999999999,10491.757999999998
2025-07-04,STORE011,9,71.0,83791.32,6554.490000000001,77236.83,8581.87
2025-03-27,STORE013,3,25.0,22907.469999999998,2308.27,20599.2,6866.400000000001
2025-05-07,STORE009,5,56.0,57384.65,6321.110000000001,51063.54000000001,10212.708000000002
2025-01-11,STORE015,7,34.0,34481.81,2714.49,31767.32,4538.188571428572
2025-07-13,STORE020,9,73.0,75448.19,6887.049999999999,68561.14,7617.904444444444
2025-03-04,STORE004,9,80.0,90944.67000000001,8381.87,82562.79999999999,9173.644444444442
2025-12-27,STORE002,9,76.0,85048.1,8141.110000000001,76906.99,8545.221111111112
2025-09-18,STORE018,6,46.0,45811.22,2797.4399999999996,43013.78,7168.963333333333
2025-06-28,STORE018,12,106.0,125966.04999999999,10348.48,115617.57,9634.7975
2025-07-04,STORE017,7,62.0,66726.84,5997.93,60728.91,8675.558571428572
2025-03-13,STORE004,6,66.0,68102.18000000001,6271.91,61830.270000000004,10305.045
2025-09-20,STORE011,6,27.0,23807.09,2470.44,21336.65,3556.1083333333336
2025-07-26,STORE009,5,46.0,45473.3,4402.15,41071.15,8214.23
2025-07-08,STORE020,9,84.0,94018.19,8325.41,85692.78,9521.42
2025-05-23,STORE009,6,46.0,57720.96000000001,6566.7,51154.259999999995,8525.71
2025-08-08,STORE003,4,53.0,55673.649999999994,6354.759999999999,49318.89,12329.7225
2025-11-07,STORE004,5,35.0,43684.37,5966.24,37718.13,7543.625999999999
2025-12-22,STORE005,8,86.0,90566.37000000001,12402.06,78164.31,9770.53875
2025-05-17,STORE016,5,43.0,39330.08,4686.030000000001,34644.049999999996,6928.8099999999995
2025-04-14,STORE012,4,33.0,42510.34,3740.94,38769.399999999994,9692.349999999999
2025-01-25,STORE013,11,108.0,123805.59000000001,12853.369999999999,110952.22,10086.565454545454
2025-06-17,STORE011,7,68.0,66023.55,7916.470000000001,58107.08,8301.011428571428
2025-02-26,STORE005,6,39.0,45772.78,6070.01,39702.770000000004,6617.128333333334
2025-05-08,STORE005,7,61.0,54469.78,5973.35,48496.43,6928.061428571428
2025-09-16,STORE009,7,47.0,58958.549999999996,5398.18,53560.369999999995,7651.481428571428
2025-03-03,STORE020,8,74.0,86947.43,10550.539999999999,76396.89000000001,9549.611250000002
2025-08-16,STORE010,7,47.0,43121.49999999999,4618.35,38503.149999999994,5500.449999999999
2025-02-26,STORE019,14,129.0,156522.19,17057.23,139464.96,9961.782857142856
2025-06-09,STORE019,13,116.0,126393.68999999999,10744.720000000001,115648.97,8896.074615384616
2025-08-19,STORE017,5,41.0,46376.270000000004,5336.3099999999995,41039.96,8207.992
2025-12-19,STORE009,10,81.0,88428.12000000001,8476.41,79951.70999999999,7995.170999999999
2025-07-27,STORE014,9,100.0,117929.84,10745.44,107184.39999999998,11909.377777777776
2025-10-29,STORE018,8,61.0,59203.899999999994,5185.1,54018.8,6752.35
2025-07-24,STORE018,7,71.0,79155.3,8666.91,70488.39,10069.77
2025-12-02,STORE011,10,81.0,85102.82999999999,7288.94,77813.89,7781.389
2025-07-02,STORE018,10,88.0,91776.2,7104.999999999999,84671.2,8467.119999999999
2025-02-05,STORE008,7,61.0,54078.75,5349.38,48729.37,6961.338571428571
2025-07-12,STORE013,8,69.0,58668.70999999999,4449.07,54219.64,6777.455
2025-01-04,STORE013,10,85.0,91111.55000000002,9154.66,81956.89,8195.689
2025-12-10,STORE008,8,59.0,43398.97,4396.2300000000005,39002.74,4875.3425
2025-08-26,STORE012,6,71.0,79074.69999999998,8187.81,70886.89,11814.481666666667
2025-06-19,STORE002,10,69.0,60755.92999999999,6313.06,54442.869999999995,5444.286999999999
2025-04-24,STORE020,11,107.0,120626.07,13570.02,107056.04999999999,9732.368181818181
2025-02-12,STORE008,8,63.0,59384.240000000005,5527.290000000001,53856.95,6732.11875
2025-03-20,STORE015,10,52.0,55476.43000000001,5606.32,49870.11,4987.011
2025-02-17,STORE011,11,86.0,101118.01,9838.47,91279.54000000001,8298.140000000001
2025-02-10,STORE016,8,54.0,43581.86,3451.2799999999997,40130.579999999994,5016.322499999999
2025-02-23,STORE001,8,64.0,81861.41,9265.99,72595.42,9074.4275
2025-09-25,STORE003,6,40.0,48098.64000000001,4586.03,43512.61,7252.1016666666665
2025-09-15,STORE003,6,59.0,58805.32000000001,6846.4,51958.92,8659.82
2025-09-03,STORE010,10,93.0,99159.88,10715.89,88443.98999999999,8844.399
2025-03-07,STORE009,8,88.0,97860.02,11021.86,86838.16,10854.77
2025-03-17,STORE016,6,61.0,68048.47,5031.89,63016.58,10502.763333333334
2025-10-06,STORE012,7,54.0,39425.39,4213.12,35212.27,5030.324285714285
2025-07-11,STORE014,6,62.0,74297.36000000002,8016.87,66280.49,11046.748333333335
2025-11-30,STORE006,9,77.0,75818.16,7438.75,68379.41,7597.712222222222
2025-03-08,STORE019,8,59.0,49276.600000000006,5127.5,44149.09999999999,5518.637499999999
2025-11-06,STORE011,11,109.0,105451.98000000001,7958.53,97493.45000000001,8863.04090909091
2025-09-07,STORE002,6,60.0,64722.6,4642.79,60079.80999999999,10013.301666666664
2025-03-10,STORE001,16,138.0,141500.91000000003,13577.56,127923.35,7995.209375
2025-05-27,STORE008,5,49.0,38767.37,3892.4100000000003,34874.96,6974.992
2025-02-07,STORE010,5,44.0,55317.04,6705.9400000000005,48611.1,9722.22
2025-05-21,STORE014,7,48.0,56714.310000000005,4135.93,52578.380000000005,7511.197142857143
2025-10-17,STORE003,8,76.0,87996.28,7432.88,80563.4,10070.425
2025-10-17,STORE007,5,57.0,56928.159999999996,7056.049999999999,49872.11000000001,9974.422000000002
2025-09-25,STORE008,11,96.0,101913.4,10326.439999999999,91586.95999999999,8326.087272727273
2025-09-28,STORE001,3,32.0,37492.85,4427.09,33065.76,11021.92
2025-04-04,STORE003,8,70.0,80613.46,5880.630000000001,74732.82999999999,9341.603749999998
2025-11-18,STORE002,8,63.0,64987.83,6574.07,58413.76,7301.72
2025-12-22,STORE001,7,65.0,48438.78,4977.1,43461.67999999999,6208.811428571427
2025-10-22,STORE003,1,6.0,3203.85,445.48,2758.37,2758.37
2025-09-26,STORE015,7,69.0,58720.229999999996,4164.55,54555.67999999999,7793.66857142857
2025-07-04,STORE005,6,37.0,29938.999999999996,2084.0,27855.0,4642.5
2025-02-21,STORE004,8,84.0,84561.1,8738.63,75822.47,9477.80875
2025-02-17,STORE003,7,57.0,58814.49,5536.42,53278.07,7611.152857142857
2025-11-16,STORE003,9,66.0,73709.4,8159.469999999999,65549.93000000001,7283.325555555556
2025-12-10,STORE003,13,111.0,118964.59,12535.779999999999,106428.81,8186.831538461538
2025-05-02,STORE001,10,78.0,74829.23,8464.949999999999,66364.28,6636.428
2025-07-08,STORE014,7,53.0,62424.11000000001,5321.74,57102.37,8157.481428571429
2025-03-03,STORE009,7,53.0,56231.05,5449.58,50781.47,7254.495714285715
2025-07-03,STORE016,5,52.0,51134.92,4312.03,46822.89,9364.578
2025-03-07,STORE019,11,110.0,98229.37,8721.890000000001,89507.48,8137.043636363636
2025-06-23,STORE008,7,70.0,72084.41,6924.53,65159.87999999999,9308.554285714285
2025-12-20,STORE012,7,68.0,66150.43,6583.52,59566.91,8509.558571428572
2025-05-02,STORE016,10,114.0,130627.29000000001,12008.43,118618.86,11861.886
2025-04-01,STORE002,11,92.0,82517.12,7663.65,74853.47,6804.860909090909
2025-07-15,STORE005,12,97.0,90839.17000000001,11572.900000000001,79266.27,6605.5225
2025-10-09,STORE011,7,55.0,50654.47,4734.42,45920.05,6560.007142857144
2025-06-15,STORE017,6,39.0,38803.94,4151.45,34652.49,5775.415
2025-01-05,STORE004,12,76.0,80100.52,8680.75,71419.77,5951.6475
2025-03-01,STORE001,6,50.0,61503.86,4622.5,56881.36,9480.226666666667
2025-04-23,STORE018,5,43.0,48242.7,5620.09,42622.61,8524.522
2025-06-04,STORE008,6,53.0,52651.4,4535.09,48116.31,8019.384999999999
2025-08-27,STORE009,7,52.0,66600.58,7117.779999999999,59482.799999999996,8497.542857142857
2025-12-23,STORE010,9,85.0,94872.65,8460.189999999999,86412.46,9601.384444444446
2025-07-08,STORE007,9,75.0,79985.75,7153.299999999999,72832.45000000001,8092.494444444445
2025-09-26,STORE004,6,77.0,78362.44,6872.4,71490.04,11915.006666666666
2025-09-19,STORE011,12,87.0,85304.45999999999,8521.8,76782.66,6398.555
2025-12-11,STORE012,7,57.0,60488.94,6152.7699999999995,54336.17,7762.3099999999995
2025-10-04,STORE019,11,87.0,89442.56,10551.99,78890.56999999999,7171.869999999999
2025-10-27,STORE006,6,38.0,42827.07000000001,5543.43,37283.64,6213.94
2025-09-02,STORE010,9,73.0,95126.48999999999,7958.38,87168.11,9685.345555555556
2025-06-30,STORE012,12,119.0,123929.86000000002,12873.17,111056.68999999999,9254.724166666665
2025-03-01,STORE009,13,96.0,117353.54,13285.550000000001,104067.98999999999,8005.23
2025-12-01,STORE008,7,52.0,57001.53999999999,7156.679999999999,49844.86,7120.694285714286
2025-11-23,STORE009,11,116.0,124196.57,11547.470000000001,112649.1,10240.827272727272
2025-11-17,STORE016,3,30.0,23468.160000000003,3773.32,19694.840000000004,6564.946666666668
2025-12-27,STORE019,7,56.0,48296.55,5095.92,43200.630000000005,6171.518571428572
2025-10-14,STORE001,11,125.0,128344.9,13606.88,114738.01999999999,10430.72909090909
2025-08-19,STORE010,9,75.0,88702.42000000001,7648.97,81053.45000000001,9005.93888888889
2025-07-11,STORE003,8,70.0,86713.73000000001,7313.02,79400.71,9925.08875
2025-06-15,STORE006,8,108.0,114699.84,10822.41,103877.43000000001,12984.678750000001
2025-02-01,STORE015,10,67.0,77535.48000000001,9391.66,68143.82,6814.3820000000005
2025-03-05,STORE013,6,70.0,83955.19,7022.140000000001,76933.05,12822.175000000001
2025-08-15,STORE006,7,45.0,53733.229999999996,4596.65,49136.58,7019.511428571429
2025-02-19,STORE019,7,45.0,42368.170000000006,3905.0299999999997,38463.13999999999,5494.734285714285
2025-01-03,STORE016,12,135.0,117865.63,10803.679999999998,107061.95000000001,8921.829166666668
2025-09-22,STORE009,5,42.0,49885.58000000001,4609.67,45275.909999999996,9055.181999999999
2025-09-01,STORE009,9,66.0,76650.0,6713.59,69936.41,7770.712222222222
2025-09-05,STORE001,9,99.0,99630.87000000001,10468.53,89162.34,9906.926666666666
2025-08-01,STORE013,8,79.0,74287.94,6603.710000000001,67684.23,8460.52875
2025-07-14,STORE014,15,157.0,147207.97999999998,16252.99,130954.98999999999,8730.332666666665
2025-04-15,STORE020,9,104.0,115635.68000000001,11244.17,104391.51,11599.056666666665
2025-10-06,STORE004,12,127.0,148973.19999999998,14645.939999999999,134327.26,11193.938333333334
2025-05-01,STORE010,8,83.0,96699.56,10244.39,86455.17000000001,10806.896250000002
2025-03-30,STORE006,5,67.0,65467.17,5326.83,60140.34,12028.068
2025-09-21,STORE015,7,47.0,58441.600000000006,5963.17,52478.43000000001,7496.918571428572
2025-09-30,STORE009,10,94.0,89924.96,9189.329999999998,80735.63,8073.563
2025-09-14,STORE001,4,38.0,39007.42,4332.54,34674.880000000005,8668.720000000001
2025-01-20,STORE010,10,79.0,89305.64,10292.1,79013.54000000001,7901.354000000001
2025-02-03,STORE012,7,46.0,43822.22,4797.43,39024.79,5574.97
2025-03-23,STORE015,10,112.0,106915.89,10930.22,95985.67,9598.567
2025-05-31,STORE005,11,103.0,109927.62000000001,10296.86,99630.76,9057.341818181818
2025-06-03,STORE006,11,90.0,106718.5,7393.01,99325.48999999999,9029.589999999998
2025-09-03,STORE019,10,90.0,91690.72,7844.530000000001,83846.18999999999,8384.618999999999
2025-02-05,STORE001,5,57.0,72912.83,6025.770000000001,66887.06,13377.412
2025-08-08,STORE006,10,77.0,80405.38,9081.86,71323.51999999999,7132.351999999999
2025-09-22,STORE010,7,67.0,60409.79,6820.05,53589.740000000005,7655.677142857144
2025-08-03,STORE008,5,57.0,47660.270000000004,5432.32,42227.95,8445.59
2025-07-30,STORE016,4,15.0,10818.44,1143.89,9674.55,2418.6375
2025-07-13,STORE010,12,134.0,130055.04000000001,14711.279999999999,115343.76,9611.98
2025-04-26,STORE020,7,38.0,50316.579999999994,5190.64,45125.94,6446.562857142858
2025-11-14,STORE009,9,65.0,62854.259999999995,7766.1,55088.16,6120.906666666667
2025-04-08,STORE010,10,88.0,94484.88,10488.72,83996.16,8399.616
2025-06-10,STORE007,7,69.0,72870.88,5751.23,67119.65,9588.521428571428
2025-08-22,STORE010,12,96.0,102402.82999999999,10149.099999999999,92253.73000000001,7687.810833333334
2025-09-04,STORE005,8,53.0,46236.35,4688.57,41547.78,5193.4725
2025-04-12,STORE008,9,83.0,90614.07,8147.12,82466.95000000001,9162.994444444446
2025-06-23,STORE018,10,84.0,90051.5,8090.799999999999,81960.7,8196.07
2025-10-13,STORE013,6,56.0,69233.49,9093.09,60140.4,10023.4
2025-05-09,STORE003,7,39.0,45352.630000000005,5020.64,40331.99,5761.712857142857
2025-06-21,STORE010,12,117.0,122476.41,11802.93,110673.48000000001,9222.79
2025-09-19,STORE010,15,120.0,149012.27,15832.3,133179.97,8878.664666666667
2025-11-28,STORE004,8,46.0,57632.44,6749.4,50883.04,6360.38
2025-03-17,STORE008,5,30.0,29080.89,3702.61,25378.280000000002,5075.656000000001
2025-07-11,STORE006,7,65.0,80947.06,9475.59,71471.47,10210.210000000001
2025-09-14,STORE008,6,34.0,40492.69,4089.32,36403.369999999995,6067.228333333333
2025-08-01,STORE003,8,86.0,111487.62,11710.77,99776.85,12472.10625
2025-01-07,STORE006,4,32.0,33693.4,2382.83,31310.57,7827.6425
2025-10-28,STORE002,8,68.0,70171.56,7415.5199999999995,62756.03999999999,7844.504999999999
2025-03-18,STORE009,9,68.0,70334.73999999999,7879.65,62455.09,6939.454444444444
2025-07-27,STORE010,9,75.0,67867.8,6550.5700000000015,61317.229999999996,6813.025555555555
2025-05-17,STORE017,13,115.0,117886.35,12222.52,105663.82999999999,8127.986923076922
2025-11-16,STORE006,5,60.0,65383.44,4948.88,60434.56,12086.912
2025-10-18,STORE003,13,94.0,89388.08,9800.029999999999,79588.04999999999,6122.157692307692
2025-06-11,STORE005,9,57.0,61648.479999999996,4992.96,56655.520000000004,6295.057777777778
2025-11-02,STORE017,7,67.0,82664.04000000001,6916.87,75747.16999999998,10821.024285714284
2025-01-09,STORE008,8,72.0,71477.74,9167.29,62310.45,7788.80625
2025-02-13,STORE020,8,60.0,64639.92,6684.389999999999,57955.53,7244.44125
2025-06-07,STORE018,11,99.0,90156.47,8869.289999999999,81287.18,7389.743636363636
2025-06-26,STORE013,13,133.0,124340.04999999999,13015.819999999998,111324.23,8563.402307692308
2025-06-30,STORE015,6,56.0,55626.62,4800.6900000000005,50825.93,8470.988333333333
2025-11-03,STORE009,5,44.0,40497.34,3872.83,36624.51,7324.902
2025-11-17,STORE013,6,72.0,81343.77000000002,8282.42,73061.35,12176.891666666668
2025-11-10,STORE009,8,67.0,72346.14000000001,7204.79,65141.350000000006,8142.668750000001
2025-08-09,STORE014,6,46.0,50477.95000000001,4899.85,45578.1,7596.349999999999
2025-04-03,STORE019,7,80.0,82196.68,6707.6,75489.07999999999,10784.154285714283
2025-11-01,STORE018,5,62.0,65985.67,7287.87,58697.799999999996,11739.56
2025-05-02,STORE013,8,71.0,72486.09999999999,6247.1,66239.0,8279.875
2025-07-23,STORE017,11,90.0,87156.54999999999,9486.83,77669.72,7060.8836363636365
2025-02-28,STORE010,9,64.0,86442.31000000001,5835.009999999999,80607.3,8956.366666666667
2025-07-28,STORE003,7,52.0,60280.34,4933.57,55346.770000000004,7906.681428571429
2025-04-08,STORE009,10,73.0,86907.3,11255.35,75651.95,7565.195
2025-06-05,STORE017,6,61.0,77153.91,7659.970000000001,69493.94,11582.323333333334
2025-08-01,STORE001,7,46.0,54466.119999999995,6455.54,48010.58,6858.654285714286
2025-07-02,STORE012,7,38.0,33784.119999999995,2069.0699999999997,31715.05,4530.721428571428
2025-10-18,STORE009,8,70.0,87451.79999999999,7589.1900000000005,79862.61,9982.82625
2025-12-17,STORE015,6,61.0,61297.47,6074.030000000001,55223.44,9203.906666666668
2025-09-16,STORE004,6,39.0,44042.06,3321.44,40720.619999999995,6786.7699999999995
2025-06-11,STORE006,12,94.0,109213.13,8495.45,100717.68000000001,8393.140000000001
2025-12-30,STORE011,8,98.0,104293.64,10256.35,94037.29,11754.66125
2025-03-19,STORE007,9,76.0,80732.72,7245.71,73487.01000000001,8165.223333333334
2025-10-01,STORE020,10,99.0,105760.29999999999,9952.220000000001,95808.08,9580.808
2025-11-01,STORE005,5,51.0,55978.369999999995,5979.5,49998.87,9999.774000000001
2025-11-23,STORE005,8,71.0,80846.39,10024.78,70821.61,8852.70125
2025-09-29,STORE006,11,71.0,66326.94,7763.87,58563.07000000001,5323.915454545455
2025-05-21,STORE017,14,160.0,166004.28,16092.600000000002,149911.68,10707.977142857142
2025-03-04,STORE006,8,61.0,74319.01,9467.03,64851.98,8106.4975
2025-05-20,STORE003,13,114.0,114685.94,13302.0,101383.93999999999,7798.764615384614
2025-12-27,STORE020,9,61.0,57516.130000000005,5192.23,52323.899999999994,5813.766666666666
2025-09-29,STORE014,9,90.0,89693.39,9476.62,80216.76999999999,8912.974444444444
2025-11-08,STORE016,4,53.0,62361.95999999999,4846.95,57515.009999999995,14378.752499999999
2025-09-04,STORE017,4,40.0,35206.78,4129.54,31077.240000000005,7769.310000000001
2025-03-31,STORE011,11,80.0,75594.87,7321.6900000000005,68273.18000000001,6206.652727272728
2025-01-05,STORE019,11,103.0,107391.18,11694.4,95696.78,8699.707272727273
2025-02-02,STORE017,7,62.0,62864.83,4836.01,58028.82,8289.831428571428
2025-10-14,STORE006,8,63.0,57866.46,4103.79,53762.67,6720.33375
2025-06-22,STORE012,11,43.0,48697.740000000005,5117.5,43580.24,3961.8399999999997
2025-11-05,STORE001,11,98.0,118384.68000000001,11117.44,107267.23999999999,9751.567272727272
2025-03-25,STORE019,10,95.0,102418.81,10619.02,91799.79,9179.979
2025-05-10,STORE008,9,61.0,75655.93,8769.95,66885.98,7431.775555555555
2025-11-22,STORE019,8,85.0,69125.85,7752.030000000001,61373.82,7671.7275
2025-01-15,STORE015,13,116.0,112426.83000000002,10658.039999999997,101768.79,7828.368461538461
2025-03-30,STORE002,5,40.0,54822.22,5880.3099999999995,48941.91,9788.382000000001
2025-04-27,STORE006,7,63.0,73699.36,6652.17,67047.19,9578.17
2025-07-10,STORE007,5,44.0,48756.729999999996,7196.89,41559.840000000004,8311.968
2025-08-27,STORE015,8,66.0,74562.89,7027.01,67535.88,8441.985
2025-08-28,STORE004,9,81.0,103338.06,7957.47,95380.59,10597.843333333332
2025-02-08,STORE018,5,44.0,61451.170000000006,4343.75,57107.420000000006,11421.484
2025-03-14,STORE020,10,96.0,104862.64,11957.840000000002,92904.79999999999,9290.48
2025-12-31,STORE002,6,64.0,65419.770000000004,7208.99,58210.77999999999,9701.796666666665
2025-01-08,STORE013,6,41.0,30823.5,3455.11,27368.39,4561.3983333333335
2025-02-23,STORE010,9,85.0,85425.26000000001,9125.32,76299.93999999999,8477.77111111111
2025-11-07,STORE018,7,42.0,42812.83,3194.58,39618.25,5659.75
2025-07-16,STORE013,7,57.0,58103.46000000001,7644.52,50458.94,7208.42
2025-12-25,STORE001,8,56.0,62688.51,4658.849999999999,58029.659999999996,7253.7074999999995
2025-05-10,STORE011,9,82.0,74609.88,6664.09,67945.79000000001,7549.532222222223
2025-11-27,STORE007,6,58.0,61692.09,5903.96,55788.13,9298.021666666666
2025-12-20,STORE004,5,51.0,68225.87999999999,6580.139999999999,61645.74,12329.148
2025-05-30,STORE001,7,78.0,97968.42000000001,8588.25,89380.16999999998,12768.595714285711
2025-11-19,STORE017,8,54.0,55618.92999999999,6324.290000000001,49294.64,6161.83
2025-03-28,STORE008,3,15.0,9085.37,1030.81,8054.56,2684.8533333333335
2025-01-03,STORE003,8,73.0,79928.5,8372.55,71555.95,8944.49375
2025-08-28,STORE010,9,104.0,118380.22000000002,11308.699999999999,107071.51999999999,11896.835555555554
2025-08-05,STORE003,9,64.0,77430.66,7715.65,69715.01000000001,7746.112222222223
2025-01-06,STORE007,9,80.0,86910.43,8322.78,78587.65,8731.96111111111
2025-05-29,STORE004,8,57.0,68472.6,4984.719999999999,63487.880000000005,7935.985000000001
2025-04-16,STORE015,4,40.0,39120.7,4622.56,34498.14,8624.535
2025-05-01,STORE014,10,93.0,102559.73,10914.86,91644.87,9164.487
2025-10-10,STORE006,5,45.0,47544.520000000004,4408.06,43136.45999999999,8627.291999999998
2025-03-30,STORE003,4,26.0,29321.07,3098.95,26222.12,6555.53
2025-05-30,STORE020,9,96.0,99041.29000000001,10457.24,88584.05,9842.672222222223
2025-01-04,STORE016,6,65.0,66157.68000000001,6944.3,59213.380000000005,9868.896666666667
2025-04-22,STORE016,8,41.0,32399.26,3836.41,28562.849999999995,3570.3562499999994
2025-12-01,STORE012,9,87.0,102441.02,10232.239999999998,92208.78,10245.42
2025-03-18,STORE003,9,56.0,57796.87,4673.86,53123.009999999995,5902.556666666666
2025-09-12,STORE007,4,45.0,51839.11,3669.42,48169.69000000001,12042.422500000002
2025-07-04,STORE019,6,54.0,45153.02,5936.32,39216.7,6536.116666666666
2025-08-19,STORE008,10,107.0,105921.09,10161.93,95759.15999999999,9575.916
2025-12-02,STORE016,8,67.0,67462.09,9171.21,58290.880000000005,7286.360000000001
2025-08-25,STORE009,14,113.0,109530.65,8647.7,100882.95000000001,7205.925000000001
2025-03-17,STORE005,9,79.0,84015.28,8481.170000000002,75534.11,8392.67888888889
2025-09-14,STORE014,5,36.0,45948.78,2965.09,42983.69,8596.738000000001
2025-10-04,STORE003,6,59.0,66368.14,6863.95,59504.19000000001,9917.365000000002
2025-12-11,STORE017,8,83.0,96542.96,9091.27,87451.68999999999,10931.461249999998
2025-02-12,STORE003,6,59.0,58690.34,4031.55,54658.79,9109.798333333334
2025-04-01,STORE012,4,48.0,56350.89000000001,4887.35,51463.53999999999,12865.884999999998
2025-07-05,STORE003,9,89.0,95083.06999999999,8697.550000000001,86385.51999999999,9598.39111111111
2025-07-15,STORE019,10,96.0,101759.70999999999,11081.330000000002,90678.38,9067.838
2025-12-06,STORE002,8,54.0,53847.979999999996,4453.870000000001,49394.11,6174.26375
2025-01-07,STORE017,4,38.0,36772.06,3742.22,33029.84,8257.46
2025-10-03,STORE005,4,33.0,38693.81,3700.0299999999997,34993.78,8748.445
2025-03-03,STORE019,6,53.0,43330.130000000005,4311.36,39018.770000000004,6503.128333333334
2025-01-24,STORE014,9,87.0,83191.90000000001,10688.599999999999,72503.29999999999,8055.922222222221
2025-08-26,STORE015,3,22.0,14826.44,1191.26,13635.18,4545.06
2025-10-24,STORE013,6,41.0,45746.17,4622.95,41123.22,6853.87
2025-10-11,STORE001,10,105.0,98794.70000000001,12485.2,86309.5,8630.95
2025-06-05,STORE005,9,93.0,96692.98999999999,7971.359999999999,88721.62999999999,9857.958888888888
2025-10-26,STORE020,9,94.0,97448.32,9860.480000000001,87587.84,9731.982222222221
2025-07-05,STORE005,7,50.0,51597.82000000001,5151.08,46446.74,6635.248571428571
2025-11-23,STORE013,5,51.0,54170.770000000004,5684.860000000001,48485.91,9697.182
2025-03-23,STORE005,4,23.0,29265.99,3498.79,25767.199999999997,6441.799999999999
2025-05-28,STORE005,5,36.0,40009.85,4196.700000000001,35813.15,7162.63
2025-03-19,STORE008,10,79.0,63615.079999999994,6436.31,57178.770000000004,5717.877
2025-02-04,STORE020,8,92.0,88698.64,9329.130000000001,79369.51000000001,9921.188750000001
2025-01-10,STORE005,13,118.0,157161.93000000002,14917.800000000001,142244.13,10941.856153846154
2025-11-11,STORE005,8,51.0,52079.219999999994,4474.74,47604.48,5950.56
2025-06-10,STORE018,8,74.0,74894.04000000001,6459.76,68434.28,8554.285
2025-01-09,STORE011,10,68.0,84797.63,7830.569999999999,76967.06000000001,7696.706000000001
2025-07-29,STORE011,6,32.0,40390.36,3041.1,37349.259999999995,6224.876666666666
2025-05-27,STORE005,12,115.0,116117.06,12100.91,104016.15,8668.012499999999
2025-06-05,STORE003,5,57.0,55910.509999999995,5588.84,50321.67,10064.333999999999
2025-07-15,STORE011,4,32.0,33309.13,2564.75,30744.38,7686.095
2025-01-25,STORE020,5,58.0,75028.1,8274.91,66753.19,13350.638
2025-05-15,STORE016,10,86.0,77067.95999999999,6969.62,70098.34,7009.834
2025-09-17,STORE010,15,124.0,135829.85,15666.06,120163.79000000001,8010.919333333334
2025-10-26,STORE012,8,80.0,63866.030000000006,7270.41,56595.62,7074.4525
2025-06-13,STORE006,11,103.0,107327.66,9263.13,98064.53,8914.957272727273
2025-10-07,STORE007,9,67.0,57738.84,7139.070000000001,50599.770000000004,5622.196666666667
2025-04-04,STORE012,8,54.0,57444.54,4948.370000000001,52496.17,6562.02125
2025-12-19,STORE006,6,51.0,49058.62,5669.42,43389.200000000004,7231.533333333334
2025-04-22,STORE008,5,38.0,34772.47,4237.46,30535.010000000002,6107.002
2025-09-22,STORE001,11,103.0,118968.68000000001,10915.51,108053.17,9823.015454545455
2025-10-04,STORE020,6,57.0,48928.51000000001,5148.389999999999,43780.12,7296.686666666667
2025-03-08,STORE008,6,37.0,37956.79,4279.87,33676.92,5612.82
2025-07-29,STORE001,10,63.0,75798.49,7459.11,68339.37999999999,6833.937999999999
2025-04-17,STORE010,12,94.0,106438.32999999999,11117.900000000001,95320.43000000001,7943.369166666667
2025-09-05,STORE010,6,45.0,52359.71,6732.82,45626.89000000001,7604.4816666666675
2025-05-08,STORE015,8,61.0,70567.29000000001,6103.75,64463.54,8057.9425
2025-06-11,STORE009,9,73.0,76994.54999999999,7552.709999999999,69441.84000000001,7715.760000000001
2025-11-24,STORE015,6,78.0,87337.69,8786.97,78550.72,13091.786666666667
2025-06-06,STORE014,4,25.0,27735.05,2041.2099999999998,25693.84,6423.46
2025-09-02,STORE005,7,46.0,43587.729999999996,4027.3500000000004,39560.38,5651.482857142857
2025-12-14,STORE011,10,97.0,95013.55,7275.49,87738.06,8773.806
2025-09-17,STORE013,8,56.0,51308.49,4252.55,47055.94,5881.9925
2025-10-15,STORE016,11,80.0,95625.4,8404.78,87220.62,7929.147272727272
2025-06-19,STORE004,7,62.0,63104.87999999999,6638.82,56466.06,8066.58
2025-12-15,STORE007,9,78.0,66800.28,5220.219999999999,61580.06,6842.228888888889
2025-07-20,STORE010,7,60.0,83911.92000000001,8278.57,75633.34999999999,10804.764285714284
2025-01-20,STORE018,6,53.0,51583.350000000006,6538.889999999999,45044.46,7507.41
2025-08-15,STORE015,9,77.0,76332.4,5620.719999999999,70711.68,7856.853333333333
2025-09-09,STORE008,13,134.0,140366.45,13489.09,126877.36,9759.796923076923
2025-11-11,STORE015,4,46.0,58282.77,5661.820000000001,52620.950000000004,13155.237500000001
2025-01-01,STORE001,7,66.0,71252.35,7540.5199999999995,63711.83,9101.69
2025-09-26,STORE012,7,69.0,66622.61,6556.23,60066.37999999999,8580.911428571428
2025-04-09,STORE019,3,17.0,25232.66,2909.62,22323.04,7441.013333333333
2025-07-19,STORE016,9,95.0,92294.60999999999,10384.67,81909.94,9101.104444444445
2025-10-11,STORE020,9,89.0,94392.59,10218.11,84174.48,9352.72
2025-12-19,STORE002,10,92.0,95497.87,9642.99,85854.88,8585.488000000001
2025-03-06,STORE002,9,80.0,85175.64,9514.759999999998,75660.88,8406.764444444445
2025-05-14,STORE019,10,75.0,69811.14,7531.95,62279.19,6227.919
2025-11-30,STORE002,9,71.0,73572.38,5353.960000000001,68218.42,7579.824444444444
2025-08-11,STORE019,10,69.0,55147.67,6094.449999999999,49053.22,4905.322
2025-08-01,STORE019,12,88.0,89058.44,9150.96,79907.48,6658.956666666666
2025-12-08,STORE011,8,61.0,78723.72,7672.38,71051.34,8881.4175
2025-12-06,STORE020,10,98.0,84948.87,9010.84,75938.03,7593.803
2025-09-15,STORE007,9,98.0,106842.72,12824.45,94018.27,10446.474444444444
2025-12-05,STORE002,7,62.0,62021.55,5763.879999999999,56257.67,8036.8099999999995
2025-01-01,STORE015,7,60.0,58518.75,7374.0,51144.75,7306.392857142857
2025-07-08,STORE018,6,48.0,52991.979999999996,5545.0,47446.98,7907.830000000001
2025-10-06,STORE018,8,86.0,99467.41,12004.299999999997,87463.11,10932.88875
2025-03-02,STORE003,8,67.0,72395.37999999999,6529.77,65865.61,8233.20125
2025-07-08,STORE008,14,115.0,100591.92000000001,10214.380000000001,90377.54000000001,6455.538571428572
2025-03-13,STORE012,3,33.0,29357.5,2162.93,27194.57,9064.856666666667
2025-07-24,STORE010,13,107.0,113018.89,10629.669999999998,102389.22,7876.093846153846
2025-05-28,STORE015,10,104.0,106179.37,10065.480000000001,96113.89000000001,9611.389000000001
2025-01-26,STORE014,4,29.0,41952.44,4665.49,37286.950000000004,9321.737500000001
2025-04-19,STORE008,4,26.0,35727.3,4989.710000000001,30737.59,7684.3975
2025-05-17,STORE010,8,76.0,77502.38999999998,9452.14,68050.25,8506.28125
2025-06-15,STORE008,11,106.0,108989.87,11333.62,97656.25,8877.84090909091
2025-03-03,STORE010,4,42.0,30374.97,3023.54,27351.43,6837.8575
2025-10-12,STORE014,11,88.0,99997.98000000001,11168.789999999999,88829.19,8075.380909090909
2025-04-02,STORE016,12,112.0,90428.15000000001,7932.909999999999,82495.23999999999,6874.603333333333
2025-12-08,STORE017,7,62.0,79038.88,7833.84,71205.04000000001,10172.148571428572
2025-02-24,STORE009,14,102.0,113790.14000000001,9503.41,104286.73,7449.052142857143
2025-05-26,STORE008,12,118.0,119345.72000000002,11944.4,107401.32,8950.11
2025-08-17,STORE014,7,67.0,89316.66,12006.869999999999,77309.79000000001,11044.255714285715
2025-06-24,STORE014,8,64.0,52407.869999999995,4319.9400000000005,48087.93000000001,6010.991250000001
2025-01-25,STORE017,11,85.0,82546.83,8253.01,74293.82,6753.983636363637
2025-12-26,STORE014,11,75.0,85237.43,8216.33,77021.1,7001.918181818182
2025-11-19,STORE013,5,45.0,49893.31,5091.85,44801.46,8960.292
2025-07-07,STORE011,8,77.0,77583.89,9007.77,68576.12,8572.015
2025-07-31,STORE013,8,66.0,63261.51,7033.1,56228.409999999996,7028.5512499999995
2025-08-29,STORE010,10,100.0,92855.79000000001,9372.67,83483.12,8348.312
2025-09-10,STORE015,11,114.0,118625.55000000002,13402.189999999999,105223.35999999999,9565.759999999998
2025-09-12,STORE009,2,17.0,17291.18,1768.14,15523.04,7761.52
2025-10-18,STORE010,7,71.0,91400.51000000001,11903.61,79496.90000000001,11356.7
2025-01-17,STORE009,3,33.0,41538.86,5359.08,36179.78,12059.926666666666
2025-03-20,STORE020,5,38.0,27956.060000000005,2674.28,25281.78,5056.356
2025-01-26,STORE010,6,55.0,53094.34999999999,5088.79,48005.56,8000.926666666666
2025-04-25,STORE008,7,58.0,51167.840000000004,5255.49,45912.350000000006,6558.907142857143
2025-09-08,STORE007,3,21.0,24223.6,2481.5,21742.100000000002,7247.366666666668
2025-03-20,STORE010,5,51.0,44109.08,4717.32,39391.759999999995,7878.351999999999
2025-01-16,STORE008,12,133.0,142803.16999999998,14936.46,127866.71,10655.559166666668
2025-04-22,STORE007,4,42.0,39194.47,3315.22,35879.25,8969.8125
2025-10-21,STORE005,9,72.0,58470.66,7188.07,51282.590000000004,5698.065555555556
2025-10-11,STORE008,9,77.0,89980.06,10452.939999999999,79527.12,8836.346666666666
2025-10-02,STORE004,10,90.0,93191.01999999999,9390.0,83801.02,8380.102
2025-08-19,STORE014,7,75.0,64082.27,5920.679999999999,58161.59,8308.798571428571
2025-03-04,STORE016,10,121.0,112598.23000000001,10737.130000000001,101861.09999999999,10186.109999999999
2025-09-09,STORE003,6,46.0,52258.15,4699.31,47558.84,7926.473333333332
2025-10-08,STORE020,8,79.0,74032.8,6457.93,67574.87,8446.85875
2025-11-15,STORE010,12,106.0,92700.87999999999,9349.98,83350.90000000001,6945.908333333334
2025-11-25,STORE009,8,65.0,59748.03999999999,7194.79,52553.25,6569.15625
2025-08-24,STORE015,16,203.0,189465.64,19346.43,170119.21000000002,10632.450625000001
2025-05-17,STORE013,9,67.0,81170.83,10494.6,70676.23000000001,7852.9144444444455
2025-02-23,STORE014,11,100.0,108491.46,10876.810000000001,97614.65,8874.05909090909
2025-07-05,STORE001,6,33.0,30437.519999999997,2707.9200000000005,27729.600000000002,4621.6
2025-01-26,STORE003,9,79.0,84964.32,8155.860000000001,76808.45999999999,8534.273333333333
2025-02-27,STORE008,10,83.0,62573.07000000001,4891.9400000000005,57681.130000000005,5768.113
2025-05-02,STORE006,5,28.0,20793.29,2095.92,18697.37,3739.4739999999997
2025-01-21,STORE017,6,25.0,29450.739999999998,1864.72,27586.02,4597.67
2025-12-26,STORE006,4,33.0,39261.43,3696.6000000000004,35564.83,8891.2075
2025-04-19,STORE013,12,98.0,105437.81,12533.59,92904.22,7742.018333333333
2025-12-15,STORE020,10,90.0,86904.79,8703.38,78201.40999999999,7820.140999999999
2025-11-20,STORE009,6,72.0,79157.47,8616.01,70541.45999999999,11756.909999999998
2025-12-22,STORE011,7,46.0,41277.71,4526.43,36751.28,5250.182857142857
2025-05-11,STORE018,12,103.0,114225.72,9258.25,104967.47,8747.289166666667
2025-05-25,STORE013,4,22.0,31497.78,3683.58,27814.199999999997,6953.549999999999
2025-05-09,STORE013,10,70.0,69232.72,7125.120000000001,62107.6,6210.76
2025-01-23,STORE009,13,124.0,130706.12,12657.66,118048.45999999999,9080.650769230768
2025-06-13,STORE017,8,60.0,64069.6,6958.58,57111.020000000004,7138.8775000000005
2025-05-03,STORE018,7,29.0,37187.770000000004,3637.85,33549.92,4792.845714285714
2025-12-29,STORE016,8,81.0,84519.42,8492.84,76026.58,9503.3225
2025-04-20,STORE011,9,89.0,83262.92,6422.3,76840.62,8537.846666666666
2025-09-19,STORE020,6,34.0,37748.44,3798.0300000000007,33950.41,5658.401666666668
2025-09-20,STORE008,7,61.0,59206.700000000004,5068.77,54137.93000000001,7733.990000000001
2025-03-04,STORE013,7,69.0,83460.27,10030.9,73429.37,10489.91
2025-06-20,STORE016,4,43.0,34102.659999999996,3881.36,30221.3,7555.325
2025-08-11,STORE010,4,42.0,48076.84,6462.540000000001,41614.299999999996,10403.574999999999
2025-01-13,STORE005,7,51.0,56480.12999999999,5629.21,50850.920000000006,7264.4171428571435
2025-12-15,STORE015,6,49.0,53588.42,4521.900000000001,49066.520000000004,8177.753333333334
2025-05-16,STORE012,6,51.0,43227.77,4556.23,38671.54,6445.256666666667
2025-09-29,STORE016,10,104.0,109425.03,8460.67,100964.35999999999,10096.435999999998
2025-03-27,STORE009,11,104.0,111896.36,11344.920000000002,100551.44,9141.04
2025-07-15,STORE015,9,81.0,67461.44,5969.29,61492.149999999994,6832.461111111111
2025-02-06,STORE010,11,101.0,124983.51,14807.29,110176.22,10016.02
2025-01-14,STORE001,8,58.0,68120.43,7663.5199999999995,60456.90999999999,7557.113749999999
2025-04-12,STORE018,8,61.0,58237.79,5854.45,52383.340000000004,6547.9175000000005
2025-02-01,STORE014,9,80.0,67875.94,6498.8099999999995,61377.130000000005,6819.681111111112
2025-02-03,STORE008,14,131.0,145754.18000000002,15985.73,129768.45000000001,9269.175000000001
2025-06-07,STORE001,6,55.0,63747.31,6922.959999999999,56824.34999999999,9470.724999999999
2025-08-05,STORE019,12,85.0,94070.8,10223.689999999999,83847.11000000002,6987.259166666668
2025-05-15,STORE001,6,40.0,43516.590000000004,4274.910000000001,39241.68,6540.28
2025-03-19,STORE018,7,68.0,71363.7,4953.21,66410.48999999999,9487.212857142857
2025-10-23,STORE010,6,54.0,62841.75,5620.419999999999,57221.33,9536.888333333334
2025-07-29,STORE002,9,78.0,74741.6,7152.459999999999,67589.14,7509.904444444444
2025-12-21,STORE017,10,80.0,91642.06000000001,7181.610000000001,84460.45,8446.045
2025-02-23,STORE017,5,48.0,27419.61,2963.99,24455.62,4891.124
2025-05-04,STORE017,12,118.0,113929.93,10379.52,103550.40999999999,8629.200833333332
2025-11-25,STORE004,7,66.0,61625.56999999999,7288.98,54336.590000000004,7762.370000000001
2025-12-07,STORE017,13,115.0,126311.04000000001,12217.05,114093.98999999999,8776.460769230769
2025-06-19,STORE011,12,98.0,111906.51000000001,11929.85,99976.66,8331.388333333334
2025-05-04,STORE005,4,39.0,47611.71,3603.3,44008.41,11002.1025
2025-11-10,STORE019,14,136.0,101460.57999999999,8119.300000000001,93341.28,6667.234285714286
2025-01-19,STORE007,9,85.0,86067.47,8840.49,77226.98,8580.775555555556
2025-01-21,STORE013,6,48.0,52466.2,4668.76,47797.44,7966.240000000001
2025-04-17,STORE001,4,60.0,62452.15,6479.72,55972.42999999999,13993.107499999998
2025-06-19,STORE007,7,57.0,54468.990000000005,5427.0199999999995,49041.97,7005.995714285715
2025-08-28,STORE013,8,91.0,83172.53,8516.369999999999,74656.16,9332.02
2025-11-09,STORE013,11,82.0,90315.76000000001,9100.07,81215.69,7383.244545454546
2025-01-15,STORE010,6,38.0,46928.34000000001,4165.62,42762.72,7127.12
2025-03-27,STORE005,7,63.0,73511.09,5782.799999999999,67728.29,9675.47
2025-01-16,STORE013,9,81.0,73262.57,8593.87,64668.7,7185.411111111111
2025-12-27,STORE008,5,54.0,53551.56,5390.120000000001,48161.44,9632.288
2025-03-06,STORE016,6,61.0,69431.28,5769.969999999999,63661.31,10610.218333333332
2025-09-30,STORE011,11,105.0,104263.70000000001,9755.5,94508.20000000001,8591.654545454547
2025-11-27,STORE016,10,93.0,95242.68,8421.03,86821.65000000001,8682.165
2025-06-21,STORE009,8,51.0,54766.67,5812.889999999999,48953.780000000006,6119.222500000001
2025-03-13,STORE007,11,83.0,79356.77,7008.400000000001,72348.37,6577.124545454545
2025-11-18,STORE001,7,61.0,78185.91,9099.64,69086.26999999999,9869.467142857142
2025-02-05,STORE002,5,60.0,70172.8,7221.91,62950.89,12590.178
2025-05-10,STORE015,6,56.0,64463.42,7147.8099999999995,57315.61,9552.601666666667
2025-05-20,STORE010,5,62.0,69176.0,6566.2300000000005,62609.77,12521.954
2025-05-30,STORE018,7,51.0,50345.21000000001,4487.41,45857.8,6551.114285714286
2025-10-05,STORE019,10,123.0,104129.76999999999,9849.27,94280.5,9428.05
2025-07-03,STORE009,6,48.0,44755.8,4967.389999999999,39788.409999999996,6631.401666666666
2025-04-04,STORE009,7,54.0,62453.20999999999,7044.459999999999,55408.75,7915.535714285715
2025-08-04,STORE005,8,66.0,84686.29999999999,8063.700000000001,76622.6,9577.825
2025-08-19,STORE018,7,71.0,70222.5,6690.320000000001,63532.18,9076.025714285714
2025-07-20,STORE004,7,68.0,64633.09999999999,5954.45,58678.65,8382.664285714285
2025-04-13,STORE016,5,49.0,44032.5,4981.009999999999,39051.490000000005,7810.298000000001
2025-09-27,STORE019,8,57.0,46707.240000000005,4823.74,41883.5,5235.4375
2025-05-01,STORE013,7,77.0,77875.28,8184.279999999999,69691.0,9955.857142857143
2025-09-17,STORE005,9,94.0,105195.44,9287.45,95907.99,10656.443333333335
2025-07-08,STORE001,7,68.0,87691.23000000001,7485.120000000001,80206.11,11458.015714285715
2025-05-16,STORE004,14,106.0,124124.67,13006.130000000001,111118.54000000001,7937.038571428572
2025-09-22,STORE014,9,88.0,101397.3,9065.07,92332.23,10259.136666666665
2025-09-15,STORE012,7,43.0,44580.15,5156.529999999999,39423.62,5631.9457142857145
2025-12-03,STORE014,5,26.0,26548.22,3526.8,23021.42,4604.284
2025-04-18,STORE018,10,104.0,105044.90000000001,11832.75,93212.15,9321.215
2025-07-29,STORE003,6,59.0,61210.71,5564.74,55645.97,9274.328333333333
2025-07-30,STORE010,11,89.0,91383.83000000002,9050.34,82333.49,7484.862727272728
2025-04-12,STORE006,11,106.0,93373.81000000001,9200.6,84173.20999999999,7652.11
2025-02-25,STORE020,4,41.0,40924.28,3666.08,37258.2,9314.55
2025-11-01,STORE004,7,77.0,78107.25,8593.710000000001,69513.54,9930.505714285713
2025-05-22,STORE012,7,64.0,79774.97,9017.4,70757.56999999999,10108.224285714285
2025-11-29,STORE008,6,44.0,36667.64,3873.7,32793.94,5465.656666666667
2025-06-02,STORE015,13,123.0,130877.13,16562.21,114314.92,8793.455384615385
2025-06-12,STORE002,15,140.0,148527.37999999998,13630.11,134897.27,8993.151333333333
2025-11-07,STORE013,6,58.0,50943.09999999999,5837.24,45105.86,7517.643333333333
2025-02-03,STORE020,7,56.0,51437.64,5435.04,46002.59999999999,6571.799999999998
2025-10-27,STORE020,6,56.0,61668.41,6273.51,55394.899999999994,9232.483333333332
2025-01-29,STORE013,13,125.0,129684.13999999998,10634.21,119049.93,9157.686923076923
2025-04-20,STORE015,8,63.0,83524.93000000001,6210.07,77314.86000000002,9664.357500000002
2025-04-01,STORE001,6,58.0,60019.7,5165.57,54854.12999999999,9142.354999999998
2025-10-30,STORE008,11,118.0,121468.39000000001,10146.76,111321.63,10120.148181818182
2025-05-15,STORE009,8,98.0,113981.45,8784.59,105196.86,13149.6075
2025-05-10,STORE003,9,77.0,82267.2,7656.550000000001,74610.65,8290.072222222221
2025-07-20,STORE005,8,79.0,80399.21,9183.58,71215.63,8901.95375
2025-07-17,STORE012,8,69.0,89244.92000000001,9562.57,79682.35,9960.29375
2025-07-16,STORE017,10,76.0,56824.630000000005,5420.95,51403.68000000001,5140.368
2025-05-24,STORE016,7,45.0,38213.409999999996,4255.96,33957.45,4851.064285714286
2025-11-08,STORE019,8,53.0,50503.340000000004,5136.360000000001,45366.979999999996,5670.8724999999995
2025-02-17,STORE015,6,45.0,40456.29,4519.81,35936.479999999996,5989.413333333333
2025-07-21,STORE012,8,73.0,100655.52,7709.6,92945.92000000001,11618.240000000002
2025-06-30,STORE005,13,131.0,133822.02,11851.72,121970.29999999999,9382.330769230768
2025-04-27,STORE020,7,60.0,62874.16,7609.0999999999985,55265.06,7895.0085714285715
2025-09-13,STORE006,8,59.0,66483.89,5293.5,61190.38999999999,7648.798749999999
2025-11-04,STORE017,7,55.0,53559.81,5147.04,48412.770000000004,6916.110000000001
2025-03-30,STORE016,6,58.0,43295.94,4552.2,38743.740000000005,6457.290000000001
2025-12-11,STORE011,3,17.0,21242.18,1845.0100000000002,19397.170000000002,6465.723333333334
2025-04-10,STORE018,9,81.0,92826.09,10060.86,82765.23000000001,9196.136666666667
2025-08-03,STORE002,8,67.0,72432.48,7732.05,64700.43,8087.55375
2025-11-17,STORE020,13,126.0,110594.22,9320.04,101274.18,7790.321538461538
2025-11-13,STORE010,7,46.0,46184.71000000001,4331.280000000001,41853.43,5979.061428571428
2025-04-06,STORE019,6,49.0,61770.45,6120.51,55649.939999999995,9274.99
2025-04-04,STORE015,12,107.0,113699.98999999999,9729.34,103970.65,8664.220833333333
2025-06-21,STORE016,8,74.0,75271.77,6600.54,68671.23000000001,8583.903750000001
2025-10-15,STORE012,7,93.0,103120.88,7928.68,95192.2,13598.885714285714
2025-05-23,STORE008,7,57.0,56511.25,4927.38,51583.87,7369.124285714286
2025-08-30,STORE002,8,86.0,96329.95,9153.050000000001,87176.9,10897.1125
2025-12-17,STORE003,7,62.0,56027.94,4553.610000000001,51474.33,7353.475714285714
2025-06-16,STORE008,9,60.0,57095.93,6715.74,50380.189999999995,5597.7988888888885
2025-04-28,STORE020,5,39.0,36106.41,3686.2200000000003,32420.190000000002,6484.0380000000005
2025-07-18,STORE018,6,38.0,40923.04,4379.04,36544.0,6090.666666666667
2025-03-23,STORE002,7,54.0,38650.5,3641.4599999999996,35009.04,5001.291428571429
2025-09-29,STORE002,8,63.0,44929.79,4679.5599999999995,40250.23,5031.27875
2025-01-17,STORE002,9,99.0,86140.87,9946.7,76194.17,8466.018888888888
2025-07-21,STORE006,4,27.0,39770.67,4309.43,35461.24,8865.31
2025-10-27,STORE004,9,64.0,80447.81,7550.540000000001,72897.27,8099.696666666667
2025-06-30,STORE002,11,93.0,99297.64000000001,8887.66,90409.98000000001,8219.089090909092
2025-12-06,STORE005,5,39.0,44583.75,5082.12,39501.630000000005,7900.326000000001
2025-01-30,STORE007,4,29.0,37270.100000000006,3323.16,33946.94,8486.735
2025-12-15,STORE006,5,27.0,35341.55,2286.85,33054.700000000004,6610.9400000000005
2025-04-07,STORE008,5,42.0,43628.64,4235.799999999999,39392.84,7878.567999999999
2025-01-26,STORE015,9,66.0,58526.240000000005,5426.61,53099.63,5899.958888888888
2025-12-20,STORE001,15,166.0,157738.39,15725.970000000001,142012.42,9467.494666666667
2025-10-10,STORE011,8,77.0,67570.76,6330.35,61240.41,7655.05125
2025-05-02,STORE011,11,101.0,93422.94,7196.709999999999,86226.23,7838.748181818181
2025-06-27,STORE003,6,44.0,46077.13,6133.44,39943.69,6657.281666666667
2025-09-10,STORE010,8,57.0,78024.36,6882.21,71142.15,8892.76875
2025-03-13,STORE011,6,56.0,58395.93,6957.710000000001,51438.22,8573.036666666667
2025-05-22,STORE018,8,62.0,68985.79000000001,7148.650000000001,61837.14,7729.6425
2025-05-14,STORE005,9,115.0,97646.65,10335.52,87311.13,9701.236666666668
2025-11-22,STORE007,4,24.0,25105.989999999998,2618.3100000000004,22487.68,5621.92
2025-09-04,STORE019,10,102.0,108493.24,8817.25,99675.98999999999,9967.598999999998
2025-12-28,STORE018,7,42.0,52581.07000000001,4817.75,47763.31999999999,6823.331428571428
2025-03-20,STORE004,7,57.0,66711.25,5079.48,61631.770000000004,8804.538571428571
2025-05-16,STORE010,11,132.0,145409.86000000002,11795.76,133614.10000000003,12146.736363636366
2025-07-27,STORE019,8,78.0,74077.38,8697.030000000002,65380.34999999999,8172.543749999999
2025-06-11,STORE013,10,92.0,84964.58,9463.52,75501.06,7550.106
2025-07-09,STORE003,7,42.0,48073.909999999996,3916.5499999999997,44157.36,6308.194285714286
2025-12-17,STORE010,7,75.0,85251.26000000001,8845.29,76405.96999999999,10915.13857142857
2025-03-09,STORE018,7,49.0,46283.39,5066.37,41217.020000000004,5888.145714285715
2025-09-18,STORE013,7,84.0,63819.68,7580.91,56238.770000000004,8034.110000000001
2025-03-01,STORE003,5,46.0,50025.490000000005,3975.05,46050.44,9210.088
2025-09-13,STORE012,2,7.0,12809.93,2026.6799999999998,10783.25,5391.625
2025-03-29,STORE013,9,90.0,94675.61,10093.38,84582.23000000001,9398.025555555556
2025-01-12,STORE009,10,87.0,83714.55,6253.1,77461.45,7746.1449999999995
2025-10-01,STORE014,9,47.0,59012.02,6221.53,52790.490000000005,5865.610000000001
2025-05-05,STORE016,5,36.0,36505.97,3928.32,32577.65,6515.530000000001
2025-10-26,STORE014,9,95.0,96970.93000000001,8250.43,88720.5,9857.833333333334
2025-11-08,STORE013,7,37.0,33385.91,3169.96,30215.95,4316.564285714286
2025-02-02,STORE019,6,50.0,65754.72,6372.91,59381.81,9896.968333333332
2025-01-12,STORE001,8,75.0,80523.21,8504.69,72018.52,9002.315
2025-03-16,STORE014,5,49.0,59284.89,4755.2300000000005,54529.659999999996,10905.931999999999
2025-05-27,STORE012,5,54.0,55028.25,4364.94,50663.31,10132.662
2025-09-16,STORE015,5,58.0,62949.19,8378.829999999998,54570.36,10914.072
2025-02-15,STORE004,7,69.0,78818.63,7460.13,71358.5,10194.07142857143
2025-04-11,STORE020,8,84.0,85709.29000000001,8209.41,77499.87999999999,9687.484999999999
2025-01-20,STORE020,12,106.0,102649.74,11403.410000000002,91246.33000000002,7603.860833333335
2025-07-25,STORE017,9,83.0,85380.26999999999,9372.699999999999,76007.57,8445.285555555556
2025-01-30,STORE006,10,116.0,117269.2,10841.93,106427.26999999999,10642.726999999999
2025-01-22,STORE010,7,43.0,38848.490000000005,3124.4700000000003,35724.02,5103.431428571428
2025-10-21,STORE012,7,56.0,62801.439999999995,5139.5599999999995,57661.880000000005,8237.41142857143
2025-10-01,STORE013,8,62.0,67614.69,5593.04,62021.649999999994,7752.706249999999
2025-12-13,STORE008,5,58.0,43043.51,3924.55,39118.96000000001,7823.792000000001
2025-04-03,STORE013,5,38.0,34948.59999999999,2716.75,32231.850000000002,6446.370000000001
2025-12-08,STORE014,9,89.0,77139.63,5860.45,71279.18,7919.908888888888
2025-03-10,STORE018,15,140.0,141525.46,13998.3,127527.16,8501.810666666666
2025-11-18,STORE005,6,70.0,68614.89,7487.730000000001,61127.15999999999,10187.859999999999
2025-06-13,STORE008,9,74.0,77736.12,9151.34,68584.78,7620.531111111111
2025-09-25,STORE001,10,83.0,89730.45,9712.85,80017.6,8001.76
2025-01-01,STORE020,10,81.0,78880.88,5768.700000000001,73112.18000000001,7311.218000000001
2025-11-14,STORE020,7,74.0,68518.01999999999,5740.53,62777.49,8968.212857142857
2025-03-27,STORE012,7,65.0,56498.8,6390.67,50108.12999999999,7158.304285714285
2025-01-30,STORE012,7,57.0,60650.15,6941.58,53708.56999999999,7672.652857142856
2025-02-04,STORE009,10,95.0,92339.44,9859.240000000002,82480.20000000001,8248.02
2025-08-11,STORE015,10,90.0,81179.13,9600.460000000001,71578.67,7157.867
2025-03-05,STORE006,8,77.0,73362.12999999999,7457.86,65904.26999999999,8238.033749999999
2025-08-21,STORE002,5,40.0,41660.68000000001,4243.54,37417.14,7483.428
2025-10-03,STORE009,7,70.0,74996.14,7245.699999999999,67750.44,9678.634285714286
2025-10-04,STORE013,6,67.0,84442.31,6945.03,77497.28,12916.213333333333
2025-04-10,STORE013,9,77.0,71004.62000000001,7403.290000000001,63601.33,7066.814444444444
2025-09-21,STORE014,11,95.0,96739.29999999999,11455.189999999999,85284.11,7753.100909090909
2025-08-22,STORE007,6,47.0,35913.7,3364.4300000000003,32549.269999999997,5424.878333333333
2025-08-06,STORE009,7,65.0,49195.700000000004,5946.139999999999,43249.560000000005,6178.508571428572
2025-12-13,STORE011,4,22.0,22122.690000000002,2368.16,19754.53,4938.6325
2025-08-28,STORE018,14,162.0,194208.01,17901.3,176306.71000000002,12593.33642857143
2025-11-05,STORE004,8,82.0,88525.23,7161.290000000001,81363.94,10170.4925
2025-11-21,STORE003,8,80.0,98681.65,9733.34,88948.31000000001,11118.538750000002
2025-03-03,STORE015,6,67.0,56704.630000000005,5218.23,51486.399999999994,8581.066666666666
2025-02-27,STORE016,13,113.0,87450.16000000002,9559.41,77890.75,5991.596153846154
2025-01-25,STORE007,9,84.0,91367.17,9132.7,82234.47,9137.163333333334
2025-05-06,STORE006,8,103.0,116211.01,11885.099999999999,104325.91,13040.73875
2025-09-20,STORE017,11,91.0,87315.28,10677.05,76638.23,6967.111818181817
2025-05-27,STORE001,5,53.0,50867.670000000006,3992.8300000000004,46874.84,9374.967999999999
2025-09-09,STORE007,6,48.0,49296.42,6002.15,43294.27,7215.711666666666
2025-10-13,STORE020,7,56.0,61513.37,4852.889999999999,56660.479999999996,8094.354285714285
2025-03-26,STORE013,10,92.0,95412.62000000001,8682.130000000001,86730.48999999999,8673.048999999999
2025-04-19,STORE004,8,43.0,49436.14,4272.62,45163.52,5645.44
2025-04-05,STORE003,3,28.0,30477.430000000004,2553.5299999999997,27923.899999999998,9307.966666666665
2025-09-02,STORE013,8,82.0,73140.20999999999,6685.11,66455.1,8306.8875
2025-09-28,STORE007,11,71.0,61745.91,7061.13,54684.78,4971.3436363636365
2025-11-23,STORE004,10,103.0,106409.95,10366.119999999999,96043.82999999999,9604.382999999998
2025-06-16,STORE019,8,33.0,30682.600000000002,4765.93,25916.67,3239.58375
2025-07-26,STORE018,9,73.0,84534.99,7236.98,77298.01,8588.667777777777
2025-06-10,STORE017,11,109.0,119549.45,10731.960000000001,108817.49,9892.499090909092
2025-08-17,STORE012,6,55.0,47299.12,4773.700000000001,42525.42,7087.57
2025-02-04,STORE019,5,54.0,52351.72,4563.620000000001,47788.100000000006,9557.62
2025-02-19,STORE015,6,76.0,72717.31,7835.780000000001,64881.53,10813.588333333333
2025-11-29,STORE001,6,52.0,62669.840000000004,7132.089999999999,55537.75000000001,9256.291666666668
2025-09-26,STORE006,10,90.0,89910.5,9850.779999999999,80059.72,8005.972
2025-04-11,STORE001,4,28.0,41301.31,2650.53,38650.78,9662.695
2025-11-03,STORE014,7,56.0,70857.65,6688.18,64169.469999999994,9167.067142857142
2025-11-16,STORE015,9,33.0,39323.97,3604.97,35718.99999999999,3968.777777777777
2025-05-18,STORE008,10,78.0,72066.44,5436.360000000001,66630.08000000002,6663.008000000002
2025-12-05,STORE013,6,43.0,38323.06,3048.0600000000004,35275.0,5879.166666666667
2025-03-05,STORE004,9,89.0,101061.09,11386.849999999999,89674.23999999999,9963.804444444444
2025-07-13,STORE017,6,83.0,96557.33,10458.33,86099.0,14349.833333333334
2025-08-01,STORE015,6,59.0,63806.02,6022.9400000000005,57783.079999999994,9630.513333333332
2025-09-30,STORE008,8,89.0,105535.84999999999,10971.759999999998,94564.09000000001,11820.511250000001
2025-05-28,STORE012,10,64.0,69166.03,6322.74,62843.29,6284.329
2025-04-26,STORE001,5,55.0,76246.2,9105.39,67140.81,13428.162
2025-05-18,STORE002,9,76.0,65209.399999999994,6312.02,58897.380000000005,6544.153333333334
2025-03-21,STORE018,5,50.0,43384.38,3744.04,39640.34,7928.067999999999
2025-12-20,STORE020,9,111.0,106303.39000000001,8758.880000000001,97544.51000000001,10838.27888888889
2025-11-23,STORE006,10,84.0,105158.62,10741.08,94417.54,9441.753999999999
2025-02-26,STORE009,6,43.0,46948.770000000004,4956.910000000001,41991.86,6998.643333333333
2025-09-19,STORE001,13,135.0,138683.9,13782.050000000001,124901.84999999999,9607.834615384614
2025-11-24,STORE013,10,91.0,98138.97,8817.220000000001,89321.75,8932.175
2025-11-06,STORE016,7,66.0,70893.21,5423.58,65469.630000000005,9352.804285714286
2025-08-25,STORE006,6,71.0,80137.93,7746.6,72391.32999999999,12065.221666666665
2025-02-16,STORE010,11,109.0,106257.52,8892.56,97364.95999999999,8851.359999999999
2025-02-02,STORE005,6,37.0,53510.32,5223.85,48286.47,8047.745
2025-11-21,STORE007,5,49.0,51127.89,6840.179999999999,44287.71,8857.542
2025-05-27,STORE007,11,81.0,90143.15000000001,8076.62,82066.53,7460.5936363636365
2025-01-10,STORE017,11,76.0,76240.76000000001,10157.31,66083.45,6007.586363636364
2025-11-28,STORE008,9,60.0,61143.40000000001,5353.59,55789.810000000005,6198.867777777778
2025-03-13,STORE017,7,65.0,68348.04,8759.29,59588.75,8512.67857142857
2025-04-12,STORE003,9,72.0,90630.0,8114.81,82515.19,9168.354444444445
2025-03-18,STORE019,8,65.0,64194.96000000001,5422.21,58772.74999999999,7346.593749999999
2025-02-09,STORE014,10,77.0,89653.95000000001,7419.7300000000005,82234.22,8223.422
2025-04-07,STORE014,9,89.0,116260.32,9680.47,106579.84999999999,11842.205555555554
2025-05-12,STORE012,8,65.0,62671.92999999999,7613.96,55057.97,6882.24625
2025-01-02,STORE007,12,119.0,108085.77,10032.279999999999,98053.49,8171.124166666667
2025-03-16,STORE001,6,47.0,53639.18000000001,5370.280000000001,48268.9,8044.816666666667
2025-01-26,STORE012,14,113.0,131806.83000000002,14823.87,116982.95999999999,8355.925714285713
2025-06-14,STORE007,9,69.0,60006.55,6506.09,53500.46000000001,5944.495555555556
2025-08-24,STORE005,10,83.0,96221.66,10414.57,85807.09,8580.708999999999
2025-07-28,STORE012,11,117.0,131183.01,10686.69,120496.32,10954.210909090909
2025-05-13,STORE002,8,83.0,80712.77000000002,9163.56,71549.21,8943.65125
2025-09-14,STORE013,4,26.0,34342.229999999996,2024.23,32318.0,8079.5
2025-08-11,STORE016,6,62.0,67697.32,4345.88,63351.439999999995,10558.573333333332
2025-07-05,STORE009,9,78.0,94558.79,12065.27,82493.52,9165.946666666667
2025-07-19,STORE017,9,96.0,110092.33,11535.79,98556.54000000001,10950.726666666667
2025-11-24,STORE003,6,43.0,30002.179999999997,2110.04,27892.14,4648.69
2025-02-14,STORE014,12,136.0,149198.11,17647.23,131550.88,10962.573333333334
2025-03-02,STORE020,5,54.0,47127.409999999996,5009.88,42117.53,8423.506
2025-09-05,STORE018,5,43.0,43718.22,5604.77,38113.45,7622.69
2025-11-10,STORE006,7,76.0,80777.40000000001,7164.4,73613.0,10516.142857142857
2025-03-31,STORE004,6,42.0,43997.75,3516.73,40481.020000000004,6746.836666666667
2025-09-14,STORE009,3,32.0,31239.239999999998,3251.6499999999996,27987.59,9329.196666666667
2025-11-08,STORE020,6,64.0,67085.20999999999,5767.81,61317.399999999994,10219.566666666666
2025-03-25,STORE001,6,68.0,75491.54000000001,6221.09,69270.45000000001,11545.075000000003
2025-08-27,STORE019,9,94.0,81258.21,9052.59,72205.62,8022.846666666666
2025-06-14,STORE019,12,101.0,114504.78,10600.18,103904.59999999999,8658.716666666665
2025-11-07,STORE014,13,103.0,116266.71,12677.89,103588.82,7968.37076923077
2025-04-20,STORE017,6,53.0,57938.439999999995,6743.09,51195.350000000006,8532.558333333334
2025-06-08,STORE017,5,43.0,39652.53,4183.049999999999,35469.48,7093.896000000001
2025-03-19,STORE012,5,50.0,60801.66,6580.88,54220.78,10844.155999999999
2025-02-26,STORE003,11,112.0,136840.18,16419.67,120420.51000000001,10947.319090909092
2025-10-17,STORE011,5,43.0,45827.82,3441.62,42386.2,8477.24
2025-04-19,STORE017,11,79.0,91622.96,9030.029999999999,82592.93,7508.448181818181
2025-09-17,STORE020,6,43.0,51512.41,4854.15,46658.259999999995,7776.376666666666
2025-11-11,STORE013,6,73.0,73300.53,6371.45,66929.08,11154.846666666666
2025-05-27,STORE003,7,55.0,69081.03,5816.53,63264.5,9037.785714285714
2025-11-26,STORE016,5,50.0,48936.53999999999,4986.63,43949.91,8789.982
2025-10-20,STORE002,4,40.0,34411.92999999999,5108.17,29303.760000000002,7325.9400000000005
2025-12-29,STORE007,10,71.0,54127.73,3927.98,50199.75,5019.975
2025-05-21,STORE001,6,37.0,47543.380000000005,4366.92,43176.46000000001,7196.076666666668
2025-09-22,STORE003,5,42.0,41922.66,3993.45,37929.21,7585.842
2025-08-05,STORE010,7,57.0,56807.83,5691.83,51116.0,7302.285714285715
2025-09-12,STORE014,7,78.0,89564.01999999999,8398.560000000001,81165.45999999999,11595.065714285713
2025-12-10,STORE013,10,72.0,80425.89000000001,10709.48,69716.41,6971.6410000000005
2025-01-06,STORE006,11,102.0,105314.29000000001,10774.2,94540.09,8594.553636363637
2025-12-27,STORE003,7,66.0,68286.17,6921.82,61364.35,8766.335714285715
2025-09-26,STORE017,9,90.0,79514.33,9415.77,70098.56,7788.728888888889
2025-11-04,STORE012,7,61.0,48233.17,2845.02,45388.149999999994,6484.021428571427
2025-03-01,STORE020,6,45.0,47624.2,4276.65,43347.55,7224.591666666667
2025-10-11,STORE017,8,86.0,76483.15,6620.539999999999,69862.61,8732.82625
2025-11-23,STORE016,6,34.0,18017.28,1443.87,16573.410000000003,2762.2350000000006
2025-06-28,STORE014,9,109.0,114704.77,12572.849999999999,102131.92,11347.99111111111
2025-07-31,STORE007,8,40.0,33016.33,3358.5299999999997,29657.8,3707.225
2025-11-30,STORE014,9,88.0,109395.43,9976.470000000001,99418.96000000002,11046.551111111114
2025-03-02,STORE014,8,65.0,75902.91,6832.9,69070.01,8633.75125
2025-12-06,STORE004,10,88.0,88480.19000000002,9262.35,79217.84,7921.784
2025-01-06,STORE012,12,132.0,134667.77000000002,15113.46,119554.31,9962.859166666667
2025-09-11,STORE002,11,89.0,88220.27,7486.03,80734.24,7339.476363636364
2025-07-25,STORE011,9,54.0,45719.07,3522.5,42196.57,4688.507777777778
2025-04-30,STORE018,6,49.0,46381.20999999999,5550.9400000000005,40830.27,6805.044999999999
2025-03-22,STORE005,9,80.0,74455.87,6743.2699999999995,67712.6,7523.622222222223
2025-02-21,STORE012,8,63.0,64444.590000000004,8381.759999999998,56062.83,7007.85375
2025-08-22,STORE020,12,106.0,99771.25,9275.240000000002,90496.01,7541.3341666666665
2025-08-24,STORE019,6,53.0,43858.92,4169.139999999999,39689.78,6614.963333333333
2025-08-10,STORE016,12,109.0,112618.53,9731.74,102886.79000000001,8573.899166666668
2025-12-13,STORE020,9,75.0,67214.27,7357.5,59856.77,6650.7522222222215
2025-12-24,STORE016,8,93.0,93254.25,10386.39,82867.86,10358.4825
2025-03-16,STORE009,7,48.0,52118.26,5767.84,46350.42,6621.488571428571
2025-10-28,STORE017,5,47.0,46093.63,4371.389999999999,41722.24,8344.448
2025-03-12,STORE008,5,53.0,57183.56,5356.530000000001,51827.03,10365.405999999999
2025-01-28,STORE010,6,39.0,38371.96,3696.01,34675.95,5779.325
2025-04-02,STORE017,7,65.0,85886.54,10650.939999999999,75235.6,10747.942857142858
2025-04-26,STORE010,11,116.0,122149.37999999999,11753.06,110396.31999999999,10036.02909090909
2025-08-28,STORE014,10,83.0,88419.91,8842.69,79577.22,7957.722
2025-12-01,STORE004,8,82.0,83530.20999999999,10094.810000000001,73435.4,9179.425
2025-02-22,STORE017,15,169.0,191388.19999999998,22399.61,168988.59,11265.905999999999
2025-02-16,STORE016,6,54.0,48460.75,5069.21,43391.54,7231.923333333333
2025-03-01,STORE002,11,99.0,123036.67,13337.650000000001,109699.02,9972.638181818182
2025-04-29,STORE014,13,114.0,122567.32999999999,11617.72,110949.61,8534.585384615384
2025-09-24,STORE004,4,28.0,36133.520000000004,3494.2800000000007,32639.239999999998,8159.8099999999995
2025-08-08,STORE019,8,86.0,91568.12,9957.14,81610.98000000001,10201.372500000001
2025-03-07,STORE020,7,59.0,57690.3,6770.380000000001,50919.92,7274.274285714286
2025-07-24,STORE003,11,118.0,117277.27,11200.49,106076.78,9643.343636363636
2025-01-14,STORE019,10,103.0,103233.89,9921.579999999998,93312.31,9331.231
2025-03-22,STORE011,9,78.0,71744.38,9346.83,62397.55,6933.061111111111
2025-03-06,STORE009,8,63.0,58916.25,5291.01,53625.24,6703.155
2025-03-11,STORE004,9,76.0,79489.05,7620.25,71868.8,7985.422222222222
2025-07-30,STORE015,9,67.0,69284.37,5611.6,63672.77,7074.7522222222215
2025-12-18,STORE015,14,115.0,121473.47,9128.119999999999,112345.35,8024.667857142857
2025-10-18,STORE014,8,46.0,56884.54,5818.08,51066.45999999999,6383.307499999999
2025-03-29,STORE015,10,99.0,91109.42,10309.150000000001,80800.26999999999,8080.026999999999
2025-08-16,STORE014,5,46.0,43179.96,5266.26,37913.7,7582.74
2025-09-22,STORE019,7,64.0,64171.40000000001,7238.6,56932.8,8133.257142857144
2025-06-23,STORE020,9,87.0,99760.06,11286.080000000002,88473.98,9830.442222222222
2025-10-23,STORE001,6,36.0,44762.94,3463.3100000000004,41299.63,6883.2716666666665
2025-10-01,STORE008,7,56.0,63058.62,6769.21,56289.41,8041.344285714286
2025-08-23,STORE001,5,34.0,40577.75,2613.23,37964.52,7592.9039999999995
2025-07-04,STORE009,7,50.0,62374.52,6849.03,55525.49,7932.212857142857
2025-02-10,STORE019,13,120.0,143382.68,15295.57,128087.10999999999,9852.854615384615
2025-04-25,STORE017,7,56.0,65089.16999999999,7302.98,57786.189999999995,8255.17
2025-12-05,STORE014,7,53.0,66697.55,6105.86,60591.69,8655.955714285714
2025-12-27,STORE013,9,68.0,76422.08,8445.86,67976.22,7552.913333333334
2025-02-20,STORE013,9,81.0,81419.07999999999,5839.26,75579.82,8397.757777777779
2025-11-07,STORE010,3,13.0,18499.67,1488.12,17011.55,5670.516666666666
2025-07-12,STORE014,9,82.0,87652.86,7378.78,80274.08,8919.342222222222
2025-01-05,STORE003,5,39.0,52115.32,3525.29,48590.02999999999,9718.005999999998
2025-11-04,STORE013,7,46.0,39057.850000000006,2956.9299999999994,36100.92,5157.274285714286
2025-04-01,STORE003,6,47.0,42849.06999999999,4695.21,38153.86,6358.9766666666665
2025-05-18,STORE011,5,49.0,59786.81,6470.950000000001,53315.86,10663.172
2025-04-05,STORE013,5,37.0,28384.68,1451.21,26933.47,5386.694
2025-01-04,STORE017,4,28.0,19642.48,1815.17,17827.31,4456.8275
2025-01-29,STORE004,9,96.0,96066.40999999999,9832.710000000001,86233.7,9581.522222222222
2025-04-25,STORE014,8,78.0,97658.66,8493.2,89165.45999999999,11145.682499999999
2025-03-30,STORE015,7,86.0,96416.44,9644.46,86771.98,12395.997142857143
2025-07-27,STORE009,8,81.0,109993.35,11798.28,98195.07,12274.38375
2025-10-19,STORE014,8,64.0,55430.78,5352.379999999999,50078.4,6259.8
2025-09-24,STORE003,8,77.0,84884.02,6931.64,77952.37999999999,9744.047499999999
2025-09-19,STORE017,8,56.0,58074.67999999999,5630.7,52443.979999999996,6555.4974999999995
2025-10-16,STORE003,7,86.0,95269.09999999999,8588.57,86680.53,12382.932857142858
2025-11-02,STORE004,7,73.0,80398.58,8029.93,72368.65,10338.378571428571
2025-09-18,STORE004,9,91.0,100679.38,9974.54,90704.84,10078.315555555555
2025-11-22,STORE014,11,91.0,112583.08,14122.48,98460.59999999999,8950.963636363636
2025-05-26,STORE020,9,73.0,72609.33000000002,6914.030000000001,65695.3,7299.477777777778
2025-06-15,STORE018,9,78.0,83399.83,7494.629999999999,75905.19999999998,8433.911111111109
2025-08-07,STORE003,11,119.0,125107.09,12585.129999999997,112521.95999999999,10229.26909090909
2025-10-03,STORE019,9,94.0,85024.64,8773.359999999999,76251.28,8472.364444444444
2025-11-13,STORE015,9,77.0,73763.18,8554.29,65208.89,7245.432222222222
2025-09-24,STORE019,8,115.0,126329.14000000001,11899.68,114429.45999999999,14303.682499999999
2025-04-07,STORE016,10,103.0,94945.93000000001,10281.730000000003,84664.2,8466.42
2025-11-30,STORE007,7,53.0,60950.45,3152.7200000000003,57797.729999999996,8256.81857142857
2025-05-22,STORE003,8,48.0,66103.15,6018.65,60084.5,7510.5625
2025-03-30,STORE020,8,65.0,61176.44,6621.51,54554.93,6819.36625
2025-09-04,STORE001,8,92.0,99276.89,10296.550000000001,88980.34,11122.5425
2025-05-04,STORE011,7,78.0,76734.6,7756.33,68978.27,9854.038571428571
2025-08-07,STORE004,7,74.0,72169.93,7342.31,64827.62,9261.088571428572
2025-11-02,STORE016,7,62.0,61873.880000000005,5553.75,56320.13,8045.732857142857
2025-06-03,STORE017,7,60.0,66681.2,7471.95,59209.25,8458.464285714286
2025-08-30,STORE014,8,61.0,63910.17,6028.589999999999,57881.58,7235.1975
2025-12-28,STORE014,3,27.0,18669.54,2115.56,16553.980000000003,5517.993333333335
2025-01-10,STORE015,6,47.0,44380.76,3230.96,41149.8,6858.3
2025-03-12,STORE003,13,135.0,157129.12,15908.02,141221.1,10863.16153846154
2025-02-14,STORE003,12,123.0,143932.77,15933.67,127999.1,10666.591666666667
2025-03-09,STORE008,8,108.0,130564.52,12230.4,118334.12,14791.765
2025-01-12,STORE002,6,53.0,58294.200000000004,6022.69,52271.509999999995,8711.918333333333
2025-09-16,STORE013,8,84.0,73410.40999999999,7883.28,65527.12999999999,8190.891249999999
2025-09-14,STORE002,11,125.0,135440.99,12462.29,122978.70000000001,11179.881818181819
2025-12-18,STORE005,8,59.0,66939.16,5747.96,61191.200000000004,7648.900000000001
2025-12-14,STORE019,5,38.0,27763.53,2773.5200000000004,24990.010000000002,4998.002
2025-11-29,STORE011,9,82.0,76499.78,7130.57,69369.20999999999,7707.689999999999
2025-05-16,STORE014,6,60.0,75083.51999999999,6014.959999999999,69068.56,11511.426666666666
2025-08-06,STORE013,6,60.0,66423.01000000001,4647.77,61775.24,10295.873333333333
2025-01-04,STORE002,5,38.0,35096.73,3411.04,31685.690000000002,6337.138000000001
2025-10-12,STORE008,5,34.0,25099.879999999997,3006.55,22093.33,4418.666
2025-01-25,STORE012,10,91.0,104464.63,10428.77,94035.86,9403.586
2025-12-29,STORE002,12,119.0,112056.98999999999,10831.1,101225.89000000001,8435.490833333335
2025-09-21,STORE002,10,80.0,73184.32999999999,5436.139999999999,67748.19,6774.819
2025-02-26,STORE007,6,61.0,68443.38,5063.0,63380.38,10563.396666666666
2025-08-18,STORE013,12,96.0,105643.27,11368.09,94275.18000000001,7856.265
2025-09-06,STORE009,8,62.0,65147.259999999995,6655.289999999999,58491.969999999994,7311.496249999999
2025-05-25,STORE004,9,102.0,112015.94,11456.09,100559.85,11173.316666666668
2025-08-03,STORE019,9,64.0,54678.89,5885.74,48793.149999999994,5421.461111111111
2025-03-15,STORE011,5,32.0,33210.659999999996,4295.03,28915.630000000005,5783.126000000001
2025-02-09,STORE015,6,40.0,31009.43,2684.56,28324.87,4720.8116666666665
2025-04-07,STORE003,3,19.0,19119.49,1951.65,17167.84,5722.613333333334
2025-04-08,STORE006,6,38.0,37837.28,4143.630000000001,33693.65,5615.608333333334
2025-02-27,STORE014,7,69.0,60796.14,6567.219999999999,54228.92,7746.988571428571
2025-02-11,STORE014,10,59.0,54500.56,4831.18,49669.380000000005,4966.938
2025-11-14,STORE016,4,33.0,35134.08,3012.97,32121.110000000004,8030.277500000001
2025-05-24,STORE010,11,83.0,91659.39,8968.85,82690.54000000001,7517.321818181819
2025-04-09,STORE016,9,56.0,63209.880000000005,5532.780000000001,57677.1,6408.566666666667
2025-11-14,STORE005,6,65.0,62823.87,6610.290000000001,56213.58,9368.93
2025-03-18,STORE001,7,67.0,58812.68,6829.98,51982.700000000004,7426.1
2025-02-20,STORE003,10,75.0,95569.23999999999,11222.44,84346.8,8434.68
2025-10-05,STORE009,7,53.0,61358.020000000004,5487.02,55871.0,7981.571428571428
2025-10-31,STORE004,10,103.0,97562.96,8772.45,88790.51,8879.051
2025-04-28,STORE004,11,105.0,122049.14,11488.130000000001,110561.00999999998,10051.000909090908
2025-09-12,STORE008,9,78.0,96943.23000000001,10785.020000000002,86158.21,9573.134444444446
2025-06-14,STORE012,7,58.0,55529.020000000004,6933.099999999999,48595.92,6942.274285714286
2025-05-05,STORE019,8,81.0,60078.68,5536.49,54542.19,6817.77375
2025-06-20,STORE012,5,53.0,55831.95999999999,7342.6900000000005,48489.270000000004,9697.854000000001
2025-12-06,STORE001,8,76.0,87482.85,10110.269999999999,77372.57999999999,9671.572499999998
2025-01-04,STORE007,11,103.0,108148.92,8198.45,99950.47000000002,9086.406363636364
2025-08-18,STORE018,5,42.0,51656.08,3933.95,47722.130000000005,9544.426000000001
2025-03-31,STORE015,9,76.0,67406.19,8324.44,59081.75,6564.638888888889
2025-07-03,STORE014,9,86.0,96157.63,10813.99,85343.64,9482.626666666667
2025-06-14,STORE009,6,57.0,53673.22,3830.95,49842.27,8307.045
2025-09-29,STORE020,6,39.0,35499.240000000005,3648.7599999999993,31850.480000000003,5308.413333333334
2025-10-05,STORE020,12,81.0,72717.1,6815.1900000000005,65901.91,5491.825833333333
2025-08-03,STORE003,7,65.0,72807.99,7682.1,65125.89000000001,9303.698571428573
2025-12-04,STORE012,4,55.0,51016.83,5447.81,45569.02,11392.255
2025-03-13,STORE015,3,32.0,33548.36,2583.27,30965.09,10321.696666666667
2025-02-05,STORE009,8,88.0,114953.29000000001,12854.16,102099.12999999999,12762.391249999999
2025-05-26,STORE011,5,28.0,22239.2,2740.72,19498.48,3899.696
2025-12-09,STORE017,15,78.0,89739.37,9390.199999999999,80349.17000000001,5356.611333333334
2025-07-09,STORE005,7,46.0,39562.3,4732.969999999999,34829.33,4975.618571428572
2025-04-08,STORE005,6,63.0,75465.03,7453.36,68011.67,11335.278333333334
2025-12-25,STORE010,10,81.0,93631.32,9668.78,83962.54,8396.253999999999
2025-08-06,STORE015,7,60.0,61109.259999999995,6438.58,54670.68000000001,7810.097142857144
2025-08-12,STORE018,5,40.0,32061.240000000005,2857.8100000000004,29203.43,5840.686
2025-08-12,STORE012,6,66.0,82155.24,6661.68,75493.56,12582.26
2025-03-07,STORE005,4,41.0,57177.11,5854.46,51322.65000000001,12830.662500000002
2025-09-02,STORE004,5,9.0,12264.07,1043.31,11220.76,2244.152
2025-03-26,STORE005,15,128.0,126698.51999999999,11125.69,115572.83,7704.855333333334
2025-11-16,STORE010,12,91.0,83556.32999999999,9637.59,73918.73999999999,6159.8949999999995
2025-10-28,STORE007,11,114.0,112253.1,12157.529999999999,100095.57,9099.597272727273
2025-06-17,STORE014,6,35.0,37971.1,3683.25,34287.850000000006,5714.641666666667
2025-08-20,STORE016,11,104.0,105621.64000000001,10676.54,94945.09999999999,8631.372727272726
2025-02-11,STORE001,8,54.0,52023.759999999995,5309.69,46714.07000000001,5839.258750000001
2025-03-16,STORE013,8,67.0,63620.42,8145.53,55474.89,6934.36125
2025-03-14,STORE009,14,106.0,120743.34000000001,11218.119999999999,109525.22,7823.2300000000005
2025-01-06,STORE017,11,97.0,102669.59000000001,10812.54,91857.05,8350.64090909091
2025-03-05,STORE016,11,71.0,86084.82,8610.59,77474.23,7043.111818181817
2025-03-30,STORE014,6,61.0,71163.56,6044.089999999999,65119.47,10853.245
2025-12-09,STORE003,10,98.0,108165.42,10480.39,97685.03000000001,9768.503
2025-12-21,STORE016,6,46.0,30820.449999999997,4497.58,26322.870000000003,4387.145
2025-01-03,STORE007,12,90.0,69852.02,6923.0599999999995,62928.96,5244.08
2025-08-20,STORE002,9,87.0,111756.14000000001,11104.52,100651.62,11183.513333333332
2025-12-10,STORE006,9,94.0,116832.83,8839.61,107993.22,11999.246666666666
2025-07-08,STORE013,11,70.0,78009.03,7668.57,70340.45999999999,6394.587272727272
2025-11-20,STORE014,5,56.0,55067.03,5631.030000000001,49436.0,9887.2
2025-08-26,STORE018,10,96.0,108562.07999999999,11105.39,97456.69,9745.669
2025-02-07,STORE012,6,69.0,58332.67,5251.109999999999,53081.56,8846.926666666666
2025-03-15,STORE016,5,49.0,54872.65,7027.780000000001,47844.869999999995,9568.973999999998
2025-04-21,STORE009,7,74.0,86467.98999999999,10336.020000000002,76131.97,10875.995714285715
2025-05-09,STORE009,7,65.0,57176.07000000001,6578.310000000001,50597.759999999995,7228.251428571428
2025-01-31,STORE016,5,44.0,42963.0,3778.38,39184.62,7836.924000000001
2025-01-07,STORE011,8,89.0,91456.25,9078.539999999999,82377.70999999999,10297.213749999999
2025-02-09,STORE010,8,70.0,75131.64000000001,7717.070000000001,67414.57,8426.82125
2025-08-24,STORE004,8,52.0,45590.07000000001,4084.35,41505.719999999994,5188.214999999999
2025-06-06,STORE013,9,68.0,55077.880000000005,5582.110000000001,49495.770000000004,5499.530000000001
2025-06-03,STORE018,7,32.0,30438.819999999996,3833.0000000000005,26605.819999999996,3800.831428571428
2025-01-05,STORE006,9,64.0,58479.67,5848.130000000001,52631.53999999999,5847.948888888888
2025-12-26,STORE019,3,28.0,30113.690000000002,4256.43,25857.260000000002,8619.086666666668
2025-01-19,STORE018,10,95.0,90655.63,8649.81,82005.82,8200.582
2025-10-21,STORE003,9,91.0,90428.26000000001,8876.44,81551.82,9061.313333333334
2025-05-22,STORE006,3,18.0,20257.790000000005,1824.0700000000002,18433.719999999998,6144.573333333333
2025-06-07,STORE020,9,88.0,75994.16,8267.28,67726.87999999999,7525.2088888888875
2025-07-17,STORE016,6,54.0,50329.51,4994.41,45335.1,7555.849999999999
2025-12-13,STORE002,9,72.0,83897.48000000001,8968.91,74928.56999999999,8325.396666666666
2025-02-20,STORE004,16,119.0,120082.51000000001,11097.419999999998,108985.09000000001,6811.568125000001
2025-02-06,STORE011,6,66.0,62821.96000000001,6630.4,56191.56,9365.26
2025-12-06,STORE014,10,79.0,87275.04999999999,9908.369999999999,77366.68,7736.668
2025-03-21,STORE010,6,69.0,62201.240000000005,6129.689999999999,56071.55000000001,9345.258333333335
2025-04-03,STORE020,6,37.0,28145.33,3450.88,24694.449999999997,4115.741666666666
2025-01-06,STORE011,9,75.0,73475.8,8438.42,65037.380000000005,7226.375555555556
2025-06-02,STORE003,5,50.0,48338.78999999999,3402.97,44935.82000000001,8987.164
2025-08-28,STORE001,7,50.0,56037.840000000004,4952.2699999999995,51085.56999999999,7297.93857142857
2025-03-03,STORE014,5,38.0,36189.9,4595.71,31594.190000000002,6318.838000000001
2025-12-01,STORE019,10,103.0,103888.3,9296.24,94592.06,9459.206
2025-07-21,STORE020,11,94.0,94242.45,8635.130000000001,85607.32,7782.483636363637
2025-08-19,STORE020,8,81.0,78578.4,6968.72,71609.68,8951.21
2025-06-12,STORE017,6,33.0,34442.19,3518.3100000000004,30923.88,5153.9800000000005
2025-06-14,STORE015,5,59.0,47365.45,4486.12,42879.33,8575.866
2025-09-18,STORE006,8,63.0,66081.62999999999,7409.110000000001,58672.520000000004,7334.0650000000005
2025-08-30,STORE017,9,85.0,92419.79999999999,9943.2,82476.6,9164.066666666668
2025-08-21,STORE001,6,54.0,65463.229999999996,7307.900000000001,58155.329999999994,9692.554999999998
2025-09-23,STORE015,9,75.0,68841.96,5562.62,63279.34,7031.037777777778
2025-07-12,STORE012,10,52.0,66608.01000000001,6261.91,60346.1,6034.61
2025-04-05,STORE010,10,79.0,82957.4,8492.130000000001,74465.27,7446.527
2025-08-20,STORE008,11,104.0,107596.84,9984.64,97612.2,8873.836363636363
2025-07-23,STORE003,7,42.0,48655.78,4421.24,44234.53999999999,6319.219999999999
2025-07-08,STORE009,9,72.0,67166.81,5824.62,61342.19000000001,6815.79888888889
2025-09-06,STORE005,5,44.0,46831.9,5492.39,41339.509999999995,8267.901999999998
2025-11-30,STORE010,9,98.0,103888.13,8906.050000000001,94982.08,10553.564444444444
2025-03-01,STORE012,9,69.0,62269.97,7708.23,54561.74,6062.415555555555
2025-07-23,STORE009,9,90.0,100357.04999999999,11194.81,89162.24,9906.915555555555
2025-03-20,STORE019,6,64.0,52550.04,6322.34,46227.7,7704.616666666666
2025-09-17,STORE014,7,46.0,54490.85999999999,4941.85,49549.01,7078.43
2025-10-16,STORE018,12,115.0,102942.52,11201.98,91740.54,7645.044999999999
2025-02-15,STORE001,9,63.0,64455.36,5234.65,59220.71,6580.078888888889
2025-05-27,STORE016,5,36.0,33635.94,4312.780000000001,29323.16,5864.632
2025-08-27,STORE003,6,51.0,49657.520000000004,3947.85,45709.67,7618.278333333333
2025-04-21,STORE019,7,80.0,65696.96,7370.76,58326.2,8332.314285714285
2025-06-29,STORE002,12,100.0,93734.25,10388.880000000001,83345.37000000001,6945.447500000001
2025-06-28,STORE019,6,57.0,57320.18000000001,4559.179999999999,52761.0,8793.5
2025-07-23,STORE019,7,49.0,53941.020000000004,4108.74,49832.28,7118.897142857143
2025-11-03,STORE003,9,79.0,91872.44000000002,7872.4400000000005,84000.0,9333.333333333334
2025-09-04,STORE004,12,91.0,100990.93,10556.939999999999,90433.98999999999,7536.165833333333
2025-01-01,STORE008,7,35.0,36131.53,4160.81,31970.719999999998,4567.245714285714
2025-03-11,STORE002,9,79.0,76077.04999999999,7053.490000000001,69023.56,7669.2844444444445
2025-01-09,STORE014,11,89.0,112441.41999999998,11090.25,101351.17,9213.742727272727
2025-06-17,STORE019,9,85.0,71845.72,7365.11,64480.61,7164.512222222223
2025-06-30,STORE009,9,54.0,59669.82,6478.53,53191.29,5910.143333333333
2025-02-03,STORE007,6,41.0,28843.54,2337.27,26506.27,4417.711666666667
2025-07-05,STORE018,2,31.0,35031.42,3697.39,31334.03,15667.015
2025-04-25,STORE004,10,70.0,78123.94000000002,7363.049999999999,70760.89,7076.089
2025-05-26,STORE012,6,45.0,47723.73,3037.0599999999995,44686.67,7447.778333333333
2025-09-03,STORE007,2,4.0,5038.46,998.42,4040.04,2020.02
2025-10-28,STORE013,9,58.0,46705.36,4890.03,41815.33,4646.147777777778
2025-11-03,STORE008,4,35.0,46076.53,3695.55,42380.979999999996,10595.244999999999
2025-12-11,STORE015,10,87.0,90123.83,8470.06,81653.76999999999,8165.376999999999
2025-05-21,STORE010,7,69.0,56784.32,6442.419999999999,50341.9,7191.7
2025-02-26,STORE015,8,64.0,83317.02,10274.29,73042.73000000001,9130.341250000001
2025-07-08,STORE012,3,9.0,6582.58,874.98,5707.599999999999,1902.533333333333
2025-10-20,STORE003,8,77.0,79067.72,7657.33,71410.39,8926.29875
2025-05-28,STORE003,10,109.0,105269.78,10694.69,94575.09000000001,9457.509000000002
2025-06-12,STORE010,11,92.0,103766.23999999999,11761.55,92004.69,8364.062727272727
2025-02-28,STORE004,7,81.0,84704.9,6587.59,78117.31,11159.615714285714
2025-05-12,STORE020,9,101.0,88498.57,10052.65,78445.92,8716.213333333333
2025-01-05,STORE014,8,85.0,98547.81,7821.65,90726.16,11340.77
2025-04-20,STORE016,7,69.0,64789.89,6823.48,57966.409999999996,8280.915714285713
2025-12-08,STORE013,8,49.0,45676.340000000004,4288.14,41388.2,5173.525
2025-07-29,STORE013,4,39.0,39350.11,4304.71,35045.4,8761.35
2025-08-19,STORE009,10,101.0,106140.37,8287.39,97852.98000000001,9785.298
2025-05-15,STORE019,11,81.0,71731.32999999999,7357.339999999999,64373.99,5852.180909090909
2025-12-12,STORE002,9,90.0,96085.71,10569.08,85516.63,9501.847777777779
2025-03-06,STORE003,7,52.0,51077.92999999999,6034.67,45043.259999999995,6434.751428571428
2025-01-20,STORE005,5,45.0,50433.71,6626.15,43807.560000000005,8761.512
2025-08-29,STORE007,7,53.0,59390.09,6756.1900000000005,52633.9,7519.128571428571
2025-06-22,STORE002,8,83.0,75033.34,5676.82,69356.51999999999,8669.564999999999
2025-02-15,STORE016,11,78.0,77066.49,8391.0,68675.49,6243.226363636364
2025-04-29,STORE008,6,58.0,54566.240000000005,4881.85,49684.39,8280.731666666667
2025-06-11,STORE002,4,22.0,21098.31,1726.81,19371.5,4842.875
2025-10-16,STORE001,9,83.0,80236.73,9662.410000000002,70574.32,7841.591111111112
2025-05-19,STORE013,7,57.0,43641.75,4720.5,38921.24999999999,5560.178571428571
2025-10-04,STORE002,8,65.0,64312.44,7472.89,56839.55,7104.94375
2025-08-19,STORE001,6,24.0,23055.25,2600.1099999999997,20455.14,3409.19
2025-10-01,STORE011,7,64.0,73398.21,5958.71,67439.5,9634.214285714286
2025-06-05,STORE001,4,29.0,30589.010000000002,1797.18,28791.829999999998,7197.9574999999995
2025-04-11,STORE012,6,43.0,45429.72,5046.0,40383.72,6730.62
2025-04-30,STORE013,13,135.0,149243.38999999998,13436.96,135806.43,10446.648461538462
2025-07-18,STORE013,8,55.0,44765.47,5365.36,39400.11,4925.01375
2025-06-08,STORE010,9,74.0,82785.41,7901.57,74883.84,8320.426666666666
2025-03-16,STORE002,12,98.0,104434.98,7930.17,96504.81000000001,8042.067500000001
2025-03-22,STORE006,5,33.0,34101.79,2653.6400000000003,31448.149999999998,6289.629999999999
2025-07-21,STORE009,6,38.0,49156.39,4689.19,44467.2,7411.2
2025-07-29,STORE012,5,67.0,78199.17,8722.09,69477.08,13895.416000000001
2025-02-13,STORE018,10,74.0,88071.20999999999,10199.99,77871.22,7787.122
2025-02-15,STORE008,4,45.0,41413.82,4507.76,36906.06,9226.515
2025-09-25,STORE015,5,47.0,58772.579999999994,5831.71,52940.869999999995,10588.173999999999
2025-03-18,STORE013,7,68.0,69077.23,8128.18,60949.049999999996,8707.007142857143
2025-10-30,STORE017,10,58.0,72192.89,6223.039999999999,65969.84999999999,6596.984999999999
2025-12-08,STORE001,7,74.0,85745.06,9045.8,76699.26,10957.037142857142
2025-11-23,STORE017,6,56.0,49321.36,6582.01,42739.35,7123.224999999999
2025-09-07,STORE018,7,47.0,42549.34,4928.0199999999995,37621.32,5374.4742857142855
2025-08-08,STORE007,7,63.0,61204.689999999995,5242.7,55961.990000000005,7994.570000000001
2025-08-12,STORE008,7,65.0,74272.6,5932.46,68340.14,9762.877142857144
2025-12-31,STORE012,8,63.0,61969.03,6804.97,55164.060000000005,6895.507500000001
2025-08-02,STORE019,3,27.0,32275.619999999995,4629.0,27646.620000000003,9215.54
2025-05-27,STORE002,6,41.0,47196.46000000001,4533.289999999999,42663.17,7110.528333333333
2025-08-02,STORE012,6,69.0,60390.71000000001,6672.42,53718.28999999999,8953.048333333332
2025-09-03,STORE004,8,69.0,57184.15000000001,5890.820000000001,51293.329999999994,6411.666249999999
2025-02-02,STORE016,9,100.0,95264.39000000001,9912.529999999999,85351.86,9483.54
2025-04-04,STORE018,10,108.0,112199.02,11019.129999999997,101179.89000000001,10117.989000000001
2025-11-11,STORE012,8,102.0,105351.22000000002,11136.630000000001,94214.59000000001,11776.823750000001
2025-03-14,STORE015,7,72.0,71215.14,10237.359999999999,60977.78,8711.111428571428
2025-03-17,STORE015,8,65.0,66000.77,7053.68,58947.09,7368.38625
2025-05-17,STORE001,9,97.0,115596.28000000001,11450.89,104145.39000000001,11571.710000000001
2025-12-20,STORE013,9,84.0,66765.43,7428.71,59336.72,6592.968888888889
2025-01-06,STORE001,4,36.0,42844.78,4932.6,37912.18000000001,9478.045000000002
2025-03-08,STORE015,3,25.0,33057.82,2293.47,30764.350000000002,10254.783333333335
2025-12-27,STORE009,7,56.0,69311.86,7375.54,61936.31999999999,8848.045714285714
2025-11-02,STORE018,10,99.0,120241.04999999999,13402.93,106838.12,10683.812
2025-04-29,STORE003,11,108.0,122265.14,13014.89,109250.25,9931.84090909091
2025-11-12,STORE001,6,50.0,63037.06,6282.11,56754.95,9459.158333333333
2025-03-24,STORE001,8,68.0,84827.5,7613.320000000001,77214.18,9651.7725
2025-04-06,STORE007,10,71.0,64306.68,4959.3,59347.380000000005,5934.738
2025-10-27,STORE019,7,71.0,63692.369999999995,6884.969999999999,56807.399999999994,8115.342857142857
2025-09-10,STORE014,9,92.0,92527.61,9447.260000000002,83080.35,9231.150000000001
2025-10-07,STORE015,6,42.0,38473.91,3048.45,35425.46,5904.243333333333
2025-06-10,STORE006,2,15.0,20807.6,2170.2000000000003,18637.4,9318.7
2025-07-16,STORE009,14,118.0,129544.14000000001,9512.84,120031.3,8573.664285714285
2025-02-20,STORE007,7,83.0,80399.57,7480.03,72919.54000000001,10417.077142857144
2025-06-20,STORE017,9,74.0,96807.53,8898.6,87908.93000000002,9767.658888888891
2025-12-05,STORE004,15,114.0,133931.6,12832.91,121098.69,8073.246
2025-01-04,STORE014,13,92.0,95679.04,10105.26,85573.78,6582.598461538461
2025-04-20,STORE006,9,110.0,99160.93,8014.48,91146.45000000001,10127.383333333335
2025-03-16,STORE016,12,104.0,99460.15,10541.8,88918.35,7409.8625
2025-01-27,STORE020,11,98.0,114355.83,11035.630000000001,103320.20000000003,9392.745454545457
2025-06-12,STORE019,8,75.0,77804.3,7207.36,70596.94,8824.6175
2025-07-17,STORE001,4,39.0,52492.93,3820.5,48672.43000000001,12168.107500000002
2025-12-13,STORE013,9,62.0,65460.23,6946.6900000000005,58513.53999999999,6501.504444444444
2025-11-15,STORE019,12,81.0,99893.81,8709.74,91184.07,7598.672500000001
2025-01-02,STORE001,7,59.0,77533.59000000001,6553.909999999999,70979.68,10139.954285714284
2025-05-08,STORE007,6,41.0,49776.19,5294.539999999999,44481.649999999994,7413.608333333333
2025-12-04,STORE020,7,51.0,51617.06,5293.95,46323.11,6617.587142857143
2025-12-31,STORE016,5,46.0,45474.51,5242.39,40232.119999999995,8046.423999999999
2025-10-03,STORE014,5,51.0,66744.12,6114.860000000001,60629.26,12125.852
2025-01-31,STORE010,8,62.0,59643.09999999999,5815.84,53827.259999999995,6728.407499999999
2025-07-06,STORE015,4,41.0,36291.91,3609.29,32682.620000000003,8170.655000000001
2025-04-13,STORE001,5,35.0,45659.82000000001,5177.110000000001,40482.71,8096.5419999999995
2025-02-22,STORE012,8,78.0,77801.87,9148.74,68653.12999999999,8581.641249999999
2025-04-15,STORE002,8,70.0,63205.25,7270.77,55934.479999999996,6991.8099999999995
2025-06-19,STORE005,10,86.0,97398.14000000001,9205.779999999999,88192.36,8819.236
2025-05-06,STORE012,9,103.0,98604.29,9039.49,89564.8,9951.644444444444
2025-08-14,STORE007,8,56.0,67573.35,5853.6,61719.75,7714.96875
2025-05-28,STORE008,7,47.0,45531.479999999996,4121.8,41409.68,5915.668571428571
2025-11-04,STORE011,6,44.0,40293.52,3963.8,36329.72,6054.953333333334
2025-07-20,STORE012,14,121.0,121328.75,12609.07,108719.68000000001,7765.691428571429
2025-12-03,STORE009,10,86.0,82577.38999999998,9392.78,73184.61,7318.461
2025-06-07,STORE009,7,58.0,58335.950000000004,5132.860000000001,53203.09,7600.441428571428
2025-11-19,STORE016,7,59.0,61351.25,5037.29,56313.95999999999,8044.851428571427
2025-03-13,STORE005,12,141.0,145259.14,15920.130000000001,129339.00999999998,10778.250833333332
2025-01-21,STORE019,9,80.0,65581.28,7013.009999999999,58568.27,6507.585555555555
2025-12-10,STORE001,8,86.0,102061.86,10241.9,91819.96,11477.495
2025-02-19,STORE016,10,65.0,55792.020000000004,4116.41,51675.61,5167.561
2025-05-01,STORE018,7,58.0,69288.34,7138.449999999999,62149.89,8878.555714285714
2025-10-18,STORE006,9,95.0,96165.93000000001,9638.51,86527.42000000001,9614.157777777778
2025-09-20,STORE020,5,39.0,44189.6,4389.86,39799.74,7959.947999999999
2025-02-26,STORE002,5,41.0,37823.95,3899.23,33924.72,6784.944
2025-12-06,STORE012,7,67.0,62894.07,5766.189999999999,57127.880000000005,8161.125714285715
2025-09-16,STORE010,15,98.0,105453.09,9990.09,95463.0,6364.2
2025-06-17,STORE005,2,19.0,18300.48,1026.25,17274.23,8637.115
2025-07-25,STORE014,8,65.0,74427.48,8251.77,66175.70999999999,8271.963749999999
2025-07-22,STORE019,5,46.0,44999.91,4328.570000000001,40671.34,8134.267999999999
2025-12-13,STORE012,6,59.0,60595.68000000001,5968.67,54627.009999999995,9104.501666666665
2025-02-14,STORE010,11,70.0,66560.16,6797.09,59763.07000000001,5433.006363636364
2025-10-20,STORE018,4,37.0,36203.17,2995.86,33207.31,8301.8275
2025-08-26,STORE019,5,46.0,43233.41,5459.030000000001,37774.38,7554.875999999999
2025-04-03,STORE011,6,67.0,69159.1,7457.260000000001,61701.840000000004,10283.640000000001
2025-03-05,STORE012,10,71.0,69158.66,7387.03,61771.63,6177.163
2025-02-13,STORE014,11,83.0,98225.22,12071.77,86153.45,7832.131818181818
2025-03-21,STORE013,7,57.0,66151.81,4425.0599999999995,61726.75,8818.107142857143
2025-11-25,STORE011,6,44.0,43419.39,4979.01,38440.38,6406.73
2025-01-13,STORE003,10,82.0,60097.71000000001,6730.04,53367.67,5336.767
2025-08-05,STORE004,7,63.0,54347.65,5124.87,49222.780000000006,7031.825714285716
2025-04-18,STORE016,9,71.0,62817.47,6126.08,56691.39000000001,6299.043333333334
2025-09-17,STORE008,6,39.0,43848.369999999995,4923.5199999999995,38924.85,6487.474999999999
2025-03-25,STORE016,9,74.0,80049.53,7965.75,72083.78,8009.308888888889
2025-02-18,STORE008,8,51.0,52641.5,5087.9,47553.600000000006,5944.200000000001
2025-04-25,STORE016,9,75.0,73014.44,8303.64,64710.8,7190.088888888889
2025-10-21,STORE019,5,46.0,38270.54,5173.41,33097.13,6619.4259999999995
2025-11-11,STORE004,11,120.0,130974.01000000001,12898.41,118075.6,10734.145454545454
2025-04-06,STORE006,10,86.0,107793.49,10091.3,97702.18999999999,9770.219
2025-08-01,STORE007,8,61.0,65824.97,6886.379999999999,58938.59,7367.32375
2025-06-05,STORE006,9,76.0,73361.23000000001,7541.3,65819.93,7313.325555555555
2025-10-05,STORE015,8,55.0,56481.689999999995,5682.679999999999,50799.01,6349.87625
2025-03-14,STORE005,13,91.0,94395.72,8823.850000000002,85571.87,6582.451538461538
2025-02-25,STORE006,7,70.0,73401.90999999999,6092.99,67308.92,9615.56
2025-01-25,STORE018,7,63.0,64126.64,8518.15,55608.48999999999,7944.069999999999
2025-07-13,STORE016,7,55.0,54032.02999999999,6198.46,47833.57,6833.367142857142
2025-04-11,STORE013,10,119.0,101489.01000000001,9218.619999999999,92270.39000000001,9227.039
2025-04-10,STORE001,5,50.0,43449.619999999995,2981.59,40468.03,8093.606
2025-07-16,STORE018,9,60.0,54751.06,5755.200000000001,48995.86,5443.984444444444
2025-08-23,STORE010,6,65.0,72369.12999999999,7421.98,64947.149999999994,10824.525
2025-04-11,STORE011,12,109.0,93181.16999999998,7533.200000000001,85647.97,7137.330833333333
2025-07-25,STORE013,9,69.0,72592.75,7349.9,65242.85,7249.205555555555
2025-11-03,STORE016,9,77.0,79468.67000000001,7992.040000000001,71476.63,7941.847777777778
2025-05-14,STORE004,10,94.0,112385.10999999999,11520.189999999999,100864.92,10086.492
2025-06-21,STORE002,8,60.0,64236.97,7064.16,57172.810000000005,7146.601250000001
2025-12-06,STORE003,5,18.0,25384.14,2115.08,23269.059999999998,4653.812
2025-02-27,STORE017,4,32.0,30140.19,3946.0,26194.189999999995,6548.547499999999
2025-12-18,STORE003,8,65.0,90901.34,10230.81,80670.53,10083.81625
2025-03-07,STORE002,5,33.0,30572.72,3981.5699999999993,26591.149999999994,5318.229999999999
2025-11-21,STORE013,12,135.0,130640.75,14486.36,116154.39,9679.5325
2025-03-30,STORE004,6,60.0,65929.06,6654.320000000001,59274.74,9879.123333333333
2025-09-29,STORE019,7,67.0,49700.64,3365.77,46334.87,6619.267142857143
2025-05-18,STORE009,9,55.0,67607.79,7245.18,60362.61,6706.956666666667
2025-07-17,STORE005,8,75.0,77701.21,6761.830000000001,70939.38,8867.4225
2025-03-22,STORE020,2,8.0,8432.28,795.67,7636.61,3818.305
2025-05-16,STORE011,9,83.0,93389.92,9854.24,83535.68,9281.742222222221
2025-06-10,STORE001,6,54.0,47904.78,4852.679999999999,43052.100000000006,7175.350000000001
2025-03-17,STORE014,4,36.0,42648.81,3796.53,38852.28,9713.07
2025-02-11,STORE008,13,87.0,95502.47,8172.02,87330.45,6717.7269230769225
2025-04-21,STORE014,10,106.0,117227.78,12588.880000000001,104638.9,10463.89
2025-03-11,STORE005,5,44.0,44639.78999999999,3447.82,41191.97,8238.394
2025-09-23,STORE005,10,69.0,70894.20999999999,8626.59,62267.619999999995,6226.762
2025-12-04,STORE017,10,114.0,112694.55,12905.650000000001,99788.9,9978.89
2025-03-09,STORE019,7,50.0,48435.979999999996,3949.3600000000006,44486.62000000001,6355.23142857143
2025-01-12,STORE005,6,59.0,66359.65,7793.99,58565.66,9760.943333333335
2025-05-13,STORE004,7,54.0,52893.45,6813.57,46079.880000000005,6582.840000000001
2025-01-16,STORE011,6,36.0,31033.049999999996,2998.58,28034.47,4672.411666666667
2025-12-12,STORE018,9,92.0,82601.86,7743.84,74858.02,8317.557777777778
2025-04-30,STORE016,7,84.0,81253.82,8514.529999999999,72739.29000000001,10391.327142857144
2025-11-26,STORE015,10,84.0,88844.34,8816.300000000001,80028.04000000001,8002.804000000001
2025-10-29,STORE002,8,70.0,51754.280000000006,4612.29,47141.990000000005,5892.748750000001
2025-09-20,STORE004,6,52.0,36154.94,3016.87,33138.07,5523.011666666666
2025-02-22,STORE014,6,79.0,77376.45999999999,9268.46,68108.0,11351.333333333334
2025-12-30,STORE016,10,80.0,94987.16,10061.98,84925.18,8492.518
2025-07-24,STORE009,5,26.0,24013.65,2434.49,21579.159999999996,4315.831999999999
2025-02-01,STORE005,13,154.0,168565.06,15261.5,153303.56,11792.581538461538
2025-03-15,STORE014,8,61.0,60717.229999999996,6840.820000000001,53876.409999999996,6734.5512499999995
2025-04-02,STORE013,10,84.0,81737.44,8304.66,73432.78,7343.278
2025-03-20,STORE017,4,41.0,40791.72,4374.25,36417.47,9104.3675
2025-04-23,STORE009,3,27.0,30723.51,3543.54,27179.969999999998,9059.99
2025-08-09,STORE017,10,88.0,96009.51999999999,10863.95,85145.57,8514.557
2025-09-22,STORE020,3,36.0,41404.53,3184.29,38220.24,12740.08
2025-05-08,STORE004,6,58.0,66010.14,6776.59,59233.55,9872.258333333333
2025-12-30,STORE013,6,66.0,67247.33,6171.74,61075.59,10179.265
2025-06-15,STORE020,6,61.0,62398.88,6512.8099999999995,55886.07,9314.345
2025-01-14,STORE003,9,81.0,83419.82999999999,7114.96,76304.87,8478.318888888889
2025-06-18,STORE001,13,114.0,112557.29000000001,8982.55,103574.74,7967.287692307693
2025-01-27,STORE009,7,44.0,49686.0,4661.73,45024.27,6432.038571428571
2025-02-23,STORE004,10,88.0,100384.31,8188.08,92196.23,9219.623
2025-02-05,STORE004,6,47.0,44663.49,3579.2300000000005,41084.259999999995,6847.376666666666
2025-10-30,STORE009,8,79.0,82725.76,7516.24,75209.52,9401.19
2025-12-28,STORE004,10,87.0,99443.09,10559.23,88883.86,8888.386
2025-05-12,STORE009,8,83.0,91385.51000000001,6825.21,84560.29999999999,10570.037499999999
2025-05-02,STORE009,14,115.0,121454.01000000001,11699.619999999999,109754.39,7839.5992857142855
2025-06-10,STORE012,5,41.0,52606.94,7983.27,44623.67,8924.734
2025-10-06,STORE011,10,93.0,72488.77,7336.26,65152.509999999995,6515.250999999999
2025-06-17,STORE006,5,41.0,47928.0,4664.26,43263.74,8652.748
2025-12-06,STORE018,8,70.0,74063.38,5720.39,68342.99,8542.87375
2025-06-01,STORE005,6,65.0,68988.57,7201.15,61787.420000000006,10297.903333333334
2025-11-14,STORE014,15,170.0,192757.98000000004,20238.93,172519.05000000002,11501.27
2025-10-11,STORE006,8,82.0,98169.75,9589.53,88580.22,11072.5275
2025-09-05,STORE016,7,78.0,82891.01,9610.99,73280.01999999999,10468.574285714285
2025-07-21,STORE008,8,69.0,63151.340000000004,8292.06,54859.28000000001,6857.410000000002
2025-07-19,STORE006,11,112.0,123509.58000000002,12602.09,110907.48999999999,10082.49909090909
2025-06-03,STORE015,9,73.0,65796.73000000001,6451.170000000001,59345.56,6593.951111111111
2025-02-15,STORE010,7,53.0,55923.6,6808.29,49115.310000000005,7016.472857142858
2025-08-18,STORE007,8,57.0,64472.08,6585.93,57886.15,7235.76875
2025-10-13,STORE010,10,81.0,78142.18,7124.870000000001,71017.31,7101.731
2025-02-24,STORE010,4,62.0,69695.08,5250.2,64444.88,16111.22
2025-05-02,STORE015,11,125.0,123899.26999999999,13700.699999999999,110198.57,10018.051818181819
2025-09-07,STORE019,6,44.0,45065.899999999994,4770.5,40295.399999999994,6715.899999999999
2025-01-27,STORE011,7,69.0,82171.76,7516.200000000001,74655.56,10665.08
2025-06-26,STORE015,6,47.0,46102.6,5533.09,40569.509999999995,6761.584999999999
2025-10-04,STORE011,5,49.0,52287.049999999996,4407.33,47879.72,9575.944
2025-05-30,STORE014,7,61.0,66360.16999999998,6420.820000000001,59939.34999999999,8562.764285714284
2025-09-04,STORE003,11,95.0,89391.5,6730.379999999999,82661.12000000001,7514.647272727274
2025-12-03,STORE013,9,127.0,139634.68,13383.0,126251.68,14027.964444444444
2025-10-11,STORE007,10,97.0,95904.62,9992.970000000001,85911.65,8591.164999999999
2025-03-19,STORE003,12,117.0,115120.62,12349.17,102771.45000000001,8564.2875
2025-12-16,STORE012,8,50.0,48299.92,4228.32,44071.600000000006,5508.950000000001
2025-01-08,STORE001,9,75.0,87976.9,6877.75,81099.15,9011.016666666666
2025-12-24,STORE014,9,89.0,109454.46,9622.4,99832.05999999998,11092.45111111111
2025-08-21,STORE017,9,86.0,88125.69,6968.97,81156.72,9017.413333333334
2025-11-11,STORE008,10,84.0,77673.36,7244.83,70428.53,7042.853
2025-01-11,STORE010,4,31.0,32393.800000000003,3217.94,29175.860000000004,7293.965000000001
2025-12-19,STORE005,8,38.0,54975.189999999995,5699.139999999999,49276.05,6159.50625
2025-10-12,STORE002,9,50.0,65656.54000000001,6518.040000000001,59138.50000000001,6570.944444444445
2025-10-28,STORE011,8,66.0,73673.32,8271.61,65401.71000000001,8175.213750000001
2025-06-13,STORE004,16,163.0,178256.38999999998,17667.05,160589.34000000003,10036.833750000002
2025-05-23,STORE012,5,53.0,68193.68000000001,8586.220000000001,59607.46000000001,11921.492000000002
2025-08-24,STORE011,8,74.0,79375.63999999998,8388.65,70986.99,8873.37375
2025-11-09,STORE019,5,63.0,63004.4,6727.65,56276.75,11255.35
2025-01-09,STORE018,9,93.0,120198.63000000002,13893.17,106305.46,11811.717777777778
2025-08-29,STORE004,9,80.0,65679.66,4774.79,60904.869999999995,6767.207777777778
2025-06-19,STORE008,9,79.0,76090.63,7536.0,68554.63,7617.181111111112
2025-07-18,STORE002,8,78.0,80302.33,8857.880000000001,71444.45,8930.55625
2025-01-23,STORE010,10,91.0,103019.01000000001,11342.500000000002,91676.51000000001,9167.651000000002
2025-11-15,STORE007,4,37.0,28077.989999999998,2582.5299999999997,25495.46,6373.865
2025-06-21,STORE020,9,102.0,99366.60999999999,10704.04,88662.56999999999,9851.396666666666
2025-07-27,STORE002,6,44.0,34870.85,2855.55,32015.300000000003,5335.883333333334
2025-07-22,STORE003,9,63.0,65666.19,7441.29,58224.899999999994,6469.4333333333325
2025-02-11,STORE019,4,44.0,40395.19,4830.57,35564.619999999995,8891.154999999999
2025-05-08,STORE014,10,69.0,67629.57,7464.25,60165.32,6016.532
2025-08-21,STORE011,8,80.0,87980.75,8502.26,79478.48999999999,9934.811249999999
2025-09-02,STORE017,12,111.0,113142.04,11707.240000000002,101434.8,8452.9
2025-12-14,STORE009,11,93.0,93761.43999999999,10457.18,83304.26,7573.114545454545
2025-04-14,STORE019,7,81.0,79663.72,7667.42,71996.3,10285.185714285715
2025-05-25,STORE018,6,48.0,52668.7,6415.59,46253.10999999999,7708.851666666666
2025-01-10,STORE002,9,91.0,96066.67000000001,8636.82,87429.85,9714.427777777779
2025-11-25,STORE015,6,70.0,57995.950000000004,6373.57,51622.38,8603.73
2025-04-22,STORE020,10,90.0,95319.45000000001,7498.54,87820.91,8782.091
2025-04-21,STORE008,14,85.0,92516.26999999999,9606.7,82909.57,5922.112142857143
2025-03-05,STORE015,9,73.0,76808.85,7210.45,69598.4,7733.155555555555
2025-09-11,STORE014,10,88.0,96431.83,10895.26,85536.57,8553.657000000001
2025-06-07,STORE006,6,49.0,49354.47,5564.96,43789.51,7298.251666666667
2025-12-04,STORE002,11,113.0,110943.43,13753.55,97189.88,8835.443636363636
2025-03-11,STORE016,8,56.0,50999.270000000004,5040.039999999999,45959.229999999996,5744.9037499999995
2025-10-25,STORE012,8,73.0,67437.45000000001,7251.23,60186.219999999994,7523.277499999999
2025-06-24,STORE011,6,56.0,61590.42,5706.849999999999,55883.57000000001,9313.928333333335
2025-12-04,STORE006,12,92.0,103069.19,10168.95,92900.24,7741.686666666667
2025-10-31,STORE014,8,75.0,88848.07,8102.509999999999,80745.56,10093.195
2025-11-11,STORE011,8,58.0,55271.57000000001,6188.16,49083.409999999996,6135.4262499999995
2025-01-03,STORE006,8,80.0,78118.07,7378.7300000000005,70739.34,8842.4175
2025-07-17,STORE010,12,125.0,132478.43,13579.9,118898.53,9908.210833333333
2025-08-02,STORE001,9,50.0,45124.45,4232.58,40891.869999999995,4543.541111111111
2025-11-19,STORE018,9,82.0,86159.76,9289.98,76869.78,8541.086666666666
2025-03-19,STORE015,8,80.0,79379.84999999999,9231.59,70148.26,8768.5325
2025-09-05,STORE008,8,68.0,61558.49,7474.1900000000005,54084.299999999996,6760.537499999999
2025-01-12,STORE013,3,36.0,28414.789999999997,2783.89,25630.9,8543.633333333333
2025-05-21,STORE006,6,36.0,48574.89,5160.05,43414.840000000004,7235.806666666667
2025-12-17,STORE012,12,116.0,131962.86,14213.61,117749.25,9812.4375
2025-01-16,STORE009,9,86.0,92436.63999999998,10132.31,82304.33,9144.925555555556
2025-01-31,STORE008,6,46.0,49091.979999999996,4845.92,44246.06,7374.343333333333
2025-12-13,STORE014,9,77.0,84152.83999999998,5946.299999999999,78206.54,8689.615555555554
2025-02-03,STORE016,7,81.0,95651.88,9151.4,86500.48000000001,12357.21142857143
2025-11-11,STORE006,6,52.0,68773.68,7137.02,61636.65999999999,10272.776666666665
2025-04-18,STORE008,8,66.0,54464.21,4914.0,49550.21,6193.77625
2025-08-31,STORE006,10,81.0,97138.76000000001,10789.65,86349.10999999999,8634.910999999998
2025-12-21,STORE009,5,32.0,28625.479999999996,2285.91,26339.57,5267.914
2025-02-23,STORE002,6,36.0,32661.24,3370.5300000000007,29290.71,4881.785
2025-07-26,STORE012,9,70.0,75767.47,7100.910000000001,68666.56,7629.6177777777775
2025-07-15,STORE014,8,72.0,72336.32,7651.49,64684.83,8085.60375
2025-07-26,STORE006,5,53.0,64444.030000000006,6258.43,58185.6,11637.119999999999
2025-09-22,STORE007,12,98.0,92950.08,9471.12,83478.96,6956.580000000001
2025-06-23,STORE001,12,107.0,120433.13,9787.72,110645.41,9220.450833333334
2025-05-18,STORE018,13,112.0,105688.65000000001,9402.859999999999,96285.79000000001,7406.599230769231
2025-12-15,STORE004,7,63.0,73160.12000000001,7011.84,66148.28,9449.754285714285
2025-07-27,STORE016,9,79.0,78389.38,9035.599999999999,69353.78,7705.975555555556
2025-12-16,STORE007,6,52.0,47212.810000000005,4301.599999999999,42911.21,7151.868333333333
2025-07-30,STORE020,7,59.0,66347.06999999999,8508.65,57838.42,8262.631428571429
2025-09-04,STORE012,9,76.0,80370.48,7343.879999999999,73026.59999999999,8114.066666666666
2025-09-08,STORE001,6,51.0,54047.95,5172.7,48875.25,8145.875
2025-04-09,STORE002,8,54.0,65357.299999999996,5990.359999999999,59366.94,7420.8675
2025-10-24,STORE014,14,155.0,181512.09000000003,18978.42,162533.66999999998,11609.547857142856
2025-03-27,STORE020,7,46.0,46039.97,4280.35,41759.62,5965.660000000001
2025-06-04,STORE010,11,100.0,110663.40000000001,11940.37,98723.02999999998,8974.820909090908
2025-08-19,STORE016,11,105.0,87924.03000000001,9396.44,78527.59,7138.871818181818
2025-12-22,STORE004,9,115.0,113421.32,10429.15,102992.16999999998,11443.574444444443
2025-01-10,STORE003,9,94.0,92961.34000000001,9234.3,83727.04000000001,9303.004444444445
2025-06-07,STORE013,14,120.0,106616.34,12611.68,94004.66,6714.618571428572
2025-12-14,STORE013,4,34.0,36660.399999999994,4417.469999999999,32242.93,8060.7325
2025-03-09,STORE015,8,68.0,62331.53999999999,6060.049999999999,56271.490000000005,7033.936250000001
2025-12-25,STORE009,7,44.0,52285.77,5730.650000000001,46555.12,6650.731428571429
2025-11-30,STORE016,5,37.0,48595.79000000001,5504.22,43091.57,8618.314
2025-09-13,STORE020,13,85.0,64401.96000000001,7050.4,57351.56,4411.658461538462
2025-07-28,STORE014,6,45.0,61225.69,6628.76,54596.93,9099.488333333333
2025-06-27,STORE002,5,50.0,58487.5,7159.17,51328.33,10265.666000000001
2025-08-29,STORE014,9,75.0,76321.79,8973.66,67348.13,7483.125555555556
2025-10-30,STORE003,8,68.0,75556.91,7208.7699999999995,68348.14,8543.5175
2025-07-12,STORE019,8,77.0,69377.98,5473.09,63904.89,7988.11125
2025-01-12,STORE014,7,52.0,45011.30999999999,4246.66,40764.65,5823.521428571429
2025-11-22,STORE013,6,32.0,38980.08,2307.23,36672.850000000006,6112.141666666667
2025-02-19,STORE017,8,46.0,42191.43,4061.61,38129.82,4766.2275
2025-11-18,STORE013,7,43.0,44341.96,4400.54,39941.42,5705.917142857143
2025-07-29,STORE005,4,39.0,39780.23,4553.33,35226.899999999994,8806.724999999999
2025-04-03,STORE008,4,23.0,20690.690000000002,1669.86,19020.83,4755.2075
2025-03-23,STORE019,8,82.0,85411.61,8498.71,76912.90000000001,9614.112500000001
2025-06-29,STORE013,7,57.0,61339.15999999999,5100.82,56238.340000000004,8034.048571428572
2025-02-15,STORE003,6,43.0,51874.03,4689.01,47185.020000000004,7864.170000000001
2025-05-25,STORE003,7,61.0,63862.729999999996,5803.780000000001,58058.950000000004,8294.135714285714
2025-10-10,STORE018,12,82.0,90066.01999999999,7396.8099999999995,82669.20999999999,6889.100833333333
2025-05-04,STORE007,9,64.0,61072.35999999999,6073.77,54998.59,6110.954444444444
2025-10-26,STORE019,14,119.0,115452.82,10183.210000000001,105269.60999999999,7519.257857142856
2025-12-03,STORE002,5,37.0,35186.009999999995,3317.3599999999997,31868.65,6373.7300000000005
2025-10-29,STORE015,9,103.0,101674.25999999998,10798.07,90876.19,10097.354444444445
2025-11-01,STORE006,4,27.0,34662.369999999995,3701.5299999999997,30960.839999999997,7740.209999999999
2025-05-02,STORE002,11,91.0,86785.92,11180.42,75605.5,6873.227272727273
2025-10-19,STORE010,11,97.0,114939.28,9593.970000000001,105345.31,9576.846363636363
2025-10-28,STORE008,6,42.0,37141.92,3577.3300000000004,33564.59,5594.098333333332
2025-09-27,STORE010,13,121.0,135801.84000000003,10939.77,124862.06999999999,9604.774615384615
2025-01-15,STORE007,10,91.0,87383.04000000001,10609.83,76773.20999999999,7677.320999999999
2025-06-09,STORE013,5,51.0,51408.85,5399.38,46009.47,9201.894
2025-12-18,STORE020,11,84.0,77943.55,7992.1900000000005,69951.36,6359.214545454545
2025-09-28,STORE018,11,126.0,145786.95,14957.2,130829.74999999999,11893.613636363634
2025-11-25,STORE017,8,76.0,61028.7,6220.0,54808.7,6851.0875
2025-05-03,STORE005,7,43.0,58923.07000000001,6014.09,52908.98,7558.425714285715
2025-01-11,STORE003,9,65.0,70537.6,6008.55,64529.05,7169.894444444445
2025-08-26,STORE002,12,87.0,85132.39,7875.33,77257.06,6438.088333333333
2025-10-21,STORE007,9,50.0,48400.23,5462.26,42937.97,4770.885555555556
2025-08-16,STORE008,9,109.0,89631.9,7524.630000000001,82107.27,9123.03
2025-04-03,STORE004,5,42.0,37751.33,4074.96,33676.369999999995,6735.273999999999
2025-10-21,STORE006,7,61.0,65534.66,4999.28,60535.38,8647.911428571428
2025-09-18,STORE015,8,46.0,49641.78,5615.0199999999995,44026.76,5503.345
2025-06-02,STORE007,8,71.0,67930.96,5177.48,62753.479999999996,7844.1849999999995
2025-04-03,STORE010,6,51.0,36066.850000000006,3776.96,32289.89,5381.6483333333335
2025-07-17,STORE018,9,97.0,110984.39000000001,10721.57,100262.82,11140.313333333334
2025-08-23,STORE013,9,73.0,71515.65,8275.33,63240.32000000001,7026.702222222223
2025-12-06,STORE017,8,57.0,56050.18,6215.51,49834.67,6229.33375
2025-10-23,STORE018,10,87.0,89571.01,9209.49,80361.52,8036.152
2025-12-12,STORE012,4,44.0,50228.32000000001,5560.09,44668.23,11167.0575
2025-08-29,STORE013,7,51.0,36644.19,3385.08,33259.11,4751.301428571429
2025-01-16,STORE001,4,43.0,45907.55,3985.25,41922.3,10480.575
2025-12-07,STORE006,14,98.0,105134.84000000001,9118.98,96015.86,6858.2757142857145
2025-05-05,STORE013,3,32.0,31586.41,2750.17,28836.240000000005,9612.080000000002
2025-12-15,STORE018,5,37.0,38145.84,2879.3,35266.54,7053.308
2025-06-15,STORE012,7,75.0,78405.86,9000.41,69405.45000000001,9915.064285714287
2025-08-18,STORE003,7,58.0,63636.24,7325.91,56310.329999999994,8044.3328571428565
2025-07-12,STORE011,6,46.0,50648.49999999999,3197.8700000000003,47450.630000000005,7908.438333333334
2025-07-31,STORE001,5,67.0,64021.08,6168.55,57852.53,11570.506
2025-05-02,STORE004,7,70.0,81175.89000000001,6748.470000000001,74427.42,10632.488571428572
2025-06-01,STORE011,3,11.0,9739.36,436.11,9303.25,3101.0833333333335
2025-08-17,STORE005,6,34.0,43897.47,5014.09,38883.38,6480.563333333333
2025-12-04,STORE007,11,99.0,85305.89,9647.439999999999,75658.45000000001,6878.04090909091
2025-12-29,STORE004,12,120.0,144466.69999999998,15693.269999999999,128773.43000000001,10731.119166666667
2025-09-06,STORE010,8,77.0,87337.34,7802.8099999999995,79534.53,9941.81625
2025-02-11,STORE012,6,53.0,57984.06,5584.9,52399.16,8733.193333333335
2025-01-04,STORE008,5,37.0,25261.129999999997,2194.9399999999996,23066.19,4613.237999999999
2025-05-01,STORE002,9,91.0,88665.31000000001,7190.030000000001,81475.28000000001,9052.80888888889
2025-08-02,STORE002,10,113.0,103074.0,11435.240000000002,91638.76000000001,9163.876
2025-05-01,STORE005,14,112.0,127175.50000000001,12071.3,115104.19999999998,8221.72857142857
2025-12-07,STORE010,5,55.0,73002.25,7554.570000000001,65447.68,13089.536
2025-03-01,STORE004,9,94.0,93584.09,7316.629999999999,86267.46,9585.273333333334
2025-07-18,STORE003,6,36.0,33999.37,3615.2500000000005,30384.120000000003,5064.02
2025-04-01,STORE009,12,117.0,115571.48999999999,11610.02,103961.47,8663.455833333333
2025-07-12,STORE020,9,80.0,94468.54999999999,9329.439999999999,85139.11,9459.90111111111
2025-09-16,STORE020,4,41.0,35341.35,3378.85,31962.5,7990.625
2025-04-18,STORE014,9,66.0,85320.73,10372.51,74948.22,8327.58
2025-10-10,STORE007,4,34.0,31719.18,3212.3900000000003,28506.79,7126.6975
2025-10-14,STORE010,9,97.0,95721.53,8006.38,87715.15000000001,9746.12777777778
2025-07-24,STORE015,6,50.0,46743.09,4270.46,42472.630000000005,7078.771666666667
2025-04-14,STORE016,6,34.0,32753.56,3021.7899999999995,29731.769999999997,4955.294999999999
2025-05-14,STORE008,10,97.0,81924.59,8153.91,73770.68,7377.067999999999
2025-03-24,STORE015,12,97.0,107747.78,10566.68,97181.1,8098.425
2025-05-06,STORE007,7,69.0,78233.35,6368.449999999999,71864.90000000001,10266.414285714287
2025-11-14,STORE007,6,55.0,60591.2,3633.0899999999997,56958.11,9493.018333333333
2025-02-23,STORE013,12,100.0,84397.27,5812.879999999999,78584.39,6548.699166666666
2025-08-01,STORE018,6,57.0,50371.189999999995,4192.91,46178.28,7696.38
2025-02-12,STORE009,9,98.0,89124.93,9541.73,79583.2,8842.577777777777
2025-08-02,STORE011,6,34.0,43618.82,4204.3099999999995,39414.51,6569.085
2025-04-09,STORE001,8,80.0,79401.06999999999,7222.25,72178.82,9022.3525
2025-10-10,STORE005,10,86.0,103638.32,11318.08,92320.23999999999,9232.024
2025-10-10,STORE001,3,13.0,14972.12,1610.3,13361.82,4453.94
2025-09-15,STORE019,8,92.0,82687.18000000001,7961.530000000001,74725.65,9340.70625
2025-12-21,STORE013,8,87.0,68785.18,7747.0700000000015,61038.10999999999,7629.763749999999
2025-08-13,STORE007,4,27.0,30052.489999999998,2579.2999999999997,27473.189999999995,6868.297499999999
2025-12-30,STORE002,6,28.0,31988.260000000002,3138.96,28849.300000000003,4808.216666666667
2025-06-30,STORE017,11,124.0,126278.20999999999,14738.87,111539.34,10139.94
2025-09-22,STORE011,9,84.0,87582.64,9533.36,78049.28,8672.142222222223
2025-12-09,STORE004,10,81.0,79158.01,6958.89,72199.12,7219.911999999999
2025-06-27,STORE004,9,75.0,80979.67,7531.05,73448.62,8160.957777777778
2025-03-20,STORE003,8,66.0,76271.01000000001,9916.770000000002,66354.24,8294.28
2025-02-18,STORE005,8,82.0,98074.72,9541.07,88533.65000000001,11066.706250000001
2025-12-15,STORE013,8,76.0,84812.41,7156.68,77655.73000000001,9706.966250000001
2025-04-12,STORE019,7,55.0,63083.57,5265.179999999999,57818.38999999999,8259.769999999999
2025-01-03,STORE011,8,56.0,68694.92,5663.76,63031.16,7878.895
2025-11-26,STORE006,7,48.0,46447.979999999996,6526.639999999999,39921.340000000004,5703.048571428572
2025-01-21,STORE006,9,84.0,102307.09,12417.9,89889.19,9987.687777777777
2025-02-09,STORE007,7,73.0,59528.85,5801.900000000001,53726.95,7675.278571428571
2025-01-22,STORE009,4,33.0,21435.57,826.56,20609.01,5152.2525
2025-10-13,STORE002,9,96.0,109510.89000000001,8904.72,100606.17,11178.463333333333
2025-10-17,STORE012,9,94.0,85462.62,8393.63,77068.99,8563.221111111112
2025-07-06,STORE014,6,56.0,70948.26000000001,6641.929999999999,64306.329999999994,10717.721666666666
2025-04-03,STORE006,9,77.0,67349.09000000001,7126.299999999999,60222.79,6691.421111111111
2025-10-18,STORE001,6,44.0,42724.899999999994,4169.200000000001,38555.7,6425.95
2025-12-28,STORE001,4,29.0,33077.79,2015.92,31061.870000000003,7765.467500000001
2025-11-22,STORE003,7,78.0,64349.68000000001,6675.879999999999,57673.799999999996,8239.114285714286
2025-12-12,STORE016,8,78.0,55679.70999999999,6637.610000000001,49042.100000000006,6130.262500000001
2025-05-30,STORE012,8,54.0,52635.46000000001,5945.33,46690.13,5836.26625
2025-10-07,STORE003,6,52.0,59712.98,4370.26,55342.72,9223.786666666667
2025-08-04,STORE018,7,46.0,42663.24,4697.139999999999,37966.1,5423.728571428571
2025-05-22,STORE009,5,40.0,44907.83,4073.76,40834.07,8166.814
2025-05-04,STORE009,11,103.0,99595.71,11405.64,88190.07,8017.279090909092
2025-06-20,STORE013,7,44.0,47246.53,3542.67,43703.86,6243.408571428571
2025-10-10,STORE014,8,73.0,92895.45000000001,10675.15,82220.3,10277.5375
2025-01-28,STORE016,9,93.0,86917.25,10497.55,76419.7,8491.077777777777
2025-06-28,STORE003,9,90.0,99718.95000000001,8613.420000000002,91105.53,10122.836666666666
2025-11-30,STORE019,11,113.0,103889.34999999999,9041.49,94847.85999999999,8622.532727272726
2025-02-21,STORE010,13,103.0,109505.77,11343.65,98162.12000000001,7550.932307692308
2025-06-18,STORE017,7,56.0,73045.44,7216.05,65829.39,9404.198571428571
2025-04-22,STORE017,9,93.0,90621.34999999999,9797.3,80824.05,8980.45
2025-05-19,STORE020,7,87.0,87909.09,11720.69,76188.40000000001,10884.057142857144
2025-04-26,STORE011,7,67.0,77344.58,5565.96,71778.62000000001,10254.088571428572
2025-04-25,STORE001,4,49.0,50515.16,4608.62,45906.54,11476.635
2025-05-19,STORE014,10,85.0,116063.97,14215.55,101848.42000000001,10184.842
2025-07-01,STORE007,11,95.0,89871.01,7791.949999999999,82079.06000000001,7461.732727272728
2025-06-01,STORE008,7,59.0,61248.850000000006,8380.07,52868.78,7552.682857142857
2025-12-22,STORE007,8,73.0,73726.4,8022.87,65703.53,8212.94125
2025-11-14,STORE015,11,104.0,109293.58,12520.600000000002,96772.98000000001,8797.543636363638
2025-08-27,STORE013,9,61.0,70946.93,8153.469999999999,62793.45999999999,6977.05111111111
2025-05-03,STORE016,8,100.0,102740.22,10240.7,92499.51999999999,11562.439999999999
2025-09-09,STORE012,13,117.0,107891.83,11081.89,96809.94,7446.918461538462
2025-03-17,STORE012,5,32.0,23669.020000000004,3332.5299999999997,20336.489999999998,4067.298
2025-10-16,STORE006,8,74.0,66287.01,6075.51,60211.5,7526.4375
2025-03-11,STORE001,5,41.0,43573.32,4137.66,39435.66,7887.1320000000005
2025-09-28,STORE003,11,117.0,122868.23000000001,11661.05,111207.18000000001,10109.743636363637
2025-11-07,STORE017,12,92.0,100996.03000000001,12342.7,88653.32999999999,7387.777499999999
2025-06-23,STORE006,8,67.0,79679.7,7454.07,72225.62999999999,9028.203749999999
2025-02-22,STORE011,8,65.0,75154.12000000001,8079.75,67074.37,8384.29625
2025-05-28,STORE016,4,28.0,35392.66,2330.74,33061.92,8265.48
2025-10-30,STORE015,7,50.0,55082.89,4860.81,50222.08,7174.582857142857
2025-01-13,STORE004,7,69.0,77124.56,6514.81,70609.75,10087.107142857143
2025-11-05,STORE018,9,75.0,62852.48,7814.549999999999,55037.93,6115.325555555555
2025-10-01,STORE015,12,102.0,85215.87,8558.199999999999,76657.67,6388.139166666667
2025-11-15,STORE017,12,118.0,103062.28000000001,10853.04,92209.23999999999,7684.103333333333
2025-11-22,STORE012,6,57.0,59313.69,5862.18,53451.509999999995,8908.585
2025-04-19,STORE010,10,102.0,114101.76,12709.480000000001,101392.28000000001,10139.228000000001
2025-01-29,STORE019,11,130.0,104818.07,9778.69,95039.38,8639.943636363636
2025-02-06,STORE015,14,145.0,132494.32,11315.14,121179.17999999996,8655.655714285711
2025-09-19,STORE003,7,61.0,59180.06,6970.13,52209.92999999999,7458.561428571427
2025-11-09,STORE017,7,49.0,46637.81999999999,5628.33,41009.49,5858.498571428571
2025-03-28,STORE020,11,88.0,87036.73000000001,8376.98,78659.75,7150.886363636364
2025-08-15,STORE008,6,51.0,61067.560000000005,6414.599999999999,54652.96,9108.826666666666
2025-05-12,STORE002,11,89.0,82339.45,8796.52,73542.93,6685.720909090908
2025-06-01,STORE014,12,119.0,118207.14000000001,10282.44,107924.70000000001,8993.725
2025-07-29,STORE008,5,49.0,48538.649999999994,5286.73,43251.92,8650.384
2025-10-20,STORE011,9,102.0,98581.29000000001,9766.730000000001,88814.56,9868.284444444444
2025-12-15,STORE009,3,7.0,6408.67,917.3100000000002,5491.360000000001,1830.4533333333336
2025-02-03,STORE019,6,52.0,63435.82,6688.07,56747.75,9457.958333333334
2025-02-21,STORE002,5,62.0,60069.439999999995,5494.89,54574.55,10914.91
2025-06-21,STORE007,7,51.0,50538.79000000001,3769.78,46769.01000000001,6681.287142857144
2025-05-15,STORE003,8,79.0,82579.97,9157.310000000001,73422.66,9177.8325
2025-02-18,STORE017,6,47.0,44308.380000000005,4608.51,39699.869999999995,6616.6449999999995
2025-06-16,STORE004,8,72.0,71978.82,7666.639999999999,64312.18,8039.0225
2025-05-01,STORE003,4,37.0,28168.23,2730.12,25438.11,6359.5275
2025-08-05,STORE001,10,82.0,94419.79,10735.07,83684.72,8368.472
2025-07-23,STORE005,11,97.0,92919.54,10246.82,82672.72,7515.701818181818
2025-07-16,STORE011,8,79.0,81981.15999999999,10965.06,71016.1,8877.0125
2025-09-01,STORE008,3,27.0,31462.679999999997,3271.6,28191.079999999998,9397.026666666667
2025-01-28,STORE014,7,56.0,73778.45,8454.54,65323.91000000001,9331.987142857144
2025-02-23,STORE006,12,99.0,119784.69000000002,14335.52,105449.17,8787.430833333334
2025-02-18,STORE015,4,43.0,46884.14,5667.68,41216.46,10304.115
2025-04-07,STORE009,8,78.0,73264.43,8414.3,64850.13,8106.26625
2025-07-21,STORE007,9,105.0,117075.43,11814.23,105261.2,11695.688888888888
2025-05-06,STORE018,11,94.0,101980.81,8590.73,93390.08,8490.007272727273
2025-10-14,STORE002,11,87.0,94005.2,8264.720000000001,85740.48,7794.58909090909
2025-09-08,STORE008,11,96.0,97337.09,11212.23,86124.86,7829.532727272727
2025-04-25,STORE003,7,78.0,69934.86,6604.58,63330.28,9047.182857142858
2025-09-27,STORE008,9,77.0,89070.98,9623.939999999999,79447.04000000001,8827.44888888889
2025-12-03,STORE011,12,107.0,104820.61,10594.54,94226.07,7852.172500000001
2025-08-24,STORE001,13,86.0,94729.5,11524.740000000002,83204.76,6400.366153846154
2025-03-29,STORE019,8,65.0,59269.51,4697.860000000001,54571.65000000001,6821.456250000001
2025-06-20,STORE020,10,78.0,72504.69,6475.299999999999,66029.38999999998,6602.9389999999985
2025-02-06,STORE001,7,72.0,73990.51999999999,6950.67,67039.85,9577.121428571429
2025-07-21,STORE011,6,60.0,66312.25,6153.360000000001,60158.89,10026.481666666667
2025-01-07,STORE019,13,115.0,89391.76000000001,8211.72,81180.04,6244.618461538461
2025-10-18,STORE017,8,75.0,88007.3,9305.59,78701.71,9837.71375
2025-07-09,STORE015,7,63.0,53942.42,6372.03,47570.39,6795.7699999999995
2025-04-10,STORE019,7,65.0,67276.76,7037.580000000002,60239.17999999999,8605.597142857141
2025-09-10,STORE013,8,75.0,72759.18,7446.92,65312.259999999995,8164.032499999999
2025-08-16,STORE016,10,87.0,86140.39000000001,8990.039999999999,77150.34999999999,7715.034999999999
2025-05-05,STORE017,8,68.0,60862.299999999996,6525.1,54337.200000000004,6792.150000000001
2025-04-21,STORE005,6,48.0,58317.25,5116.77,53200.48,8866.746666666668
2025-11-02,STORE011,14,124.0,121292.17,10850.54,110441.63,7888.687857142858
2025-09-09,STORE004,4,63.0,65508.93,4542.13,60966.8,15241.7
2025-04-24,STORE019,7,56.0,54386.189999999995,7186.34,47199.85,6742.835714285714
2025-11-15,STORE002,8,55.0,44730.23,4745.39,39984.840000000004,4998.1050000000005
2025-08-11,STORE012,3,37.0,33360.42,3812.6,29547.82,9849.273333333333
2025-09-20,STORE019,6,42.0,44920.08,4494.9,40425.18,6737.53
2025-09-17,STORE006,10,87.0,88754.83,8152.8099999999995,80602.02,8060.202
2025-09-13,STORE009,10,98.0,113461.79000000001,11206.689999999999,102255.1,10225.51
2025-09-11,STORE008,10,70.0,70554.62,7599.129999999999,62955.490000000005,6295.549000000001
2025-07-26,STORE014,9,67.0,70458.53,6454.35,64004.18,7111.575555555555
2025-07-21,STORE018,7,56.0,68900.48000000001,6233.209999999999,62667.270000000004,8952.467142857144
2025-03-27,STORE006,6,66.0,69477.37000000001,7878.21,61599.16000000001,10266.526666666668
2025-10-27,STORE015,12,134.0,152511.88999999998,12417.33,140094.56,11674.546666666667
2025-09-05,STORE017,9,84.0,78189.76,6629.31,71560.45000000001,7951.161111111112
2025-10-07,STORE014,9,83.0,91926.28,9187.900000000001,82738.38,9193.153333333334
2025-12-31,STORE013,5,42.0,47016.729999999996,4717.41,42299.32,8459.864
2025-03-02,STORE007,8,75.0,91851.2,8210.150000000001,83641.05,10455.13125
2025-09-06,STORE002,9,99.0,110402.36000000002,9610.760000000002,100791.6,11199.066666666668
2025-02-12,STORE013,9,69.0,71727.73,7432.35,64295.38,7143.931111111111
2025-08-13,STORE016,5,27.0,22576.579999999998,3312.04,19264.54,3852.9080000000004
2025-07-30,STORE012,10,107.0,114974.54999999999,11162.019999999999,103812.53,10381.253
2025-12-11,STORE020,6,85.0,68423.7,7939.72,60483.979999999996,10080.663333333332
2025-12-30,STORE020,9,82.0,85663.03999999998,10210.29,75452.75,8383.638888888889
2025-05-29,STORE019,7,58.0,66956.11,4764.619999999999,62191.490000000005,8884.498571428572
2025-10-11,STORE002,7,63.0,58581.11,4981.65,53599.46000000001,7657.065714285715
2025-10-23,STORE012,6,40.0,44827.69,4139.889999999999,40687.799999999996,6781.299999999999
2025-06-02,STORE011,8,54.0,45171.24,4832.16,40339.08,5042.385
2025-11-08,STORE006,6,56.0,59082.75,6582.370000000001,52500.38,8750.063333333334
2025-02-11,STORE004,7,67.0,69555.9,5432.61,64123.28999999999,9160.47
2025-10-10,STORE010,8,74.0,96387.94,9899.380000000001,86488.56,10811.07
2025-01-18,STORE006,9,77.0,90823.47,9273.099999999999,81550.37,9061.152222222221
2025-07-30,STORE003,9,98.0,96153.76000000001,7017.520000000001,89136.23999999999,9904.026666666665
2025-10-16,STORE007,6,49.0,43313.21,3178.24,40134.97,6689.161666666667
2025-11-22,STORE005,12,96.0,87744.32,8378.63,79365.69,6613.8075
2025-01-05,STORE016,8,72.0,56606.11,5772.49,50833.619999999995,6354.202499999999
2025-08-14,STORE019,7,55.0,31293.870000000003,2636.87,28657.0,4093.8571428571427
2025-01-30,STORE009,6,28.0,23514.620000000003,2036.1,21478.52,3579.7533333333336
2025-02-07,STORE004,7,47.0,56010.23999999999,4366.969999999999,51643.270000000004,7377.610000000001
2025-05-25,STORE017,2,20.0,19461.03,1820.8000000000002,17640.23,8820.115
2025-02-27,STORE015,10,49.0,46371.619999999995,4748.3,41623.32,4162.332
2025-11-30,STORE018,8,82.0,86319.2,9807.07,76512.13,9564.01625
2025-04-06,STORE004,9,97.0,88156.23,9240.759999999998,78915.47,8768.385555555556
2025-08-13,STORE003,5,52.0,58585.439999999995,4925.02,53660.42,10732.083999999999
2025-02-09,STORE005,6,72.0,66459.79000000001,4150.98,62308.810000000005,10384.801666666668
2025-05-29,STORE015,7,55.0,64675.09,5161.120000000001,59513.97,8501.995714285715
2025-08-02,STORE009,10,107.0,87994.35,6872.45,81121.90000000001,8112.1900000000005
2025-03-25,STORE004,10,68.0,75079.22,8339.1,66740.12,6674.012
2025-04-05,STORE014,8,82.0,90133.59000000001,11597.13,78536.45999999999,9817.057499999999
2025-07-06,STORE018,5,39.0,58910.34,6079.2,52831.14,10566.228
2025-12-02,STORE014,8,54.0,52708.3,4155.76,48552.54,6069.0675
2025-05-01,STORE016,9,72.0,74612.14000000001,7601.950000000001,67010.19,7445.576666666667
2025-02-06,STORE013,7,63.0,47505.43,4149.87,43355.56,6193.651428571428
2025-11-05,STORE011,13,115.0,113563.09999999999,10936.720000000001,102626.38,7894.336923076923
2025-12-31,STORE020,8,85.0,91108.61000000002,8477.14,82631.47,10328.93375
2025-07-21,STORE017,7,37.0,39853.33,3597.12,36256.21000000001,5179.458571428572
2025-02-12,STORE002,9,71.0,59953.18,5439.219999999999,54513.96000000001,6057.1066666666675
2025-06-01,STORE017,11,100.0,90818.77,8869.490000000002,81949.28,7449.9345454545455
2025-03-27,STORE008,6,45.0,56033.88,6555.59,49478.29000000001,8246.381666666668
2025-02-01,STORE011,8,61.0,56138.090000000004,4672.879999999999,51465.21,6433.15125
2025-02-23,STORE008,6,52.0,50089.770000000004,6077.780000000001,44011.99,7335.331666666666
2025-10-18,STORE012,12,106.0,117865.5,11090.89,106774.61,8897.884166666667
2025-09-28,STORE014,9,76.0,71259.70999999999,7227.42,64032.28999999999,7114.698888888888
2025-09-21,STORE018,13,97.0,104031.68,11231.23,92800.45000000001,7138.496153846155
2025-08-05,STORE014,5,62.0,64388.5,6873.880000000001,57514.619999999995,11502.923999999999
2025-10-04,STORE014,10,91.0,101128.72,10944.319999999998,90184.4,9018.439999999999
2025-12-29,STORE001,6,56.0,54770.5,5573.31,49197.19,8199.531666666668
2025-03-25,STORE020,5,48.0,49573.89,6106.42,43467.47,8693.494
2025-04-07,STORE010,8,85.0,99956.76000000001,10127.43,89829.32999999999,11228.666249999998
2025-02-28,STORE008,6,50.0,55300.92,4661.59,50639.33,8439.888333333334
2025-08-27,STORE016,7,64.0,63531.66,6410.17,57121.49,8160.212857142857
2025-04-18,STORE011,13,146.0,153149.19,15069.279999999999,138079.90999999997,10621.531538461537
2025-05-02,STORE003,8,80.0,109317.76000000001,12614.27,96703.49,12087.93625
2025-05-18,STORE006,9,85.0,99705.93000000001,8928.7,90777.23000000001,10086.35888888889
2025-01-18,STORE011,9,103.0,112689.53999999998,10102.42,102587.12,11398.568888888889
2025-01-06,STORE015,4,30.0,36803.94,2520.1899999999996,34283.75,8570.9375
2025-06-12,STORE009,3,19.0,12437.49,1108.27,11329.22,3776.4066666666663
2025-09-27,STORE020,8,100.0,111699.72999999998,8760.24,102939.48999999999,12867.436249999999
2025-12-31,STORE011,8,61.0,59667.009999999995,5748.11,53918.899999999994,6739.862499999999
2025-05-23,STORE016,7,46.0,32694.660000000003,4064.1800000000003,28630.48,4090.0685714285714
2025-03-08,STORE020,7,60.0,62095.23999999999,7674.6900000000005,54420.55,7774.364285714286
2025-08-30,STORE015,8,81.0,99212.9,9285.440000000002,89927.45999999999,11240.932499999999
2025-12-18,STORE018,6,64.0,65422.229999999996,6143.52,59278.71,9879.785
2025-11-28,STORE016,5,30.0,32090.23,2075.73,30014.5,6002.9
2025-11-07,STORE020,6,55.0,57603.65,5802.4,51801.25,8633.541666666666
2025-12-06,STORE013,7,61.0,62181.729999999996,3803.7099999999996,58378.02,8339.717142857142
2025-08-29,STORE003,7,62.0,73682.79,5789.33,67893.46,9699.065714285714
2025-03-13,STORE006,9,86.0,93482.38,10942.43,82539.95000000001,9171.105555555558
2025-03-31,STORE010,7,67.0,74312.37,9307.89,65004.48,9286.354285714286
2025-12-20,STORE009,6,54.0,51358.71000000001,6809.4400000000005,44549.270000000004,7424.878333333334
2025-03-21,STORE014,5,46.0,52821.12,4564.210000000001,48256.91,9651.382000000001
2025-08-28,STORE005,8,66.0,54276.65000000001,6286.240000000001,47990.41,5998.80125
2025-06-30,STORE006,3,25.0,31128.74,2119.1,29009.64,9669.88
2025-04-28,STORE018,7,78.0,72680.20000000001,7505.139999999999,65175.06,9310.722857142857
2025-11-20,STORE013,4,23.0,34075.18,3771.16,30304.02,7576.005
2025-07-15,STORE009,6,60.0,56115.53,5730.79,50384.74,8397.456666666667
2025-12-18,STORE004,9,71.0,80076.01999999999,8581.57,71494.45000000001,7943.827777777779
2025-12-10,STORE011,5,56.0,64256.37999999999,4649.55,59606.83,11921.366
2025-05-10,STORE012,8,77.0,83333.93,9246.27,74087.66,9260.9575
2025-02-16,STORE006,6,61.0,66156.28,5292.88,60863.40000000001,10143.900000000001
2025-10-01,STORE009,5,53.0,51337.32000000001,5838.549999999999,45498.770000000004,9099.754
2025-08-02,STORE016,10,104.0,102673.98,11263.0,91410.98,9141.098
2025-01-17,STORE015,4,35.0,32477.57,2062.04,30415.530000000006,7603.8825000000015
2025-11-29,STORE009,2,10.0,5378.98,611.97,4767.01,2383.505
2025-06-15,STORE015,3,22.0,21633.11,3452.7799999999997,18180.33,6060.110000000001
2025-06-18,STORE019,5,51.0,50303.78,5797.99,44505.78999999999,8901.158
2025-09-16,STORE002,9,79.0,71929.16,6910.51,65018.65,7224.294444444445
2025-10-22,STORE001,11,89.0,108259.61000000002,10985.67,97273.94,8843.085454545455
2025-05-31,STORE006,6,46.0,45681.58,4824.76,40856.81999999999,6809.469999999998
2025-10-12,STORE009,4,24.0,28526.04,2594.15,25931.89,6482.9725
2025-07-29,STORE020,5,56.0,58779.659999999996,6569.98,52209.68,10441.936
2025-09-25,STORE011,1,6.0,6124.49,832.71,5291.78,5291.78
2025-07-11,STORE008,6,62.0,54381.990000000005,5440.75,48941.24,8156.873333333333
2025-07-23,STORE020,7,89.0,79910.42,7704.920000000001,72205.5,10315.07142857143
2025-11-11,STORE003,10,108.0,124179.43,10989.75,113189.68,11318.967999999999
2025-08-13,STORE020,8,87.0,84668.2,8566.970000000001,76101.23,9512.65375
2025-11-17,STORE015,12,117.0,129610.8,13900.95,115709.85,9642.487500000001
2025-07-11,STORE004,5,57.0,59268.59999999999,6914.39,52354.21000000001,10470.842
2025-05-23,STORE002,5,48.0,35009.68000000001,3727.2500000000005,31282.43,6256.486
2025-10-04,STORE008,11,65.0,67973.38,8242.75,59730.630000000005,5430.057272727273
2025-11-20,STORE002,6,67.0,84837.18,7256.55,77580.63,12930.105000000001
2025-04-24,STORE014,5,54.0,58471.810000000005,6147.499999999999,52324.31,10464.862
2025-03-15,STORE003,6,60.0,70547.39,8050.349999999999,62497.04000000001,10416.173333333334
2025-01-01,STORE009,6,43.0,44059.850000000006,4502.46,39557.39,6592.8983333333335
2025-12-06,STORE016,3,18.0,17707.62,1264.29,16443.33,5481.110000000001
2025-06-07,STORE005,2,12.0,10655.89,1120.65,9535.24,4767.62
2025-06-26,STORE010,7,83.0,96479.77,12127.79,84351.98,12050.282857142856
2025-05-21,STORE011,10,106.0,110096.05,10806.960000000001,99289.09000000001,9928.909000000001
2025-07-01,STORE003,6,72.0,83603.31999999999,7599.790000000001,76003.53,12667.255
2025-04-29,STORE012,6,68.0,70309.29000000001,7517.859999999999,62791.42999999999,10465.238333333333
2025-07-13,STORE003,6,46.0,56893.200000000004,5904.78,50988.42,8498.07
2025-08-20,STORE010,7,59.0,60191.56999999999,7337.23,52854.34,7550.62
2025-06-07,STORE014,8,64.0,70717.81,5272.79,65445.020000000004,8180.6275000000005
2025-04-28,STORE007,8,66.0,59255.64000000001,4778.97,54476.67,6809.58375
2025-01-03,STORE005,5,43.0,37165.82,4418.67,32747.149999999998,6549.429999999999
2025-06-13,STORE003,3,15.0,13670.189999999999,2057.0299999999997,11613.16,3871.0533333333333
2025-11-04,STORE020,4,28.0,26966.969999999998,1627.12,25339.850000000002,6334.962500000001
2025-08-02,STORE010,7,55.0,74683.59000000001,9004.05,65679.54000000001,9382.79142857143
2025-10-14,STORE007,10,76.0,77158.23,5738.780000000001,71419.45,7141.945
2025-10-22,STORE002,7,64.0,54287.619999999995,5398.19,48889.43,6984.204285714286
2025-01-25,STORE004,10,112.0,137625.0,14523.67,123101.32999999999,12310.132999999998
2025-06-19,STORE003,3,31.0,28793.57,2688.04,26105.53,8701.843333333332
2025-12-04,STORE004,5,52.0,57985.39,6370.179999999999,51615.20999999999,10323.041999999998
2025-09-30,STORE013,7,70.0,69635.9,8322.94,61312.96,8758.994285714285
2025-04-06,STORE013,4,43.0,47429.899999999994,4022.4700000000003,43407.43000000001,10851.857500000002
2025-03-13,STORE001,6,57.0,55007.06999999999,5413.99,49593.08,8265.513333333334
2025-08-26,STORE014,4,41.0,39030.86,2861.41,36169.45,9042.3625
2025-11-04,STORE010,5,55.0,54609.380000000005,6699.82,47909.56,9581.912
2025-01-02,STORE008,8,62.0,61556.939999999995,5116.75,56440.19,7055.02375
2025-11-02,STORE007,9,61.0,70466.82,6930.38,63536.439999999995,7059.604444444444
2025-12-24,STORE006,6,84.0,82693.45000000001,8586.26,74107.19,12351.198333333334
2025-09-24,STORE018,8,100.0,111660.56,10077.41,101583.15,12697.89375
2025-08-19,STORE004,6,34.0,36174.82,4280.88,31893.94,5315.656666666667
2025-08-03,STORE004,5,37.0,47476.04,5274.360000000001,42201.68,8440.336
2025-11-20,STORE018,6,54.0,63253.9,4179.86,59074.04,9845.673333333334
2025-01-08,STORE020,5,34.0,37720.64,4554.8099999999995,33165.829999999994,6633.165999999999
2025-02-23,STORE020,7,69.0,66342.02,5602.75,60739.270000000004,8677.038571428571
2025-05-20,STORE007,4,35.0,26965.35,2866.5299999999997,24098.82,6024.705
2025-01-09,STORE007,6,37.0,34781.43,1878.73,32902.7,5483.783333333333
2025-05-01,STORE006,8,75.0,73787.9,8292.869999999999,65495.030000000006,8186.878750000001
2025-06-11,STORE004,8,86.0,89820.51999999999,7890.059999999999,81930.46,10241.3075
2025-11-01,STORE013,14,117.0,104520.5,12449.380000000001,92071.12,6576.5085714285715
2025-02-15,STORE013,9,85.0,77953.34,10276.84,67676.5,7519.611111111111
2025-01-09,STORE012,4,49.0,47105.11,4444.24,42660.87,10665.2175
2025-07-12,STORE010,5,45.0,55117.96,5046.469999999999,50071.49,10014.297999999999
2025-03-16,STORE008,8,78.0,99996.48,11804.45,88192.03,11024.00375
2025-10-13,STORE009,5,56.0,66867.26999999999,8511.0,58356.270000000004,11671.254
2025-12-19,STORE011,8,67.0,68577.29999999999,6847.97,61729.33,7716.16625
2025-12-22,STORE017,4,30.0,33917.74,3967.8200000000006,29949.92,7487.48
2025-04-29,STORE020,6,50.0,50951.02,4363.5199999999995,46587.5,7764.583333333333
2025-04-02,STORE002,6,47.0,43449.490000000005,3087.89,40361.6,6726.933333333333
2025-10-08,STORE014,5,33.0,36884.59,3561.29,33323.3,6664.660000000001
2025-12-29,STORE003,9,97.0,86775.91,7581.83,79194.08000000002,8799.342222222223
2025-07-05,STORE004,4,41.0,47625.35,4152.88,43472.47,10868.1175
2025-09-12,STORE006,6,56.0,61329.979999999996,6902.03,54427.95,9071.324999999999
2025-08-25,STORE002,9,64.0,49000.09,3958.16,45041.93,5004.658888888889
2025-09-14,STORE007,5,39.0,48463.020000000004,7007.11,41455.91,8291.182
2025-03-15,STORE012,5,29.0,19471.82,1001.02,18470.800000000003,3694.1600000000008
2025-02-02,STORE015,8,99.0,95404.72,11020.869999999999,84383.85,10547.98125
2025-01-23,STORE004,6,59.0,57521.77,5320.030000000001,52201.740000000005,8700.29
2025-09-24,STORE008,4,18.0,18951.239999999998,1505.8,17445.440000000002,4361.360000000001
2025-07-31,STORE006,4,19.0,25455.91,1853.9299999999998,23601.980000000003,5900.495000000001
2025-05-08,STORE002,8,99.0,96893.04999999999,8847.259999999998,88045.79000000001,11005.723750000001
2025-10-27,STORE002,5,31.0,42253.75,4953.969999999999,37299.78,7459.956
2025-07-24,STORE005,4,32.0,34267.26,1917.1699999999998,32350.09,8087.5225
2025-09-17,STORE004,7,75.0,83561.29,6342.5,77218.79000000001,11031.255714285715
2025-09-30,STORE014,3,29.0,35128.14,3450.38,31677.76,10559.253333333332
2025-10-15,STORE009,3,43.0,50757.659999999996,5531.130000000001,45226.53,15075.51
2025-02-19,STORE018,9,100.0,112802.79000000001,11399.710000000001,101403.08,11267.00888888889
2025-07-07,STORE002,5,38.0,36729.36,4759.78,31969.579999999994,6393.915999999999
2025-12-14,STORE015,6,66.0,71430.29999999999,9214.11,62216.19,10369.365
2025-01-26,STORE019,10,111.0,120469.86,13324.64,107145.22,10714.522
2025-04-28,STORE017,5,45.0,36825.1,4315.360000000001,32509.739999999998,6501.947999999999
2025-06-03,STORE019,10,97.0,95257.5,10496.63,84760.87,8476.087
2025-01-28,STORE012,9,82.0,92349.8,10449.58,81900.22,9100.024444444445
2025-12-09,STORE009,3,30.0,40550.93000000001,3435.02,37115.91,12371.970000000001
2025-08-19,STORE003,6,43.0,47664.49,4102.2,43562.29,7260.381666666667
2025-10-10,STORE017,6,35.0,33847.09,2909.24,30937.850000000002,5156.308333333333
2025-01-06,STORE002,8,66.0,62164.47,5811.09,56353.38,7044.1725
2025-08-04,STORE008,3,25.0,24368.270000000004,2130.87,22237.4,7412.466666666667
2025-01-11,STORE004,6,46.0,47661.64,4343.72,43317.92,7219.653333333333
2025-02-17,STORE014,5,53.0,58357.64,4095.439999999999,54262.200000000004,10852.44
2025-04-04,STORE013,5,45.0,46125.10999999999,5119.2300000000005,41005.88,8201.176
2025-01-30,STORE018,4,41.0,48418.61,6327.85,42090.76,10522.69
2025-04-22,STORE002,9,78.0,79121.07,6505.56,72615.51,8068.389999999999
2025-01-02,STORE009,8,60.0,61675.58,7304.71,54370.869999999995,6796.358749999999
2025-05-12,STORE004,5,37.0,48547.27000000001,5495.55,43051.72,8610.344000000001
2025-05-24,STORE003,8,62.0,76497.37,9178.0,67319.37,8414.92125
2025-08-10,STORE002,4,26.0,22924.780000000002,839.9200000000001,22084.86,5521.215
2025-07-03,STORE019,5,52.0,65083.35,6000.49,59082.86,11816.572
2025-02-07,STORE015,6,53.0,61151.48,5271.43,55880.05,9313.341666666667
2025-10-14,STORE020,6,52.0,48708.51,4514.72,44193.79,7365.631666666667
2025-11-12,STORE009,2,9.0,10417.58,752.48,9665.1,4832.55
2025-12-09,STORE020,5,27.0,26476.37,3942.0999999999995,22534.27,4506.854
2025-01-18,STORE001,7,89.0,103249.76000000001,9481.55,93768.21,13395.458571428573
2025-07-03,STORE004,7,48.0,45818.03,5703.41,40114.62,5730.660000000001
2025-10-15,STORE011,2,27.0,18996.18,1867.3999999999996,17128.78,8564.39
2025-09-27,STORE012,10,91.0,87958.62,7723.65,80234.97,8023.497
2025-05-28,STORE020,10,77.0,72781.11,7809.109999999999,64971.99999999999,6497.199999999999
2025-08-29,STORE016,7,64.0,60526.54,5239.030000000001,55287.51000000001,7898.215714285716
2025-12-02,STORE012,10,66.0,64261.97,5759.4400000000005,58502.53,5850.253
2025-10-12,STORE019,3,36.0,39437.89,4466.21,34971.68,11657.226666666667
2025-07-25,STORE010,6,63.0,90859.32999999999,8515.86,82343.47,13723.911666666667
2025-02-17,STORE017,6,52.0,49925.59,5343.57,44582.02,7430.336666666666
2025-08-08,STORE009,9,83.0,82583.56000000001,8888.869999999999,73694.69,8188.298888888889
2025-10-31,STORE009,6,55.0,57644.81,6753.130000000001,50891.68,8481.946666666667
2025-10-05,STORE005,6,71.0,77199.54000000001,8578.85,68620.69,11436.781666666668
2025-04-02,STORE001,9,57.0,65947.33,5816.58,60130.74999999999,6681.194444444443
2025-12-02,STORE005,5,39.0,39890.49,3983.3399999999997,35907.149999999994,7181.4299999999985
2025-05-15,STORE006,4,34.0,35212.850000000006,4502.51,30710.34,7677.585
2025-12-02,STORE013,8,78.0,84245.01999999999,9712.509999999998,74532.51000000001,9316.563750000001
2025-06-20,STORE004,11,69.0,88959.82,8205.41,80754.41,7341.31
2025-02-04,STORE005,10,80.0,104288.9,12911.57,91377.33,9137.733
2025-04-10,STORE016,5,36.0,32412.17,4368.639999999999,28043.53,5608.706
2025-07-10,STORE015,6,53.0,50674.32000000001,5273.780000000001,45400.54000000001,7566.756666666668
2025-05-22,STORE013,7,42.0,35671.79,2906.45,32765.34,4680.762857142857
2025-05-16,STORE003,7,58.0,66881.22,7261.37,59619.85,8517.121428571429
2025-11-16,STORE008,8,67.0,69794.16,6841.59,62952.56999999999,7869.071249999999
2025-10-16,STORE017,5,39.0,48166.38,4987.540000000001,43178.84,8635.768
2025-08-06,STORE002,4,46.0,50431.630000000005,3983.0600000000004,46448.56999999999,11612.142499999998
2025-12-23,STORE014,4,49.0,69535.95999999999,7380.530000000001,62155.43,15538.8575
2025-11-11,STORE018,7,59.0,77328.9,8203.119999999999,69125.78,9875.111428571428
2025-06-20,STORE007,4,46.0,53991.909999999996,4862.37,49129.54,12282.385
2025-03-23,STORE012,6,58.0,68470.18000000001,8149.590000000001,60320.58999999999,10053.431666666665
2025-05-07,STORE004,5,41.0,33731.729999999996,3610.08,30121.65,6024.33
2025-10-06,STORE010,4,50.0,47213.7,4112.530000000001,43101.17,10775.2925
2025-01-02,STORE003,3,29.0,34267.24,3075.42,31191.82,10397.273333333333
2025-01-22,STORE019,3,16.0,19123.559999999998,1386.5700000000002,17736.989999999998,5912.329999999999
2025-09-25,STORE013,9,78.0,85135.94,8763.89,76372.05,8485.783333333333
2025-08-08,STORE008,4,32.0,28571.83,3076.4000000000005,25495.429999999997,6373.857499999999
2025-09-27,STORE013,6,52.0,39289.67,4097.61,35192.06,5865.343333333333
2025-06-09,STORE002,5,43.0,42734.25,3128.71,39605.54,7921.108
2025-07-19,STORE014,5,25.0,21820.489999999998,1735.58,20084.91,4016.982
2025-01-29,STORE007,8,83.0,90033.61000000002,8549.800000000001,81483.81,10185.47625
2025-04-30,STORE019,11,112.0,95286.71999999999,9636.410000000002,85650.31,7786.391818181818
2025-09-10,STORE007,5,34.0,22165.16,1518.3400000000001,20646.82,4129.364
2025-01-30,STORE014,4,52.0,58037.28,5455.05,52582.229999999996,13145.557499999999
2025-10-15,STORE002,7,46.0,53164.32,4996.01,48168.31,6881.187142857142
2025-10-23,STORE005,4,32.0,39223.61,5186.55,34037.060000000005,8509.265000000001
2025-07-29,STORE018,7,45.0,38535.16,3133.8999999999996,35401.259999999995,5057.322857142856
2025-03-06,STORE010,5,24.0,34309.68,4058.9199999999996,30250.760000000002,6050.152
2025-08-21,STORE014,6,47.0,44454.130000000005,3913.75,40540.380000000005,6756.7300000000005
2025-12-20,STORE010,5,43.0,48484.02,4642.23,43841.79,8768.358
2025-03-05,STORE014,6,31.0,35729.240000000005,3039.7,32689.54,5448.256666666667
2025-10-12,STORE006,10,69.0,87474.45999999999,7469.450000000001,80005.01000000001,8000.501000000001
2025-01-31,STORE013,6,48.0,62956.58,7770.08,55186.5,9197.75
2025-02-07,STORE002,4,34.0,31646.959999999995,4423.16,27223.8,6805.95
2025-01-25,STORE008,6,59.0,53918.88999999999,5677.5599999999995,48241.33,8040.221666666667
2025-10-09,STORE019,6,79.0,69085.76000000001,6437.59,62648.17,10441.361666666666
2025-04-30,STORE006,6,48.0,51309.56,4346.92,46962.64,7827.106666666667
2025-03-06,STORE017,5,34.0,39416.14,2102.31,37313.83,7462.7660000000005
2025-07-12,STORE017,7,61.0,60379.28,6759.37,53619.909999999996,7659.987142857142
2025-10-07,STORE008,5,50.0,46409.76,4504.71,41905.05,8381.01
2025-11-08,STORE001,7,65.0,75283.59,9126.19,66157.4,9451.057142857142
2025-02-25,STORE008,8,58.0,56787.689999999995,5098.93,51688.76000000001,6461.095000000001
2025-04-05,STORE001,4,51.0,61063.8,4631.64,56432.16000000001,14108.040000000003
2025-01-28,STORE003,3,11.0,16148.13,1451.3,14696.830000000002,4898.943333333334
2025-07-16,STORE015,4,49.0,46335.14,4357.049999999999,41978.09,10494.5225
2025-07-26,STORE011,3,31.0,37720.58,2968.06,34752.52,11584.173333333332
2025-11-01,STORE003,5,34.0,22675.189999999995,1488.5,21186.69,4237.338
2025-02-07,STORE020,6,47.0,34240.92,3661.24,30579.68,5096.613333333334
2025-11-14,STORE008,4,40.0,25767.75,1690.1000000000001,24077.65,6019.4125
2025-10-24,STORE002,5,27.0,24452.81,2054.1000000000004,22398.71,4479.742
2025-04-26,STORE003,2,7.0,8995.6,1125.9499999999998,7869.65,3934.825
2025-02-12,STORE012,9,88.0,82716.88,8612.7,74104.18,8233.797777777778
2025-03-14,STORE007,3,18.0,15292.41,2129.89,13162.52,4387.506666666667
2025-05-18,STORE016,4,49.0,53213.34,5849.17,47364.17,11841.0425
2025-04-22,STORE011,11,86.0,75903.12000000001,9023.11,66880.01000000001,6080.00090909091
2025-10-17,STORE009,2,11.0,10011.800000000001,830.7700000000001,9181.029999999999,4590.514999999999
2025-08-28,STORE007,7,59.0,69091.45000000001,5702.17,63389.28,9055.611428571428
2025-03-15,STORE004,6,65.0,68278.55,5592.35,62686.2,10447.699999999999
2025-07-20,STORE008,8,59.0,62541.020000000004,7320.43,55220.59,6902.57375
2025-04-30,STORE020,8,83.0,65944.43000000001,6330.08,59614.35,7451.79375
2025-06-20,STORE014,7,54.0,55965.17,6184.52,49780.65,7111.521428571429
2025-09-08,STORE016,4,36.0,46624.31,3603.98,43020.33,10755.0825
2025-10-29,STORE010,5,30.0,19412.79,1877.49,17535.3,3507.06
2025-01-18,STORE010,4,29.0,35812.41,3772.3199999999997,32040.09,8010.0225
2025-06-10,STORE002,4,26.0,30294.910000000003,2780.8900000000003,27514.019999999997,6878.504999999999
2025-04-11,STORE014,6,37.0,46312.40000000001,4810.9,41501.5,6916.916666666667
2025-07-14,STORE011,11,96.0,96637.51000000001,11415.27,85222.23999999999,7747.476363636363
2025-03-04,STORE001,7,77.0,87344.8,10171.23,77173.57,11024.795714285716
2025-10-03,STORE020,4,43.0,43237.08,4913.71,38323.37,9580.8425
2025-08-10,STORE008,7,37.0,40681.75,3732.7000000000003,36949.05,5278.435714285714
2025-03-12,STORE014,7,69.0,74370.43000000001,7529.629999999999,66840.8,9548.685714285715
2025-12-09,STORE010,7,49.0,55440.82000000001,6816.52,48624.3,6946.328571428572
2025-03-09,STORE003,3,31.0,35074.5,3900.12,31174.38,10391.460000000001
2025-06-15,STORE010,3,21.0,28191.5,1552.9199999999998,26638.58,8879.526666666667
2025-01-31,STORE006,7,77.0,86652.54000000001,9572.630000000001,77079.91,11011.415714285715
2025-05-07,STORE006,4,36.0,37379.28,3154.7,34224.579999999994,8556.144999999999
2025-12-23,STORE017,5,37.0,35379.19,3497.7599999999998,31881.43,6376.286
2025-01-22,STORE004,5,51.0,46366.94,5198.76,41168.18,8233.636
2025-01-02,STORE016,7,79.0,90739.04000000001,9993.08,80745.96,11535.137142857144
2025-12-31,STORE010,8,77.0,95381.72000000002,7691.4400000000005,87690.28,10961.285
2025-05-20,STORE013,3,32.0,38230.5,4303.68,33926.82,11308.94
2025-10-03,STORE016,2,35.0,30406.08,3281.38,27124.699999999997,13562.349999999999
2025-03-30,STORE010,8,78.0,90644.56,11155.439999999999,79489.12,9936.14
2025-08-02,STORE018,3,18.0,15937.48,2229.33,13708.15,4569.383333333333
2025-07-10,STORE010,5,41.0,43904.469999999994,5953.39,37951.08,7590.216
2025-08-17,STORE001,7,67.0,83423.69,9022.43,74401.26000000001,10628.75142857143
2025-06-22,STORE020,2,16.0,8782.99,655.9,8127.09,4063.545
2025-11-06,STORE004,6,29.0,37652.32000000001,6000.93,31651.390000000003,5275.2316666666675
2025-10-31,STORE003,8,60.0,73627.29000000001,7868.450000000001,65758.84,8219.855
2025-06-15,STORE001,8,77.0,79056.8,7154.330000000001,71902.47,8987.80875
2025-07-18,STORE020,7,70.0,76294.49,7753.03,68541.45999999999,9791.637142857142
2025-10-15,STORE015,6,59.0,72584.68,6224.95,66359.73000000001,11059.955000000002
2025-08-24,STORE017,7,49.0,50534.130000000005,5521.45,45012.68,6430.382857142858
2025-01-11,STORE002,5,38.0,32031.78,3034.5,28997.28,5799.456
2025-12-09,STORE016,8,69.0,62671.45,4394.0199999999995,58277.42999999999,7284.678749999999
2025-11-29,STORE007,7,59.0,59928.05,5601.06,54326.990000000005,7760.998571428572
2025-07-23,STORE016,8,84.0,76520.91,6860.38,69660.53,8707.56625
2025-06-18,STORE015,4,33.0,38343.24,3406.95,34936.29,8734.0725
2025-03-04,STORE018,6,35.0,45015.840000000004,4293.14,40722.700000000004,6787.116666666668
2025-12-23,STORE011,3,11.0,12403.999999999998,1454.19,10949.810000000001,3649.936666666667
2025-12-12,STORE003,6,66.0,71010.35,5125.25,65885.1,10980.85
2025-03-25,STORE005,8,78.0,97293.84,7917.51,89376.32999999999,11172.041249999998
2025-06-19,STORE019,5,64.0,60488.35,7365.71,53122.64,10624.528
2025-04-27,STORE015,8,78.0,96021.23,10196.27,85824.95999999999,10728.119999999999
2025-08-13,STORE004,8,90.0,104784.31,9700.869999999999,95083.43999999999,11885.429999999998
2025-09-26,STORE003,3,25.0,27938.07,3089.9500000000003,24848.12,8282.706666666667
2025-07-02,STORE016,4,30.0,38188.69,5321.9,32866.79,8216.6975
2025-03-31,STORE002,4,45.0,42492.31,3684.5599999999995,38807.75,9701.9375
2025-02-26,STORE012,7,78.0,74421.7,8638.63,65783.07,9397.58142857143
2025-08-11,STORE011,5,40.0,35021.880000000005,4402.13,30619.75,6123.95
2025-07-07,STORE014,2,21.0,27680.11,1420.96,26259.15,13129.575
2025-07-30,STORE004,5,39.0,50522.170000000006,4870.84,45651.33,9130.266
2025-11-08,STORE002,6,53.0,54673.399999999994,6233.46,48439.939999999995,8073.323333333333
2025-05-11,STORE008,5,50.0,40149.75,4915.580000000001,35234.17,7046.834
2025-02-18,STORE009,9,74.0,71033.87,8056.51,62977.36,6997.484444444444
2025-02-15,STORE007,4,52.0,41554.53,4444.37,37110.16,9277.54
2025-07-26,STORE019,4,28.0,15915.169999999998,2074.4300000000003,13840.74,3460.185
2025-03-02,STORE002,12,111.0,106787.26000000001,11225.970000000001,95561.29000000001,7963.440833333334
2025-09-27,STORE017,10,98.0,96533.75,10355.39,86178.36,8617.836
2025-06-04,STORE015,9,89.0,88203.85,9655.16,78548.69,8727.632222222222
2025-03-21,STORE002,8,66.0,58784.6,5214.490000000001,53570.11,6696.26375
2025-06-02,STORE019,4,34.0,31564.949999999997,2353.6699999999996,29211.28,7302.82
2025-01-30,STORE015,7,66.0,66288.07,5443.7,60844.37000000001,8692.052857142859
2025-11-11,STORE020,6,55.0,51869.67,5559.19,46310.479999999996,7718.413333333333
2025-11-16,STORE016,7,82.0,99789.46999999999,7197.69,92591.78,13227.397142857142
2025-02-14,STORE011,1,9.0,9650.82,577.36,9073.460000000001,9073.460000000001
2025-05-13,STORE013,6,48.0,37727.83,3468.49,34259.34,5709.889999999999
2025-07-07,STORE012,8,87.0,80374.33,6136.2,74238.13,9279.76625
2025-02-12,STORE019,8,67.0,73177.25,10039.880000000001,63137.37,7892.17125
2025-12-09,STORE014,7,61.0,66819.74,7225.789999999999,59593.950000000004,8513.42142857143
2025-01-11,STORE012,7,66.0,77231.86000000002,6401.51,70830.35,10118.621428571429
2025-08-26,STORE017,3,30.0,42902.92,3811.9799999999996,39090.94,13030.313333333334
2025-03-21,STORE006,5,53.0,60085.83,6239.61,53846.219999999994,10769.243999999999
2025-11-15,STORE005,3,16.0,13164.5,1055.19,12109.310000000001,4036.436666666667
2025-07-06,STORE013,6,44.0,35339.969999999994,3906.34,31433.63,5238.9383333333335
2025-06-23,STORE019,12,110.0,121579.61000000002,15167.039999999997,106412.57,8867.714166666667
2025-03-02,STORE004,11,85.0,89832.9,9069.4,80763.5,7342.136363636364
2025-04-10,STORE006,3,22.0,31454.609999999997,3746.6900000000005,27707.920000000002,9235.973333333333
2025-05-13,STORE015,8,73.0,81509.05,10791.689999999999,70717.35999999999,8839.669999999998
2025-06-04,STORE009,6,63.0,65236.729999999996,6590.410000000001,58646.32,9774.386666666667
2025-02-20,STORE015,10,106.0,106315.25,10845.06,95470.19,9547.019
2025-02-02,STORE011,4,29.0,25222.86,2619.26,22603.6,5650.9
2025-06-17,STORE001,4,38.0,37747.100000000006,2332.95,35414.149999999994,8853.537499999999
2025-08-02,STORE015,5,50.0,67001.47,5955.74,61045.73,12209.146
2025-11-21,STORE019,5,36.0,45170.49,2813.13,42357.36,8471.472
2025-12-12,STORE011,3,20.0,23501.65,2595.3799999999997,20906.269999999997,6968.756666666665
2025-05-25,STORE008,5,31.0,33145.41,3176.0,29969.41,5993.882
2025-09-15,STORE014,6,39.0,52967.880000000005,4556.37,48411.509999999995,8068.584999999999
2025-06-25,STORE012,5,57.0,50336.990000000005,3333.1900000000005,47003.8,9400.76
2025-11-06,STORE005,10,71.0,56720.18,6088.93,50631.25,5063.125
2025-10-03,STORE007,4,38.0,40091.770000000004,2027.08,38064.69,9516.1725
2025-10-08,STORE006,8,108.0,122783.47,12418.98,110364.49,13795.56125
2025-02-13,STORE010,7,56.0,69300.99999999999,6007.3099999999995,63293.69,9041.955714285714
2025-09-10,STORE002,6,69.0,63348.13,4521.99,58826.14,9804.356666666667
2025-11-09,STORE011,4,31.0,31338.48,2683.33,28655.15,7163.7875
2025-08-12,STORE011,5,48.0,51083.11,6456.79,44626.32,8925.264
2025-05-17,STORE003,9,89.0,66125.79,5928.18,60197.61,6688.623333333333
2025-10-31,STORE016,10,75.0,89761.16,10028.69,79732.47,7973.247
2025-10-25,STORE010,10,65.0,81141.7,8961.41,72180.29,7218.0289999999995
2025-09-23,STORE018,5,48.0,43206.25,3454.1299999999997,39752.119999999995,7950.423999999999
2025-06-29,STORE017,3,39.0,47915.07,3876.5699999999997,44038.5,14679.5
2025-11-05,STORE003,9,49.0,56110.130000000005,6730.38,49379.75,5486.638888888889
2025-01-18,STORE017,8,62.0,66721.69,5503.790000000001,61217.9,7652.2375
2025-01-26,STORE011,8,85.0,95735.62,10041.42,85694.2,10711.775
2025-04-17,STORE020,4,26.0,26665.489999999998,1830.93,24834.559999999998,6208.639999999999
2025-09-25,STORE005,6,50.0,45983.34,3666.0,42317.34,7052.889999999999
2025-04-08,STORE016,6,33.0,29400.05,3595.9900000000002,25804.059999999998,4300.676666666666
2025-05-05,STORE007,9,103.0,97278.4,8933.19,88345.20999999999,9816.134444444444
2025-01-15,STORE020,8,85.0,85300.41,9291.27,76009.14000000001,9501.142500000002
2025-06-22,STORE013,8,66.0,81189.04000000001,8480.15,72708.89,9088.61125
2025-10-13,STORE008,3,33.0,27942.93,3707.04,24235.89,8078.63
2025-11-18,STORE006,7,70.0,71131.29999999999,6500.67,64630.62999999999,9232.947142857141
2025-12-24,STORE010,10,68.0,85595.87000000002,8294.81,77301.06,7730.106
2025-07-03,STORE003,4,29.0,25853.12,2263.15,23589.969999999998,5897.492499999999
2025-12-04,STORE009,6,46.0,39664.12,4540.51,35123.61,5853.935
2025-09-07,STORE006,3,19.0,24079.69,3308.02,20771.67,6923.889999999999
2025-07-10,STORE014,6,52.0,69291.41,9472.59,59818.82000000001,9969.803333333335
2025-05-09,STORE010,9,62.0,64252.85,6524.41,57728.44,6414.271111111111
2025-06-06,STORE019,4,66.0,53888.60999999999,7452.68,46435.93,11608.9825
2025-02-23,STORE018,8,53.0,55434.159999999996,5782.28,49651.880000000005,6206.485000000001
2025-05-07,STORE008,8,89.0,84854.16999999998,7717.370000000001,77136.8,9642.1
2025-12-12,STORE015,7,59.0,58114.34,6118.37,51995.97,7427.995714285715
2025-05-04,STORE020,6,48.0,44923.399999999994,5378.34,39545.06,6590.843333333333
2025-07-06,STORE017,9,91.0,112388.15999999999,10742.39,101645.77,11293.974444444444
2025-12-23,STORE018,12,115.0,138765.9,13152.019999999999,125613.88,10467.823333333334
2025-05-26,STORE001,7,79.0,68589.09,6546.05,62043.04,8863.291428571429
2025-05-20,STORE009,8,99.0,115540.69999999998,11635.55,103905.15,12988.14375
2025-02-10,STORE007,6,31.0,26476.660000000003,2569.15,23907.509999999995,3984.584999999999
2025-10-09,STORE010,9,70.0,87919.95999999999,8397.23,79522.73000000001,8835.85888888889
2025-06-18,STORE006,6,46.0,59058.200000000004,3281.4500000000003,55776.75,9296.125
2025-09-10,STORE008,4,13.0,13565.77,1391.08,12174.69,3043.6725
2025-11-25,STORE014,5,37.0,50458.41,5752.7,44705.70999999999,8941.141999999998
2025-11-02,STORE001,2,18.0,17153.329999999998,1865.52,15287.81,7643.905
2025-07-06,STORE016,4,43.0,32680.100000000002,4351.12,28328.98,7082.245
2025-09-20,STORE010,3,25.0,36054.06,2550.9900000000002,33503.07,11167.69
2025-05-01,STORE008,7,68.0,73071.07,7014.92,66056.15,9436.592857142856
2025-08-12,STORE009,3,17.0,20997.699999999997,960.4300000000001,20037.269999999997,6679.089999999999
2025-03-27,STORE018,3,31.0,32620.739999999998,2265.54,30355.2,10118.4
2025-03-08,STORE016,4,31.0,39459.97,3409.7200000000003,36050.25,9012.5625
2025-12-19,STORE004,8,41.0,43518.55,2935.64,40582.91,5072.86375
2025-03-04,STORE015,6,49.0,52496.16,5354.799999999999,47141.36,7856.893333333333
2025-01-13,STORE011,4,33.0,30475.17,3794.2699999999995,26680.899999999998,6670.224999999999
2025-10-30,STORE019,4,51.0,52013.62000000001,4987.2699999999995,47026.35,11756.5875
2025-08-04,STORE020,4,22.0,24678.65,2368.64,22310.01,5577.5025
2025-04-23,STORE011,4,34.0,34336.47,4025.62,30310.85,7577.7125
2025-12-10,STORE012,6,45.0,42542.0,5484.62,37057.38,6176.23
2025-05-12,STORE013,6,67.0,65973.86,6097.6900000000005,59876.17,9979.361666666666
2025-11-13,STORE012,6,39.0,37587.740000000005,4261.879999999999,33325.86,5554.31
2025-07-05,STORE002,6,53.0,51056.4,4554.37,46502.03,7750.338333333333
2025-05-18,STORE012,5,42.0,48361.06,6617.75,41743.31,8348.662
2025-07-01,STORE018,5,50.0,63071.11,6194.08,56877.030000000006,11375.406
2025-05-29,STORE018,8,76.0,90994.71,7759.85,83234.86000000002,10404.357500000002
2025-03-07,STORE008,9,105.0,98900.94999999998,9959.73,88941.22,9882.357777777777
2025-01-19,STORE003,5,53.0,59233.31,5446.670000000001,53786.64,10757.328
2025-11-01,STORE014,9,64.0,47727.5,3996.7700000000004,43730.729999999996,4858.969999999999
2025-01-16,STORE014,8,37.0,44945.22000000001,3538.64,41406.58,5175.8225
2025-11-02,STORE020,8,50.0,57915.770000000004,6306.080000000001,51609.69,6451.21125
2025-01-10,STORE020,4,40.0,44984.17,6065.15,38919.02,9729.755
2025-04-10,STORE011,4,27.0,27526.170000000002,2091.8199999999997,25434.35,6358.5875
2025-02-21,STORE018,6,69.0,85253.18000000001,7978.530000000001,77274.65,12879.108333333332
2025-02-09,STORE018,9,62.0,68188.5,5232.7,62955.799999999996,6995.0888888888885
2025-06-30,STORE018,7,61.0,77167.16999999998,5610.0,71557.17000000001,10222.452857142858
2025-07-25,STORE003,7,61.0,69829.39,8886.89,60942.5,8706.07142857143
2025-06-24,STORE002,6,48.0,49674.63,4291.68,45382.95,7563.825
2025-06-15,STORE011,5,50.0,47297.979999999996,5468.4400000000005,41829.53999999999,8365.908
2025-08-27,STORE004,4,35.0,41137.92,3184.29,37953.630000000005,9488.407500000001
2025-01-15,STORE011,4,30.0,27179.51,2478.39,24701.120000000003,6175.280000000001
2025-08-16,STORE018,4,26.0,27425.43,2526.26,24899.17,6224.7925
2025-02-25,STORE012,9,81.0,78242.4,7634.230000000001,70608.17000000001,7845.352222222224
2025-06-06,STORE008,6,35.0,36664.07,3622.9900000000002,33041.08,5506.846666666667
2025-08-09,STORE004,10,105.0,119487.41,9373.89,110113.51999999999,11011.351999999999
2025-03-22,STORE014,5,44.0,53395.58,5382.75,48012.83,9602.566
2025-05-20,STORE006,6,43.0,47797.4,3588.95,44208.45,7368.075
2025-11-15,STORE011,2,24.0,21860.22,1993.65,19866.570000000003,9933.285000000002
2025-08-01,STORE014,7,53.0,58453.91,5382.179999999999,53071.729999999996,7581.675714285714
2025-07-19,STORE003,6,73.0,69648.47,7123.199999999999,62525.27,10420.878333333332
2025-11-23,STORE003,4,28.0,27186.71,2580.74,24605.969999999998,6151.492499999999
2025-03-25,STORE014,4,45.0,44136.53,4012.94,40123.59,10030.8975
2025-05-10,STORE001,9,65.0,62175.83,6009.23,56166.59999999999,6240.733333333333
2025-10-19,STORE002,7,49.0,64395.850000000006,6731.299999999999,57664.549999999996,8237.792857142857
2025-07-25,STORE018,4,31.0,35901.78,3879.6400000000003,32022.14,8005.535
2025-12-14,STORE006,6,29.0,34107.590000000004,3870.7900000000004,30236.800000000003,5039.466666666667
2025-08-15,STORE013,8,70.0,67018.72,6784.83,60233.89,7529.23625
2025-02-01,STORE017,5,42.0,37250.82,2731.05,34519.770000000004,6903.954000000001
2025-02-08,STORE016,6,100.0,92687.11,11076.95,81610.16,13601.693333333335
2025-11-07,STORE009,11,109.0,94800.29000000001,9112.06,85688.23000000001,7789.839090909092
2025-06-23,STORE012,3,17.0,23583.15,1435.9900000000002,22147.16,7382.386666666666
2025-06-16,STORE013,8,62.0,51674.22,4906.48,46767.74,5845.9675
2025-11-21,STORE006,8,61.0,70297.78,7636.86,62660.92,7832.615
2025-01-29,STORE001,6,45.0,56048.7,5277.46,50771.240000000005,8461.873333333335
2025-05-09,STORE016,5,45.0,43099.119999999995,3570.6,39528.520000000004,7905.704000000001
2025-10-17,STORE013,6,65.0,72575.71,9645.93,62929.77999999999,10488.296666666665
2025-09-26,STORE001,8,85.0,88182.06999999999,10723.43,77458.63999999998,9682.329999999998
2025-09-09,STORE020,5,38.0,35509.899999999994,3556.56,31953.34,6390.668
2025-10-24,STORE017,7,46.0,61713.52999999999,7315.91,54397.619999999995,7771.0885714285705
2025-07-05,STORE016,6,45.0,51089.36,4830.77,46258.59,7709.764999999999
2025-08-14,STORE009,3,15.0,24851.05,2556.4700000000003,22294.58,7431.526666666668
2025-10-25,STORE007,3,11.0,12145.02,1250.43,10894.59,3631.53
2025-09-19,STORE007,6,54.0,40795.72,4124.3099999999995,36671.409999999996,6111.901666666666
2025-04-24,STORE008,6,45.0,49395.14,5728.81,43666.33,7277.721666666667
2025-02-24,STORE018,2,22.0,25523.35,4314.93,21208.42,10604.21
2025-07-25,STORE019,5,44.0,44655.840000000004,5537.99,39117.84999999999,7823.569999999998
2025-03-17,STORE018,5,45.0,54474.45,5113.91,49360.53999999999,9872.107999999998
2025-03-23,STORE020,10,111.0,111002.26999999999,11691.0,99311.26999999999,9931.126999999999
2025-08-06,STORE018,5,58.0,63051.76,5642.799999999999,57408.96,11481.792
2025-10-23,STORE004,5,43.0,43648.81999999999,3451.79,40197.03,8039.406
2025-05-24,STORE014,6,57.0,71307.58,8809.01,62498.56999999999,10416.428333333331
2025-04-18,STORE003,8,75.0,77407.13,8171.869999999999,69235.26,8654.4075
2025-12-07,STORE014,4,19.0,27573.27,3246.7599999999998,24326.51,6081.6275
2025-07-12,STORE003,9,98.0,83994.47,7283.400000000001,76711.07,8523.452222222222
2025-12-12,STORE007,2,16.0,12706.34,1793.42,10912.92,5456.46
2025-01-15,STORE006,5,39.0,37227.8,3423.4100000000008,33804.39,6760.878
2025-07-20,STORE014,7,45.0,46880.79,3523.7,43357.09,6193.87
2025-08-05,STORE007,7,62.0,43422.19,4797.19,38625.0,5517.857142857143
2025-01-10,STORE013,4,34.0,36883.369999999995,3965.06,32918.310000000005,8229.577500000001
2025-10-05,STORE010,7,41.0,41285.93,3145.19,38140.740000000005,5448.677142857144
2025-01-07,STORE009,2,25.0,32851.31,3134.02,29717.29,14858.645
2025-03-12,STORE001,6,49.0,43964.97,4738.95,39226.020000000004,6537.670000000001
2025-02-09,STORE006,9,96.0,98581.59,10527.529999999999,88054.06000000001,9783.784444444445
2025-02-28,STORE005,3,22.0,24525.98,3475.4300000000003,21050.550000000003,7016.850000000001
2025-04-29,STORE004,7,63.0,44493.81,4152.2300000000005,40341.58,5763.082857142857
2025-02-04,STORE016,6,52.0,60099.780000000006,5783.61,54316.17,9052.695
2025-02-08,STORE015,7,101.0,109889.16000000002,11594.749999999998,98294.41,14042.058571428572
2025-05-08,STORE003,1,5.0,6724.049999999999,481.36,6242.69,6242.69
2025-10-12,STORE013,6,73.0,67976.37,7959.13,60017.24,10002.873333333333
2025-10-30,STORE020,8,47.0,48992.24,4402.820000000001,44589.42,5573.6775
2025-09-13,STORE013,7,80.0,82835.75,8016.89,74818.86,10688.408571428572
2025-08-08,STORE005,5,44.0,63331.29000000001,7300.200000000001,56031.09,11206.217999999999
2025-08-07,STORE008,6,57.0,53364.25,4651.57,48712.68000000001,8118.780000000002
2025-10-27,STORE012,7,50.0,39234.26,3414.3700000000003,35819.89,5117.127142857143
2025-10-08,STORE007,6,62.0,60441.93,7314.58,53127.35,8854.558333333332
2025-02-14,STORE017,11,73.0,73951.85999999999,7226.64,66725.22,6065.929090909091
2025-01-14,STORE004,6,47.0,62536.89000000001,5413.789999999999,57123.09999999999,9520.516666666665
2025-06-24,STORE007,6,69.0,79122.22,6831.88,72290.34,12048.39
2025-02-15,STORE006,6,41.0,52037.090000000004,5830.65,46206.44,7701.073333333334
2025-10-25,STORE015,9,85.0,83177.81,8719.029999999999,74458.78,8273.197777777777
2025-10-07,STORE011,7,66.0,73338.62,6764.139999999999,66574.48,9510.64
2025-07-27,STORE015,5,34.0,40887.0,4167.32,36719.68000000001,7343.9360000000015
2025-06-21,STORE012,5,50.0,49214.33,4256.32,44958.01,8991.602
2025-11-29,STORE016,4,49.0,36431.43,5189.31,31242.120000000003,7810.530000000001
2025-04-24,STORE018,3,16.0,13063.16,1648.28,11414.880000000001,3804.9600000000005
2025-07-04,STORE015,7,48.0,40238.49,4054.03,36184.46,5169.208571428571
2025-08-14,STORE016,4,22.0,10624.33,391.35999999999996,10232.97,2558.2425
2025-03-15,STORE020,3,29.0,24001.34,1867.4900000000002,22133.850000000002,7377.950000000001
2025-12-10,STORE017,8,54.0,53884.63999999999,5495.03,48389.60999999999,6048.701249999999
2025-02-08,STORE011,4,32.0,38368.299999999996,2782.9300000000003,35585.37,8896.3425
2025-03-03,STORE005,5,60.0,72456.53,6217.360000000001,66239.17,13247.833999999999
2025-08-01,STORE016,4,28.0,24060.23,2663.95,21396.28,5349.07
2025-06-09,STORE007,8,72.0,67146.19,8025.870000000001,59120.32,7390.04
2025-07-09,STORE014,9,55.0,51835.16,5562.9400000000005,46272.22,5141.357777777778
2025-03-26,STORE003,10,116.0,123529.89,12887.97,110641.92,11064.192
2025-06-12,STORE007,6,51.0,28976.739999999998,3249.0899999999997,25727.65,4287.941666666667
2025-07-11,STORE020,6,22.0,17446.08,1745.58,15700.5,2616.75
2025-02-07,STORE007,7,78.0,71024.26,6465.05,64559.21000000001,9222.744285714287
2025-09-02,STORE009,10,95.0,107119.89,11989.31,95130.58,9513.058
2025-04-25,STORE019,5,46.0,35867.07,4942.42,30924.65,6184.93
2025-10-18,STORE011,4,58.0,68481.04000000001,8574.35,59906.69,14976.6725
2025-05-29,STORE002,7,71.0,60296.42,6293.589999999999,54002.83,7714.6900000000005
2025-12-25,STORE020,3,24.0,13880.16,828.0,13052.16,4350.72
2025-06-13,STORE010,6,63.0,63955.100000000006,6869.16,57085.94,9514.323333333334
2025-12-01,STORE007,5,61.0,57758.06,4024.75,53733.31,10746.662
2025-03-27,STORE019,8,60.0,60445.990000000005,5102.63,55343.36000000001,6917.920000000001
2025-09-19,STORE004,11,101.0,114516.72,12915.82,101600.9,9236.445454545454
2025-06-27,STORE014,3,40.0,51072.64,4357.45,46715.19,15571.730000000001
2025-10-08,STORE016,5,32.0,31230.29,3637.14,27593.149999999998,5518.629999999999
2025-01-08,STORE014,2,20.0,16617.63,2370.6800000000003,14246.949999999999,7123.474999999999
2025-12-03,STORE001,7,71.0,81562.76000000001,8689.43,72873.33,10410.475714285714
2025-04-04,STORE016,10,84.0,92129.69,7470.380000000001,84659.31,8465.931
2025-03-22,STORE018,6,63.0,73933.88,7181.9,66751.98,11125.33
2025-06-27,STORE017,3,27.0,28169.22,3598.16,24571.059999999998,8190.353333333333
2025-05-21,STORE004,5,42.0,43979.659999999996,5044.68,38934.98,7786.996000000001
2025-05-22,STORE010,8,74.0,87620.54999999999,9697.470000000001,77923.07999999999,9740.384999999998
2025-07-19,STORE008,8,42.0,44614.560000000005,3213.0899999999997,41401.47,5175.18375
2025-04-01,STORE018,9,81.0,82098.12,6970.41,75127.70999999999,8347.523333333333
2025-03-19,STORE014,7,66.0,69631.06,5351.389999999999,64279.67,9182.81
2025-05-01,STORE009,9,85.0,95531.79999999999,9612.31,85919.48999999999,9546.609999999999
2025-06-21,STORE006,4,37.0,46692.79,4575.299999999999,42117.49,10529.3725
2025-02-28,STORE015,4,45.0,34649.59,2713.3300000000004,31936.260000000002,7984.0650000000005
2025-10-14,STORE016,6,48.0,43247.100000000006,5235.57,38011.53,6335.255
2025-12-12,STORE013,3,11.0,9496.22,791.0799999999999,8705.14,2901.713333333333
2025-05-24,STORE020,3,34.0,33701.22,3321.5099999999998,30379.710000000003,10126.570000000002
2025-03-12,STORE019,4,21.0,18841.39,1243.7600000000002,17597.629999999997,4399.407499999999
2025-11-03,STORE006,6,44.0,48284.469999999994,3679.79,44604.68,7434.113333333334
2025-03-23,STORE018,7,47.0,49078.06,4464.070000000001,44613.990000000005,6373.427142857144
2025-03-18,STORE008,5,38.0,31145.989999999998,4032.74,27113.25,5422.65
2025-09-08,STORE010,7,69.0,88090.68000000001,7806.82,80283.86,11469.122857142856
2025-03-18,STORE017,8,50.0,59400.02,5586.92,53813.100000000006,6726.637500000001
2025-04-11,STORE003,6,58.0,60113.149999999994,5346.26,54766.89000000001,9127.815
2025-08-31,STORE019,6,54.0,53282.78,4962.280000000001,48320.5,8053.416666666667
2025-05-31,STORE001,8,90.0,105399.13,8058.11,97341.02000000002,12167.627500000002
2025-11-02,STORE014,6,54.0,78817.76,8670.09,70147.67,11691.278333333334
2025-06-01,STORE015,9,90.0,92573.44,9565.08,83008.36,9223.15111111111
2025-03-02,STORE006,5,36.0,35281.83,2541.9199999999996,32739.909999999996,6547.981999999999
2025-05-25,STORE009,12,111.0,118996.28999999998,11874.03,107122.25999999998,8926.854999999998
2025-04-15,STORE019,5,49.0,53264.21000000001,4070.3199999999997,49193.89,9838.778
2025-08-09,STORE002,5,41.0,49257.36,3362.7799999999997,45894.58,9178.916000000001
2025-02-28,STORE014,4,48.0,45610.899999999994,4612.25,40998.65,10249.6625
2025-09-21,STORE011,4,30.0,21095.18,1440.71,19654.47,4913.6175
2025-06-19,STORE013,6,49.0,46978.79,3583.7999999999997,43394.990000000005,7232.498333333334
2025-04-26,STORE004,5,40.0,41211.31,4420.61,36790.7,7358.139999999999
2025-12-25,STORE019,6,58.0,44107.979999999996,4835.2300000000005,39272.75,6545.458333333333
2025-02-22,STORE009,4,30.0,25437.39,2031.3300000000002,23406.059999999998,5851.514999999999
2025-02-05,STORE011,7,54.0,44281.05,4462.08,39818.97,5688.424285714286
2025-10-30,STORE007,4,18.0,14323.099999999999,1348.7199999999998,12974.38,3243.595
2025-05-16,STORE020,10,62.0,67175.95000000001,6372.07,60803.88,6080.388
2025-09-22,STORE006,7,38.0,52123.69,5002.09,47121.6,6731.657142857142
2025-06-15,STORE019,7,68.0,77664.74,8033.0,69631.74,9947.391428571429
2025-06-03,STORE010,7,70.0,69084.85,7229.44,61855.409999999996,8836.487142857142
2025-01-03,STORE015,6,29.0,25094.879999999997,2274.0999999999995,22820.78,3803.463333333333
2025-11-04,STORE003,13,105.0,108103.12000000001,11639.85,96463.27,7420.251538461539
2025-06-14,STORE005,4,30.0,26742.22,2886.39,23855.83,5963.9575
2025-12-11,STORE007,8,72.0,69869.48,6844.959999999999,63024.520000000004,7878.0650000000005
2025-02-10,STORE005,6,34.0,38700.92,3803.93,34896.99,5816.165
2025-04-03,STORE003,6,66.0,62298.74,6066.360000000001,56232.38,9372.063333333334
2025-09-07,STORE009,4,29.0,34215.409999999996,3499.09,30716.32,7679.08
2025-10-24,STORE006,4,32.0,25677.079999999998,2852.97,22824.11,5706.0275
2025-12-13,STORE017,9,98.0,95214.37,9674.41,85539.95999999999,9504.439999999999
2025-07-10,STORE016,5,61.0,73611.57,8199.93,65411.64,13082.328
2025-01-02,STORE012,6,68.0,49163.82,4943.3099999999995,44220.509999999995,7370.084999999999
2025-01-07,STORE014,1,6.0,2456.69,170.48,2286.21,2286.21
2025-09-30,STORE010,6,71.0,65468.39,5857.08,59611.31,9935.218333333332
2025-02-16,STORE003,6,51.0,51660.11,6417.23,45242.88,7540.48
2025-01-06,STORE010,6,34.0,29802.22,3134.83,26667.39,4444.565
2025-08-03,STORE006,10,96.0,118951.84,10908.599999999999,108043.23999999999,10804.323999999999
2025-07-04,STORE013,11,98.0,103302.62999999999,11098.42,92204.20999999999,8382.200909090909
2025-10-18,STORE002,6,53.0,52648.549999999996,5961.02,46687.53,7781.255
2025-02-01,STORE016,7,67.0,71357.98999999999,5825.900000000001,65532.090000000004,9361.727142857144
2025-08-08,STORE013,9,79.0,90129.32,9713.630000000001,80415.69,8935.076666666668
2025-11-08,STORE007,8,75.0,71336.4,7756.1900000000005,63580.21,7947.52625
2025-01-27,STORE012,2,17.0,22569.35,2848.49,19720.86,9860.43
2025-04-13,STORE015,2,18.0,24444.0,2280.46,22163.54,11081.77
2025-12-07,STORE001,3,21.0,21821.79,1545.4700000000003,20276.32,6758.7733333333335
2025-03-30,STORE012,12,97.0,86947.19,7784.82,79162.37,6596.864166666666
2025-12-30,STORE003,4,15.0,17406.71,1613.9,15792.81,3948.2025
2025-03-15,STORE017,4,40.0,38922.97,3673.29,35249.68,8812.42
2025-05-12,STORE014,5,41.0,43994.64,4828.4400000000005,39166.200000000004,7833.240000000001
2025-11-19,STORE011,7,65.0,49553.61,4367.33,45186.28,6455.182857142857
2025-08-19,STORE002,4,31.0,30657.75,2970.7000000000003,27687.05,6921.7625
2025-06-16,STORE015,6,60.0,75217.17000000001,7586.549999999999,67630.62,11271.769999999999
2025-06-03,STORE004,8,68.0,94941.3,9282.779999999999,85658.52,10707.315
2025-10-07,STORE004,4,39.0,43460.75,3660.5799999999995,39800.170000000006,9950.042500000001
2025-10-03,STORE006,4,29.0,36087.41,4132.76,31954.65,7988.6625
2025-05-08,STORE001,4,21.0,26450.84,1453.3,24997.54,6249.385
2025-04-20,STORE007,8,87.0,81610.94,8032.97,73577.97,9197.24625
2025-07-01,STORE014,2,17.0,12837.029999999999,1655.5700000000002,11181.46,5590.73
2025-04-13,STORE005,2,17.0,22970.36,3265.64,19704.72,9852.36
2025-07-21,STORE014,5,29.0,28446.57,4016.4300000000003,24430.14,4886.028
2025-06-27,STORE005,6,41.0,38227.770000000004,3287.48,34940.29,5823.381666666667
2025-06-05,STORE018,11,136.0,133265.47,14780.920000000002,118484.55,10771.322727272727
2025-05-30,STORE008,6,51.0,53939.88,4975.01,48964.87000000001,8160.811666666668
2025-09-24,STORE007,4,58.0,52276.84,4925.37,47351.469999999994,11837.867499999998
2025-01-12,STORE020,6,83.0,85680.56,8224.21,77456.34999999999,12909.391666666665
2025-09-07,STORE003,4,48.0,52000.87,5583.18,46417.689999999995,11604.422499999999
2025-09-22,STORE018,7,36.0,42215.729999999996,4172.7,38043.03,5434.7185714285715
2025-04-07,STORE020,9,80.0,76374.64000000001,7347.85,69026.79000000001,7669.643333333334
2025-06-06,STORE005,5,42.0,53459.45,5091.79,48367.66,9673.532000000001
2025-04-06,STORE011,4,44.0,43305.229999999996,3725.3900000000003,39579.84,9894.96
2025-06-26,STORE003,2,29.0,37160.18,4308.62,32851.56,16425.78
2025-01-15,STORE001,5,46.0,60276.070000000014,6380.1900000000005,53895.880000000005,10779.176000000001
2025-09-02,STORE011,6,38.0,28334.65,1090.73,27243.92,4540.653333333333
2025-04-02,STORE003,7,30.0,35274.55,2358.87,32915.68,4702.24
2025-10-19,STORE020,9,95.0,114328.23,8059.92,106268.31000000001,11807.590000000002
2025-06-13,STORE002,4,44.0,40119.100000000006,3144.08,36975.020000000004,9243.755000000001
2025-10-24,STORE010,5,32.0,20230.29,1923.24,18307.05,3661.41
2025-04-14,STORE005,5,49.0,45455.93,4629.49,40826.44,8165.2880000000005
2025-02-12,STORE004,6,41.0,39309.41,4161.95,35147.46,5857.91
2025-06-18,STORE013,10,99.0,78051.34,8552.300000000001,69499.04,6949.9039999999995
2025-03-29,STORE017,8,54.0,66371.86,7941.02,58430.840000000004,7303.8550000000005
2025-12-25,STORE004,5,39.0,43872.95,4573.77,39299.17999999999,7859.835999999998
2025-02-12,STORE020,8,86.0,86417.42000000001,11411.54,75005.88,9375.735
2025-07-20,STORE011,5,42.0,40371.200000000004,3199.7200000000003,37171.48,7434.296
2025-08-09,STORE020,8,59.0,61467.21000000001,5517.75,55949.46,6993.6825
2025-07-26,STORE017,7,58.0,66613.34999999999,8441.45,58171.9,8310.271428571428
2025-12-06,STORE009,4,30.0,41330.1,5769.46,35560.64,8890.16
2025-03-03,STORE006,5,41.0,49449.53,3834.87,45614.66,9122.932
2025-02-21,STORE009,5,58.0,74896.35,9156.71,65739.63999999998,13147.927999999996
2025-10-31,STORE012,8,73.0,63443.53,4710.37,58733.159999999996,7341.6449999999995
2025-09-26,STORE013,1,5.0,878.9499999999999,164.71,714.24,714.24
2025-03-20,STORE013,4,52.0,67582.32,5681.75,61900.56999999999,15475.142499999998
2025-01-31,STORE011,4,26.0,28579.15,2832.22,25746.93,6436.7325
2025-11-21,STORE004,7,50.0,38881.75,4162.2,34719.55,4959.935714285714
2025-12-11,STORE018,8,54.0,47037.68000000001,4449.77,42587.909999999996,5323.4887499999995
2025-03-09,STORE017,4,37.0,24249.68,2631.04,21618.64,5404.66
2025-02-14,STORE012,6,68.0,51359.020000000004,5256.51,46102.509999999995,7683.751666666666
2025-08-07,STORE020,6,73.0,71122.25,8896.12,62226.130000000005,10371.021666666667
2025-10-08,STORE019,5,67.0,59862.490000000005,6350.06,53512.43,10702.486
2025-09-10,STORE019,7,68.0,78452.69,9885.48,68567.20999999999,9795.315714285713
2025-01-21,STORE014,10,94.0,110134.81,10833.84,99300.97,9930.097
2025-12-25,STORE012,7,73.0,77063.28,9359.3,67703.98,9671.997142857143
2025-07-24,STORE011,11,110.0,127220.20000000001,9481.99,117738.21,10703.473636363637
2025-03-22,STORE001,4,29.0,36328.96,5330.92,30998.04,7749.51
2025-12-16,STORE005,5,28.0,26799.989999999998,3282.17,23517.82,4703.564
2025-11-12,STORE006,12,139.0,152164.22,12161.28,140002.94,11666.911666666667
2025-11-21,STORE010,13,81.0,82531.21,8792.99,73738.22,5672.170769230769
2025-11-18,STORE012,4,49.0,50872.61,6076.9800000000005,44795.630000000005,11198.907500000001
2025-08-14,STORE020,6,51.0,61765.75000000001,5944.5599999999995,55821.19,9303.531666666668
2025-05-29,STORE016,3,32.0,34285.44,3683.7599999999993,30601.68,10200.56
2025-03-08,STORE003,3,28.0,25196.489999999998,2536.3399999999997,22660.15,7553.383333333334
2025-09-20,STORE003,5,43.0,40100.07,5193.72,34906.350000000006,6981.270000000001
2025-01-13,STORE016,4,30.0,28450.440000000002,3332.77,25117.67,6279.4175
2025-01-23,STORE018,5,36.0,45657.00000000001,4107.599999999999,41549.4,8309.880000000001
2025-03-01,STORE017,5,45.0,43525.02,4112.58,39412.44,7882.488
2025-09-09,STORE015,6,77.0,76937.53,7444.07,69493.45999999999,11582.243333333332
2025-08-25,STORE017,7,81.0,61859.86,4870.49,56989.369999999995,8141.3385714285705
2025-05-14,STORE020,10,95.0,111560.11000000002,13275.7,98284.41,9828.441
2025-12-28,STORE002,4,37.0,47666.06,6190.23,41475.829999999994,10368.957499999999
2025-10-25,STORE004,4,22.0,20924.58,2276.9,18647.68,4661.92
2025-11-02,STORE012,6,46.0,48531.5,3885.1000000000004,44646.4,7441.066666666667
2025-04-22,STORE001,3,27.0,28700.380000000005,2114.99,26585.39,8861.796666666667
2025-11-28,STORE010,12,107.0,109618.27,10213.42,99404.84999999999,8283.7375
2025-08-26,STORE013,5,45.0,41815.159999999996,3752.6299999999997,38062.53,7612.505999999999
2025-08-08,STORE002,5,26.0,19142.98,1802.85,17340.13,3468.0260000000003
2025-11-10,STORE017,4,17.0,15121.99,1046.0,14075.989999999998,3518.9974999999995
2025-02-28,STORE001,5,48.0,39880.670000000006,2905.71,36974.96000000001,7394.992000000001
2025-02-12,STORE007,6,37.0,30880.62,3122.85,27757.77,4626.295
2025-06-06,STORE012,7,47.0,49899.68000000001,4950.9400000000005,44948.74,6421.248571428571
2025-04-27,STORE001,7,67.0,69656.54000000001,5902.32,63754.22,9107.745714285715
2025-07-30,STORE009,3,35.0,49781.340000000004,5093.84,44687.5,14895.833333333334
2025-07-22,STORE004,5,41.0,49354.630000000005,4558.74,44795.89,8959.178
2025-04-30,STORE002,8,56.0,61948.340000000004,6062.45,55885.88999999999,6985.736249999999
2025-08-19,STORE005,8,64.0,74594.06999999999,5679.85,68914.22,8614.2775
2025-04-30,STORE005,8,71.0,89827.93000000001,6802.879999999999,83025.05,10378.13125
2025-03-06,STORE013,6,44.0,44865.030000000006,4962.63,39902.4,6650.400000000001
2025-01-27,STORE018,8,82.0,96141.27,9350.69,86790.57999999999,10848.822499999998
2025-04-19,STORE019,5,38.0,34621.56,2754.5999999999995,31866.96,6373.392
2025-02-07,STORE006,6,64.0,85284.44,7688.570000000001,77595.87,12932.644999999999
2025-08-12,STORE001,4,39.0,35410.21000000001,3306.22,32103.989999999998,8025.9974999999995
2025-07-23,STORE018,3,16.0,14254.93,1681.98,12572.95,4190.983333333334
2025-06-09,STORE008,7,61.0,57802.740000000005,5996.8099999999995,51805.93,7400.847142857143
2025-03-25,STORE011,8,59.0,60286.060000000005,6328.669999999999,53957.39,6744.67375
2025-03-26,STORE009,7,61.0,56546.43,4672.92,51873.509999999995,7410.501428571428
2025-08-16,STORE019,6,56.0,55186.92,4267.2699999999995,50919.65000000001,8486.608333333335
2025-01-24,STORE008,3,9.0,6800.1,777.54,6022.56,2007.5200000000002
2025-09-25,STORE002,5,58.0,62289.229999999996,6129.93,56159.3,11231.86
2025-11-22,STORE006,6,39.0,47579.31,4502.23,43077.08,7179.513333333333
2025-01-17,STORE018,7,55.0,56315.21,5303.22,51011.98999999999,7287.427142857142
2025-10-07,STORE002,5,37.0,37682.53,5480.4400000000005,32202.09,6440.418
2025-03-06,STORE008,9,87.0,87744.6,8975.55,78769.05,8752.116666666667
2025-03-24,STORE005,9,80.0,93138.65000000001,10123.46,83015.19,9223.91
2025-09-06,STORE008,5,45.0,46511.47,3881.6800000000003,42629.79,8525.958
2025-02-20,STORE019,7,72.0,71477.76000000001,8559.78,62917.98,8988.282857142858
2025-03-19,STORE016,6,48.0,49123.28,4937.09,44186.19,7364.365000000001
2025-07-28,STORE005,7,49.0,59306.31,7867.320000000001,51438.990000000005,7348.427142857144
2025-06-02,STORE002,3,25.0,28605.269999999997,2945.24,25660.03,8553.343333333332
2025-02-21,STORE007,7,56.0,60562.37,6939.360000000001,53623.009999999995,7660.429999999999
2025-07-27,STORE006,6,64.0,70496.26000000001,5777.69,64718.56999999999,10786.428333333331
2025-06-06,STORE004,5,36.0,37763.47,4123.7699999999995,33639.7,6727.94
2025-03-08,STORE012,3,26.0,19398.21,1693.0800000000002,17705.13,5901.71
2025-07-14,STORE004,13,103.0,110242.16,12845.589999999998,97396.56999999999,7492.043846153845
2025-09-02,STORE008,6,48.0,49785.68,4814.93,44970.75,7495.125
2025-06-07,STORE016,6,41.0,47829.240000000005,5260.360000000001,42568.88,7094.813333333333
2025-05-13,STORE010,2,21.0,19029.940000000002,2124.6499999999996,16905.29,8452.645
2025-01-31,STORE017,4,26.0,31745.260000000002,4010.87,27734.39,6933.5975
2025-05-03,STORE012,6,33.0,41087.020000000004,4063.1000000000004,37023.92,6170.653333333333
2025-12-04,STORE011,2,26.0,23089.440000000002,1376.6399999999999,21712.8,10856.4
2025-09-16,STORE016,4,37.0,26776.41,2533.16,24243.249999999996,6060.812499999999
2025-01-08,STORE009,3,44.0,46819.219999999994,5095.150000000001,41724.07,13908.023333333333
2025-05-26,STORE004,7,104.0,107637.71,9652.73,97984.98,13997.854285714286
2025-11-04,STORE015,7,84.0,100920.32,9984.8,90935.51999999999,12990.78857142857
2025-07-11,STORE009,6,51.0,49180.7,5491.51,43689.19,7281.531666666667
2025-04-07,STORE002,5,50.0,55670.64,4984.33,50686.31,10137.261999999999
2025-12-18,STORE011,6,44.0,45285.47,4881.67,40403.8,6733.966666666667
2025-05-24,STORE018,6,36.0,39111.49,3739.98,35371.51,5895.251666666667
2025-02-13,STORE007,6,63.0,60963.759999999995,7398.11,53565.65,8927.608333333334
2025-08-05,STORE016,9,94.0,74036.61,7569.5,66467.11,7385.234444444444
2025-12-14,STORE020,9,95.0,87561.94,6798.619999999999,80763.32,8973.702222222222
2025-11-26,STORE018,7,55.0,54972.44,6560.31,48412.130000000005,6916.018571428572
2025-10-21,STORE013,7,83.0,104522.44,11905.45,92616.99,13230.998571428572
2025-05-06,STORE001,7,75.0,77210.93000000001,7032.43,70178.5,10025.5
2025-12-31,STORE001,7,70.0,76000.24,7686.840000000001,68313.4,9759.057142857142
2025-11-07,STORE015,5,50.0,48131.95,5603.5,42528.45,8505.689999999999
2025-05-21,STORE007,3,19.0,22524.52,2523.8100000000004,20000.71,6666.903333333333
2025-11-15,STORE016,5,50.0,39755.71,4803.29,34952.42,6990.4839999999995
2025-09-01,STORE004,9,76.0,72482.70000000001,7136.31,65346.39,7260.71
2025-09-05,STORE013,7,77.0,72370.19,6754.49,65615.70000000001,9373.67142857143
2025-05-03,STORE004,11,57.0,61002.08,6273.740000000001,54728.34,4975.303636363636
2025-03-04,STORE014,6,34.0,43654.22,4258.8,39395.42,6565.903333333333
2025-03-22,STORE017,15,130.0,134111.27,10868.44,123242.83,8216.188666666667
2025-04-02,STORE007,9,78.0,77809.4,6661.48,71147.92,7905.324444444444
2025-02-20,STORE010,4,30.0,31637.02,3680.0199999999995,27957.0,6989.25
2025-12-17,STORE014,4,39.0,39817.44,4247.84,35569.6,8892.4
2025-07-01,STORE008,7,58.0,67464.7,6134.8,61329.9,8761.414285714285
2025-08-11,STORE014,8,65.0,74310.82,6841.470000000001,67469.35,8433.66875
2025-04-10,STORE015,5,50.0,51222.159999999996,3758.8799999999997,47463.28,9492.655999999999
2025-05-03,STORE019,7,66.0,64432.130000000005,7845.670000000001,56586.46,8083.78
2025-09-22,STORE012,6,36.0,38084.55,3364.79,34719.76,5786.626666666667
2025-02-14,STORE007,9,70.0,68931.11,6649.66,62281.44999999998,6920.161111111109
2025-04-11,STORE015,6,33.0,32184.719999999998,2674.17,29510.550000000003,4918.425
2025-12-14,STORE010,6,48.0,63759.439999999995,6968.08,56791.36,9465.226666666667
2025-05-23,STORE015,6,50.0,62072.53,5191.450000000001,56881.079999999994,9480.179999999998
2025-04-14,STORE002,9,106.0,118839.34999999999,12304.98,106534.37,11837.152222222221
2025-10-04,STORE012,3,33.0,40643.22,2782.0,37861.22,12620.406666666668
2025-04-06,STORE012,4,40.0,39913.880000000005,4459.12,35454.759999999995,8863.689999999999
2025-06-29,STORE006,3,23.0,21770.48,2413.1400000000003,19357.34,6452.446666666667
2025-12-11,STORE019,6,60.0,40792.2,4426.33,36365.87,6060.9783333333335
2025-08-09,STORE012,8,54.0,37162.350000000006,3863.2299999999996,33299.12,4162.39
2025-08-16,STORE001,7,55.0,65145.229999999996,7693.43,57451.8,8207.4
2025-03-05,STORE009,7,82.0,83357.43,7313.01,76044.42,10863.488571428572
2025-04-12,STORE014,5,18.0,18274.52,2174.0299999999997,16100.490000000002,3220.0980000000004
2025-03-28,STORE006,7,54.0,66585.44,5690.47,60894.97,8699.281428571428
2025-07-16,STORE002,9,76.0,83902.91,8128.490000000001,75774.42000000001,8419.380000000001
2025-02-24,STORE004,5,48.0,50208.95,4271.72,45937.23,9187.446
2025-01-18,STORE013,8,54.0,63752.6,4746.52,59006.08,7375.76
2025-06-11,STORE018,3,19.0,13864.230000000001,1283.0300000000002,12581.2,4193.733333333334
2025-11-05,STORE009,3,32.0,31186.989999999998,2281.78,28905.21,9635.07
2025-03-07,STORE010,9,97.0,111012.76000000001,8920.09,102092.67,11343.63
2025-02-24,STORE003,6,54.0,45580.85,4344.13,41236.72,6872.786666666667
2025-01-28,STORE005,6,59.0,60742.89,4703.48,56039.409999999996,9339.901666666667
2025-12-13,STORE015,7,70.0,78791.17,7089.52,71701.65,10243.092857142856
2025-09-30,STORE017,10,93.0,95072.05,7220.779999999999,87851.27,8785.127
2025-06-29,STORE019,8,57.0,55448.0,4740.16,50707.84,6338.48
2025-11-12,STORE007,6,40.0,34984.37,3461.24,31523.13,5253.8550000000005
2025-04-19,STORE002,5,42.0,36560.33,4571.110000000001,31989.22,6397.844
2025-10-21,STORE016,7,66.0,73329.83,6861.67,66468.15999999999,9495.451428571427
2025-03-16,STORE018,8,79.0,84872.76999999999,7205.32,77667.45000000001,9708.431250000001
2025-06-11,STORE020,3,17.0,14644.14,1524.2,13119.94,4373.3133333333335
2025-12-02,STORE010,10,95.0,107614.94,12100.5,95514.43999999999,9551.444
2025-02-03,STORE015,10,114.0,99624.77000000002,9850.25,89774.52000000002,8977.452000000001
2025-09-12,STORE001,5,40.0,40965.88999999999,3580.0900000000006,37385.799999999996,7477.159999999999
2025-01-23,STORE020,5,53.0,42631.78,5563.34,37068.44,7413.688
2025-05-25,STORE006,4,49.0,57098.36,5787.0599999999995,51311.299999999996,12827.824999999999
2025-02-05,STORE006,5,41.0,48767.799999999996,4745.17,44022.62999999999,8804.525999999998
2025-12-13,STORE001,4,35.0,39653.21,4196.64,35456.57,8864.1425
2025-12-07,STORE007,10,67.0,64336.159999999996,6297.32,58038.840000000004,5803.884
2025-01-28,STORE004,5,40.0,44048.94,3541.1900000000005,40507.75,8101.55
2025-08-11,STORE013,6,58.0,55205.19,6903.5,48301.689999999995,8050.281666666666
2025-10-02,STORE019,4,32.0,23793.81,3602.4799999999996,20191.329999999998,5047.8324999999995
2025-08-07,STORE012,3,33.0,32382.77,4156.06,28226.710000000003,9408.903333333334
2025-09-14,STORE003,7,64.0,62898.35,6454.16,56444.18999999999,8063.455714285713
2025-04-10,STORE020,9,68.0,71450.28,8283.23,63167.05,7018.561111111111
2025-07-17,STORE003,7,64.0,62340.41,6278.31,56062.100000000006,8008.8714285714295
2025-12-06,STORE015,5,37.0,36740.090000000004,3484.640000000001,33255.450000000004,6651.090000000001
2025-07-25,STORE001,1,16.0,18692.67,1769.53,16923.14,16923.14
2025-03-16,STORE005,7,72.0,78652.76999999999,7213.360000000001,71439.41,10205.630000000001
2025-06-01,STORE013,1,2.0,3908.88,722.14,3186.74,3186.74
2025-10-17,STORE010,8,43.0,61312.37,7026.92,54285.45,6785.68125
2025-08-23,STORE002,6,75.0,67368.91,7286.76,60082.15,10013.691666666668
2025-06-10,STORE008,6,65.0,62681.520000000004,6888.71,55792.81,9298.801666666666
2025-07-09,STORE011,6,35.0,46255.15,4060.92,42194.23,7032.371666666667
2025-07-14,STORE020,5,39.0,43374.66,4929.38,38445.28,7689.056
2025-04-15,STORE004,4,23.0,27884.5,1453.93,26430.569999999996,6607.642499999999
2025-11-13,STORE004,5,41.0,39971.36,4393.65,35577.71,7115.5419999999995
2025-12-28,STORE017,3,25.0,25419.03,2170.34,23248.690000000002,7749.563333333334
2025-08-24,STORE009,8,86.0,78270.47,7130.589999999999,71139.88,8892.485
2025-05-06,STORE005,3,20.0,23696.64,3036.73,20659.91,6886.636666666666
2025-06-18,STORE003,4,23.0,17443.59,1430.35,16013.240000000002,4003.3100000000004
2025-11-26,STORE017,5,34.0,33283.84,2333.14,30950.700000000004,6190.140000000001
2025-09-11,STORE016,4,64.0,46077.72,3974.1600000000003,42103.56,10525.89
2025-07-20,STORE019,2,24.0,23075.13,2970.5099999999998,20104.620000000003,10052.310000000001
2025-02-28,STORE020,5,35.0,41176.060000000005,5428.0599999999995,35748.0,7149.6
2025-12-25,STORE016,4,54.0,51575.36,3743.26,47832.1,11958.025
2025-02-19,STORE008,3,17.0,21574.039999999997,2651.07,18922.97,6307.656666666667
2025-06-22,STORE010,10,79.0,80585.58999999998,7030.34,73555.25,7355.525
2025-02-13,STORE012,9,90.0,88863.59,9561.41,79302.18,8811.353333333333
2025-06-20,STORE005,7,64.0,84524.48000000001,6514.569999999999,78009.91,11144.272857142858
2025-10-15,STORE005,9,77.0,75497.73999999999,9193.009999999998,66304.73,7367.192222222222
2025-11-05,STORE013,4,32.0,35083.67999999999,2666.13,32417.55,8104.3875
2025-04-27,STORE005,8,50.0,43896.36,3752.79,40143.57,5017.94625
2025-05-24,STORE008,5,22.0,23031.12,2675.7999999999997,20355.32,4071.064
2025-02-27,STORE001,4,33.0,44719.05,4761.1900000000005,39957.86,9989.465
2025-06-12,STORE015,6,61.0,73681.01999999999,5124.33,68556.69,11426.115
2025-09-15,STORE002,9,103.0,101417.04,11466.5,89950.54000000001,9994.504444444445
2025-09-19,STORE009,6,57.0,62058.18,5515.95,56542.23,9423.705
2025-02-02,STORE013,9,95.0,83012.27,9624.259999999998,73388.01,8154.223333333332
2025-01-16,STORE007,7,48.0,42560.61000000001,4320.5599999999995,38240.05,5462.864285714286
2025-12-12,STORE001,8,80.0,84561.17,9602.0,74959.17,9369.89625
2025-05-21,STORE016,7,64.0,66456.06,6198.94,60257.12,8608.16
2025-05-07,STORE012,3,22.0,10800.59,1133.4499999999998,9667.14,3222.3799999999997
2025-06-18,STORE004,10,84.0,90611.01999999999,9522.25,81088.77,8108.877
2025-10-01,STORE017,4,39.0,33680.1,2726.54,30953.559999999998,7738.389999999999
2025-06-28,STORE007,3,15.0,14176.57,1372.3300000000002,12804.239999999998,4268.079999999999
2025-02-20,STORE008,6,44.0,51922.28,5100.15,46822.13,7803.688333333333
2025-02-16,STORE012,6,78.0,79725.78,9753.690000000002,69972.09,11662.015
2025-10-27,STORE008,8,68.0,73102.45,6576.14,66526.31,8315.78875
2025-10-24,STORE012,6,49.0,56769.380000000005,6354.280000000001,50415.100000000006,8402.516666666668
2025-02-25,STORE017,8,76.0,81306.29000000001,7838.42,73467.87,9183.48375
2025-06-08,STORE002,5,49.0,52831.74999999999,4092.99,48738.76000000001,9747.752000000002
2025-04-06,STORE008,8,62.0,67094.17,7455.639999999999,59638.53,7454.81625
2025-06-28,STORE013,9,68.0,72010.8,7944.23,64066.56999999999,7118.507777777777
2025-10-08,STORE011,6,60.0,88730.83,6041.670000000001,82689.15999999999,13781.526666666665
2025-01-22,STORE011,7,45.0,48019.41,5078.18,42941.23,6134.461428571429
2025-03-07,STORE016,4,42.0,38217.13,4397.98,33819.149999999994,8454.787499999999
2025-06-11,STORE010,5,53.0,60763.149999999994,6653.31,54109.840000000004,10821.968
2025-07-10,STORE019,2,17.0,23190.980000000003,2504.04,20686.94,10343.47
2025-02-02,STORE009,3,30.0,30836.769999999997,2396.13,28440.640000000003,9480.213333333335
2025-06-22,STORE009,5,39.0,39547.229999999996,4206.41,35340.82,7068.164
2025-07-07,STORE009,4,28.0,35987.06,3801.500000000001,32185.559999999998,8046.389999999999
2025-08-06,STORE012,6,35.0,39500.2,4215.17,35285.03,5880.838333333333
2025-05-23,STORE013,6,76.0,69330.39,7976.790000000001,61353.600000000006,10225.6
2025-05-18,STORE014,6,50.0,52738.78999999999,6933.88,45804.91,7634.151666666668
2025-06-28,STORE010,3,35.0,43408.340000000004,3612.4800000000005,39795.86,13265.286666666667
2025-07-20,STORE002,6,46.0,51654.53,5711.68,45942.84999999999,7657.1416666666655
2025-12-23,STORE002,3,28.0,33738.229999999996,4106.65,29631.58,9877.193333333335
2025-02-16,STORE017,4,32.0,34513.86,4135.88,30377.98,7594.495
2025-09-13,STORE017,8,56.0,57889.38,6381.4800000000005,51507.899999999994,6438.487499999999
2025-12-13,STORE009,9,107.0,102334.78,9857.96,92476.81999999999,10275.202222222222
2025-02-11,STORE002,6,36.0,39605.76,2980.52,36625.240000000005,6104.206666666668
2025-02-18,STORE013,7,57.0,50000.47,6179.429999999999,43821.03999999999,6260.148571428571
2025-12-01,STORE013,3,29.0,26153.85,1844.68,24309.17,8103.056666666666
2025-02-25,STORE005,5,58.0,71844.61,5563.54,66281.07,13256.214000000002
2025-05-31,STORE014,7,79.0,105437.97,10142.009999999998,95295.95999999999,13613.70857142857
2025-09-14,STORE017,8,70.0,62600.92,6057.01,56543.91,7067.98875
2025-10-18,STORE013,6,41.0,48205.88,6757.780000000001,41448.1,6908.016666666666
2025-10-13,STORE004,7,45.0,51428.600000000006,6027.68,45400.92,6485.845714285714
2025-08-30,STORE004,6,51.0,55635.09,5355.4,50279.689999999995,8379.948333333332
2025-10-12,STORE010,8,47.0,58429.619999999995,7039.81,51389.80999999999,6423.726249999999
2025-08-31,STORE013,6,35.0,45633.270000000004,4598.959999999999,41034.31,6839.051666666666
2025-04-30,STORE011,8,61.0,59924.33,6371.37,53552.96,6694.12
2025-11-17,STORE002,4,50.0,51600.240000000005,3981.68,47618.56,11904.64
2025-06-11,STORE016,6,57.0,59613.950000000004,6821.160000000001,52792.78999999999,8798.798333333332
2025-10-28,STORE004,2,7.0,11959.560000000001,1660.4699999999998,10299.09,5149.545
2025-12-26,STORE005,6,34.0,37369.020000000004,4184.34,33184.68,5530.78
2025-05-15,STORE013,3,24.0,24443.39,1935.6000000000001,22507.79,7502.596666666667
2025-10-18,STORE008,4,48.0,50294.6,4429.52,45865.08,11466.27
2025-12-17,STORE013,6,65.0,72497.07999999999,6489.11,66007.97,11001.328333333333
2025-04-25,STORE002,13,113.0,122463.13,13624.480000000001,108838.65000000002,8372.203846153849
2025-05-10,STORE019,9,74.0,60893.479999999996,6286.89,54606.59000000001,6067.39888888889
2025-07-21,STORE015,14,125.0,148381.37,14359.14,134022.22999999998,9573.016428571427
2025-05-19,STORE005,3,18.0,8934.78,1169.42,7765.359999999999,2588.453333333333
2025-01-22,STORE002,7,52.0,46717.32,5352.200000000001,41365.12,5909.302857142858
2025-05-29,STORE001,9,74.0,59422.75,4482.75,54940.0,6104.444444444444
2025-09-16,STORE007,3,20.0,27540.629999999997,3755.02,23785.61,7928.536666666667
2025-01-19,STORE013,8,76.0,64899.03,6761.349999999999,58137.68,7267.21
2025-03-16,STORE017,2,19.0,23054.91,3138.1800000000003,19916.73,9958.365
2025-04-23,STORE020,5,45.0,42885.83000000001,4320.380000000001,38565.45,7713.089999999999
2025-09-30,STORE019,4,32.0,30755.74,2549.68,28206.06,7051.515
2025-12-14,STORE008,5,67.0,76685.57,7999.24,68686.32999999999,13737.265999999998
2025-08-22,STORE011,7,58.0,44799.4,5305.709999999999,39493.69,5641.955714285715
2025-11-29,STORE017,7,47.0,51039.42,6442.86,44596.560000000005,6370.937142857144
2025-01-01,STORE014,5,42.0,43038.81,5040.57,37998.240000000005,7599.648000000001
2025-03-26,STORE019,7,48.0,51201.61,4836.49,46365.119999999995,6623.5885714285705
2025-11-22,STORE010,4,20.0,28534.39,2483.34,26051.05,6512.7625
2025-05-03,STORE010,5,47.0,56753.020000000004,6481.64,50271.38,10054.276
2025-06-02,STORE012,4,46.0,48550.729999999996,3893.56,44657.17,11164.2925
2025-06-08,STORE014,6,61.0,65150.43000000001,8865.28,56285.15,9380.858333333334
2025-09-26,STORE011,4,37.0,41828.87,5187.42,36641.45,9160.3625
2025-03-04,STORE011,6,65.0,73485.57,6714.95,66770.62,11128.436666666666
2025-01-03,STORE020,5,40.0,37810.44,4149.05,33661.39,6732.278
2025-03-31,STORE008,5,44.0,31868.100000000002,3704.3199999999997,28163.780000000002,5632.756
2025-06-24,STORE020,4,38.0,32585.720000000005,2858.7999999999997,29726.92,7431.73
2025-04-25,STORE009,5,36.0,39476.96,1644.2,37832.759999999995,7566.551999999999
2025-08-10,STORE001,9,91.0,98596.68000000001,12174.7,86421.98,9602.442222222222
2025-01-03,STORE014,10,107.0,103708.73000000001,8065.35,95643.38,9564.338
2025-01-16,STORE006,7,55.0,57349.840000000004,4930.09,52419.75,7488.535714285715
2025-09-05,STORE019,4,26.0,36544.56,3352.98,33191.58,8297.895
2025-11-19,STORE009,7,48.0,58258.95000000001,5598.4800000000005,52660.47,7522.924285714286
2025-05-14,STORE014,3,22.0,28675.53,3089.8100000000004,25585.72,8528.573333333334
2025-05-14,STORE003,4,37.0,45544.46,6411.83,39132.630000000005,9783.157500000001
2025-03-08,STORE001,4,42.0,44027.119999999995,3178.34,40848.78,10212.195
2025-08-25,STORE008,3,13.0,15536.82,2545.48,12991.34,4330.446666666667
2025-01-03,STORE010,6,53.0,76344.47,7108.13,69236.34,11539.39
2025-12-18,STORE001,3,47.0,38572.43,3997.43,34575.0,11525.0
2025-09-28,STORE011,3,29.0,35125.67,4354.820000000001,30770.85,10256.949999999999
2025-10-05,STORE016,7,60.0,56740.9,5104.11,51636.79,7376.684285714286
2025-04-19,STORE014,2,13.0,15793.48,2629.82,13163.66,6581.83
2025-11-04,STORE007,8,81.0,61392.69,6919.17,54473.520000000004,6809.1900000000005
2025-06-27,STORE018,4,26.0,30049.359999999997,2058.2599999999998,27991.1,6997.775
2025-05-11,STORE006,6,66.0,79490.64000000001,7201.389999999999,72289.25,12048.208333333334
2025-12-02,STORE015,7,42.0,51982.45,4168.62,47813.83,6830.547142857143
2025-03-05,STORE011,4,33.0,41378.36,4141.679999999999,37236.67999999999,9309.169999999998
2025-01-15,STORE017,7,51.0,57515.38,5039.17,52476.21000000001,7496.601428571429
2025-03-26,STORE008,4,32.0,39577.51,3894.5400000000004,35682.97,8920.7425
2025-05-27,STORE014,6,84.0,90609.59,9025.94,81583.65,13597.275
2025-10-03,STORE011,5,42.0,55940.649999999994,4999.179999999999,50941.47,10188.294
2025-10-21,STORE011,6,53.0,56144.53,4577.5199999999995,51567.01,8594.501666666667
2025-01-31,STORE020,12,119.0,107985.14999999998,10764.619999999999,97220.53,8101.7108333333335
2025-09-15,STORE008,11,85.0,91143.43,8747.869999999999,82395.56,7490.505454545454
2025-03-18,STORE010,7,54.0,59204.69,5061.3,54143.39,7734.7699999999995
2025-06-24,STORE003,6,51.0,43473.079999999994,4163.14,39309.94,6551.656666666667
2025-09-02,STORE012,4,45.0,49389.0,6420.5599999999995,42968.44,10742.11
2025-06-26,STORE005,6,66.0,72743.23000000001,7822.73,64920.5,10820.083333333334
2025-04-06,STORE001,4,25.0,36561.01,3556.5,33004.509999999995,8251.127499999999
2025-05-09,STORE011,7,49.0,61373.99,4216.39,57157.59999999999,8165.371428571428
2025-05-29,STORE008,6,70.0,75739.91,4818.75,70921.16,11820.193333333335
2025-11-07,STORE019,10,84.0,89901.24999999999,8960.999999999998,80940.25,8094.025
2025-06-08,STORE008,7,71.0,76573.51000000001,9283.07,67290.44,9612.92
2025-06-12,STORE011,6,58.0,62571.270000000004,5789.200000000001,56782.07,9463.678333333333
2025-11-17,STORE012,3,30.0,39887.03,4596.43,35290.600000000006,11763.533333333335
2025-04-13,STORE014,7,43.0,48441.77,4270.120000000001,44171.649999999994,6310.235714285714
2025-01-22,STORE015,6,54.0,59174.34,5851.240000000001,53323.1,8887.183333333332
2025-05-06,STORE015,5,31.0,33568.020000000004,3871.7900000000004,29696.23,5939.246
2025-09-12,STORE018,8,67.0,79569.84,8286.66,71283.18,8910.3975
2025-06-20,STORE009,5,26.0,26651.0,2789.75,23861.25,4772.25
2025-09-25,STORE010,4,33.0,36286.740000000005,3499.91,32786.829999999994,8196.707499999999
2025-04-07,STORE013,4,21.0,24836.33,2125.17,22711.159999999996,5677.789999999999
2025-08-16,STORE011,9,96.0,89335.32,7656.07,81679.25,9075.472222222223
2025-06-18,STORE020,7,55.0,58719.35,5840.960000000001,52878.39,7554.055714285714
2025-10-10,STORE015,5,38.0,27530.910000000003,2562.9900000000002,24967.92,4993.584
2025-02-24,STORE006,6,50.0,48075.189999999995,4641.77,43433.42,7238.903333333333
2025-07-13,STORE019,3,20.0,12772.61,584.01,12188.6,4062.866666666667
2025-04-24,STORE012,8,59.0,71532.0,7408.04,64123.96,8015.495
2025-07-22,STORE016,1,6.0,7537.470000000001,106.45,7431.0199999999995,7431.0199999999995
2025-12-15,STORE005,6,41.0,49220.82,6047.120000000001,43173.700000000004,7195.616666666668
2025-06-23,STORE011,8,72.0,64787.12,6588.4,58198.72,7274.84
2025-12-07,STORE005,4,35.0,31077.980000000003,2488.37,28589.61,7147.4025
2025-04-16,STORE014,5,31.0,36180.11,3557.9999999999995,32622.11,6524.4220000000005
2025-03-28,STORE014,13,88.0,88159.89000000001,8888.0,79271.89,6097.837692307692
2025-05-10,STORE007,7,68.0,77887.12,8237.41,69649.70999999999,9949.95857142857
2025-04-13,STORE019,6,57.0,59838.979999999996,4510.19,55328.78999999999,9221.464999999998
2025-10-03,STORE012,4,34.0,26441.989999999998,2126.83,24315.16,6078.79
2025-09-07,STORE013,6,65.0,56312.34,6997.91,49314.43,8219.071666666667
2025-05-09,STORE006,4,33.0,30763.5,2938.32,27825.18,6956.295
2025-05-22,STORE017,10,76.0,79742.88,7811.48,71931.4,7193.139999999999
2025-01-26,STORE005,4,26.0,34591.880000000005,4502.46,30089.420000000002,7522.3550000000005
2025-05-23,STORE018,4,49.0,56902.56,7997.49,48905.07000000001,12226.267500000002
2025-01-13,STORE001,5,69.0,86073.67000000001,6780.67,79293.0,15858.6
2025-12-16,STORE017,6,49.0,61951.399999999994,6786.31,55165.09,9194.181666666665
2025-08-04,STORE007,5,47.0,38208.0,2839.0200000000004,35368.98,7073.796
2025-12-01,STORE010,5,22.0,26412.97,1430.7199999999998,24982.25,4996.45
2025-04-16,STORE006,4,40.0,47041.78,5483.5,41558.28,10389.57
2025-03-07,STORE006,4,27.0,25798.120000000003,3378.3900000000003,22419.73,5604.9325
2025-03-24,STORE007,4,29.0,28882.660000000003,2209.6,26673.059999999998,6668.264999999999
2025-09-03,STORE016,7,43.0,40682.380000000005,4150.37,36532.009999999995,5218.858571428571
2025-09-07,STORE015,5,36.0,31449.379999999997,2300.83,29148.550000000003,5829.710000000001
2025-05-08,STORE009,4,51.0,55174.78,6330.65,48844.130000000005,12211.032500000001
2025-08-26,STORE005,1,13.0,15961.2,1657.38,14303.82,14303.82
2025-01-04,STORE004,4,34.0,32228.72,3066.9,29161.82,7290.455
2025-10-14,STORE003,6,63.0,61144.19,6816.77,54327.42,9054.57
2025-10-04,STORE004,5,27.0,31938.420000000002,5438.5,26499.92,5299.9839999999995
2025-05-10,STORE020,5,35.0,30316.03,3246.05,27069.98,5413.996
2025-10-16,STORE002,10,115.0,110984.38,10966.48,100017.90000000001,10001.79
2025-02-20,STORE006,7,76.0,64301.56999999999,7148.46,57153.11,8164.7300000000005
2025-07-21,STORE013,6,60.0,63475.299999999996,5714.79,57760.51000000001,9626.751666666669
2025-07-19,STORE019,3,34.0,28332.200000000004,2003.1799999999998,26329.02,8776.34
2025-05-13,STORE001,3,25.0,28469.01,3455.04,25013.97,8337.99
2025-04-27,STORE018,7,39.0,41182.53999999999,4693.33,36489.21,5212.744285714286
2025-02-08,STORE004,5,64.0,81379.41999999998,7559.37,73820.05,14764.01
2025-09-04,STORE020,4,46.0,48827.219999999994,5067.700000000001,43759.520000000004,10939.880000000001
2025-12-13,STORE006,10,54.0,46485.25,5173.85,41311.4,4131.14
2025-01-20,STORE019,5,41.0,42061.67,5128.12,36933.55,7386.710000000001
2025-05-09,STORE004,6,56.0,52971.18999999999,4726.26,48244.93000000001,8040.821666666668
2025-10-12,STORE017,4,29.0,39029.46,3594.6400000000003,35434.82,8858.705
2025-06-04,STORE011,6,28.0,31193.980000000003,2991.9999999999995,28201.980000000003,4700.330000000001
2025-10-08,STORE004,5,37.0,36147.25,3412.31,32734.940000000002,6546.988
2025-07-04,STORE002,7,80.0,94989.65,8645.890000000001,86343.76000000001,12334.822857142859
2025-02-09,STORE013,4,49.0,55646.63,5926.889999999999,49719.74,12429.935
2025-04-21,STORE015,4,38.0,44005.1,2826.54,41178.56,10294.64
2025-05-23,STORE007,7,57.0,56664.990000000005,6606.46,50058.530000000006,7151.218571428572
2025-08-18,STORE005,6,49.0,54572.87,5041.49,49531.380000000005,8255.230000000001
2025-09-18,STORE001,8,65.0,85118.34999999999,9126.76,75991.59,9498.94875
2025-11-27,STORE017,6,55.0,65247.06999999999,3332.62,61914.45,10319.074999999999
2025-08-18,STORE020,5,40.0,28405.940000000002,3357.75,25048.19,5009.638
2025-02-25,STORE013,13,96.0,99451.62,10807.849999999999,88643.76999999999,6818.751538461538
2025-09-23,STORE002,7,50.0,42905.63,5251.63,37654.0,5379.142857142857
2025-10-21,STORE020,8,71.0,69755.95,7272.57,62483.38,7810.4225
2025-02-16,STORE011,5,36.0,27877.329999999998,2626.83,25250.5,5050.1
2025-06-25,STORE008,6,54.0,68858.22,6256.139999999999,62602.08,10433.68
2025-06-07,STORE017,5,34.0,42738.31,3744.79,38993.52,7798.704
2025-08-25,STORE018,7,60.0,64993.63,6855.800000000001,58137.83,8305.404285714287
2025-10-11,STORE005,6,43.0,37517.08,2260.71,35256.37,5876.061666666667
2025-10-18,STORE004,5,44.0,39235.299999999996,2770.0099999999998,36465.29,7293.058
2025-08-28,STORE003,9,84.0,90861.25,8873.82,81987.43,9109.714444444444
2025-08-30,STORE011,3,23.0,28569.019999999997,2405.3,26163.72,8721.24
2025-04-04,STORE008,5,39.0,39460.58,4297.57,35163.01,7032.602000000001
2025-10-17,STORE015,6,52.0,41287.28,4735.48,36551.8,6091.966666666667
2025-09-28,STORE016,4,31.0,31325.070000000007,4687.240000000001,26637.83,6659.4575
2025-12-22,STORE016,5,48.0,49021.41,3234.0,45787.41,9157.482
2025-09-27,STORE018,8,57.0,55421.21,5501.16,49920.05000000001,6240.006250000001
2025-10-17,STORE016,5,39.0,38981.24,3856.6499999999996,35124.59,7024.918
2025-12-31,STORE006,8,83.0,79091.82,9464.060000000001,69627.76,8703.47
2025-04-14,STORE010,6,61.0,73092.06999999999,8295.22,64796.85,10799.475
2025-09-03,STORE005,7,51.0,62756.29,6555.67,56200.619999999995,8028.659999999999
2025-07-18,STORE011,5,43.0,40223.229999999996,3749.92,36473.31,7294.661999999999
2025-04-08,STORE008,5,28.0,23606.75,3459.84,20146.910000000003,4029.3820000000005
2025-01-02,STORE019,4,22.0,25477.100000000002,3323.7300000000005,22153.37,5538.3425
2025-02-13,STORE006,4,32.0,39712.86,3456.59,36256.27,9064.0675
2025-07-16,STORE001,3,30.0,22598.89,1805.62,20793.27,6931.09
2025-11-05,STORE019,4,37.0,26526.72,2826.5699999999997,23700.15,5925.0375
2025-10-28,STORE010,5,43.0,63586.36,7147.889999999999,56438.469999999994,11287.694
2025-02-09,STORE012,4,13.0,9934.16,613.89,9320.27,2330.0675
2025-06-21,STORE014,3,24.0,30052.870000000003,2399.9799999999996,27652.889999999996,9217.63
2025-11-07,STORE007,3,29.0,33658.229999999996,3752.4700000000003,29905.76,9968.586666666666
2025-09-23,STORE014,4,31.0,27316.699999999997,2095.3,25221.399999999998,6305.349999999999
2025-11-25,STORE012,3,32.0,35371.119999999995,3865.49,31505.63,10501.876666666667
2025-06-29,STORE009,2,21.0,21314.42,1904.71,19409.71,9704.855
2025-01-04,STORE005,2,8.0,5820.9,978.85,4842.05,2421.025
2025-03-10,STORE013,6,73.0,52402.05999999999,4673.68,47728.38,7954.73
2025-10-01,STORE018,1,11.0,16223.93,937.82,15286.11,15286.11
2025-04-30,STORE009,2,12.0,13401.7,553.05,12848.65,6424.325
2025-07-13,STORE005,5,61.0,64012.17,5556.29,58455.88,11691.176
2025-02-16,STORE005,1,11.0,17565.01,755.21,16809.800000000003,16809.800000000003
2025-10-02,STORE012,5,41.0,44113.31,3687.88,40425.43,8085.086
2025-04-12,STORE004,4,32.0,30666.82,2923.98,27742.840000000004,6935.710000000001
2025-09-03,STORE014,2,21.0,30491.699999999997,2815.1499999999996,27676.55,13838.275
2025-05-08,STORE012,5,62.0,56163.49999999999,5639.74,50523.759999999995,10104.751999999999
2025-07-10,STORE017,2,21.0,22342.66,2436.6099999999997,19906.050000000003,9953.025000000001
2025-12-21,STORE007,3,32.0,33110.72,2538.7599999999998,30571.96,10190.653333333334
2025-10-31,STORE017,1,4.0,4113.27,70.50999999999999,4042.7599999999998,4042.7599999999998
2025-09-11,STORE013,2,17.0,21360.36,1406.92,19953.440000000002,9976.720000000001
2025-06-12,STORE003,5,53.0,57187.76,5612.48,51575.280000000006,10315.056
2025-11-28,STORE007,3,23.0,24976.870000000003,1947.4499999999998,23029.42,7676.473333333332
2025-05-23,STORE010,4,34.0,34763.46,2842.8,31920.66,7980.165
2025-11-13,STORE011,6,87.0,69346.52,6991.43,62355.09,10392.515
2025-12-26,STORE002,5,37.0,32340.37,2985.6800000000003,29354.690000000002,5870.938
2025-09-21,STORE012,6,44.0,50460.92,3191.41,47269.509999999995,7878.251666666666
2025-11-09,STORE005,6,61.0,66738.38,5758.51,60979.869999999995,10163.311666666666
2025-10-28,STORE006,5,48.0,47091.520000000004,4334.450000000001,42757.07,8551.414
2025-02-15,STORE005,2,15.0,11908.550000000001,1392.51,10516.039999999999,5258.0199999999995
2025-01-31,STORE018,8,91.0,78753.01,6788.8099999999995,71964.2,8995.525
2025-01-07,STORE008,4,24.0,20526.59,1712.26,18814.329999999998,4703.5824999999995
2025-04-10,STORE002,5,55.0,49923.229999999996,5469.18,44454.05,8890.810000000001
2025-03-06,STORE005,6,63.0,64632.03,6389.1,58242.92999999999,9707.154999999999
2025-09-28,STORE005,5,51.0,41150.6,3981.33,37169.270000000004,7433.854000000001
2025-11-23,STORE018,4,37.0,40219.34,3121.14,37098.200000000004,9274.550000000001
2025-04-29,STORE002,5,32.0,34740.58,3750.53,30990.050000000003,6198.01
2025-03-10,STORE006,6,32.0,36003.59,3130.4100000000003,32873.18,5478.863333333334
2025-02-19,STORE009,2,8.0,4892.780000000001,694.5599999999998,4198.22,2099.11
2025-04-09,STORE018,5,41.0,46851.670000000006,5281.209999999999,41570.46,8314.092
2025-02-01,STORE012,6,56.0,53050.71,5391.74,47658.97000000001,7943.161666666668
2025-02-10,STORE001,6,54.0,61250.36,5557.15,55693.21,9282.201666666666
2025-04-01,STORE013,3,21.0,20467.510000000002,1477.92,18989.59,6329.863333333334
2025-10-25,STORE003,5,46.0,51372.549999999996,4205.8099999999995,47166.740000000005,9433.348000000002
2025-03-11,STORE007,4,32.0,27511.479999999996,3343.75,24167.73,6041.9325
2025-09-18,STORE012,7,73.0,80102.61,7615.9800000000005,72486.63,10355.232857142857
2025-04-20,STORE014,5,44.0,59899.56,5322.91,54576.65,10915.33
2025-05-26,STORE014,3,26.0,30378.08,2425.76,27952.32,9317.44
2025-06-08,STORE007,7,80.0,85358.32999999999,9630.27,75728.06,10818.294285714286
2025-04-20,STORE009,7,54.0,65724.88,6487.62,59237.259999999995,8462.465714285714
2025-01-02,STORE018,5,38.0,36167.66,2987.1299999999997,33180.53,6636.106
2025-12-17,STORE007,5,67.0,62207.11,5660.73,56546.38,11309.276
2025-12-23,STORE015,3,24.0,26830.8,3169.2500000000005,23661.55,7887.183333333333
2025-05-04,STORE006,4,36.0,42908.630000000005,4308.719999999999,38599.91,9649.9775
2025-02-04,STORE017,4,38.0,38544.020000000004,4198.38,34345.64,8586.41
2025-03-08,STORE005,4,39.0,30507.49,2957.99,27549.5,6887.375
2025-02-06,STORE003,4,26.0,26627.190000000002,2838.7,23788.489999999998,5947.1224999999995
2025-11-03,STORE007,3,24.0,21195.52,1990.5300000000002,19204.989999999998,6401.663333333333
2025-01-08,STORE018,2,22.0,25584.08,2581.12,23002.96,11501.48
2025-12-09,STORE012,7,48.0,60124.44,5286.33,54838.10999999999,7834.015714285713
2025-02-19,STORE006,2,20.0,22703.25,2290.17,20413.08,10206.54
2025-02-16,STORE009,4,39.0,33902.14,2257.92,31644.220000000005,7911.055000000001
2025-12-17,STORE005,3,35.0,34194.33,3957.6800000000003,30236.65,10078.883333333333
2025-08-09,STORE001,4,30.0,31178.17,3520.6,27657.57,6914.3925
2025-01-03,STORE001,3,23.0,27002.380000000005,3696.4700000000003,23305.910000000003,7768.636666666668
2025-04-18,STORE005,6,46.0,51435.25,4744.219999999999,46691.03,7781.838333333333
2025-04-15,STORE013,5,54.0,42883.630000000005,5038.04,37845.590000000004,7569.118
2025-09-10,STORE011,4,47.0,33539.87,3576.6000000000004,29963.269999999997,7490.817499999999
2025-04-03,STORE001,4,50.0,57457.41,5164.5599999999995,52292.850000000006,13073.212500000001
2025-03-15,STORE006,2,13.0,10054.869999999999,1169.0,8885.869999999999,4442.9349999999995
2025-09-16,STORE017,3,21.0,18467.989999999998,1560.02,16907.97,5635.990000000001
2025-08-10,STORE018,5,41.0,29903.039999999997,2976.03,26927.010000000002,5385.402
2025-12-19,STORE001,5,35.0,39250.78,5819.97,33430.81,6686.161999999999
2025-03-25,STORE015,3,27.0,24041.2,2937.5899999999997,21103.61,7034.536666666667
2025-05-06,STORE004,2,26.0,29996.5,4051.14,25945.36,12972.68
2025-01-20,STORE007,8,84.0,79768.11000000002,9590.8,70177.31,8772.16375
2025-03-31,STORE020,5,48.0,36606.149999999994,3604.75,33001.399999999994,6600.279999999999
2025-03-14,STORE002,5,43.0,56494.39,4931.879999999999,51562.51,10312.502
2025-10-22,STORE016,3,22.0,20843.9,1797.66,19046.239999999998,6348.746666666666
2025-03-01,STORE013,4,47.0,38600.21,2207.26,36392.950000000004,9098.237500000001
2025-07-21,STORE004,4,34.0,38894.08,3618.73,35275.350000000006,8818.837500000001
2025-08-25,STORE016,6,49.0,52535.939999999995,4967.089999999999,47568.850000000006,7928.141666666667
2025-03-10,STORE002,5,57.0,67783.91,4778.130000000001,63005.78,12601.155999999999
2025-03-04,STORE009,2,23.0,25491.65,1274.49,24217.16,12108.58
2025-02-17,STORE006,3,29.0,34873.130000000005,4425.19,30447.940000000002,10149.313333333334
2025-03-22,STORE016,4,35.0,32605.39,3073.35,29532.039999999997,7383.009999999999
2025-03-17,STORE011,4,43.0,59181.369999999995,7136.49,52044.88,13011.22
2025-12-27,STORE006,7,62.0,66868.70000000001,7816.169999999999,59052.530000000006,8436.075714285715
2025-04-26,STORE005,3,12.0,14168.24,1227.9499999999998,12940.289999999999,4313.429999999999
2025-09-28,STORE004,3,21.0,26948.520000000004,2811.2000000000003,24137.32,8045.7733333333335
2025-09-04,STORE013,5,41.0,37628.95,4291.15,33337.799999999996,6667.5599999999995
2025-10-02,STORE018,2,19.0,21206.670000000006,2395.17,18811.5,9405.75
2025-04-13,STORE003,4,48.0,58077.5,5472.01,52605.490000000005,13151.372500000001
2025-07-16,STORE004,6,68.0,77416.18,5656.46,71759.72,11959.953333333333
2025-10-17,STORE005,2,17.0,11483.2,843.4399999999999,10639.76,5319.88
2025-03-30,STORE013,4,44.0,45409.07,4126.889999999999,41282.18,10320.545
2025-06-25,STORE020,4,20.0,21223.700000000004,2335.41,18888.29,4722.0725
2025-05-14,STORE016,2,22.0,21585.760000000002,2928.17,18657.59,9328.795
2025-02-04,STORE010,4,35.0,30757.83,3950.4500000000003,26807.38,6701.845
2025-09-02,STORE018,7,66.0,66460.38,6220.22,60240.159999999996,8605.737142857142
2025-07-01,STORE012,6,58.0,72927.49,8569.54,64357.950000000004,10726.325
2025-01-04,STORE019,3,34.0,48214.42,5259.0599999999995,42955.36,14318.453333333333
2025-02-17,STORE008,4,49.0,43122.59,3766.84,39355.75,9838.9375
2025-08-09,STORE011,1,12.0,11793.38,1113.44,10679.94,10679.94
2025-09-21,STORE007,6,46.0,45501.91,4229.92,41271.990000000005,6878.665000000001
2025-06-06,STORE003,3,12.0,13981.01,627.8,13353.210000000001,4451.070000000001
2025-11-28,STORE014,4,41.0,48900.09,2923.0699999999997,45977.020000000004,11494.255000000001
2025-08-19,STORE015,5,74.0,63088.259999999995,6305.709999999999,56782.549999999996,11356.509999999998
2025-06-30,STORE003,5,31.0,28294.829999999998,2853.1800000000003,25441.65,5088.33
2025-08-25,STORE013,5,46.0,40134.62,2948.14,37186.48,7437.296
2025-05-04,STORE008,7,39.0,39531.45,4701.6900000000005,34829.76000000001,4975.680000000001
2025-01-22,STORE003,3,22.0,30457.780000000002,2704.34,27753.440000000002,9251.146666666667
2025-03-31,STORE012,3,38.0,47015.46000000001,6673.71,40341.75000000001,13447.250000000002
2025-08-09,STORE010,5,41.0,43741.55,3648.2300000000005,40093.32,8018.664
2025-04-18,STORE017,6,44.0,55904.85,5349.09,50555.76,8425.960000000001
2025-04-28,STORE009,4,48.0,35505.70999999999,2910.9300000000003,32594.78,8148.695
2025-07-01,STORE002,5,35.0,37552.69,3190.2,34362.49,6872.498
2025-05-16,STORE018,5,59.0,50948.39,4701.400000000001,46246.99,9249.398
2025-02-14,STORE002,2,19.0,16854.75,2341.57,14513.18,7256.59
2025-06-12,STORE012,1,6.0,4602.23,681.9399999999999,3920.29,3920.29
2025-03-18,STORE016,3,23.0,17281.59,1941.8000000000002,15339.79,5113.263333333333
2025-10-28,STORE019,4,33.0,45923.55,5298.87,40624.67999999999,10156.169999999998
2025-05-19,STORE015,6,59.0,56615.53999999999,5189.129999999999,51426.41,8571.068333333335
2025-04-18,STORE009,6,49.0,45366.67,4109.01,41257.66,6876.276666666668
2025-12-21,STORE002,5,55.0,42499.31,3827.04,38672.270000000004,7734.454000000001
2025-07-31,STORE016,2,18.0,20982.199999999997,2137.06,18845.14,9422.57
2025-08-12,STORE006,5,54.0,64792.86,7753.61,57039.25,11407.85
2025-05-05,STORE006,3,23.0,33890.020000000004,3592.42,30297.600000000002,10099.2
2025-12-09,STORE008,2,18.0,16211.850000000002,1384.78,14827.07,7413.535
2025-01-11,STORE020,3,32.0,40614.82,4209.7300000000005,36405.090000000004,12135.03
2025-09-17,STORE015,1,10.0,9376.48,730.2799999999999,8646.2,8646.2
2025-07-21,STORE001,3,17.0,18435.25,1393.16,17042.090000000004,5680.696666666668
2025-07-15,STORE006,3,34.0,30696.07,2563.0299999999997,28133.04,9377.68
2025-05-16,STORE008,3,20.0,18022.62,2556.9300000000003,15465.69,5155.2300000000005
2025-01-21,STORE015,3,31.0,26432.9,1448.58,24984.32,8328.106666666667
2025-05-13,STORE016,2,10.0,16166.77,1860.35,14306.42,7153.21
2025-06-24,STORE008,3,34.0,29801.879999999997,4271.1900000000005,25530.690000000002,8510.230000000001
2025-08-08,STORE010,3,28.0,35166.04,3163.7,32002.34,10667.446666666667
2025-01-20,STORE015,6,50.0,53186.020000000004,7284.78,45901.24,7650.206666666666
2025-02-28,STORE006,2,16.0,21945.84,2167.99,19777.85,9888.925
2025-08-17,STORE019,2,5.0,5105.7,336.69000000000005,4769.01,2384.505
2025-10-25,STORE011,2,15.0,14013.9,613.94,13399.960000000001,6699.9800000000005
2025-10-06,STORE006,4,35.0,41099.06999999999,4775.78,36323.28999999999,9080.822499999998
2025-06-23,STORE007,2,13.0,5451.89,540.47,4911.42,2455.71
2025-06-04,STORE013,1,3.0,2453.05,238.07,2214.98,2214.98
2025-08-21,STORE007,1,1.0,1358.4,150.93,1207.47,1207.47
2025-06-17,STORE017,4,42.0,58780.53,5124.840000000001,53655.689999999995,13413.922499999999
2025-02-03,STORE009,1,4.0,1715.36,264.53,1450.83,1450.83
2025-03-28,STORE005,1,11.0,12645.04,1508.5700000000002,11136.470000000001,11136.470000000001
2025-07-19,STORE009,1,7.0,6725.85,621.53,6104.32,6104.32
2025-07-25,STORE020,1,5.0,593.05,77.38,515.67,515.67
2025-01-15,STORE016,1,3.0,425.58000000000004,84.44,341.14,341.14
2025-02-11,STORE010,3,24.0,23723.14,2468.6800000000003,21254.46,7084.82
2025-09-26,STORE018,4,42.0,39814.530000000006,4963.88,34850.65,8712.6625
