customer_id,total_orders,total_spend,total_items,last_order_date,average_order_value
CUST008481,4,38855.08,39.0,2025-12-22 09:24:42,9713.77
CUST006276,8,62513.280000000006,69.0,2025-12-27 01:32:02,7814.160000000001
CUST009567,6,58912.46,52.0,2025-07-07 15:11:26,9818.743333333334
CUST000771,6,53235.36,63.0,2025-08-28 09:40:31,8872.56
BAD_CUST_189,4,25644.370000000003,26.0,2025-09-23 13:03:14,6411.092500000001
CUST005190,7,52084.53,63.0,2025-12-07 18:34:54,7440.647142857143
CUST001974,4,35592.17,44.0,2025-12-11 23:13:41,8898.0425
CUST006258,6,42451.29,55.0,2025-10-06 12:38:46,7075.215
CUST000809,8,66721.25,77.0,2025-10-28 13:28:13,8340.15625
CUST005941,2,7989.8,14.0,2025-08-28 16:31:43,3994.9
CUST007021,9,60367.92,75.0,2025-12-19 21:11:58,6707.546666666666
CUST000543,8,68462.96,72.0,2025-12-19 11:46:05,8557.87
CUST006932,7,53357.75,70.0,2025-09-28 16:29:29,7622.535714285715
CUST006993,5,32523.100000000002,34.0,2025-11-13 14:52:34,6504.620000000001
CUST003786,3,32297.57,37.0,2025-09-25 11:21:32,10765.856666666667
CUST000611,8,78377.8,79.0,2025-07-23 18:45:48,9797.225
CUST009896,3,43331.7,39.0,2025-07-09 10:33:29,14443.9
CUST003166,7,57386.350000000006,56.0,2025-09-28 02:40:42,8198.050000000001
CUST000737,5,42548.840000000004,51.0,2025-11-02 13:44:42,8509.768
CUST003504,8,80207.0,84.0,2025-12-25 07:26:37,10025.875
CUST007440,5,41828.229999999996,36.0,2025-07-07 13:17:52,8365.645999999999
CUST008832,5,33796.270000000004,31.0,2025-11-18 00:32:55,6759.254000000001
CUST005427,6,45788.84,50.0,2025-12-10 11:59:17,7631.473333333332
CUST006589,8,63615.490000000005,64.0,2025-12-22 19:51:30,7951.936250000001
CUST007384,7,54372.37,67.0,2025-10-26 18:33:13,7767.481428571429
CUST007759,6,46220.87,38.0,2025-12-16 15:09:03,7703.4783333333335
CUST007726,9,67505.16,64.0,2025-12-27 13:04:56,7500.573333333334
CUST004845,7,71220.61,80.0,2025-10-30 02:11:28,10174.372857142856
CUST000589,5,38918.16,37.0,2025-12-31 17:20:04,7783.6320000000005
CUST007851,8,42735.14,55.0,2025-10-08 10:36:07,5341.8925
CUST005752,5,66010.45,60.0,2025-11-26 00:24:39,13202.09
CUST001174,5,27686.249999999996,38.0,2025-11-17 03:34:52,5537.249999999999
CUST001764,6,36432.590000000004,38.0,2025-12-19 13:32:52,6072.098333333334
CUST002109,4,29956.85,39.0,2025-11-26 06:18:11,7489.2125
CUST000084,5,39111.479999999996,48.0,2025-12-10 23:13:28,7822.295999999999
CUST003436,6,28152.699999999997,35.0,2025-12-01 15:54:33,4692.116666666666
CUST000184,3,8691.2,10.0,2025-12-21 01:59:05,2897.066666666667
CUST008626,5,25733.719999999998,36.0,2025-08-13 07:41:34,5146.744
CUST004044,6,40360.65,46.0,2025-07-20 06:47:37,6726.775000000001
CUST005116,3,25135.08,18.0,2025-09-30 16:52:55,8378.36
CUST009922,9,66943.14,73.0,2025-12-08 12:31:18,7438.126666666667
CUST004508,5,57239.26,58.0,2025-12-13 11:42:02,11447.852
CUST002554,3,18044.27,22.0,2025-08-15 02:55:31,6014.756666666667
CUST006807,2,29546.829999999998,34.0,2025-08-19 04:31:16,14773.414999999999
CUST007900,12,111022.60999999999,103.0,2025-12-31 09:43:45,9251.884166666665
CUST000492,10,86673.94,88.0,2025-12-18 17:19:36,8667.394
CUST005419,7,54421.78,62.0,2025-11-12 03:11:18,7774.54
CUST007034,6,87011.45,83.0,2025-06-25 04:59:26,14501.908333333333
CUST007633,8,49662.45,49.0,2025-07-05 09:40:49,6207.80625
CUST009980,8,64453.24,77.0,2025-12-18 13:44:13,8056.655
CUST006694,6,50522.72,56.0,2025-12-16 07:32:18,8420.453333333333
CUST008711,4,40096.33,36.0,2025-09-21 08:24:17,10024.0825
CUST003511,8,44214.39,53.0,2025-09-08 16:59:23,5526.79875
CUST003999,9,73685.76000000001,87.0,2025-11-16 02:34:18,8187.306666666667
CUST002785,5,32526.579999999998,37.0,2025-07-23 00:31:45,6505.316
CUST004734,8,55232.82,68.0,2025-09-24 16:26:03,6904.1025
CUST006150,8,57326.4,76.0,2025-07-15 08:50:53,7165.8
CUST007751,7,73560.61,64.0,2025-10-30 17:45:00,10508.658571428572
CUST002547,4,29364.15,36.0,2025-10-28 05:42:29,7341.0375
CUST008968,9,68059.35,79.0,2025-11-23 07:15:16,7562.150000000001
CUST004471,5,47445.05,46.0,2025-11-12 04:46:26,9489.01
CUST005676,7,54127.979999999996,53.0,2025-12-02 20:05:23,7732.568571428571
CUST007823,4,26619.99,33.0,2025-12-31 17:36:34,6654.9975
CUST005224,6,64137.44,67.0,2025-09-13 11:38:50,10689.573333333334
CUST006875,5,52163.55,53.0,2025-09-04 11:27:59,10432.710000000001
CUST008414,6,49767.259999999995,46.0,2025-07-18 05:00:20,8294.543333333333
CUST007361,5,35087.81,34.0,2025-11-12 21:28:55,7017.562
CUST002034,5,81575.5,74.0,2025-12-31 14:28:05,16315.1
CUST009272,4,42981.1,46.0,2025-11-15 00:57:47,10745.275
CUST005923,6,50042.76,59.0,2025-12-19 17:53:27,8340.460000000001
CUST001593,5,52051.39,58.0,2025-10-22 14:35:15,10410.278
CUST002538,5,32146.869999999995,35.0,2025-09-16 21:24:19,6429.373999999999
CUST001122,7,52767.490000000005,56.0,2025-10-26 11:15:33,7538.2128571428575
CUST009746,5,35007.08,35.0,2025-09-23 09:21:32,7001.416
CUST005305,5,32945.03,40.0,2025-12-24 13:57:52,6589.005999999999
CUST009886,0,,,,0.0
CUST003264,4,37118.13,40.0,2025-09-26 05:00:14,9279.5325
CUST002819,8,46407.149999999994,54.0,2025-09-28 04:57:40,5800.893749999999
CUST008206,7,51640.090000000004,59.0,2025-12-03 01:08:37,7377.155714285715
CUST002218,9,57841.14,69.0,2025-07-08 06:33:37,6426.793333333333
CUST008520,6,37004.909999999996,44.0,2025-12-21 05:58:12,6167.485
CUST009736,6,47472.04000000001,46.0,2025-11-24 20:35:38,7912.006666666668
CUST008621,5,38002.100000000006,50.0,2025-11-03 20:38:56,7600.420000000001
CUST002854,8,78793.70999999999,80.0,2025-12-07 18:41:28,9849.213749999999
CUST003983,4,25489.81,26.0,2025-08-19 03:06:10,6372.4525
CUST004721,2,11086.71,12.0,2025-06-29 07:06:24,5543.355
CUST008562,3,12638.619999999999,20.0,2025-07-09 16:43:56,4212.873333333333
CUST000835,3,16248.490000000002,20.0,2025-12-10 13:35:23,5416.163333333334
CUST001230,8,65619.31,82.0,2025-12-23 02:23:13,8202.41375
CUST003821,8,83272.23999999999,88.0,2025-09-24 08:38:02,10409.029999999999
CUST000605,7,57921.56,59.0,2025-12-14 13:31:04,8274.50857142857
CUST009048,8,69350.95,81.0,2025-09-24 21:54:16,8668.86875
CUST008891,4,23715.54,35.0,2025-07-06 17:16:33,5928.885
CUST004903,7,58160.01000000001,51.0,2025-12-14 09:34:29,8308.572857142859
CUST004358,4,14251.3,25.0,2025-11-02 07:08:42,3562.825
CUST006916,11,81388.68,87.0,2025-12-09 01:49:50,7398.970909090908
CUST007855,7,54890.85,54.0,2025-12-26 08:48:27,7841.55
CUST008678,6,47094.17,59.0,2025-12-27 16:48:05,7849.028333333333
CUST007707,2,28510.190000000002,28.0,2025-08-14 13:03:17,14255.095000000001
CUST004321,6,44543.63,47.0,2025-12-29 18:46:09,7423.938333333333
CUST001209,7,53948.81,63.0,2025-11-22 02:27:41,7706.972857142857
CUST004540,6,37115.99,51.0,2025-11-17 17:09:42,6185.998333333333
CUST000996,6,55568.83,58.0,2025-10-09 23:53:29,9261.471666666666
CUST002830,7,55727.770000000004,55.0,2025-12-05 14:16:46,7961.110000000001
CUST003636,5,36119.270000000004,49.0,2025-11-16 16:00:05,7223.854000000001
CUST002984,8,92460.36,93.0,2025-11-30 19:48:20,11557.545
CUST001592,5,28181.88,25.0,2025-08-14 07:29:47,5636.376
CUST005340,6,37977.13,56.0,2025-11-05 10:55:03,6329.5216666666665
CUST009733,5,54821.3,42.0,2025-07-31 14:29:27,10964.26
CUST008691,8,84124.87,94.0,2025-12-30 13:36:24,10515.60875
CUST004779,3,17317.88,17.0,2025-12-27 21:36:44,5772.626666666667
CUST006920,5,32960.8,37.0,2025-12-17 18:09:58,6592.160000000001
CUST002251,8,99137.70999999999,91.0,2025-12-10 07:39:20,12392.213749999999
CUST003780,7,66350.34,71.0,2025-12-20 13:23:31,9478.619999999999
CUST005820,4,43840.85,41.0,2025-09-24 17:42:46,10960.2125
CUST004577,9,94081.69,101.0,2025-12-16 10:31:14,10453.521111111111
CUST004575,13,118394.72000000002,123.0,2025-12-27 02:29:18,9107.286153846155
CUST004368,3,19092.33,21.0,2025-10-15 21:19:28,6364.110000000001
CUST009599,3,16781.79,17.0,2025-10-31 15:14:11,5593.93
CUST003190,7,44762.490000000005,57.0,2025-12-22 10:31:40,6394.641428571429
CUST009513,7,54922.729999999996,60.0,2025-10-30 17:03:26,7846.104285714285
CUST007124,6,52807.560000000005,63.0,2025-08-08 20:45:25,8801.26
CUST002874,14,123717.04000000001,117.0,2025-10-06 00:14:33,8836.93142857143
CUST001980,5,40556.39,57.0,2025-11-22 14:01:21,8111.278
CUST005706,10,85049.73999999999,86.0,2025-11-22 14:49:29,8504.973999999998
CUST006456,7,108359.4,98.0,2025-12-29 02:05:23,15479.914285714285
CUST001292,9,51507.11,70.0,2025-12-26 04:19:33,5723.012222222223
CUST009482,6,34922.45,32.0,2025-11-15 22:06:29,5820.408333333333
CUST009495,6,29038.61,41.0,2025-12-26 13:24:43,4839.768333333333
CUST002524,3,17404.8,21.0,2025-12-08 13:17:03,5801.599999999999
CUST000338,2,14509.710000000001,16.0,2025-08-14 19:07:39,7254.8550000000005
CUST005996,2,12685.14,10.0,2025-11-17 00:51:50,6342.57
CUST004685,7,69639.28,67.0,2025-12-23 09:56:05,9948.468571428572
CUST009662,2,23247.35,25.0,2025-12-15 11:20:00,11623.675
CUST002844,4,28281.42,29.0,2025-11-14 17:21:54,7070.355
CUST009299,8,39283.27,47.0,2025-11-16 20:13:18,4910.40875
CUST008597,5,28937.170000000002,30.0,2025-09-30 03:14:11,5787.434
CUST005848,7,37743.78,46.0,2025-12-19 05:37:59,5391.9685714285715
CUST007624,5,46560.11,48.0,2025-11-03 21:05:13,9312.022
CUST002240,8,55814.03,72.0,2025-12-27 10:59:16,6976.75375
CUST009638,9,117176.72,106.0,2025-11-08 23:07:25,13019.635555555556
CUST001119,5,40525.06,36.0,2025-12-26 04:28:22,8105.012
CUST001363,9,83543.39,91.0,2025-12-27 22:00:13,9282.59888888889
CUST005412,8,59724.259999999995,78.0,2025-12-29 17:31:52,7465.532499999999
CUST004922,8,69505.73000000001,84.0,2025-12-05 19:03:53,8688.216250000001
CUST006423,8,46021.409999999996,55.0,2025-11-19 00:46:14,5752.6762499999995
CUST003225,8,51577.43,47.0,2025-12-21 08:20:06,6447.17875
CUST000182,9,79970.03,80.0,2025-11-11 10:22:47,8885.558888888889
CUST007829,4,32889.11,39.0,2025-10-22 02:15:17,8222.2775
CUST008763,3,13769.53,16.0,2025-11-04 03:40:42,4589.843333333333
CUST005002,5,28376.08,42.0,2025-12-21 12:25:00,5675.216
CUST004943,10,70180.89,74.0,2025-12-19 20:09:58,7018.089
CUST009444,6,45166.909999999996,50.0,2025-08-11 05:58:18,7527.818333333333
CUST001189,4,18877.690000000002,32.0,2025-08-26 00:29:57,4719.422500000001
CUST005121,6,53232.100000000006,65.0,2025-09-16 20:28:39,8872.016666666668
CUST008019,8,48378.77,45.0,2025-10-25 23:19:27,6047.34625
CUST008351,4,25534.309999999998,27.0,2025-06-02 21:27:21,6383.577499999999
CUST006735,9,78741.17,81.0,2025-12-24 00:18:42,8749.018888888888
CUST000687,7,64016.86000000001,73.0,2025-12-24 23:37:31,9145.265714285715
CUST002630,7,64392.31,51.0,2025-12-06 04:16:15,9198.901428571427
CUST004148,6,53037.399999999994,66.0,2025-09-08 04:40:29,8839.566666666666
CUST009343,4,28803.82,28.0,2025-12-24 01:30:44,7200.955
CUST001193,5,47528.09,34.0,2025-11-29 13:10:37,9505.617999999999
CUST008375,8,53059.95,62.0,2025-12-26 04:34:31,6632.49375
CUST007040,2,26124.94,27.0,2025-07-14 06:36:43,13062.47
CUST001916,3,26158.120000000003,23.0,2025-06-29 13:08:54,8719.373333333335
CUST007803,4,34035.99,42.0,2025-12-12 04:46:04,8508.9975
CUST006934,4,44239.01,43.0,2025-06-27 00:28:52,11059.7525
CUST008104,3,20051.75,29.0,2025-12-26 13:29:50,6683.916666666667
CUST000082,7,38544.31,48.0,2025-11-12 00:27:07,5506.33
CUST000732,7,99110.29999999999,101.0,2025-11-02 14:40:46,14158.614285714284
CUST000406,5,54033.28999999999,56.0,2025-05-06 00:54:04,10806.658
CUST004283,3,28147.33,29.0,2025-08-29 02:02:35,9382.443333333335
CUST009210,7,67940.6,80.0,2025-10-31 14:53:49,9705.800000000001
CUST006139,3,30257.9,40.0,2025-10-14 15:34:31,10085.966666666667
CUST003237,10,65901.19,79.0,2025-11-27 21:01:59,6590.119000000001
CUST008142,4,25347.46,22.0,2025-12-26 00:43:34,6336.865
CUST005483,6,51898.29,50.0,2025-12-14 18:30:27,8649.715
CUST003625,9,68652.86,81.0,2025-11-29 09:16:12,7628.095555555556
CUST009659,3,26306.879999999997,32.0,2025-07-11 17:14:20,8768.96
CUST006927,7,68047.98,70.0,2025-11-27 17:36:45,9721.14
CUST002956,5,52879.78,45.0,2025-09-01 05:30:57,10575.956
CUST001163,3,39286.14,31.0,2025-08-15 03:52:45,13095.38
CUST002425,6,32002.969999999998,36.0,2025-12-22 04:56:39,5333.828333333333
CUST001307,8,61923.630000000005,66.0,2025-12-29 18:52:44,7740.453750000001
CUST005654,3,24424.600000000002,28.0,2025-12-02 05:57:00,8141.533333333334
CUST002704,8,59846.880000000005,64.0,2025-10-14 23:10:24,7480.860000000001
CUST009557,8,38858.19,49.0,2025-11-17 08:29:47,4857.27375
CUST008704,3,21998.57,25.0,2025-11-26 06:31:40,7332.856666666667
CUST004372,3,24199.35,26.0,2025-04-28 11:12:35,8066.45
CUST005043,7,63106.92,67.0,2025-12-21 06:46:36,9015.274285714286
CUST006480,7,59605.15,61.0,2025-12-20 05:13:43,8515.021428571428
CUST003808,8,50503.229999999996,53.0,2025-10-02 18:56:38,6312.9037499999995
CUST008460,9,85762.87,106.0,2025-11-27 20:49:29,9529.207777777778
CUST000193,6,38871.630000000005,44.0,2025-12-03 07:04:35,6478.6050000000005
CUST004639,5,22562.65,24.0,2025-12-01 16:54:49,4512.530000000001
CUST004735,5,30344.850000000002,42.0,2025-12-29 17:28:44,6068.97
CUST002581,5,41060.09,39.0,2025-09-13 12:40:37,8212.018
CUST000169,7,58164.31,64.0,2025-11-21 05:19:01,8309.187142857143
CUST008765,10,75700.31,72.0,2025-12-20 22:07:44,7570.031
CUST006212,6,46701.33,51.0,2025-11-21 04:47:37,7783.555
CUST007860,4,27101.14,29.0,2025-09-21 02:02:52,6775.285
CUST005883,8,91418.46,78.0,2025-10-22 17:07:58,11427.3075
CUST002999,4,22718.38,25.0,2025-10-04 09:23:51,5679.595
CUST002949,3,10772.42,16.0,2025-08-27 16:54:32,3590.806666666667
CUST003360,5,39586.880000000005,46.0,2025-12-20 04:12:40,7917.376000000001
CUST005253,5,33258.479999999996,28.0,2025-06-30 04:00:11,6651.695999999999
CUST006914,8,62288.9,64.0,2025-11-13 07:13:50,7786.1125
CUST005337,7,39044.47,62.0,2025-10-16 07:56:21,5577.7814285714285
CUST004419,12,92890.12,84.0,2025-12-19 20:19:34,7740.843333333333
CUST008760,5,28088.54,34.0,2025-09-28 09:50:14,5617.7080000000005
CUST008789,3,12246.66,11.0,2025-12-04 22:59:49,4082.22
CUST004236,7,79169.03,71.0,2025-12-08 19:31:18,11309.861428571428
CUST003707,5,37944.56,43.0,2025-12-09 15:50:06,7588.911999999999
CUST003740,7,78379.53,81.0,2025-10-03 07:00:34,11197.075714285715
CUST006547,8,63797.759999999995,75.0,2025-11-28 21:30:38,7974.719999999999
CUST006968,6,45764.11,58.0,2025-11-14 06:28:55,7627.3516666666665
CUST000636,7,68823.68,70.0,2025-12-22 05:06:39,9831.954285714284
CUST002063,6,50370.770000000004,43.0,2025-10-30 05:03:16,8395.128333333334
CUST002699,8,72744.88,70.0,2025-12-22 13:29:17,9093.11
CUST005969,7,32323.889999999996,35.0,2025-11-08 00:33:40,4617.698571428571
CUST008015,3,17020.43,22.0,2025-11-07 16:03:29,5673.4766666666665
CUST008767,7,67264.89,66.0,2025-11-29 03:00:17,9609.27
CUST004274,9,61590.29,63.0,2025-12-12 10:56:31,6843.365555555556
CUST003137,3,33212.03999999999,27.0,2025-08-08 23:39:20,11070.679999999998
CUST006906,4,24025.82,24.0,2025-05-19 17:02:46,6006.455
CUST006831,6,22103.52,29.0,2025-10-21 20:57:56,3683.92
CUST003738,6,34563.71000000001,48.0,2025-11-05 04:53:18,5760.618333333335
CUST009284,7,46611.53,46.0,2025-11-10 12:28:26,6658.79
CUST006827,7,67858.0,58.0,2025-11-06 14:11:43,9694.0
CUST000015,6,68889.3,61.0,2025-12-15 12:38:28,11481.550000000001
CUST005274,2,19899.78,25.0,2025-11-06 13:06:39,9949.89
CUST007660,4,50324.68000000001,42.0,2025-12-27 10:23:15,12581.170000000002
CUST006448,10,105700.24000000002,107.0,2025-12-19 21:07:19,10570.024000000001
CUST001858,5,43016.95,50.0,2025-11-17 12:59:46,8603.39
CUST000007,7,85450.12000000001,85.0,2025-12-26 05:15:27,12207.160000000002
CUST003966,10,84798.78,94.0,2025-12-06 02:00:47,8479.878
CUST006860,3,8909.74,16.0,2025-11-19 14:17:25,2969.9133333333334
CUST002576,1,1579.74,1.0,2025-12-03 04:41:36,1579.74
CUST005297,5,47850.45,45.0,2025-12-01 09:08:37,9570.09
CUST006995,5,30411.41,41.0,2025-09-29 19:10:11,6082.282
CUST007598,10,55371.86,66.0,2025-12-14 15:43:31,5537.186
CUST001098,2,25194.69,25.0,2025-06-22 06:25:13,12597.345
CUST009275,2,37970.740000000005,33.0,2025-07-18 03:06:49,18985.370000000003
CUST000627,6,41744.22,47.0,2025-12-13 10:38:45,6957.37
CUST003375,7,61134.35,60.0,2025-11-05 07:38:40,8733.478571428572
CUST006070,7,45478.87,49.0,2025-08-25 04:11:20,6496.981428571429
CUST006256,3,24845.64,25.0,2025-10-10 15:58:04,8281.88
CUST000664,8,52734.600000000006,67.0,2025-10-20 09:42:58,6591.825000000001
CUST009216,4,52278.479999999996,48.0,2025-11-01 10:19:08,13069.619999999999
CUST009424,4,26619.05,27.0,2025-08-30 08:40:06,6654.7625
CUST005275,5,55139.049999999996,48.0,2025-12-04 18:51:05,11027.81
CUST002058,6,50317.42999999999,52.0,2025-09-14 09:08:39,8386.238333333333
CUST009821,7,63772.93000000001,70.0,2025-11-15 16:27:09,9110.418571428572
CUST006495,4,21872.9,26.0,2025-11-12 03:36:34,5468.225
CUST003541,9,64052.13,84.0,2025-12-24 01:27:34,7116.903333333333
CUST008904,9,46277.58,65.0,2025-12-28 08:36:21,5141.953333333334
CUST002194,7,70225.95999999999,68.0,2025-12-20 06:28:42,10032.279999999999
CUST007205,6,46224.590000000004,58.0,2025-12-28 12:11:46,7704.098333333334
CUST000488,3,14626.09,19.0,2025-08-16 02:00:31,4875.363333333334
CUST004730,4,38931.85,31.0,2025-11-12 23:26:51,9732.9625
CUST008210,5,35287.53,36.0,2025-10-23 07:11:51,7057.505999999999
CUST005794,5,42239.08,37.0,2025-11-21 18:24:08,8447.816
CUST000595,5,27343.97,29.0,2025-12-01 19:22:39,5468.794
CUST000099,8,58283.00000000001,62.0,2025-12-27 04:11:54,7285.375000000001
CUST004406,7,71008.38,64.0,2025-09-22 08:10:49,10144.054285714286
CUST000346,7,38805.850000000006,55.0,2025-12-14 10:22:12,5543.692857142858
CUST001435,9,80614.28,91.0,2025-12-10 21:28:25,8957.142222222223
CUST003309,7,91476.09,85.0,2025-11-12 10:40:15,13068.012857142856
CUST006986,3,11225.96,13.0,2025-10-27 17:10:44,3741.986666666666
CUST002123,3,5805.1900000000005,8.0,2025-11-26 11:10:46,1935.0633333333335
CUST008243,5,26937.79,35.0,2025-12-27 06:15:48,5387.558
CUST000111,4,35345.61,32.0,2025-06-13 16:56:33,8836.4025
CUST008039,5,33571.89,34.0,2025-08-06 06:53:16,6714.378
CUST003560,7,46309.14,54.0,2025-12-29 20:29:34,6615.591428571429
CUST008339,6,57702.54,58.0,2025-11-23 03:08:10,9617.09
CUST004210,8,66869.25,78.0,2025-11-18 14:36:23,8358.65625
CUST002544,7,57987.600000000006,58.0,2025-11-02 10:44:28,8283.942857142858
CUST006383,7,74438.72,66.0,2025-12-18 14:26:14,10634.102857142858
CUST004316,4,21751.17,18.0,2025-09-14 20:46:46,5437.7925
CUST000542,5,20334.94,28.0,2025-11-05 18:17:50,4066.988
CUST006188,10,79731.65000000001,92.0,2025-11-15 23:47:08,7973.165000000001
CUST007635,5,49341.689999999995,50.0,2025-12-02 05:13:22,9868.338
CUST003082,8,85298.06,99.0,2025-10-29 21:53:23,10662.2575
CUST005250,5,38438.100000000006,53.0,2025-12-18 06:44:52,7687.620000000001
CUST005429,5,49754.07,49.0,2025-12-29 14:43:04,9950.814
CUST001419,9,64223.92,61.0,2025-09-08 07:12:23,7135.9911111111105
CUST006840,9,83846.29999999999,95.0,2025-12-08 00:45:32,9316.255555555554
CUST002573,9,48171.350000000006,58.0,2025-12-02 15:57:21,5352.372222222223
CUST002036,8,72287.34000000001,87.0,2025-10-11 17:19:56,9035.917500000001
CUST009729,4,39412.7,39.0,2025-12-06 13:41:41,9853.175
CUST007808,5,26637.850000000002,33.0,2025-10-22 19:59:15,5327.570000000001
CUST001377,9,73296.7,84.0,2025-12-13 07:46:19,8144.077777777778
CUST007826,5,39653.42,53.0,2025-10-10 07:29:57,7930.683999999999
CUST007170,8,63797.770000000004,67.0,2025-10-30 14:22:17,7974.7212500000005
CUST009199,7,86492.01,89.0,2025-12-12 20:11:03,12356.001428571428
CUST008097,2,15699.64,23.0,2025-12-01 10:46:57,7849.82
CUST006269,8,71355.68000000001,83.0,2025-12-31 09:22:24,8919.460000000001
CUST008911,5,57450.630000000005,59.0,2025-11-23 02:04:07,11490.126
CUST004640,5,41346.17,46.0,2025-12-14 13:51:06,8269.234
CUST006760,6,59851.26999999999,59.0,2025-12-12 16:23:43,9975.211666666664
CUST001245,6,46603.89,52.0,2025-11-15 20:38:28,7767.315
CUST001399,11,77863.56,91.0,2025-12-17 13:59:47,7078.505454545454
CUST009330,5,38920.97,41.0,2025-11-28 14:53:20,7784.194
CUST002903,2,17550.119999999995,14.0,2025-10-25 01:25:54,8775.059999999998
CUST003306,7,58235.33,57.0,2025-12-07 10:34:57,8319.332857142857
CUST007979,5,32353.100000000002,31.0,2025-12-16 22:24:45,6470.620000000001
CUST005974,6,46638.37,47.0,2025-12-07 12:10:32,7773.061666666667
CUST007625,6,36067.78,46.0,2025-12-23 15:18:07,6011.296666666666
CUST006133,6,47183.16,42.0,2025-12-30 18:52:54,7863.860000000001
CUST001960,7,54303.79000000001,64.0,2025-11-13 10:34:42,7757.6842857142865
CUST005120,5,42522.60999999999,49.0,2025-05-07 02:40:29,8504.521999999999
CUST003703,5,35967.97,48.0,2025-10-01 06:50:15,7193.594
CUST002379,5,57974.01,56.0,2025-08-02 16:32:51,11594.802
CUST005268,6,39343.67,58.0,2025-12-18 02:23:28,6557.278333333333
CUST006110,7,57479.6,51.0,2025-12-30 05:07:51,8211.371428571429
CUST003996,3,14604.79,17.0,2025-10-29 07:19:44,4868.263333333333
CUST000871,6,40482.509999999995,41.0,2025-09-30 00:22:28,6747.084999999999
CUST007676,3,31838.879999999997,40.0,2025-11-22 00:09:32,10612.96
CUST005464,4,38842.07,34.0,2025-12-24 03:55:36,9710.5175
CUST006964,6,39621.31,37.0,2025-12-01 08:43:46,6603.551666666666
CUST006364,6,74986.91999999998,78.0,2025-12-27 00:20:17,12497.819999999998
CUST001686,2,26815.249999999996,19.0,2025-12-24 04:26:52,13407.624999999998
CUST004190,9,63627.31,73.0,2025-11-27 03:56:49,7069.701111111111
CUST005360,7,45759.5,38.0,2025-11-27 02:15:15,6537.071428571428
CUST008301,7,55781.95,65.0,2025-12-03 05:49:18,7968.849999999999
CUST009219,4,49924.18,50.0,2025-11-15 11:14:00,12481.045
CUST003084,6,45407.219999999994,55.0,2025-12-28 22:55:04,7567.869999999999
CUST009418,6,49076.340000000004,51.0,2025-10-07 06:21:59,8179.39
CUST008915,7,48951.51,53.0,2025-09-05 20:19:44,6993.072857142857
CUST008469,6,51980.8,52.0,2025-11-19 19:25:05,8663.466666666667
CUST009430,3,39739.08,42.0,2025-09-06 14:07:07,13246.36
CUST008098,7,102648.17000000001,89.0,2025-12-10 04:44:02,14664.024285714288
CUST003642,6,58592.02,57.0,2025-12-14 06:26:43,9765.336666666666
CUST009183,6,70988.06,69.0,2025-12-13 08:30:06,11831.343333333332
CUST001102,9,68466.79000000001,68.0,2025-12-18 06:12:22,7607.421111111112
CUST000363,6,70014.52,68.0,2025-12-22 07:28:00,11669.086666666668
CUST001156,5,67131.63,56.0,2025-12-25 14:16:12,13426.326000000001
CUST008194,6,46465.93,49.0,2025-12-14 13:04:24,7744.321666666667
CUST000701,7,46855.32000000001,53.0,2025-12-01 09:33:21,6693.617142857144
CUST004583,5,34780.42,41.0,2025-07-23 03:54:07,6956.084
CUST009848,4,19787.0,23.0,2025-12-06 07:14:59,4946.75
CUST005131,9,67174.83,67.0,2025-12-28 05:22:10,7463.87
CUST002922,6,79125.26000000001,78.0,2025-12-15 19:55:31,13187.543333333335
CUST004127,5,23000.859999999997,30.0,2025-10-14 08:59:18,4600.172
CUST004887,5,29161.059999999998,38.0,2025-12-25 16:32:55,5832.2119999999995
CUST009404,9,61735.69000000001,86.0,2025-12-31 12:00:16,6859.521111111112
CUST009347,2,10563.74,11.0,2025-12-19 11:47:45,5281.87
CUST000534,5,26371.559999999998,31.0,2025-10-29 22:59:27,5274.312
CUST000455,5,58090.86,58.0,2025-07-08 18:56:19,11618.172
CUST002230,3,22762.31,24.0,2025-07-01 11:30:29,7587.436666666667
CUST009882,4,19397.449999999997,19.0,2025-05-25 16:30:45,4849.362499999999
CUST002834,11,97700.26000000001,101.0,2025-12-15 18:27:57,8881.84181818182
CUST009452,1,1682.8,4.0,2025-11-16 09:10:14,1682.8
CUST001339,4,26719.35,27.0,2025-08-04 15:47:30,6679.8375
CUST006687,9,66682.15,72.0,2025-10-05 20:41:19,7409.127777777777
CUST003887,7,69773.76,65.0,2025-11-23 11:12:03,9967.679999999998
CUST002602,5,43093.72,45.0,2025-08-19 13:45:11,8618.744
CUST006942,12,69076.13,73.0,2025-12-17 06:16:55,5756.344166666667
CUST005032,4,26728.68,40.0,2025-08-25 07:33:39,6682.17
CUST007943,7,55400.770000000004,51.0,2025-12-18 11:47:34,7914.395714285715
CUST007101,8,53058.030000000006,59.0,2025-12-28 03:06:11,6632.253750000001
CUST009298,4,20599.06,29.0,2025-09-24 10:09:01,5149.765
CUST004843,8,43815.88,63.0,2025-12-12 14:05:49,5476.985
CUST009448,5,33934.32,42.0,2025-12-21 04:18:21,6786.864
CUST008493,7,82662.35,92.0,2025-08-15 08:21:04,11808.907142857144
CUST007950,4,39823.409999999996,40.0,2025-10-24 07:30:42,9955.852499999999
CUST008400,2,18705.12,21.0,2025-10-09 08:08:24,9352.56
CUST004032,4,15946.79,22.0,2025-11-17 19:55:40,3986.6975
CUST004300,7,40040.61,41.0,2025-12-09 09:10:22,5720.087142857143
CUST002939,11,97698.81999999999,109.0,2025-11-17 12:10:36,8881.710909090909
CUST008420,6,35635.81999999999,38.0,2025-12-03 02:21:29,5939.303333333332
CUST002212,3,25760.739999999998,26.0,2025-10-17 06:56:01,8586.913333333332
CUST006963,4,40600.95,50.0,2025-09-30 07:52:47,10150.2375
CUST000833,6,44708.57000000001,60.0,2025-07-24 15:43:55,7451.428333333334
CUST005543,9,64230.93,76.0,2025-11-11 18:18:40,7136.77
CUST003301,5,38046.32,28.0,2025-11-18 20:39:42,7609.264
CUST006449,3,14396.82,14.0,2025-11-16 20:22:13,4798.94
CUST003173,6,35290.56,39.0,2025-12-04 05:38:15,5881.759999999999
CUST004120,3,19514.3,28.0,2025-08-25 20:20:37,6504.766666666666
CUST002162,6,51527.450000000004,64.0,2025-12-13 02:37:54,8587.908333333335
CUST006566,6,31940.81,36.0,2025-12-17 21:55:23,5323.468333333333
CUST007761,5,53202.229999999996,55.0,2025-10-14 02:17:05,10640.446
CUST002712,7,52059.630000000005,63.0,2025-10-19 23:14:09,7437.090000000001
CUST006381,6,42933.46000000001,40.0,2025-11-25 17:28:41,7155.576666666668
CUST007054,4,41798.11,41.0,2025-08-16 21:20:04,10449.5275
CUST006485,7,76815.45,76.0,2025-09-17 03:32:28,10973.635714285714
CUST005023,4,35656.89,46.0,2025-08-13 12:48:50,8914.2225
CUST004719,7,45485.15,51.0,2025-08-30 22:36:21,6497.878571428571
CUST004707,2,6847.63,9.0,2025-12-27 06:21:21,3423.815
CUST007265,5,37795.66,34.0,2025-10-06 16:26:32,7559.1320000000005
CUST000336,2,13410.59,19.0,2025-10-27 02:33:49,6705.295
CUST000726,4,29820.93,32.0,2025-11-30 10:24:46,7455.2325
CUST003793,3,16692.27,22.0,2025-12-08 10:12:46,5564.09
CUST005127,7,58816.64,79.0,2025-12-05 04:14:49,8402.377142857144
CUST001892,4,40082.25,43.0,2025-12-14 16:14:02,10020.5625
CUST005370,5,13184.830000000002,21.0,2025-11-26 19:58:05,2636.9660000000003
CUST006643,7,84059.82999999999,83.0,2025-11-27 03:52:02,12008.547142857142
CUST008769,7,50959.99,50.0,2025-12-15 02:34:08,7279.998571428571
CUST009525,5,39316.87,44.0,2025-11-20 11:00:26,7863.374000000001
CUST002070,6,43666.72,50.0,2025-12-29 08:57:41,7277.786666666667
CUST002536,7,52603.490000000005,55.0,2025-10-19 07:35:33,7514.784285714287
CUST004602,7,58524.54000000001,68.0,2025-12-19 19:26:50,8360.648571428572
CUST004035,5,56767.100000000006,57.0,2025-12-25 19:27:30,11353.420000000002
CUST009781,2,24955.67,26.0,2025-08-09 06:17:21,12477.835
CUST009849,7,68232.36,58.0,2025-09-28 17:20:38,9747.48
CUST007086,6,31983.94,36.0,2025-12-19 14:13:24,5330.656666666667
CUST004238,7,45944.920000000006,53.0,2025-11-13 11:32:18,6563.56
CUST005726,5,44714.58,45.0,2025-12-29 15:45:46,8942.916000000001
CUST000626,8,57553.81000000001,67.0,2025-09-21 14:08:07,7194.2262500000015
CUST002914,13,121732.68000000001,129.0,2025-12-21 13:19:34,9364.05230769231
CUST008723,6,72148.47,68.0,2025-11-16 08:10:42,12024.745
CUST000734,7,57570.46,53.0,2025-12-02 23:11:21,8224.351428571428
CUST004090,9,84100.77,85.0,2025-11-26 15:11:39,9344.53
CUST008183,4,24077.44,39.0,2025-12-07 09:50:24,6019.36
CUST007491,4,44644.14,39.0,2025-08-29 16:42:50,11161.035
CUST007790,7,57379.05,63.0,2025-11-07 04:42:41,8197.007142857143
CUST004438,8,83545.38,95.0,2025-11-25 11:14:51,10443.1725
CUST006475,6,39925.14000000001,47.0,2025-07-15 14:40:26,6654.190000000001
CUST007745,5,37880.89,38.0,2025-10-29 00:02:00,7576.178
CUST002337,3,35152.11,34.0,2025-12-29 21:36:28,11717.37
CUST006852,4,49811.79,45.0,2025-10-20 04:35:36,12452.9475
CUST004284,6,45390.21,61.0,2025-10-23 06:09:47,7565.035
CUST009333,4,12186.15,14.0,2025-12-15 03:26:10,3046.5375
CUST006554,9,59376.55,76.0,2025-11-18 07:11:43,6597.394444444445
CUST008688,5,55148.86,49.0,2025-11-02 19:36:55,11029.772
CUST007172,5,42426.55,44.0,2025-10-24 16:04:28,8485.310000000001
CUST007555,5,24252.32,44.0,2025-12-29 11:07:28,4850.464
CUST007181,7,60321.06999999999,67.0,2025-10-18 11:24:20,8617.295714285714
CUST008250,12,89272.95999999999,92.0,2025-12-22 19:53:12,7439.413333333333
CUST009456,2,24225.460000000003,23.0,2025-10-24 07:02:42,12112.730000000001
CUST003310,11,82577.76,99.0,2025-12-31 10:22:44,7507.069090909091
CUST002187,5,44900.4,47.0,2025-12-06 08:36:44,8980.08
CUST006676,8,72425.1,74.0,2025-11-26 23:17:04,9053.1375
CUST003764,5,46989.57,49.0,2025-09-19 03:47:39,9397.914
CUST006741,4,26164.16,43.0,2025-06-29 05:58:48,6541.04
CUST006810,6,33290.48,47.0,2025-12-10 06:08:07,5548.413333333334
CUST006935,7,86419.98000000001,88.0,2025-12-13 04:01:15,12345.71142857143
CUST003701,4,28956.14,36.0,2025-12-23 11:18:33,7239.035
CUST003321,8,82433.79,80.0,2025-12-30 14:51:20,10304.22375
CUST002754,6,48640.98,51.0,2025-11-30 07:41:29,8106.830000000001
CUST001982,10,37021.55,46.0,2025-11-30 19:44:02,3702.155
CUST002095,3,18167.22,18.0,2025-11-10 04:05:46,6055.740000000001
CUST001645,4,53036.9,62.0,2025-12-21 02:33:28,13259.225
CUST001485,8,65485.85,58.0,2025-11-27 23:04:30,8185.73125
CUST009415,7,82035.04,86.0,2025-12-10 05:05:30,11719.291428571427
CUST006112,2,10703.67,13.0,2025-07-16 17:07:19,5351.835
CUST009527,5,18788.29,30.0,2025-12-30 12:23:06,3757.6580000000004
CUST003998,6,61875.270000000004,64.0,2025-10-21 22:42:06,10312.545
CUST003621,6,34749.9,37.0,2025-12-10 16:41:24,5791.650000000001
CUST002273,6,54224.5,57.0,2025-11-23 20:05:15,9037.416666666666
CUST006576,4,44521.36,56.0,2025-12-21 15:30:19,11130.34
CUST006371,3,13642.62,25.0,2025-12-12 10:41:36,4547.54
CUST000085,5,57752.77,56.0,2025-12-12 10:19:04,11550.554
CUST004270,3,22900.28,29.0,2025-12-15 18:16:04,7633.426666666666
CUST000328,5,72917.30000000002,56.0,2025-11-26 03:19:12,14583.460000000003
CUST001420,9,56016.32,61.0,2025-11-15 05:04:38,6224.035555555555
CUST003889,8,76261.64,71.0,2025-10-23 13:15:41,9532.705
CUST008750,3,32457.27,36.0,2025-12-05 15:15:15,10819.09
CUST009766,6,66996.87000000001,54.0,2025-10-26 18:24:19,11166.145000000002
CUST008992,5,30297.260000000002,39.0,2025-11-18 01:38:33,6059.452
CUST004776,8,60182.32,59.0,2025-12-27 15:03:33,7522.79
CUST002098,4,23469.18,24.0,2025-09-20 04:58:24,5867.295
CUST009421,8,46735.17,51.0,2025-11-11 17:26:34,5841.89625
CUST007379,4,34563.58,41.0,2025-09-09 04:12:52,8640.895
CUST006320,6,54902.37999999999,63.0,2025-11-02 17:06:50,9150.396666666666
CUST006094,7,84341.78,87.0,2025-06-10 12:11:45,12048.825714285715
CUST000568,8,73785.55,67.0,2025-11-05 00:20:31,9223.19375
CUST008708,4,27202.92,37.0,2025-12-24 23:18:01,6800.73
CUST008505,7,57524.079999999994,67.0,2025-12-16 17:34:32,8217.725714285714
CUST003788,7,65994.76999999999,55.0,2025-11-29 05:02:17,9427.824285714285
CUST007000,8,32391.08,34.0,2025-11-27 04:09:25,4048.885
CUST006967,2,15197.830000000002,22.0,2025-08-13 16:50:55,7598.915000000001
CUST004039,4,38471.53,41.0,2025-12-22 07:18:19,9617.8825
CUST004220,10,84890.28,99.0,2025-12-19 13:25:57,8489.028
CUST008871,1,9420.130000000001,12.0,2025-07-23 05:32:33,9420.130000000001
CUST008803,8,74177.23000000001,69.0,2025-10-22 02:20:50,9272.153750000001
CUST009416,12,101878.17,99.0,2025-12-20 12:41:01,8489.8475
CUST003292,8,61933.47,60.0,2025-12-17 23:51:06,7741.68375
CUST001262,9,81700.07,75.0,2025-12-15 18:46:32,9077.785555555556
CUST002589,7,45203.729999999996,51.0,2025-12-25 11:07:34,6457.675714285714
CUST005339,7,24138.46,30.0,2025-11-28 17:03:17,3448.3514285714286
CUST004628,8,42497.41,44.0,2025-12-22 11:20:02,5312.17625
CUST003649,6,44356.46000000001,55.0,2025-10-10 18:06:56,7392.743333333335
CUST001200,6,36346.56,32.0,2025-10-22 00:24:45,6057.759999999999
CUST002343,10,87090.82,76.0,2025-11-15 21:10:48,8709.082
CUST003004,5,40930.42,53.0,2025-05-08 17:30:53,8186.084
CUST004441,3,59118.59,50.0,2025-07-26 20:12:13,19706.196666666667
CUST001675,8,70532.29000000001,78.0,2025-12-13 16:18:01,8816.536250000001
CUST005011,6,44190.090000000004,51.0,2025-12-18 02:16:46,7365.015
CUST007817,8,57582.28,64.0,2025-12-09 11:19:18,7197.785
CUST002674,4,27659.89,35.0,2025-12-19 13:47:26,6914.9725
CUST009296,4,14163.48,17.0,2025-11-22 07:25:51,3540.87
CUST006412,4,35541.66,31.0,2025-10-15 13:49:31,8885.415
CUST000040,5,57232.38,51.0,2025-12-11 00:52:33,11446.475999999999
CUST005317,6,48053.99999999999,54.0,2025-11-16 20:21:35,8008.999999999999
CUST004972,4,26712.05,31.0,2025-11-22 04:03:49,6678.0125
CUST005869,6,43626.299999999996,45.0,2025-11-11 05:51:41,7271.049999999999
CUST001950,6,49017.62999999999,42.0,2025-08-17 18:36:15,8169.604999999999
CUST008724,4,28516.800000000003,27.0,2025-09-28 11:52:34,7129.200000000001
CUST009756,6,27236.809999999998,26.0,2025-12-22 11:00:04,4539.468333333333
CUST009724,5,38232.75,47.0,2025-10-11 03:59:58,7646.55
CUST009946,5,48921.05,40.0,2025-08-02 21:03:36,9784.210000000001
CUST008976,6,36854.46,50.0,2025-12-28 01:23:04,6142.41
CUST000545,9,85136.20999999999,95.0,2025-12-08 04:26:31,9459.578888888887
CUST003366,9,61658.600000000006,69.0,2025-09-23 07:31:02,6850.955555555556
CUST005001,5,24289.199999999997,33.0,2025-09-28 16:14:11,4857.839999999999
CUST003104,8,71262.38,76.0,2025-12-27 13:32:38,8907.7975
CUST001282,6,58602.19,66.0,2025-10-13 07:01:48,9767.031666666668
CUST002350,9,101906.04000000001,110.0,2025-10-08 06:55:30,11322.893333333333
CUST001077,8,67285.43000000001,60.0,2025-12-02 08:12:59,8410.678750000001
CUST004350,5,49040.149999999994,48.0,2025-12-31 14:07:27,9808.029999999999
CUST001827,4,56243.530000000006,56.0,2025-11-07 22:25:51,14060.882500000002
CUST008085,6,42871.62,38.0,2025-11-23 09:46:18,7145.27
CUST007675,6,27103.96,38.0,2025-12-22 21:27:50,4517.326666666667
CUST004939,9,73034.36,80.0,2025-09-29 10:49:58,8114.928888888889
CUST005965,7,34671.86,52.0,2025-11-29 04:46:47,4953.122857142857
CUST004147,5,34451.770000000004,39.0,2025-11-18 03:26:05,6890.354000000001
CUST004677,8,69720.06999999999,67.0,2025-12-13 02:05:00,8715.008749999999
CUST007989,6,31116.81,36.0,2025-09-23 08:48:07,5186.135
CUST009205,3,24961.699999999997,30.0,2025-06-24 00:52:46,8320.566666666666
CUST008124,5,52166.4,55.0,2025-10-28 09:27:21,10433.28
CUST003590,10,66242.03,62.0,2025-12-26 12:59:33,6624.2029999999995
CUST004522,7,80773.44999999998,79.0,2025-07-14 20:02:37,11539.064285714283
CUST008326,5,28599.38,37.0,2025-12-20 20:56:04,5719.876
CUST009458,9,83737.1,88.0,2025-08-01 03:07:31,9304.122222222222
CUST007453,5,37488.67,48.0,2025-11-11 16:50:22,7497.7339999999995
CUST008742,8,82401.15,70.0,2025-12-02 19:26:26,10300.14375
CUST001808,7,65312.11,69.0,2025-10-04 11:13:58,9330.301428571429
CUST007268,7,71234.54999999999,73.0,2025-12-11 10:58:16,10176.364285714284
CUST000879,5,35286.88,44.0,2025-12-14 21:51:08,7057.375999999999
CUST005454,8,60756.979999999996,65.0,2025-11-23 18:49:49,7594.6224999999995
CUST002492,3,30428.239999999998,33.0,2025-10-20 13:16:00,10142.746666666666
CUST003017,6,50844.990000000005,51.0,2025-11-01 17:26:55,8474.165
CUST008211,4,32111.739999999998,36.0,2025-08-13 14:25:04,8027.9349999999995
CUST004360,4,23234.73,26.0,2025-11-28 01:47:32,5808.6825
CUST000799,5,26562.969999999998,31.0,2025-12-02 19:18:49,5312.593999999999
CUST003954,5,50317.630000000005,45.0,2025-10-10 09:20:14,10063.526000000002
CUST008038,11,95578.44,83.0,2025-11-27 18:40:08,8688.949090909091
CUST009303,8,29876.37,33.0,2025-12-16 01:17:52,3734.54625
CUST009984,5,59016.85,58.0,2025-10-18 16:02:31,11803.369999999999
CUST002051,5,32308.86,38.0,2025-12-03 07:26:35,6461.772
CUST005775,4,21219.39,32.0,2025-12-26 05:54:58,5304.8475
CUST006727,11,109274.96999999999,109.0,2025-12-31 05:49:40,9934.08818181818
CUST003557,5,47650.62000000001,47.0,2025-10-28 01:43:14,9530.124000000002
CUST000325,9,58015.44,64.0,2025-11-14 07:48:28,6446.16
CUST008275,5,42961.979999999996,41.0,2025-12-11 12:42:21,8592.395999999999
CUST005973,3,31881.72,27.0,2025-08-19 10:35:51,10627.24
CUST003114,3,27090.48,30.0,2025-11-30 04:03:09,9030.16
CUST006400,6,58398.899999999994,60.0,2025-11-05 17:27:07,9733.15
CUST006291,12,96325.04000000001,103.0,2025-12-11 17:31:03,8027.086666666667
CUST002514,4,35558.39,41.0,2025-09-27 09:01:09,8889.5975
CUST008337,9,72862.64,77.0,2025-12-08 10:48:41,8095.848888888889
CUST006303,7,38264.240000000005,48.0,2025-12-18 04:30:38,5466.320000000001
CUST009419,4,47796.91,44.0,2025-12-17 12:18:46,11949.2275
CUST009952,8,40766.73,47.0,2025-11-28 17:07:08,5095.84125
CUST005746,2,4062.76,9.0,2025-03-05 22:27:50,2031.38
CUST002354,11,85378.0,82.0,2025-10-23 10:08:40,7761.636363636364
CUST005744,6,32233.370000000003,41.0,2025-11-28 16:22:04,5372.2283333333335
CUST004510,7,61179.439999999995,51.0,2025-11-24 16:29:39,8739.92
CUST006148,5,16598.55,28.0,2025-12-07 16:16:06,3319.71
CUST007874,5,36498.54000000001,39.0,2025-10-20 00:33:36,7299.708000000001
CUST001104,4,42695.83,36.0,2025-12-04 22:47:48,10673.9575
CUST004161,6,43242.26,49.0,2025-10-27 15:13:55,7207.043333333334
CUST008001,6,46428.03999999999,47.0,2025-11-10 19:34:58,7738.006666666665
CUST000630,7,57303.66,50.0,2025-12-12 18:11:00,8186.237142857143
CUST008283,9,92913.15000000001,105.0,2025-11-03 18:44:26,10323.683333333334
CUST006341,4,23837.68,26.0,2025-11-29 19:27:40,5959.42
CUST006085,5,32105.810000000005,39.0,2025-11-21 20:26:52,6421.162000000001
CUST008863,8,59612.38,57.0,2025-11-30 17:00:57,7451.5475
CUST007291,3,19357.94,26.0,2025-12-05 07:42:18,6452.6466666666665
CUST002506,4,53345.84,48.0,2025-07-20 21:39:11,13336.46
CUST004426,4,43784.509999999995,41.0,2025-11-23 14:17:43,10946.127499999999
CUST009777,4,34070.34,41.0,2025-10-19 06:35:41,8517.585
CUST005812,11,74145.82999999999,74.0,2025-09-19 06:25:31,6740.529999999999
CUST008128,5,53254.05,59.0,2025-10-03 16:47:05,10650.810000000001
CUST009074,7,50003.50000000001,49.0,2025-09-06 19:26:16,7143.357142857144
CUST006244,3,17209.93,20.0,2025-08-11 15:27:44,5736.643333333333
CUST007184,8,47078.939999999995,57.0,2025-12-29 08:49:02,5884.867499999999
CUST005129,7,47027.600000000006,54.0,2025-12-02 13:47:23,6718.228571428573
CUST002403,11,94218.43000000001,82.0,2025-12-28 10:42:25,8565.311818181819
CUST006098,5,47468.64,56.0,2025-11-26 09:00:56,9493.728
CUST008163,11,74861.33,86.0,2025-11-26 06:51:10,6805.575454545455
CUST000269,9,72643.49,73.0,2025-11-23 19:10:35,8071.498888888889
CUST006066,7,45186.299999999996,49.0,2025-12-03 03:25:23,6455.185714285713
CUST006954,8,52400.950000000004,60.0,2025-11-15 10:21:54,6550.118750000001
CUST001417,5,51595.14000000001,49.0,2025-10-20 09:30:06,10319.028000000002
CUST008170,8,83466.22,77.0,2025-12-09 02:14:06,10433.2775
CUST006286,5,54205.38,45.0,2025-12-16 05:27:56,10841.076
CUST009763,8,57248.46,74.0,2025-12-02 23:15:41,7156.0575
CUST000233,7,63107.31999999999,79.0,2025-12-27 07:11:10,9015.331428571428
CUST008575,6,51142.77999999999,48.0,2025-11-15 02:53:22,8523.796666666665
CUST007084,6,60706.11,55.0,2025-12-22 14:06:46,10117.685
CUST003340,4,38656.799999999996,39.0,2025-11-23 05:38:06,9664.199999999999
CUST002938,9,86922.01999999999,86.0,2025-11-17 18:19:09,9658.002222222221
CUST008294,4,43931.770000000004,50.0,2025-11-21 01:56:09,10982.942500000001
CUST004437,7,76962.19,65.0,2025-09-23 00:41:26,10994.598571428573
CUST004087,6,57680.33,49.0,2025-12-12 05:23:53,9613.388333333334
CUST005198,6,53892.59,66.0,2025-11-03 07:23:19,8982.098333333333
CUST005662,6,57442.18000000001,63.0,2025-11-15 15:28:05,9573.696666666669
CUST009118,8,45235.630000000005,47.0,2025-12-06 20:43:16,5654.453750000001
CUST005833,4,23689.95,36.0,2025-11-21 04:36:06,5922.4875
CUST006560,9,85002.56,86.0,2025-11-30 13:44:51,9444.728888888889
CUST003324,2,26019.36,25.0,2025-07-14 00:58:01,13009.68
CUST002743,6,42300.16,56.0,2025-12-19 06:47:15,7050.026666666668
CUST005578,10,65836.86,63.0,2025-12-04 06:56:15,6583.686
CUST001653,9,55590.26,74.0,2025-12-25 15:20:10,6176.695555555556
CUST000659,6,55202.73,55.0,2025-09-25 05:56:31,9200.455
CUST005797,6,40187.100000000006,48.0,2025-09-13 09:51:44,6697.850000000001
CUST004267,3,19800.370000000003,22.0,2025-11-11 00:36:33,6600.123333333334
CUST006813,7,45346.340000000004,62.0,2025-12-21 19:31:45,6478.048571428572
CUST005938,7,39903.26,53.0,2025-11-13 06:11:41,5700.465714285715
CUST008744,9,76362.82,94.0,2025-12-29 16:56:31,8484.757777777779
CUST000721,8,114222.90000000001,104.0,2025-12-08 20:27:27,14277.862500000001
CUST004864,7,68021.18000000001,61.0,2025-12-19 13:49:38,9717.31142857143
CUST003758,4,30375.309999999998,36.0,2025-12-11 18:45:33,7593.827499999999
CUST008429,11,75686.05,87.0,2025-11-26 03:09:21,6880.55
CUST004043,4,49145.45,64.0,2025-10-31 20:11:07,12286.3625
CUST003700,6,43643.29,44.0,2025-11-23 04:48:35,7273.881666666667
CUST005230,5,66227.3,58.0,2025-12-14 21:13:15,13245.460000000001
CUST008521,7,61009.15,61.0,2025-12-08 07:06:44,8715.592857142858
CUST004408,2,24886.449999999997,19.0,2025-08-31 04:03:49,12443.224999999999
BAD_CUST_1902,5,19529.05,34.0,2025-08-22 09:00:04,3905.81
CUST008100,7,62220.67,75.0,2025-12-11 02:17:49,8888.667142857143
CUST002787,4,38522.37,34.0,2025-10-25 04:54:26,9630.5925
CUST009515,5,42597.26,42.0,2025-07-28 13:29:55,8519.452000000001
CUST009086,9,86335.32999999999,98.0,2025-11-27 03:09:32,9592.814444444442
CUST008727,5,37301.380000000005,40.0,2025-10-31 12:26:14,7460.276000000001
CUST006523,2,17715.59,21.0,2025-03-30 07:20:53,8857.795
CUST002261,1,10584.71,7.0,2025-02-08 16:46:35,10584.71
CUST004725,7,52555.939999999995,57.0,2025-09-12 10:11:32,7507.991428571428
CUST007422,4,48212.630000000005,43.0,2025-11-04 16:34:44,12053.157500000001
CUST007703,5,61470.16,48.0,2025-12-04 18:38:25,12294.032000000001
CUST008289,4,24926.44,25.0,2025-12-19 19:52:12,6231.61
CUST009312,4,11594.079999999998,24.0,2025-09-17 14:54:36,2898.5199999999995
CUST002012,12,83518.18,102.0,2025-10-02 11:56:59,6959.848333333332
CUST008649,5,45738.18,49.0,2025-11-06 12:07:43,9147.636
CUST007572,2,22161.069999999996,19.0,2025-06-22 10:23:54,11080.534999999998
CUST001661,5,48699.159999999996,49.0,2025-11-25 05:09:15,9739.831999999999
CUST000367,5,44417.66,37.0,2025-09-22 00:00:18,8883.532000000001
CUST004473,5,63656.85,65.0,2025-11-08 00:07:32,12731.369999999999
CUST003834,6,27538.32,38.0,2025-12-28 09:36:01,4589.72
CUST008013,3,25174.409999999996,23.0,2025-12-13 07:42:23,8391.47
CUST007462,9,69177.91,83.0,2025-10-22 20:06:56,7686.434444444445
CUST004601,6,47089.350000000006,56.0,2025-11-05 21:06:16,7848.225000000001
CUST003117,10,79494.18999999999,85.0,2025-12-19 19:27:08,7949.418999999999
CUST002357,7,60418.9,58.0,2025-12-27 15:53:39,8631.271428571428
CUST002336,5,31120.89,44.0,2025-11-24 15:57:53,6224.178
CUST008112,5,27130.910000000003,25.0,2025-12-10 06:34:07,5426.182000000001
CUST000790,6,72552.57999999999,65.0,2025-11-09 11:29:54,12092.096666666665
CUST002568,6,58866.759999999995,64.0,2025-07-12 07:44:44,9811.126666666665
CUST005865,3,33827.05,28.0,2025-08-14 04:19:35,11275.683333333334
CUST007281,5,47410.26,56.0,2025-07-22 10:50:02,9482.052
CUST005401,4,29840.02,42.0,2025-12-06 18:40:31,7460.005
CUST003713,4,47258.2,50.0,2025-12-28 09:46:26,11814.55
CUST007929,7,61949.19,65.0,2025-12-09 02:01:57,8849.884285714286
CUST009060,0,,,,0.0
CUST002426,7,47963.58,57.0,2025-08-14 20:44:46,6851.9400000000005
CUST004827,9,87115.3,99.0,2025-12-11 16:04:22,9679.477777777778
CUST002985,7,56078.229999999996,56.0,2025-10-24 10:34:33,8011.175714285714
CUST000544,11,73280.23999999999,86.0,2025-12-17 10:51:10,6661.839999999999
CUST006390,7,48455.34,76.0,2025-10-05 05:12:42,6922.191428571428
CUST000947,4,47047.41,49.0,2025-10-18 07:03:39,11761.8525
CUST000136,7,57630.69,58.0,2025-10-29 21:31:22,8232.955714285714
CUST000890,5,53047.000000000015,41.0,2025-11-09 09:42:44,10609.400000000003
CUST008099,3,19033.75,20.0,2025-07-01 05:17:32,6344.583333333333
CUST008655,4,18904.730000000003,36.0,2025-12-31 16:13:57,4726.182500000001
CUST009171,4,38401.549999999996,34.0,2025-11-14 23:03:24,9600.387499999999
CUST005138,4,45827.56,43.0,2025-12-04 17:23:41,11456.89
CUST003789,5,30948.019999999997,32.0,2025-12-17 06:39:59,6189.603999999999
CUST008584,6,28365.090000000004,34.0,2025-10-24 18:04:35,4727.515
CUST000353,3,19653.98,18.0,2025-07-02 00:40:06,6551.326666666667
CUST006262,4,24898.6,40.0,2025-07-10 02:25:05,6224.65
CUST000407,6,56950.520000000004,49.0,2025-12-15 02:48:35,9491.753333333334
CUST005373,9,70872.32,86.0,2025-10-27 07:34:19,7874.702222222223
CUST003790,3,35487.24,32.0,2025-10-13 04:33:39,11829.08
CUST002047,8,51169.350000000006,54.0,2025-08-13 23:22:41,6396.168750000001
CUST009403,6,60942.55,58.0,2025-10-19 14:50:11,10157.091666666667
CUST005751,8,43614.0,67.0,2025-12-14 23:50:00,5451.75
CUST003315,5,39578.51,37.0,2025-10-17 11:54:42,7915.702
CUST002288,6,37865.22,49.0,2025-10-28 08:34:38,6310.87
CUST000731,5,24592.02,24.0,2025-10-06 20:57:36,4918.404
CUST000900,2,31952.359999999997,28.0,2025-11-09 21:57:33,15976.179999999998
CUST002669,4,17531.63,23.0,2025-08-15 18:18:45,4382.9075
CUST007412,2,19236.520000000004,22.0,2025-03-17 04:01:41,9618.260000000002
CUST004301,9,77656.53,83.0,2025-12-12 18:14:13,8628.503333333334
CUST002044,7,61943.18,63.0,2025-12-08 23:14:19,8849.025714285714
CUST009026,4,25149.71,32.0,2025-11-06 21:34:14,6287.4275
CUST002112,4,30925.899999999998,31.0,2025-06-03 01:06:26,7731.474999999999
CUST007763,11,100821.79999999999,97.0,2025-12-11 16:08:57,9165.618181818181
CUST001409,6,51692.219999999994,48.0,2025-09-15 16:20:52,8615.369999999999
CUST009929,4,39006.549999999996,44.0,2025-12-21 11:52:12,9751.637499999999
CUST007470,7,38426.42,34.0,2025-11-15 06:25:14,5489.488571428571
CUST008921,7,53621.72,53.0,2025-09-22 13:14:36,7660.245714285715
CUST009897,3,19109.520000000004,30.0,2025-07-26 02:01:07,6369.840000000001
CUST004418,8,64919.090000000004,67.0,2025-12-10 17:08:13,8114.8862500000005
CUST006787,9,63826.30999999999,78.0,2025-12-05 21:56:36,7091.812222222221
CUST003779,3,38190.28,34.0,2025-08-25 21:16:59,12730.093333333332
CUST009390,8,73099.45999999999,75.0,2025-12-27 20:39:42,9137.432499999999
CUST009769,8,72975.20999999999,69.0,2025-10-20 22:37:14,9121.901249999999
CUST006937,8,92440.93,98.0,2025-12-07 00:09:46,11555.11625
CUST008051,6,49707.99999999999,49.0,2025-12-04 01:40:20,8284.666666666666
CUST007590,6,60129.13,53.0,2025-12-28 00:33:31,10021.521666666666
CUST000725,6,42610.43000000001,43.0,2025-10-11 23:47:06,7101.738333333335
CUST009234,4,35015.43,32.0,2025-11-30 00:32:13,8753.8575
CUST002653,6,49381.53999999999,50.0,2025-12-02 07:42:40,8230.256666666666
CUST007711,7,73389.73999999999,71.0,2025-12-03 03:32:36,10484.24857142857
CUST003946,7,80882.83,61.0,2025-08-27 15:47:04,11554.69
CUST004732,7,53501.34,56.0,2025-10-22 21:42:56,7643.0485714285705
CUST000479,4,27438.42,29.0,2025-12-15 04:35:21,6859.605
CUST007552,6,38228.369999999995,45.0,2025-08-09 01:35:53,6371.3949999999995
CUST005738,6,30251.6,41.0,2025-09-21 08:03:07,5041.933333333333
CUST006766,6,42275.79,34.0,2025-11-30 20:06:02,7045.965
CUST001297,2,9028.86,9.0,2025-09-05 03:49:01,4514.43
CUST008571,8,59292.670000000006,70.0,2025-12-13 19:35:48,7411.583750000001
CUST004834,8,61358.69,65.0,2025-12-22 23:17:48,7669.83625
CUST003176,4,50737.47,44.0,2025-12-25 19:28:27,12684.3675
CUST006788,8,57454.119999999995,72.0,2025-10-25 06:03:52,7181.764999999999
CUST006054,6,34020.76,40.0,2025-10-27 11:16:15,5670.126666666667
CUST008053,7,69490.74,64.0,2025-12-01 10:20:52,9927.248571428572
CUST009627,9,87432.59,102.0,2025-11-04 07:48:12,9714.732222222221
CUST006611,4,28892.699999999997,30.0,2025-09-10 05:33:45,7223.174999999999
CUST001970,2,8104.259999999999,12.0,2025-11-13 06:39:04,4052.1299999999997
CUST007869,3,35159.82000000001,41.0,2025-12-22 05:52:08,11719.940000000002
CUST002986,2,19428.79,20.0,2025-08-24 01:09:08,9714.395
CUST003844,5,43273.79,53.0,2025-11-22 03:41:23,8654.758
CUST001570,6,38974.96,48.0,2025-11-06 12:36:14,6495.826666666667
CUST008325,6,53627.21,56.0,2025-11-24 23:42:10,8937.868333333334
CUST001538,6,53105.52,57.0,2025-12-31 18:25:32,8850.92
CUST004891,2,29578.520000000004,28.0,2025-11-24 04:51:16,14789.260000000002
CUST005273,6,57816.33,67.0,2025-08-11 21:36:35,9636.055
CUST001620,7,73557.35,80.0,2025-10-19 01:31:49,10508.192857142858
CUST006604,4,30769.84,23.0,2025-12-24 02:08:13,7692.46
CUST002061,4,29882.7,27.0,2025-10-08 19:36:03,7470.675
CUST007672,7,55513.7,54.0,2025-11-16 03:35:08,7930.528571428571
CUST002484,4,30900.119999999995,46.0,2025-11-26 06:59:20,7725.029999999999
CUST009076,7,45202.78,55.0,2025-12-01 06:49:17,6457.54
CUST004785,2,19228.51,16.0,2025-12-02 23:08:38,9614.255
CUST000250,3,32076.39,38.0,2025-08-20 13:52:11,10692.13
CUST001235,4,39819.21,43.0,2025-12-13 18:36:31,9954.8025
CUST004134,7,61440.18,53.0,2025-12-10 04:00:17,8777.168571428572
CUST008226,11,86146.44,96.0,2025-09-22 02:31:06,7831.494545454546
CUST004082,2,19015.43,25.0,2025-11-22 01:54:47,9507.715
CUST008389,8,80561.39,83.0,2025-11-14 23:55:36,10070.17375
CUST003979,7,50674.57,47.0,2025-12-14 14:01:07,7239.2242857142855
CUST009138,5,35801.66,36.0,2025-12-14 20:30:55,7160.332
CUST007632,8,94759.37,92.0,2025-12-09 12:52:39,11844.92125
CUST003235,5,28438.8,30.0,2025-11-16 16:22:27,5687.76
CUST005081,3,19693.25,21.0,2025-11-07 19:34:18,6564.416666666667
CUST001656,8,70881.79999999999,82.0,2025-12-04 13:49:13,8860.224999999999
CUST004298,7,51561.92,61.0,2025-09-11 13:49:46,7365.988571428571
CUST006842,10,63528.92,77.0,2025-10-29 20:15:53,6352.892
CUST000003,5,45361.32,34.0,2025-11-13 16:27:22,9072.264
CUST002997,3,8248.26,12.0,2025-11-18 16:07:59,2749.42
CUST001040,8,76409.77,83.0,2025-12-18 19:02:43,9551.22125
CUST006829,5,34315.32,36.0,2025-12-18 11:09:04,6863.064
CUST000704,4,41957.61,52.0,2025-08-29 13:22:29,10489.4025
CUST009354,5,50381.05,65.0,2025-11-19 11:49:12,10076.210000000001
CUST005218,6,51077.170000000006,63.0,2025-12-07 04:26:10,8512.861666666668
CUST000118,8,58337.990000000005,83.0,2025-11-06 04:36:02,7292.248750000001
CUST009647,4,47766.590000000004,40.0,2025-11-20 01:57:34,11941.647500000001
CUST007498,6,81377.6,84.0,2025-09-04 16:55:18,13562.933333333334
CUST000907,3,26552.47,30.0,2025-11-10 11:11:06,8850.823333333334
CUST007661,5,59161.8,57.0,2025-10-26 06:16:58,11832.36
CUST001828,9,85166.61000000002,94.0,2025-12-29 15:49:35,9462.956666666669
CUST004674,8,53863.67,60.0,2025-11-30 16:15:54,6732.95875
CUST004795,4,21457.61,27.0,2025-07-27 03:12:54,5364.4025
CUST001760,3,28446.88,25.0,2025-08-30 00:36:23,9482.293333333333
CUST001838,5,37410.369999999995,46.0,2025-11-07 06:11:36,7482.073999999999
CUST002032,9,81815.77,93.0,2025-11-09 04:46:31,9090.641111111112
CUST004387,6,54231.060000000005,63.0,2025-11-04 11:07:42,9038.51
CUST004530,3,46686.82,37.0,2025-11-13 10:51:09,15562.273333333333
CUST008986,6,40408.67,41.0,2025-12-19 14:18:10,6734.778333333333
CUST000914,9,66226.44,80.0,2025-12-29 21:18:10,7358.493333333334
CUST006290,6,65898.4,61.0,2025-11-27 21:05:37,10983.066666666666
CUST003182,5,29916.739999999998,35.0,2025-12-23 23:59:07,5983.348
CUST008942,9,70344.91,90.0,2025-12-31 04:47:55,7816.101111111111
CUST009758,8,49492.04000000001,68.0,2025-11-08 00:02:09,6186.505000000001
CUST006237,7,58263.69,59.0,2025-12-25 05:30:48,8323.384285714286
CUST002904,4,30290.920000000006,42.0,2025-11-17 06:56:03,7572.730000000001
CUST002575,3,24348.3,27.0,2025-11-13 06:17:50,8116.099999999999
CUST006539,3,18044.83,20.0,2025-09-02 09:44:43,6014.943333333334
CUST002973,6,33596.840000000004,42.0,2025-05-23 12:21:07,5599.473333333334
CUST002522,7,69102.35,60.0,2025-08-25 10:08:17,9871.764285714287
CUST002561,5,29483.53,41.0,2025-11-22 21:30:32,5896.706
CUST008834,6,59897.00000000001,62.0,2025-09-09 23:45:54,9982.833333333334
CUST001061,10,85682.98,90.0,2025-10-26 18:33:04,8568.297999999999
CUST001945,6,25704.859999999997,30.0,2025-11-23 03:01:56,4284.1433333333325
CUST005891,11,94621.70999999999,101.0,2025-12-09 04:37:16,8601.973636363635
CUST003396,5,36281.3,44.0,2025-12-07 18:47:22,7256.26
CUST003799,5,61141.02999999999,70.0,2025-11-27 02:35:32,12228.205999999998
CUST001351,5,43446.09,50.0,2025-12-19 12:52:22,8689.217999999999
CUST004524,5,49023.24,42.0,2025-11-06 15:26:24,9804.648
CUST002924,7,79893.96000000002,81.0,2025-12-30 22:37:48,11413.42285714286
CUST009008,7,42186.97000000001,45.0,2025-12-17 09:01:17,6026.710000000001
CUST004830,3,26602.879999999997,30.0,2025-11-09 20:56:56,8867.626666666665
CUST002740,6,51025.130000000005,40.0,2025-10-02 23:57:31,8504.188333333334
CUST006008,5,31794.109999999997,29.0,2025-10-30 12:09:04,6358.821999999999
CUST001469,7,62628.06,63.0,2025-10-30 01:50:37,8946.865714285714
CUST009068,4,31396.47,39.0,2025-10-28 07:20:28,7849.1175
CUST003347,7,53365.5,49.0,2025-12-28 16:01:45,7623.642857142857
CUST000776,6,41355.46000000001,38.0,2025-09-18 02:14:28,6892.576666666668
CUST001198,5,59600.37,59.0,2025-12-16 13:55:30,11920.074
CUST004029,3,14131.130000000001,14.0,2025-08-28 17:20:56,4710.376666666667
CUST006748,10,63672.310000000005,72.0,2025-12-27 23:05:02,6367.231000000001
CUST006811,5,71973.23999999999,68.0,2025-12-12 19:19:07,14394.647999999997
CUST006887,10,90192.57999999999,87.0,2025-09-21 19:22:27,9019.257999999998
CUST004989,4,43836.07,51.0,2025-04-29 08:04:35,10959.0175
CUST008236,7,74771.35,76.0,2025-11-19 19:54:03,10681.621428571429
CUST003530,9,74614.29,82.0,2025-12-31 22:35:54,8290.476666666666
CUST004963,4,34950.869999999995,39.0,2025-12-15 17:47:52,8737.717499999999
CUST001056,7,76769.67,78.0,2025-12-27 11:07:13,10967.095714285713
CUST009325,7,50041.78,68.0,2025-12-08 07:26:19,7148.825714285714
CUST008798,4,34909.09,41.0,2025-10-24 18:40:02,8727.2725
CUST006884,6,41655.60999999999,40.0,2025-09-13 12:31:40,6942.601666666666
CUST005856,8,87571.17000000001,96.0,2025-11-25 19:09:30,10946.396250000002
CUST006717,11,92070.95,101.0,2025-09-08 08:40:53,8370.086363636363
CUST003444,5,62341.06999999999,59.0,2025-12-29 09:49:20,12468.213999999998
CUST007838,9,79090.46,76.0,2025-12-14 19:31:01,8787.82888888889
CUST008647,7,43759.24999999999,57.0,2025-12-21 00:22:23,6251.3214285714275
CUST009927,3,17317.489999999998,20.0,2025-06-17 05:31:41,5772.496666666666
CUST005756,2,24059.01,27.0,2025-12-21 14:01:18,12029.505
CUST009883,4,24351.22,31.0,2025-10-09 17:02:49,6087.805
CUST001813,8,75298.52,66.0,2025-11-29 11:43:24,9412.315
CUST001033,10,97158.54,96.0,2025-11-30 13:47:43,9715.854
CUST007524,6,55604.44,55.0,2025-09-29 19:59:26,9267.406666666668
CUST009152,2,23972.32,20.0,2025-12-07 04:38:38,11986.16
CUST009378,4,36956.69,43.0,2025-11-24 17:51:14,9239.1725
CUST005693,7,67561.35,59.0,2025-11-12 08:51:10,9651.621428571429
CUST001070,4,44755.08,56.0,2025-09-08 10:56:43,11188.77
CUST002714,12,68745.56,84.0,2025-11-27 16:56:05,5728.796666666666
CUST000850,6,48668.95,54.0,2025-12-27 05:31:25,8111.491666666666
CUST000792,5,37027.61,39.0,2025-09-27 07:27:05,7405.522
CUST003896,9,90774.58,103.0,2025-12-19 14:42:27,10086.064444444444
CUST000155,7,39833.32,41.0,2025-12-19 22:43:22,5690.4742857142855
CUST004766,11,72415.77999999998,81.0,2025-12-06 21:01:13,6583.252727272726
CUST009699,7,66564.16,69.0,2025-12-03 09:45:56,9509.165714285715
CUST001516,7,87337.56,89.0,2025-11-07 18:47:34,12476.794285714286
CUST009664,5,34281.46,34.0,2025-11-18 05:37:58,6856.2919999999995
CUST001719,3,29201.9,35.0,2025-07-11 04:11:53,9733.966666666667
CUST002453,6,56659.68000000001,55.0,2025-08-09 19:39:06,9443.28
CUST005425,9,87916.85,71.0,2025-10-24 21:35:21,9768.53888888889
CUST007302,7,56449.16999999999,55.0,2025-12-22 19:48:19,8064.167142857142
CUST002860,4,25133.01,29.0,2025-10-28 00:57:06,6283.2525
CUST008716,7,51121.08,60.0,2025-12-26 18:44:49,7303.011428571429
CUST005838,6,57288.479999999996,64.0,2025-12-24 10:23:25,9548.08
CUST006027,12,100944.65,91.0,2025-12-31 04:27:55,8412.054166666667
CUST009227,9,96966.23,101.0,2025-12-22 15:19:13,10774.025555555556
CUST008314,7,61043.369999999995,54.0,2025-12-21 16:08:33,8720.481428571427
CUST001721,8,68427.66,64.0,2025-12-21 13:55:06,8553.4575
CUST002894,9,84459.79,96.0,2025-12-19 19:44:31,9384.42111111111
CUST002718,12,98962.52,102.0,2025-11-27 13:08:53,8246.876666666667
CUST003927,5,38803.2,41.0,2025-12-13 21:02:14,7760.639999999999
CUST006542,4,41021.38,49.0,2025-12-16 20:44:51,10255.345
CUST002934,9,65704.15000000001,63.0,2025-12-07 19:18:34,7300.461111111112
CUST002665,3,13107.4,15.0,2025-08-13 23:35:39,4369.133333333333
CUST000562,6,46171.88000000001,43.0,2025-12-21 09:00:59,7695.313333333335
CUST006345,5,69224.59,59.0,2025-10-17 09:12:03,13844.918
CUST006732,5,33901.05,47.0,2025-10-23 01:49:52,6780.210000000001
CUST001539,4,50234.73,46.0,2025-08-27 01:58:09,12558.6825
CUST008249,6,57377.26,70.0,2025-09-08 16:19:46,9562.876666666667
CUST007164,9,68775.42,73.0,2025-12-24 23:29:41,7641.713333333333
CUST009027,4,22749.11,24.0,2025-10-28 23:35:19,5687.2775
CUST006883,6,34010.8,45.0,2025-12-22 18:34:04,5668.466666666667
CUST004659,5,29775.0,24.0,2025-10-19 11:54:50,5955.0
CUST004262,7,71973.16,74.0,2025-11-11 05:28:54,10281.880000000001
CUST004724,4,20221.82,26.0,2025-12-26 06:45:42,5055.455
CUST008989,4,60770.90000000001,57.0,2025-12-03 11:16:17,15192.725000000002
CUST006891,9,81850.03,96.0,2025-11-30 18:32:52,9094.447777777777
CUST006437,7,54964.56,66.0,2025-12-29 02:10:46,7852.08
CUST004268,4,33521.83,33.0,2025-12-31 15:30:50,8380.4575
CUST008580,11,74083.16,90.0,2025-12-23 19:32:11,6734.832727272727
CUST004713,7,63467.399999999994,63.0,2025-11-17 08:54:34,9066.771428571428
CUST009020,7,48967.44,55.0,2025-11-30 01:56:47,6995.348571428572
CUST002435,5,46660.67999999999,58.0,2025-11-07 09:54:48,9332.135999999999
CUST006877,6,77172.76000000001,75.0,2025-12-04 17:51:17,12862.126666666669
CUST001607,7,37019.43,40.0,2025-10-16 15:57:34,5288.49
CUST004696,7,54841.100000000006,58.0,2025-11-24 17:22:24,7834.442857142858
CUST006193,6,63109.82000000001,61.0,2025-10-05 13:11:28,10518.303333333335
CUST000601,4,30985.89,33.0,2025-09-08 17:29:25,7746.4725
CUST000815,1,14527.080000000002,11.0,2025-03-23 11:23:53,14527.080000000002
CUST004831,7,40220.22,44.0,2025-12-29 07:28:18,5745.745714285715
CUST001184,8,69279.67,78.0,2025-12-12 17:41:47,8659.95875
CUST009783,7,50789.07000000001,57.0,2025-10-28 21:07:42,7255.58142857143
CUST009812,5,44857.22,42.0,2025-12-21 15:28:08,8971.444
CUST004165,3,31263.94,41.0,2025-10-26 19:11:53,10421.313333333334
CUST003087,5,38820.28,53.0,2025-09-19 18:46:33,7764.056
CUST004248,5,48601.409999999996,49.0,2025-11-12 02:59:06,9720.282
CUST006106,4,19844.78,32.0,2025-07-27 14:51:58,4961.195
CUST005847,6,54093.979999999996,50.0,2025-10-13 11:17:55,9015.663333333332
CUST004109,6,43445.670000000006,45.0,2025-10-11 19:38:18,7240.945000000001
CUST001095,3,16096.41,15.0,2025-12-01 02:05:28,5365.47
CUST009069,8,64138.799999999996,68.0,2025-09-19 21:45:57,8017.349999999999
CUST008881,6,44786.509999999995,45.0,2025-09-16 19:31:38,7464.418333333332
CUST000941,4,18020.100000000002,27.0,2025-11-16 18:01:48,4505.025000000001
CUST002164,7,84508.09,72.0,2025-12-08 02:37:29,12072.584285714285
CUST005948,5,32079.479999999996,36.0,2025-12-05 17:43:38,6415.895999999999
CUST001530,2,27256.629999999997,23.0,2025-03-29 15:59:56,13628.314999999999
CUST002286,5,28838.879999999997,31.0,2025-11-09 19:45:17,5767.776
CUST002810,8,54128.18,55.0,2025-11-30 23:28:54,6766.0225
CUST005364,10,74228.82,66.0,2025-12-03 02:43:59,7422.8820000000005
CUST002783,4,11428.38,24.0,2025-12-23 13:40:02,2857.095
CUST008072,10,73993.45,89.0,2025-11-26 14:29:17,7399.344999999999
CUST001891,5,40339.0,41.0,2025-11-05 12:11:13,8067.8
CUST003372,7,58036.09999999999,52.0,2025-12-24 04:14:21,8290.871428571427
CUST002646,3,20538.33,25.0,2025-10-04 20:44:50,6846.110000000001
CUST006537,0,,,,0.0
CUST005437,8,85974.83,93.0,2025-11-27 09:24:49,10746.85375
CUST008139,4,27891.56,25.0,2025-11-06 01:07:46,6972.89
CUST009316,5,24908.11,29.0,2025-12-07 06:28:49,4981.622
CUST007682,11,106876.48000000001,92.0,2025-10-04 17:33:01,9716.043636363638
CUST000572,2,28924.91,35.0,2025-04-18 06:04:18,14462.455
CUST000957,2,7587.41,8.0,2025-06-26 11:12:28,3793.705
CUST008010,2,2382.02,7.0,2025-12-31 16:23:39,1191.01
BAD_CUST_8906,6,43412.35,47.0,2025-12-06 03:25:07,7235.391666666666
CUST006422,10,100208.03,87.0,2025-10-07 16:18:45,10020.803
CUST000819,6,32941.159999999996,47.0,2025-12-21 04:48:41,5490.193333333333
CUST009585,5,27486.089999999997,26.0,2025-11-19 17:08:48,5497.217999999999
CUST000954,8,55599.34,66.0,2025-12-09 10:16:09,6949.9175
CUST000915,7,80951.51000000001,69.0,2025-12-06 21:30:32,11564.50142857143
CUST006196,9,94439.7,88.0,2025-11-18 21:04:48,10493.3
CUST001290,10,102600.57,100.0,2025-12-31 13:28:32,10260.057
CUST002591,6,27815.09,35.0,2025-10-25 19:22:41,4635.848333333333
CUST000202,8,63125.3,78.0,2025-12-29 09:31:34,7890.6625
CUST006190,4,36396.74,48.0,2025-11-21 13:12:03,9099.185
CUST000291,4,42937.83,58.0,2025-12-19 02:44:54,10734.4575
CUST003849,5,36401.950000000004,34.0,2025-12-30 19:53:27,7280.390000000001
CUST005130,5,60864.54,70.0,2025-10-01 20:23:30,12172.908
CUST007069,5,53138.03999999999,54.0,2025-08-03 10:28:18,10627.607999999998
CUST001322,6,31022.21,27.0,2025-12-06 13:58:19,5170.368333333333
CUST004537,6,51452.53,64.0,2025-12-05 18:44:49,8575.421666666667
CUST000851,7,83651.44,83.0,2025-11-04 23:54:29,11950.205714285714
CUST000267,4,40544.05,43.0,2025-12-26 05:50:27,10136.0125
CUST005451,5,48508.56,44.0,2025-10-29 23:16:15,9701.712
CUST003680,3,13793.68,10.0,2025-09-25 03:22:24,4597.893333333333
CUST001491,3,29710.940000000002,31.0,2025-09-27 21:51:03,9903.646666666667
CUST002916,2,15686.52,21.0,2025-05-27 03:43:27,7843.26
CUST002647,4,35346.520000000004,34.0,2025-08-21 10:09:20,8836.630000000001
CUST001064,5,36279.44,40.0,2025-11-06 01:56:11,7255.888000000001
CUST008817,3,22004.690000000002,18.0,2025-11-21 02:38:36,7334.896666666667
CUST006065,2,17367.59,22.0,2025-11-27 21:35:25,8683.795
CUST003249,3,30408.780000000002,43.0,2025-09-30 22:36:34,10136.26
CUST004811,5,45280.240000000005,50.0,2025-10-28 05:51:20,9056.048
CUST005977,8,58248.84,77.0,2025-10-18 05:33:26,7281.105
CUST005362,8,70803.83,71.0,2025-11-07 18:54:31,8850.47875
CUST004481,6,40622.36,41.0,2025-12-26 14:22:51,6770.393333333333
CUST007061,9,92663.5,102.0,2025-12-26 23:35:39,10295.944444444445
CUST006680,6,57610.89,53.0,2025-10-07 15:56:33,9601.815
CUST008676,7,44474.84,51.0,2025-11-24 10:25:19,6353.5485714285705
CUST001773,7,50627.71000000001,65.0,2025-10-02 21:40:42,7232.530000000001
CUST000678,7,67734.8,74.0,2025-11-14 23:32:39,9676.4
CUST000796,7,57152.54,60.0,2025-12-05 00:53:24,8164.648571428572
CUST001464,12,85125.70000000001,84.0,2025-12-24 06:40:34,7093.808333333334
CUST000921,7,59844.490000000005,57.0,2025-12-13 11:46:47,8549.212857142858
CUST004708,4,26208.010000000002,31.0,2025-12-03 02:52:33,6552.0025000000005
CUST007286,7,60280.39,75.0,2025-07-13 04:32:28,8611.484285714285
CUST005500,4,40532.54,44.0,2025-12-13 02:04:38,10133.135
CUST003898,3,11898.63,21.0,2025-11-26 09:23:36,3966.2099999999996
CUST001561,9,72163.26,70.0,2025-11-15 04:47:25,8018.139999999999
CUST001012,1,7036.23,12.0,2025-10-19 16:26:03,7036.23
CUST007002,5,38989.94,42.0,2025-11-24 23:07:41,7797.988
CUST006754,14,106515.81,123.0,2025-11-28 04:56:08,7608.272142857143
CUST009293,9,73404.12,80.0,2025-12-06 15:02:25,8156.013333333332
BAD_CUST_9176,4,30693.07,44.0,2025-12-07 09:29:22,7673.2675
CUST005713,10,56980.5,54.0,2025-12-15 19:51:52,5698.05
CUST008277,6,26408.79,40.0,2025-09-27 19:37:03,4401.465
CUST003923,10,89816.98,93.0,2025-12-25 02:56:05,8981.698
CUST009029,9,69146.63,75.0,2025-12-07 03:15:28,7682.958888888889
CUST009872,3,13753.900000000001,19.0,2025-12-24 16:05:51,4584.633333333334
CUST005842,5,24492.09,39.0,2025-06-20 21:14:51,4898.418
CUST009047,6,58652.78,54.0,2025-12-01 09:24:54,9775.463333333333
CUST009997,7,78907.97,77.0,2025-10-31 19:34:37,11272.567142857142
CUST001756,6,23781.62,41.0,2025-11-28 22:24:34,3963.603333333333
CUST006783,5,20187.43,33.0,2025-10-25 20:30:49,4037.486
CUST008563,2,15385.23,21.0,2025-09-11 06:50:35,7692.615
CUST006068,4,42965.15,45.0,2025-12-31 21:23:51,10741.2875
CUST002457,8,98123.56000000001,100.0,2025-11-22 13:01:13,12265.445000000002
CUST005732,4,35066.130000000005,41.0,2025-08-02 22:44:33,8766.532500000001
CUST000765,6,57513.95,69.0,2025-11-09 17:35:06,9585.658333333333
CUST003720,8,72120.58,86.0,2025-12-27 02:05:59,9015.0725
CUST002342,8,51413.37,70.0,2025-12-20 02:01:29,6426.67125
CUST004660,5,19620.59,27.0,2025-12-23 18:50:07,3924.118
CUST008483,6,41992.740000000005,50.0,2025-10-09 06:29:52,6998.790000000001
CUST000185,7,37588.8,37.0,2025-09-22 08:02:58,5369.828571428572
CUST003991,3,19232.309999999998,27.0,2025-07-15 22:15:12,6410.7699999999995
CUST002407,0,,,,0.0
CUST005299,9,81640.51999999999,80.0,2025-12-30 23:28:38,9071.168888888888
CUST009623,3,18501.29,26.0,2025-06-19 00:03:11,6167.096666666667
CUST005149,3,29981.59,28.0,2025-09-27 17:52:16,9993.863333333333
CUST001078,7,65045.01,67.0,2025-12-27 18:51:52,9292.144285714287
CUST003255,7,49887.909999999996,50.0,2025-12-05 19:45:30,7126.844285714285
CUST008556,10,59815.14,64.0,2025-12-23 00:18:12,5981.514
CUST002048,7,67610.15,67.0,2025-12-03 18:10:12,9658.592857142856
CUST006369,4,33352.229999999996,32.0,2025-12-27 20:35:46,8338.057499999999
CUST007282,4,30307.59,37.0,2025-08-26 10:31:14,7576.8975
CUST007340,9,74491.5,86.0,2025-10-25 00:53:44,8276.833333333334
CUST003409,6,45954.4,51.0,2025-12-28 15:43:39,7659.066666666667
CUST004924,4,33100.08,30.0,2025-11-05 08:43:40,8275.02
CUST002790,5,45019.18,47.0,2025-08-24 00:49:25,9003.836
CUST002394,5,31291.760000000002,31.0,2025-11-03 22:00:34,6258.352000000001
CUST006042,4,55400.270000000004,54.0,2025-11-17 01:15:52,13850.067500000001
CUST009453,8,70429.08,78.0,2025-12-17 16:22:59,8803.635
CUST007868,5,52143.08,54.0,2025-11-18 01:26:49,10428.616
CUST000759,5,29958.390000000003,32.0,2025-11-08 10:00:27,5991.678000000001
CUST006865,5,74522.81999999999,68.0,2025-12-12 05:20:34,14904.563999999998
CUST001080,5,46674.67,39.0,2025-12-08 15:49:41,9334.934
CUST007561,4,31434.389999999996,30.0,2025-09-29 03:12:48,7858.597499999999
CUST009036,8,73772.79000000001,76.0,2025-11-04 11:25:23,9221.598750000001
CUST001720,6,29286.859999999997,42.0,2025-12-25 08:37:57,4881.1433333333325
CUST004027,4,29521.510000000002,35.0,2025-08-26 16:55:54,7380.3775000000005
CUST003389,6,55235.69,63.0,2025-11-09 05:31:32,9205.948333333334
CUST008413,7,50353.39,63.0,2025-11-27 06:11:14,7193.341428571429
CUST008118,8,63912.420000000006,80.0,2025-12-29 14:32:44,7989.052500000001
CUST006348,6,56864.24,61.0,2025-12-25 07:32:48,9477.373333333333
CUST009856,10,95164.60999999999,95.0,2025-10-31 18:56:41,9516.461
CUST007253,3,30174.47,33.0,2025-10-14 18:49:26,10058.156666666668
CUST006669,5,33396.159999999996,40.0,2025-10-15 13:01:32,6679.231999999999
CUST003144,5,9164.63,21.0,2025-11-23 16:47:06,1832.926
CUST000942,7,68235.89,68.0,2025-11-04 23:56:21,9747.984285714285
CUST001004,6,63421.26,49.0,2025-12-24 14:30:55,10570.210000000001
CUST006847,7,61162.25000000001,64.0,2025-12-28 19:16:21,8737.464285714286
CUST005479,6,70423.9,73.0,2025-10-28 08:13:40,11737.316666666666
CUST004457,3,7763.63,15.0,2025-11-09 04:40:12,2587.8766666666666
CUST008401,7,52087.8,55.0,2025-09-12 08:33:22,7441.114285714286
CUST002944,2,10302.86,16.0,2025-11-30 10:53:57,5151.43
CUST001662,6,67000.56999999999,62.0,2025-10-12 21:42:10,11166.761666666665
CUST009579,5,25217.020000000004,27.0,2025-12-02 23:34:27,5043.404
CUST008864,5,38237.57,32.0,2025-07-11 16:54:14,7647.514
CUST006004,6,45891.04,53.0,2025-12-05 14:28:21,7648.506666666667
CUST009072,7,59677.270000000004,55.0,2025-11-11 05:46:22,8525.324285714287
CUST001291,3,9625.15,18.0,2025-08-09 00:55:29,3208.383333333333
CUST002144,11,73711.67,77.0,2025-11-15 07:36:41,6701.060909090909
CUST001453,2,8492.55,11.0,2025-09-05 03:52:56,4246.275
CUST008288,11,137183.97999999998,125.0,2025-12-21 07:55:36,12471.270909090907
CUST003955,11,82601.20000000001,81.0,2025-12-08 17:02:48,7509.200000000001
CUST004526,10,83896.33,97.0,2025-12-20 05:07:42,8389.633
CUST006970,7,62802.3,61.0,2025-10-31 21:23:56,8971.757142857143
CUST003208,9,75939.88,79.0,2025-11-09 09:25:25,8437.764444444445
CUST004528,10,102202.82999999999,102.0,2025-12-27 13:46:52,10220.283
CUST002311,5,39651.67,42.0,2025-08-17 16:56:41,7930.334
CUST001770,5,16407.550000000003,17.0,2025-10-29 12:26:42,3281.5100000000007
CUST003046,6,59589.43,83.0,2025-10-19 20:41:14,9931.571666666667
CUST008614,6,50199.43,58.0,2025-10-13 19:23:56,8366.571666666667
CUST008148,7,55504.94,63.0,2025-12-27 05:04:45,7929.277142857143
CUST003589,6,51928.77,43.0,2025-11-08 22:38:10,8654.795
CUST002635,11,60072.99,69.0,2025-12-03 16:14:28,5461.180909090909
CUST006532,4,34455.439999999995,26.0,2025-12-02 01:59:27,8613.859999999999
CUST003632,7,83221.29000000001,87.0,2025-10-25 18:19:40,11888.755714285715
CUST006445,8,56865.51000000001,59.0,2025-11-27 13:47:40,7108.188750000001
CUST004799,3,16207.24,17.0,2025-08-19 17:27:21,5402.413333333333
CUST008804,4,30883.040000000005,33.0,2025-11-24 15:55:48,7720.760000000001
CUST001994,7,33627.91,41.0,2025-12-10 01:24:31,4803.987142857143
CUST005411,1,8672.98,6.0,2025-09-09 20:08:37,8672.98
CUST009132,9,119645.47,109.0,2025-07-16 00:36:34,13293.941111111111
CUST000047,4,20176.429999999997,17.0,2025-12-26 13:12:51,5044.107499999999
CUST009187,2,8753.91,14.0,2025-10-26 12:13:44,4376.955
CUST006266,12,89873.9,92.0,2025-12-26 23:55:25,7489.491666666666
CUST009535,8,60489.729999999996,61.0,2025-12-03 03:49:48,7561.2162499999995
CUST009294,7,73583.20999999999,74.0,2025-12-08 21:40:22,10511.887142857142
CUST000493,6,43914.67000000001,48.0,2025-07-17 23:02:54,7319.1116666666685
CUST006234,6,50544.12999999999,52.0,2025-09-27 12:38:50,8424.021666666666
CUST002738,5,27749.24,30.0,2025-11-19 12:09:08,5549.848
CUST001261,4,56571.20999999999,51.0,2025-11-07 09:16:21,14142.802499999998
CUST002771,2,26162.03,28.0,2025-03-15 02:30:57,13081.015
CUST002970,0,,,,0.0
CUST001386,8,58776.81999999999,66.0,2025-10-11 20:30:25,7347.102499999999
CUST005702,6,43021.99999999999,41.0,2025-12-01 09:20:40,7170.333333333332
CUST006578,9,112812.0,96.0,2025-12-07 20:12:36,12534.666666666666
CUST008335,4,35483.23,37.0,2025-11-02 21:39:19,8870.8075
CUST004083,6,78136.26000000001,75.0,2025-12-07 00:07:13,13022.710000000001
CUST000917,4,27213.309999999998,24.0,2025-10-07 16:24:05,6803.327499999999
CUST003008,8,64437.119999999995,61.0,2025-12-05 10:35:12,8054.639999999999
CUST002207,8,57178.98999999999,57.0,2025-11-20 17:23:31,7147.373749999999
CUST001692,6,61700.71000000001,64.0,2025-12-04 12:56:59,10283.451666666668
CUST009949,12,100918.76999999999,110.0,2025-10-24 13:20:56,8409.8975
CUST005571,10,52511.14,70.0,2025-11-13 00:39:52,5251.114
CUST001205,9,72500.31,84.0,2025-12-08 19:26:37,8055.59
CUST004345,6,72422.81000000001,67.0,2025-12-01 17:16:31,12070.468333333336
CUST008042,8,75604.61,68.0,2025-09-20 21:42:40,9450.57625
CUST006355,8,62120.63,82.0,2025-12-13 16:25:32,7765.07875
CUST001843,5,54246.68,52.0,2025-11-15 14:54:54,10849.336
CUST004442,7,41879.38,46.0,2025-10-24 18:30:53,5982.768571428571
CUST002142,5,37318.869999999995,46.0,2025-12-07 18:25:16,7463.773999999999
CUST006167,3,18204.09,12.0,2025-07-06 22:08:23,6068.03
CUST000200,8,70053.85,71.0,2025-11-12 06:41:07,8756.73125
CUST001148,11,131001.66,146.0,2025-12-02 04:13:18,11909.24181818182
CUST009054,5,38855.95,45.0,2025-12-12 03:46:27,7771.19
CUST002912,8,82240.35,81.0,2025-10-25 07:59:03,10280.04375
CUST004921,2,5616.280000000001,10.0,2025-10-21 10:47:30,2808.1400000000003
CUST008703,4,36135.869999999995,45.0,2025-08-30 07:02:23,9033.967499999999
CUST002689,5,47466.43,48.0,2025-09-17 10:30:10,9493.286
CUST004361,4,28057.96,22.0,2025-09-20 01:20:05,7014.49
CUST008418,9,101413.37,94.0,2025-12-20 20:48:45,11268.152222222221
CUST007747,4,49713.65,44.0,2025-12-05 00:28:54,12428.4125
CUST001276,5,55126.619999999995,49.0,2025-10-27 14:38:25,11025.323999999999
CUST009395,5,23740.879999999997,24.0,2025-12-21 21:03:32,4748.1759999999995
CUST008084,3,28613.859999999997,30.0,2025-06-30 02:25:28,9537.953333333333
CUST002330,8,54550.62,67.0,2025-12-01 09:20:06,6818.8275
CUST008028,3,32396.65,37.0,2025-12-31 05:42:56,10798.883333333333
CUST002845,3,28320.259999999995,26.0,2025-05-26 09:15:57,9440.086666666664
CUST000797,3,19978.0,26.0,2025-09-18 21:32:57,6659.333333333333
CUST002176,7,56584.94,50.0,2025-12-14 19:17:45,8083.562857142858
CUST007955,5,38387.16,33.0,2025-12-04 14:24:47,7677.432000000001
CUST005223,5,39429.020000000004,48.0,2025-08-24 04:48:21,7885.804000000001
CUST004613,7,45388.83,58.0,2025-12-20 02:23:55,6484.118571428572
CUST005530,8,66347.78000000001,82.0,2025-10-18 22:17:05,8293.472500000002
CUST009380,8,77244.62999999999,79.0,2025-12-27 18:32:19,9655.578749999999
CUST007235,9,58318.990000000005,73.0,2025-12-30 13:21:31,6479.887777777778
CUST008887,4,23224.76,26.0,2025-08-10 13:42:23,5806.19
CUST005789,6,57524.39,62.0,2025-12-24 03:16:48,9587.398333333333
CUST005650,4,18176.37,31.0,2025-11-10 14:45:53,4544.0925
CUST009123,9,104920.75,101.0,2025-12-24 19:32:17,11657.861111111111
CUST005204,4,37406.38,41.0,2025-12-20 01:20:29,9351.595
CUST003496,3,14893.73,18.0,2025-08-27 18:32:46,4964.576666666667
CUST006484,8,77491.85,86.0,2025-12-28 13:21:43,9686.48125
CUST007419,5,31199.93,60.0,2025-07-17 09:01:58,6239.986
CUST003776,7,50266.07,60.0,2025-12-11 20:40:24,7180.867142857142
CUST007312,4,51823.55,54.0,2025-12-10 02:52:54,12955.8875
CUST008117,5,43121.56,39.0,2025-09-23 17:13:25,8624.312
CUST008195,8,86681.16,75.0,2025-11-11 02:46:57,10835.145
CUST009399,10,85844.97,95.0,2025-12-02 06:19:32,8584.497
CUST006409,5,45940.44,49.0,2025-12-16 23:04:49,9188.088
CUST006745,6,43063.03,37.0,2025-11-30 23:04:19,7177.171666666666
CUST000056,6,48577.59,52.0,2025-11-09 19:29:17,8096.264999999999
CUST008340,6,36166.259999999995,35.0,2025-12-30 14:19:53,6027.709999999999
CUST007889,5,33680.08,54.0,2025-11-04 19:52:00,6736.0160000000005
CUST005092,5,50339.84,43.0,2025-09-26 03:55:53,10067.967999999999
CUST005558,8,67865.28,93.0,2025-11-05 05:13:15,8483.16
CUST005646,2,24883.45,32.0,2025-04-27 01:59:04,12441.725
CUST004923,2,18864.38,14.0,2025-10-28 20:38:14,9432.19
CUST000389,4,20617.16,39.0,2025-12-17 06:00:26,5154.29
CUST005980,8,100407.74,98.0,2025-12-31 14:15:28,12550.9675
CUST003567,6,37284.810000000005,49.0,2025-12-22 12:48:42,6214.135000000001
CUST003822,4,35124.29,34.0,2025-09-13 17:31:41,8781.0725
CUST008320,9,56320.65000000001,60.0,2025-12-16 10:20:58,6257.850000000001
CUST007449,6,53017.34,46.0,2025-12-06 22:53:10,8836.223333333333
CUST000961,6,43773.58,42.0,2025-11-19 23:11:54,7295.596666666667
CUST008307,4,34249.38,47.0,2025-12-31 11:53:53,8562.345
CUST001468,9,91748.9,83.0,2025-12-15 20:44:43,10194.322222222221
CUST008177,5,46040.049999999996,42.0,2025-11-06 09:06:39,9208.009999999998
CUST000240,5,27065.97,43.0,2025-09-16 04:57:25,5413.194
CUST007132,9,51182.380000000005,60.0,2025-11-24 00:23:40,5686.931111111112
CUST001742,5,39333.67999999999,48.0,2025-10-05 14:20:50,7866.735999999999
CUST008587,9,98562.79999999999,89.0,2025-09-30 20:04:12,10951.422222222222
CUST009425,6,47179.71,56.0,2025-10-15 17:52:39,7863.285
CUST004186,10,82063.88,93.0,2025-11-16 20:22:56,8206.388
CUST009340,3,24855.09,27.0,2025-03-22 10:05:14,8285.03
CUST008160,9,68339.91,76.0,2025-12-22 07:23:05,7593.323333333334
CUST007426,5,54634.67,50.0,2025-10-20 19:19:08,10926.934
CUST009471,7,36279.91,44.0,2025-11-25 03:18:56,5182.844285714286
CUST003294,3,50189.259999999995,41.0,2025-10-27 07:50:58,16729.75333333333
CUST006593,7,54848.86,56.0,2025-11-11 04:55:02,7835.551428571429
CUST008971,4,24518.270000000004,26.0,2025-12-21 07:46:00,6129.567500000001
CUST007372,10,88275.51999999999,90.0,2025-12-14 10:43:35,8827.552
CUST001884,5,27926.850000000002,33.0,2025-10-31 12:06:00,5585.370000000001
CUST002099,3,10182.24,11.0,2025-10-22 00:27:27,3394.08
CUST005083,5,56438.38,58.0,2025-06-28 15:08:36,11287.676
CUST001736,7,46427.34,44.0,2025-12-14 14:56:49,6632.477142857142
CUST002909,6,23128.25,32.0,2025-12-14 23:27:00,3854.7083333333335
CUST000284,5,46414.049999999996,38.0,2025-10-13 08:29:06,9282.81
CUST003402,4,18631.230000000003,21.0,2025-07-21 08:01:26,4657.807500000001
CUST001922,6,48887.18,47.0,2025-11-28 14:11:53,8147.863333333334
CUST008227,3,17190.66,25.0,2025-09-24 11:27:59,5730.22
CUST008040,5,39674.42999999999,41.0,2025-12-16 19:30:01,7934.885999999999
CUST009243,4,23217.879999999997,30.0,2025-10-09 03:47:22,5804.469999999999
CUST002601,6,46460.19,54.0,2025-07-09 04:41:04,7743.365000000001
CUST001582,6,22034.47,28.0,2025-11-18 10:59:57,3672.411666666667
CUST008846,7,76286.32,76.0,2025-12-11 21:38:06,10898.045714285716
CUST001600,6,47714.479999999996,52.0,2025-12-17 08:37:33,7952.413333333333
CUST000026,1,599.25,3.0,2025-10-18 02:17:27,599.25
CUST001275,6,40981.66,47.0,2025-06-28 18:23:44,6830.276666666668
CUST006170,6,58538.36000000001,65.0,2025-12-03 08:51:37,9756.393333333335
CUST001385,6,52517.23,55.0,2025-10-03 19:18:02,8752.871666666668
CUST003081,7,56895.92,66.0,2025-11-24 03:10:56,8127.988571428571
CUST000463,10,87015.01000000001,104.0,2025-12-05 09:24:45,8701.501
CUST008624,15,153465.68,155.0,2025-12-12 22:34:31,10231.045333333333
CUST002323,7,58580.979999999996,65.0,2025-10-05 21:58:17,8368.711428571429
CUST010000,8,80715.16999999998,79.0,2025-12-25 08:47:11,10089.396249999998
CUST008796,7,60913.14,54.0,2025-09-22 17:43:27,8701.877142857144
CUST008273,7,71119.76000000001,73.0,2025-11-11 21:42:02,10159.965714285716
CUST005882,5,26081.04,36.0,2025-09-20 04:59:12,5216.2080000000005
CUST007460,6,39997.43,46.0,2025-12-02 02:31:23,6666.238333333334
CUST007698,6,57603.38,50.0,2025-11-11 18:16:28,9600.563333333334
CUST004101,6,35541.28,45.0,2025-10-21 08:49:21,5923.546666666666
CUST002598,4,33826.770000000004,33.0,2025-12-02 14:32:54,8456.692500000001
CUST004318,9,82475.43999999999,92.0,2025-12-19 08:11:04,9163.937777777777
CUST002649,5,46070.88,54.0,2025-12-16 14:02:20,9214.176
CUST005288,10,81670.1,78.0,2025-12-07 08:20:00,8167.01
CUST000059,6,43923.05,61.0,2025-12-18 10:21:39,7320.508333333334
CUST003671,9,57042.159999999996,73.0,2025-10-12 18:16:18,6338.017777777777
CUST002234,8,45833.26,55.0,2025-09-12 21:32:14,5729.1575
CUST008546,7,55952.74,59.0,2025-12-28 15:04:49,7993.248571428571
CUST006969,8,49460.21000000001,57.0,2025-11-22 16:58:59,6182.526250000001
CUST007355,7,57026.270000000004,63.0,2025-11-11 21:48:33,8146.610000000001
CUST008041,6,39668.38,45.0,2025-10-15 19:57:07,6611.3966666666665
CUST000064,6,53102.86000000001,58.0,2025-12-08 10:49:52,8850.476666666667
CUST001294,7,60764.68,64.0,2025-12-01 19:59:56,8680.668571428572
CUST006867,8,42777.80999999999,60.0,2025-08-19 06:39:31,5347.226249999999
CUST002627,6,54250.33,56.0,2025-12-04 13:50:41,9041.721666666666
CUST007591,4,26216.53,27.0,2025-11-18 22:59:06,6554.1325
CUST006158,6,40578.46,44.0,2025-10-02 18:19:53,6763.076666666667
CUST002744,5,36822.09,44.0,2025-12-03 21:02:55,7364.418
CUST008577,5,33350.81,40.0,2025-12-16 18:55:29,6670.161999999999
CUST003414,7,69421.73999999999,85.0,2025-11-24 17:15:19,9917.391428571427
CUST007648,8,59737.899999999994,66.0,2025-10-14 15:24:35,7467.237499999999
CUST005979,3,33387.91,35.0,2025-11-29 14:46:34,11129.303333333335
CUST007222,6,42742.57,49.0,2025-12-31 10:32:14,7123.761666666666
CUST009051,3,15772.8,14.0,2025-04-25 02:57:48,5257.599999999999
CUST001613,3,23103.81,25.0,2025-04-06 17:31:10,7701.27
CUST002130,5,61810.09,57.0,2025-12-25 14:55:28,12362.018
CUST002410,3,34561.1,34.0,2025-12-30 19:24:24,11520.366666666667
CUST002702,4,16518.68,31.0,2025-11-28 00:03:14,4129.67
CUST000959,7,73280.06,57.0,2025-12-29 03:52:29,10468.58
CUST000130,9,80194.76,77.0,2025-12-10 02:45:33,8910.528888888888
CUST007506,5,55479.619999999995,49.0,2025-07-15 21:05:35,11095.923999999999
CUST005132,10,85903.34,93.0,2025-11-01 10:44:59,8590.333999999999
CUST004888,3,19354.8,33.0,2025-12-16 05:05:40,6451.599999999999
CUST000837,6,32184.54,34.0,2025-12-27 19:02:43,5364.09
CUST006666,4,31134.07,28.0,2025-11-03 05:48:06,7783.5175
CUST004216,9,72336.73,67.0,2025-12-26 17:33:37,8037.414444444444
CUST005238,6,31592.25,32.0,2025-11-19 04:40:34,5265.375
CUST007070,7,56819.45,54.0,2025-10-27 06:21:20,8117.064285714286
CUST000865,4,33548.56,31.0,2025-09-09 19:46:23,8387.14
CUST005094,10,100573.86,90.0,2025-12-02 03:56:44,10057.386
CUST006104,6,24785.52,31.0,2025-09-20 02:48:19,4130.92
CUST001654,5,39670.35999999999,42.0,2025-11-27 00:10:46,7934.071999999998
CUST005776,8,61697.04,57.0,2025-11-19 18:45:24,7712.13
CUST002657,7,42872.89,47.0,2025-12-15 02:02:50,6124.698571428571
CUST008165,7,86343.11,74.0,2025-11-14 21:09:32,12334.73
CUST007060,7,47342.579999999994,46.0,2025-10-25 13:57:01,6763.225714285713
CUST002275,5,41338.0,46.0,2025-09-14 12:19:26,8267.6
CUST008366,11,119109.13,121.0,2025-12-10 04:31:07,10828.102727272728
CUST005502,8,52316.740000000005,69.0,2025-12-25 18:41:14,6539.592500000001
CUST009306,7,37521.76,41.0,2025-09-16 06:03:33,5360.251428571429
CUST002571,10,100646.6,96.0,2025-12-28 05:15:31,10064.66
CUST003246,6,29044.08,41.0,2025-12-27 02:49:21,4840.68
CUST000247,7,61962.11,72.0,2025-10-30 03:38:29,8851.73
CUST001471,8,60341.72,61.0,2025-12-08 23:29:35,7542.715
CUST002562,7,69465.34,63.0,2025-11-16 18:45:43,9923.619999999999
CUST006122,4,13363.68,21.0,2025-09-28 01:19:26,3340.92
CUST009916,3,13663.22,19.0,2025-09-06 01:38:39,4554.406666666667
CUST000199,4,35566.93,33.0,2025-12-21 04:20:08,8891.7325
CUST001611,6,59907.18,61.0,2025-11-04 21:10:57,9984.53
CUST005283,4,19132.42,27.0,2025-10-25 23:46:42,4783.105
CUST004157,6,61448.2,58.0,2025-12-07 20:30:54,10241.366666666667
CUST005494,5,32882.97,38.0,2025-11-12 04:45:29,6576.594
CUST002508,12,136784.35,154.0,2025-12-18 05:24:23,11398.695833333333
CUST006105,3,37053.67,41.0,2025-05-10 11:32:01,12351.223333333333
CUST001046,3,44341.10999999999,33.0,2025-12-21 08:39:06,14780.369999999997
CUST007895,3,25371.43,32.0,2025-12-07 08:50:43,8457.143333333333
CUST005554,6,59194.28,59.0,2025-12-16 18:35:11,9865.713333333333
CUST006776,5,34574.32000000001,37.0,2025-12-14 21:16:34,6914.864000000001
CUST001766,7,51013.36,63.0,2025-12-15 09:44:59,7287.622857142857
CUST008022,9,96347.37,95.0,2025-11-16 08:52:54,10705.263333333332
CUST001788,6,32690.659999999996,41.0,2025-09-21 09:52:27,5448.443333333333
CUST001182,6,37662.79,40.0,2025-08-31 13:34:00,6277.131666666667
CUST001405,4,42089.31999999999,45.0,2025-09-03 06:03:20,10522.329999999998
CUST009981,6,45277.01,53.0,2025-09-16 03:41:48,7546.168333333334
CUST005012,6,71499.55,79.0,2025-10-24 03:42:56,11916.591666666667
CUST005200,5,26189.399999999998,27.0,2025-12-15 12:14:55,5237.879999999999
CUST005342,7,54266.73,74.0,2025-10-12 02:28:07,7752.39
CUST004244,10,80685.70999999999,94.0,2025-10-26 08:55:08,8068.570999999999
CUST001999,2,15783.579999999998,18.0,2025-08-20 03:50:08,7891.789999999999
CUST000896,9,87259.47,95.0,2025-10-31 16:20:35,9695.496666666666
CUST003876,7,36857.82000000001,40.0,2025-08-16 14:52:04,5265.402857142858
CUST005704,6,77692.93,71.0,2025-11-24 15:26:47,12948.821666666665
CUST001690,12,68609.88,71.0,2025-10-20 08:17:11,5717.490000000001
CUST003197,7,76651.45999999999,80.0,2025-12-27 21:56:50,10950.20857142857
CUST000647,6,45449.78,42.0,2025-10-05 10:54:08,7574.963333333333
CUST004324,6,63319.409999999996,64.0,2025-10-19 13:38:51,10553.234999999999
CUST009002,9,63497.31,72.0,2025-10-31 05:31:00,7055.256666666666
CUST004275,7,77523.05,66.0,2025-12-11 23:25:12,11074.721428571429
CUST008371,5,37459.549999999996,32.0,2025-08-31 15:12:20,7491.909999999999
CUST000566,4,12503.57,13.0,2025-10-23 20:37:21,3125.8925
CUST002605,4,33418.14,40.0,2025-12-06 00:39:17,8354.535
CUST004381,9,80328.98999999999,68.0,2025-12-25 14:42:05,8925.443333333333
CUST007510,7,57543.34,65.0,2025-12-15 04:42:50,8220.477142857142
CUST008046,7,76125.81999999999,81.0,2025-09-22 06:36:40,10875.117142857142
CUST007775,6,65931.48000000001,63.0,2025-12-21 18:51:12,10988.580000000002
CUST002065,4,40291.89,38.0,2025-12-14 01:13:50,10072.9725
CUST008677,4,23931.0,22.0,2025-10-05 17:18:41,5982.75
CUST004712,3,30345.49,31.0,2025-10-28 18:28:03,10115.163333333334
CUST006529,8,42729.29,45.0,2025-12-14 12:30:09,5341.16125
CUST000712,4,25847.28,33.0,2025-12-24 02:38:47,6461.82
CUST000371,5,44646.4,54.0,2025-11-25 06:43:22,8929.28
CUST005759,6,36010.95,46.0,2025-06-07 05:01:17,6001.825
CUST000149,4,20627.71,25.0,2025-11-09 16:09:57,5156.9275
CUST006530,5,33242.65,38.0,2025-10-24 11:55:18,6648.530000000001
CUST002528,3,21246.239999999998,21.0,2025-12-13 11:51:50,7082.079999999999
CUST002313,6,53381.46000000001,54.0,2025-11-26 10:42:58,8896.910000000002
CUST004519,5,46325.41,38.0,2025-12-24 14:41:54,9265.082
CUST000264,5,45156.47,49.0,2025-12-10 20:11:38,9031.294
CUST006742,8,76668.01999999999,84.0,2025-12-21 15:13:16,9583.502499999999
CUST007679,6,16823.05,39.0,2025-12-19 08:30:06,2803.8416666666667
CUST003239,8,59382.55,60.0,2025-11-03 20:35:54,7422.81875
CUST006162,5,50489.42999999999,53.0,2025-09-29 17:34:40,10097.885999999999
CUST007259,5,37363.909999999996,44.0,2025-09-12 17:56:05,7472.781999999999
CUST000749,6,35050.33,40.0,2025-12-06 20:35:44,5841.721666666667
CUST004930,6,52572.55,63.0,2025-12-03 02:41:44,8762.091666666667
CUST003013,4,33356.229999999996,30.0,2025-12-26 18:56:05,8339.057499999999
CUST009858,5,27060.11,35.0,2025-10-09 18:11:54,5412.022
CUST004544,4,22424.5,25.0,2025-12-16 19:05:17,5606.125
CUST005762,4,24634.13,28.0,2025-11-16 12:12:05,6158.5325
CUST006622,8,59158.16999999999,64.0,2025-12-25 05:47:08,7394.771249999999
CUST001727,14,130164.39000000001,143.0,2025-12-08 09:46:12,9297.45642857143
CUST002994,8,60575.35,61.0,2025-08-02 15:18:31,7571.91875
CUST007119,6,34686.509999999995,41.0,2025-12-06 02:30:22,5781.084999999999
CUST004606,7,65425.89,69.0,2025-10-04 03:49:58,9346.555714285714
CUST006107,4,28935.04,22.0,2025-11-10 06:46:39,7233.76
CUST000413,6,44634.270000000004,52.0,2025-12-14 10:48:54,7439.045000000001
CUST009884,8,34761.12,45.0,2025-09-27 14:09:35,4345.14
CUST009643,5,37791.31,38.0,2025-12-29 06:55:10,7558.262
CUST002485,6,42024.69,38.0,2025-12-15 18:22:18,7004.115000000001
CUST009737,3,21195.83,19.0,2025-12-27 13:26:50,7065.276666666668
CUST001478,7,61617.44,71.0,2025-12-03 18:17:51,8802.49142857143
CUST009366,7,67022.3,67.0,2025-12-23 18:05:17,9574.614285714286
CUST002446,4,39516.1,48.0,2025-10-21 06:38:37,9879.025
CUST008801,6,30745.71,42.0,2025-12-25 07:23:24,5124.285
CUST005133,7,69849.44,85.0,2025-09-10 03:40:50,9978.49142857143
CUST000497,4,24907.46,33.0,2025-10-01 18:17:13,6226.865
CUST005365,7,64341.48,70.0,2025-11-18 09:58:12,9191.640000000001
CUST002736,6,61053.28,68.0,2025-12-06 04:56:21,10175.546666666667
CUST004108,4,35400.75,34.0,2025-10-12 04:44:12,8850.1875
CUST005534,3,51634.56,36.0,2025-03-30 05:00:21,17211.52
CUST009038,3,33020.990000000005,24.0,2025-11-23 03:11:26,11006.996666666668
CUST006118,4,33740.96000000001,30.0,2025-09-15 13:29:37,8435.240000000002
CUST000656,7,60925.32,57.0,2025-12-10 07:15:07,8703.617142857143
CUST001361,6,29833.760000000002,38.0,2025-08-05 08:02:10,4972.293333333334
CUST004230,3,23761.25,29.0,2025-09-23 11:30:20,7920.416666666667
CUST003026,5,40972.8,54.0,2025-12-24 20:46:14,8194.560000000001
CUST000598,8,62203.799999999996,71.0,2025-10-23 12:54:28,7775.474999999999
CUST009996,6,39322.63,42.0,2025-12-22 09:03:23,6553.7716666666665
CUST001008,5,45029.25,39.0,2025-12-05 22:39:24,9005.85
CUST000374,2,13999.93,17.0,2025-04-19 04:50:16,6999.965
CUST009180,5,41116.850000000006,46.0,2025-11-21 11:22:50,8223.37
CUST007932,6,27419.42,41.0,2025-11-04 03:52:21,4569.903333333333
CUST009794,4,20325.07,18.0,2025-08-20 09:05:44,5081.2675
CUST009750,9,66633.34000000001,71.0,2025-12-21 19:30:53,7403.7044444444455
CUST006705,3,5640.74,7.0,2025-12-26 07:27:19,1880.2466666666667
CUST004618,5,35928.590000000004,42.0,2025-12-03 03:16:23,7185.718000000001
CUST005027,7,54374.36,76.0,2025-10-07 00:24:33,7767.765714285714
CUST004636,2,5345.349999999999,13.0,2025-10-05 13:03:23,2672.6749999999997
CUST004311,4,40568.11,40.0,2025-12-13 22:35:41,10142.0275
CUST009405,8,83124.01999999999,76.0,2025-11-19 17:48:28,10390.502499999999
CUST007571,5,9090.61,19.0,2025-12-07 09:56:09,1818.122
CUST000096,6,47373.5,57.0,2025-07-22 21:17:23,7895.583333333333
CUST007404,4,29834.67,31.0,2025-12-16 09:23:33,7458.6675
CUST007176,7,47826.020000000004,58.0,2025-10-27 13:00:53,6832.288571428572
CUST008252,10,105247.19999999998,107.0,2025-12-20 14:19:57,10524.719999999998
CUST000946,6,65536.7,65.0,2025-11-08 21:29:45,10922.783333333333
CUST000415,5,24883.5,30.0,2025-12-11 09:25:17,4976.7
CUST008298,3,31802.629999999997,28.0,2025-07-29 14:04:40,10600.876666666665
CUST003163,3,25595.95,23.0,2025-11-25 07:49:25,8531.983333333334
CUST001623,8,77107.86,75.0,2025-10-23 13:32:05,9638.4825
CUST007811,7,41811.72,51.0,2025-12-28 12:16:44,5973.102857142857
CUST000623,5,23264.09,35.0,2025-08-31 18:06:38,4652.818
CUST004611,8,88504.09,81.0,2025-12-31 09:27:20,11063.01125
CUST008645,9,78569.4,78.0,2025-12-29 19:59:05,8729.933333333332
CUST004207,1,5640.73,6.0,2025-09-30 04:24:10,5640.73
CUST005461,5,44462.15999999999,43.0,2025-06-26 18:19:24,8892.431999999997
CUST002408,4,11269.79,17.0,2025-08-21 11:52:23,2817.4475
CUST000462,7,60267.41,60.0,2025-12-12 04:42:47,8609.630000000001
CUST007713,5,58792.58,63.0,2025-12-27 05:46:38,11758.516
CUST001137,5,59111.369999999995,49.0,2025-12-20 09:21:17,11822.274
CUST001688,6,58426.49,62.0,2025-11-19 20:23:40,9737.748333333333
CUST005788,6,44240.75,58.0,2025-12-13 13:36:13,7373.458333333333
CUST006656,8,57823.18,72.0,2025-12-23 11:56:36,7227.8975
CUST000044,3,19161.96,23.0,2025-12-31 21:13:48,6387.32
CUST005619,7,51335.869999999995,45.0,2025-12-30 01:30:52,7333.695714285714
CUST006238,14,100726.5,130.0,2025-12-26 05:02:35,7194.75
CUST005414,4,20302.699999999997,23.0,2025-12-31 09:04:23,5075.674999999999
CUST002981,7,42693.73,53.0,2025-08-22 16:50:54,6099.104285714287
CUST003772,8,40365.67,54.0,2025-11-19 14:04:29,5045.70875
CUST003189,8,78787.64,79.0,2025-11-21 23:57:14,9848.455
CUST002229,6,49150.54,46.0,2025-11-30 20:26:46,8191.756666666667
CUST006267,5,48888.54,52.0,2025-12-07 01:25:27,9777.708
CUST009136,5,36564.06,31.0,2025-08-11 16:54:44,7312.812
CUST001226,2,17114.41,21.0,2025-11-22 04:36:04,8557.205
CUST007779,4,19048.96,21.0,2025-12-22 01:51:45,4762.24
CUST000514,4,27925.909999999996,22.0,2025-08-21 11:54:12,6981.477499999999
CUST009353,5,27882.21,34.0,2025-10-24 05:51:33,5576.442
CUST006633,7,57573.24,53.0,2025-12-27 14:15:21,8224.74857142857
CUST009530,5,51639.69,57.0,2025-11-27 06:38:38,10327.938
CUST009061,5,23190.97,39.0,2025-11-18 22:07:12,4638.194
CUST002307,6,58330.8,73.0,2025-12-27 16:17:06,9721.800000000001
CUST008680,8,70421.99,80.0,2025-12-29 00:28:52,8802.74875
CUST002436,4,31872.83,28.0,2025-11-02 04:36:42,7968.2075
CUST001581,3,22899.64,25.0,2025-12-04 11:14:55,7633.213333333333
CUST002700,7,44321.39,44.0,2025-12-11 07:54:03,6331.627142857143
CUST000469,8,68427.15999999999,69.0,2025-10-01 04:20:47,8553.394999999999
CUST000563,7,21435.6,30.0,2025-12-23 08:20:51,3062.2285714285713
CUST000224,5,44340.71000000001,52.0,2025-07-07 13:51:46,8868.142000000002
CUST007300,6,38589.049999999996,57.0,2025-12-24 10:03:09,6431.508333333332
CUST007289,4,31866.759999999995,35.0,2025-12-26 02:47:35,7966.689999999999
CUST006708,4,33824.42,32.0,2025-10-25 22:28:02,8456.105
CUST007155,8,68985.94,76.0,2025-12-11 01:21:47,8623.2425
CUST003191,9,62120.31,67.0,2025-12-08 00:35:29,6902.256666666666
CUST003021,3,12784.07,15.0,2025-09-06 22:11:42,4261.356666666667
CUST005255,0,,,,0.0
CUST001524,4,31852.600000000002,31.0,2025-07-19 01:37:40,7963.150000000001
CUST000321,8,71734.22,82.0,2025-12-04 09:27:11,8966.7775
CUST003083,6,68351.01000000001,76.0,2025-06-01 22:22:53,11391.835000000001
CUST002777,4,13950.200000000003,20.0,2025-12-16 11:24:39,3487.5500000000006
CUST000918,8,53586.84,65.0,2025-09-14 05:35:10,6698.355
CUST008045,5,31519.319999999996,41.0,2025-10-31 08:41:42,6303.864
CUST006096,5,43414.92,38.0,2025-11-05 15:50:45,8682.984
CUST006709,7,67222.54999999999,68.0,2025-12-04 00:21:39,9603.221428571427
CUST007150,9,74946.30000000002,92.0,2025-12-14 14:37:54,8327.366666666669
CUST000735,7,77815.15,71.0,2025-12-12 11:36:37,11116.449999999999
CUST008850,5,38993.130000000005,32.0,2025-07-16 08:03:32,7798.626000000001
CUST000607,13,103255.93999999999,117.0,2025-12-25 17:15:16,7942.764615384614
CUST009947,4,38312.25,35.0,2025-11-05 09:06:49,9578.0625
CUST008271,4,31160.68,33.0,2025-08-08 09:08:17,7790.17
CUST008853,10,80332.20000000001,90.0,2025-11-05 13:00:22,8033.220000000001
CUST001551,4,48132.26,47.0,2025-09-18 04:41:28,12033.065
CUST006573,9,96081.9,88.0,2025-12-31 08:16:29,10675.766666666666
CUST003550,7,52868.72,51.0,2025-12-24 15:26:03,7552.674285714286
CUST002029,9,68161.01000000001,69.0,2025-12-22 11:24:47,7573.445555555557
CUST002980,6,57084.590000000004,65.0,2025-12-01 07:09:19,9514.098333333333
CUST000212,7,47323.850000000006,60.0,2025-12-11 14:16:07,6760.550000000001
CUST008470,7,51220.03999999999,49.0,2025-11-16 09:29:36,7317.148571428571
CUST002352,4,54481.76999999999,47.0,2025-08-24 23:16:50,13620.442499999997
CUST007767,5,30584.01,33.0,2025-08-17 11:51:13,6116.802
CUST005616,6,47866.03,47.0,2025-09-26 11:09:59,7977.671666666666
CUST008762,9,71547.35,87.0,2025-11-08 13:14:32,7949.705555555556
CUST005845,6,44389.25,45.0,2025-11-07 07:19:06,7398.208333333333
CUST009692,6,41209.97,68.0,2025-11-14 13:00:00,6868.328333333334
CUST000081,5,53928.43,59.0,2025-12-11 14:55:04,10785.686
CUST006671,1,4965.46,5.0,2025-05-09 20:33:16,4965.46
CUST006476,5,46621.83,42.0,2025-08-17 04:37:16,9324.366
CUST000394,3,24850.75,24.0,2025-12-06 05:41:40,8283.583333333334
CUST005589,4,14116.46,22.0,2025-11-07 17:01:18,3529.115
CUST000097,6,79056.31,86.0,2025-12-02 16:13:00,13176.051666666666
CUST002868,8,72441.6,96.0,2025-12-01 01:39:27,9055.2
CUST004854,10,103235.85999999999,116.0,2025-12-14 04:03:10,10323.586
CUST000756,9,83879.79,89.0,2025-11-30 11:08:58,9319.976666666666
CUST008908,2,26782.649999999998,19.0,2025-08-14 04:09:57,13391.324999999999
CUST001155,4,32244.55,44.0,2025-12-10 07:10:30,8061.1375
CUST005358,8,74143.62,86.0,2025-12-04 06:44:27,9267.9525
CUST001961,2,25137.62,30.0,2025-07-15 04:03:56,12568.81
CUST004739,6,65650.25,69.0,2025-09-23 05:26:06,10941.708333333334
CUST001712,4,51281.76,43.0,2025-11-26 06:16:35,12820.44
CUST004566,9,82691.09,94.0,2025-12-11 22:16:06,9187.898888888889
CUST008202,5,28665.73,27.0,2025-12-17 22:01:47,5733.146
CUST008080,6,75823.84999999999,66.0,2025-11-18 04:16:41,12637.308333333332
CUST005497,7,47443.740000000005,57.0,2025-10-25 05:34:47,6777.677142857144
CUST002274,6,71729.12000000001,70.0,2025-11-28 22:07:56,11954.853333333334
CUST005711,3,21723.1,24.0,2025-12-21 20:05:15,7241.033333333333
CUST000509,4,45257.2,53.0,2025-11-12 00:14:40,11314.3
CUST004009,5,38802.450000000004,42.0,2025-11-12 07:48:41,7760.490000000001
CUST005761,4,27106.949999999997,33.0,2025-09-22 04:51:41,6776.737499999999
CUST002152,11,88307.02,88.0,2025-12-11 12:30:14,8027.91090909091
CUST002211,7,35843.1,49.0,2025-12-27 18:01:32,5120.442857142857
CUST008176,4,24196.269999999997,30.0,2025-10-31 17:27:58,6049.067499999999
CUST004562,10,84091.41,90.0,2025-11-22 15:30:58,8409.141
CUST008175,5,29662.049999999996,34.0,2025-11-14 16:12:24,5932.409999999999
CUST007399,4,30332.39,42.0,2025-11-26 18:27:04,7583.0975
CUST005227,7,64613.020000000004,75.0,2025-12-01 14:10:14,9230.43142857143
CUST002101,5,46150.99999999999,49.0,2025-08-28 22:20:03,9230.199999999999
CUST004828,6,39625.380000000005,30.0,2025-12-29 18:19:55,6604.2300000000005
CUST007574,6,58207.64,76.0,2025-10-11 06:12:37,9701.273333333333
CUST003803,7,65132.34,59.0,2025-12-18 15:06:50,9304.619999999999
CUST006077,4,25600.5,32.0,2025-12-11 07:40:05,6400.125
CUST008353,8,56980.79,56.0,2025-08-27 13:13:49,7122.59875
CUST003976,7,49021.64,69.0,2025-12-25 12:29:15,7003.091428571429
CUST002677,4,16318.99,27.0,2025-12-31 15:45:01,4079.7475
CUST002192,2,16645.09,16.0,2025-06-28 07:06:22,8322.545
CUST000350,7,101890.80000000002,100.0,2025-12-06 02:12:40,14555.828571428574
CUST005153,9,81504.87,84.0,2025-12-15 16:27:17,9056.096666666666
CUST004839,10,54309.61,68.0,2025-11-21 07:45:46,5430.961
CUST002177,6,41310.56,50.0,2025-08-31 05:30:52,6885.093333333333
CUST006283,8,57780.950000000004,55.0,2025-10-26 00:03:23,7222.618750000001
CUST002266,8,85080.62000000001,82.0,2025-12-18 08:13:07,10635.077500000001
CUST008321,9,59457.44,66.0,2025-12-31 02:04:05,6606.3822222222225
CUST000211,7,66803.82,74.0,2025-10-22 19:52:23,9543.402857142859
CUST007488,8,49449.259999999995,59.0,2025-09-16 15:49:31,6181.157499999999
CUST002719,5,33252.4,42.0,2025-11-05 04:11:01,6650.4800000000005
CUST004092,5,38847.049999999996,45.0,2025-11-15 21:16:16,7769.409999999999
CUST000300,7,68343.85,66.0,2025-12-27 19:25:20,9763.407142857144
CUST009695,7,46672.08,54.0,2025-10-17 06:36:46,6667.4400000000005
CUST007845,9,75614.62,83.0,2025-12-29 20:34:40,8401.624444444444
CUST006245,5,28639.22,32.0,2025-10-16 23:39:54,5727.844
CUST006716,9,112008.93999999999,94.0,2025-10-30 23:38:51,12445.437777777777
CUST007646,8,34696.02,49.0,2025-12-23 14:32:14,4337.0025
CUST001367,8,30271.829999999998,61.0,2025-11-29 23:15:50,3783.9787499999998
CUST005292,5,26956.81,28.0,2025-12-14 07:46:44,5391.362
CUST001187,8,106633.47,102.0,2025-12-07 15:48:31,13329.18375
CUST000133,5,49781.16,44.0,2025-11-05 15:03:30,9956.232
CUST001563,4,43273.66,45.0,2025-10-18 02:29:33,10818.415
CUST002228,3,24881.21,32.0,2025-06-11 19:26:11,8293.736666666666
CUST008730,5,72205.73000000001,60.0,2025-06-29 02:23:18,14441.146000000002
CUST003877,6,46209.28,49.0,2025-12-13 07:03:21,7701.546666666666
CUST007894,7,75124.79,65.0,2025-10-14 04:30:43,10732.112857142856
CUST001889,3,28965.45,24.0,2025-11-13 02:37:25,9655.15
CUST009329,7,72030.56,65.0,2025-12-29 16:16:28,10290.08
CUST009839,4,25854.100000000002,24.0,2025-10-21 12:27:06,6463.525000000001
CUST006407,7,38155.19,54.0,2025-11-06 16:29:25,5450.7414285714285
CUST009669,5,15057.449999999999,16.0,2025-12-18 11:02:58,3011.49
CUST002915,9,89108.42,92.0,2025-12-16 06:21:41,9900.935555555556
CUST005248,3,42799.17,36.0,2025-08-17 00:35:37,14266.39
CUST004700,6,73421.95000000001,67.0,2025-12-08 16:02:05,12236.991666666669
CUST001863,5,33692.17,40.0,2025-12-09 20:48:01,6738.433999999999
CUST003363,4,22168.72,29.0,2025-12-16 09:58:51,5542.18
CUST007276,8,84965.20999999999,95.0,2025-12-24 16:50:45,10620.651249999999
CUST001918,7,66511.2,64.0,2025-12-23 09:48:06,9501.6
CUST008219,6,74854.98,64.0,2025-12-24 04:42:06,12475.83
CUST000682,8,64257.98999999999,62.0,2025-11-18 07:16:14,8032.248749999999
CUST003894,10,82564.95999999999,85.0,2025-11-25 05:18:26,8256.496
CUST009572,11,83333.15,88.0,2025-12-26 21:55:40,7575.740909090909
CUST000685,6,53490.479999999996,66.0,2025-12-31 09:37:58,8915.08
CUST000392,7,67797.19,64.0,2025-10-09 11:15:32,9685.312857142857
CUST007993,3,34720.04,36.0,2025-11-28 09:29:15,11573.346666666666
CUST008843,5,36542.42,39.0,2025-10-31 23:38:55,7308.4839999999995
CUST008901,7,90812.9,95.0,2025-12-28 08:25:58,12973.271428571428
CUST001829,5,54114.11,55.0,2025-11-15 20:12:16,10822.822
CUST007783,7,63909.600000000006,59.0,2025-11-03 13:09:45,9129.942857142858
CUST003473,6,34523.19,43.0,2025-08-14 14:43:13,5753.865000000001
CUST003676,3,38639.770000000004,32.0,2025-12-29 11:28:17,12879.923333333334
CUST001823,5,54031.0,67.0,2025-12-08 11:07:56,10806.2
CUST002820,6,41453.8,44.0,2025-12-15 07:28:46,6908.966666666667
CUST003918,7,47495.98,49.0,2025-08-29 18:44:35,6785.14
CUST007516,4,27406.250000000004,24.0,2025-12-25 19:07:26,6851.562500000001
CUST000025,6,47062.649999999994,43.0,2025-11-05 12:55:03,7843.774999999999
CUST000720,10,79728.26999999999,90.0,2025-12-07 21:38:37,7972.826999999999
CUST007915,4,19488.089999999997,20.0,2025-12-05 04:11:35,4872.022499999999
CUST001051,6,37380.009999999995,41.0,2025-11-30 03:05:41,6230.001666666666
CUST000978,4,33311.21,32.0,2025-11-12 12:13:49,8327.8025
CUST009716,8,53242.09,65.0,2025-12-09 14:26:02,6655.26125
CUST007317,7,44657.11,42.0,2025-12-12 23:57:43,6379.587142857143
CUST006021,6,51832.04,49.0,2025-09-10 22:58:47,8638.673333333334
CUST007788,5,33329.67,37.0,2025-11-04 10:36:56,6665.933999999999
BAD_CUST_1767,10,108901.82999999999,116.0,2025-12-29 03:43:40,10890.182999999999
CUST008473,5,84588.44,74.0,2025-10-12 09:31:01,16917.688000000002
CUST006627,12,120961.31,131.0,2025-11-20 19:26:02,10080.109166666667
CUST007844,6,62209.80000000001,51.0,2025-11-06 14:23:26,10368.300000000001
CUST003373,6,48300.27,63.0,2025-11-15 22:52:22,8050.044999999999
CUST001461,6,31769.7,34.0,2025-12-16 01:13:37,5294.95
CUST002153,6,46974.119999999995,56.0,2025-12-27 12:43:29,7829.0199999999995
CUST009032,8,73567.23999999999,77.0,2025-12-25 23:52:27,9195.904999999999
CUST006974,9,75806.20999999999,72.0,2025-12-10 14:41:59,8422.912222222221
CUST000755,5,30175.94,40.0,2025-10-21 14:02:05,6035.188
CUST007012,6,62000.45,60.0,2025-10-21 03:19:31,10333.408333333333
CUST000862,6,60895.97,70.0,2025-09-27 21:04:04,10149.328333333333
CUST008772,5,47771.84,35.0,2025-12-18 02:54:06,9554.367999999999
CUST006504,5,43253.57,54.0,2025-11-26 08:36:45,8650.714
CUST008500,6,39881.17,59.0,2025-10-29 08:18:28,6646.861666666667
CUST003588,6,40184.09,50.0,2025-12-13 10:15:40,6697.348333333332
CUST000258,5,50812.880000000005,45.0,2025-09-16 19:00:07,10162.576000000001
CUST008623,4,37579.28,41.0,2025-11-23 18:11:30,9394.82
CUST003446,9,58213.42999999999,68.0,2025-12-12 22:18:53,6468.158888888888
CUST008702,6,53953.43,55.0,2025-09-13 17:02:33,8992.238333333333
CUST004555,3,16598.0,23.0,2025-08-30 20:05:00,5532.666666666667
CUST009558,5,33059.48,31.0,2025-05-04 19:40:50,6611.896000000001
CUST007393,5,46561.25,56.0,2025-11-12 09:49:43,9312.25
CUST006123,7,59115.13,65.0,2025-11-10 19:22:17,8445.01857142857
CUST002138,8,92153.79000000001,84.0,2025-10-31 05:15:10,11519.223750000001
CUST007239,6,61377.100000000006,67.0,2025-10-01 04:19:14,10229.516666666668
CUST005422,4,17853.4,31.0,2025-09-10 21:04:03,4463.35
CUST005045,6,40461.5,53.0,2025-08-26 14:17:31,6743.583333333333
CUST006323,7,37802.13,41.0,2025-10-29 21:42:59,5400.3042857142855
CUST004000,8,59948.68,71.0,2025-12-05 14:06:01,7493.585
CUST006667,10,100459.09999999999,106.0,2025-11-22 15:23:36,10045.91
CUST003934,9,38136.590000000004,55.0,2025-12-20 12:27:16,4237.398888888889
CUST000486,5,35109.43,32.0,2025-07-09 04:39:08,7021.886
CUST000164,8,95105.43,111.0,2025-11-01 21:31:32,11888.17875
CUST001203,5,43001.810000000005,45.0,2025-12-29 03:48:57,8600.362000000001
CUST005293,8,49889.85,54.0,2025-10-19 00:23:03,6236.23125
CUST007107,10,61706.869999999995,74.0,2025-12-17 14:51:37,6170.687
CUST001614,6,85115.29000000001,72.0,2025-11-30 07:26:01,14185.881666666668
CUST003303,6,54073.41,62.0,2025-09-05 11:31:51,9012.235
CUST006602,9,94900.1,104.0,2025-12-16 19:21:45,10544.455555555556
CUST001504,10,107311.45999999999,87.0,2025-12-31 18:57:37,10731.145999999999
CUST005295,5,29081.260000000002,37.0,2025-11-28 15:40:39,5816.252
CUST006227,3,31388.72,37.0,2025-09-15 00:11:17,10462.906666666668
CUST004037,6,51634.119999999995,57.0,2025-11-24 10:43:37,8605.686666666666
CUST002464,5,31993.84,45.0,2025-12-09 14:21:48,6398.768
CUST008802,7,59799.06,57.0,2025-12-31 13:42:17,8542.722857142857
CUST000768,6,64430.44,79.0,2025-10-21 22:03:27,10738.406666666668
CUST008648,9,70491.17000000001,75.0,2025-11-21 09:36:27,7832.352222222224
CUST005272,4,46238.39,46.0,2025-12-09 14:35:48,11559.5975
CUST002179,3,29854.570000000007,24.0,2025-07-09 23:16:58,9951.523333333336
CUST003811,6,47850.72,50.0,2025-12-23 10:22:26,7975.12
CUST005201,5,25415.829999999998,32.0,2025-12-15 18:51:48,5083.165999999999
CUST004870,7,46320.73,47.0,2025-10-20 08:04:27,6617.247142857143
CUST009108,3,22005.3,20.0,2025-10-27 04:57:05,7335.099999999999
CUST001633,8,36074.58,51.0,2025-11-12 07:01:06,4509.3225
CUST000105,5,38060.91,42.0,2025-09-24 17:45:08,7612.182000000001
CUST005880,6,39766.47,46.0,2025-08-28 02:07:38,6627.745
CUST003275,10,62491.350000000006,57.0,2025-12-16 13:42:54,6249.135
CUST004597,7,40162.75,58.0,2025-08-03 11:13:17,5737.535714285715
CUST000122,14,103634.84,102.0,2025-11-26 02:41:27,7402.488571428571
CUST006468,4,47255.08,35.0,2025-10-03 08:44:07,11813.77
CUST007007,5,27236.74,29.0,2025-12-07 23:20:24,5447.348
CUST003285,10,86586.78,72.0,2025-12-12 18:32:21,8658.678
CUST001375,5,81481.95000000001,65.0,2025-10-10 01:08:11,16296.390000000003
CUST002690,4,28967.3,32.0,2025-12-24 18:03:11,7241.825
CUST001175,7,72979.83,63.0,2025-12-18 21:14:31,10425.69
CUST008666,5,43062.91,46.0,2025-12-26 19:25:19,8612.582
CUST002255,9,73357.54000000001,71.0,2025-11-29 20:44:37,8150.837777777779
CUST001851,6,33939.15,49.0,2025-10-01 11:34:39,5656.525000000001
CUST008899,7,58118.740000000005,63.0,2025-09-01 10:29:52,8302.677142857143
CUST001983,6,64539.15,80.0,2025-09-04 12:14:28,10756.525
CUST006228,6,31500.339999999997,43.0,2025-12-04 17:16:20,5250.056666666666
CUST004017,3,35149.270000000004,39.0,2025-06-05 06:14:29,11716.423333333334
CUST007576,7,58299.869999999995,66.0,2025-11-28 10:17:52,8328.552857142857
CUST000201,8,94925.61,100.0,2025-11-30 13:41:13,11865.70125
CUST004145,7,52646.12,49.0,2025-11-17 19:31:23,7520.874285714286
CUST008021,3,20001.61,21.0,2025-11-17 16:41:42,6667.203333333334
CUST009305,2,10644.09,19.0,2025-12-27 15:19:44,5322.045
CUST003573,8,63128.5,74.0,2025-10-27 12:44:24,7891.0625
CUST003468,6,77489.38999999998,85.0,2025-11-11 16:10:46,12914.89833333333
CUST003397,8,82716.08,88.0,2025-11-06 06:28:04,10339.51
CUST006055,5,30789.58,50.0,2025-12-31 15:14:14,6157.916
CUST002259,3,37464.15,40.0,2025-12-13 22:20:12,12488.050000000001
CUST004431,6,24938.15,37.0,2025-09-27 00:00:56,4156.358333333334
CUST009122,6,23802.660000000003,45.0,2025-08-22 13:18:55,3967.1100000000006
CUST006577,3,26944.41,32.0,2025-09-23 14:24:12,8981.47
CUST001731,6,44911.97,46.0,2025-06-01 12:09:37,7485.328333333334
CUST007039,5,42281.74,42.0,2025-11-23 05:37:09,8456.348
CUST000852,10,104735.94,84.0,2025-11-16 23:52:00,10473.594000000001
CUST000048,6,79431.58,80.0,2025-12-17 19:56:26,13238.596666666666
CUST009999,8,51878.27999999999,59.0,2025-11-04 08:14:51,6484.784999999999
CUST006014,7,80993.09,81.0,2025-11-21 22:30:27,11570.441428571428
CUST009830,4,34350.71,43.0,2025-12-22 14:12:36,8587.6775
CUST004211,4,60204.69,58.0,2025-11-26 03:30:30,15051.1725
CUST001204,8,79361.34999999999,78.0,2025-12-23 18:06:19,9920.168749999999
CUST003597,7,41393.18,58.0,2025-12-24 04:29:42,5913.311428571428
CUST004558,7,51611.490000000005,60.0,2025-11-19 21:40:18,7373.070000000001
CUST001267,10,71971.92,78.0,2025-12-13 06:40:41,7197.192
CUST002686,9,66711.6,93.0,2025-11-14 21:03:31,7412.400000000001
CUST009605,4,26468.699999999997,34.0,2025-07-22 19:10:34,6617.174999999999
CUST008585,9,86130.14,82.0,2025-12-23 08:34:10,9570.015555555556
CUST006226,9,59310.44,55.0,2025-12-20 01:34:01,6590.048888888889
CUST008343,10,102061.69999999998,109.0,2025-11-08 04:34:45,10206.169999999998
CUST002839,9,76186.42000000001,74.0,2025-09-29 08:27:33,8465.157777777778
CUST001432,9,69571.49999999999,77.0,2025-11-16 15:43:23,7730.166666666665
CUST001154,8,47692.65,54.0,2025-12-08 19:19:23,5961.58125
CUST000207,8,60547.88,69.0,2025-12-16 19:54:01,7568.485
CUST008336,5,56265.32000000001,51.0,2025-12-02 11:08:38,11253.064000000002
CUST001796,5,40017.689999999995,55.0,2025-05-26 01:59:12,8003.537999999999
CUST002421,9,63527.759999999995,80.0,2025-10-29 01:53:27,7058.639999999999
CUST000788,7,48599.1,49.0,2025-10-30 06:26:21,6942.728571428571
CUST008035,6,69503.18000000001,69.0,2025-12-19 02:14:22,11583.863333333335
CUST009372,3,38938.81,32.0,2025-07-06 15:39:20,12979.603333333333
CUST001697,7,56178.759999999995,68.0,2025-12-06 10:29:36,8025.5371428571425
CUST006310,7,83286.92,84.0,2025-11-14 18:25:29,11898.131428571429
CUST000352,5,46873.899999999994,50.0,2025-10-31 05:48:22,9374.779999999999
CUST003507,2,13623.25,13.0,2025-10-22 06:10:26,6811.625
CUST009498,7,56353.19,54.0,2025-07-11 23:34:08,8050.455714285715
CUST002614,11,100659.52999999998,111.0,2025-10-26 08:37:48,9150.866363636362
CUST002992,4,38215.850000000006,33.0,2025-11-10 13:53:10,9553.962500000001
CUST001460,6,58448.37000000001,52.0,2025-11-28 12:19:59,9741.395000000002
CUST004325,8,46298.13999999999,63.0,2025-11-14 11:28:16,5787.267499999999
CUST008761,9,64742.84,79.0,2025-12-17 11:28:56,7193.648888888889
CUST000088,6,52282.78,49.0,2025-06-01 02:40:55,8713.796666666667
CUST000295,4,33166.41,33.0,2025-09-19 22:16:44,8291.6025
CUST002062,5,35986.32,38.0,2025-11-28 13:13:51,7197.264
CUST006264,5,41201.32,53.0,2025-12-21 15:47:44,8240.264
CUST007564,3,5829.099999999999,11.0,2025-12-19 02:56:17,1943.033333333333
CUST001929,6,59617.12,66.0,2025-12-03 11:56:27,9936.186666666666
CUST009895,10,74116.26999999999,93.0,2025-11-02 22:27:03,7411.626999999999
CUST002931,4,30698.269999999997,32.0,2025-11-17 23:45:16,7674.567499999999
CUST004941,6,53758.63,54.0,2025-08-28 12:40:45,8959.771666666666
CUST001859,2,16306.11,22.0,2025-09-12 13:15:49,8153.055
CUST005739,5,15759.71,26.0,2025-07-30 14:30:41,3151.942
CUST003216,3,26740.75,30.0,2025-09-11 05:32:11,8913.583333333334
CUST004532,7,39321.34,38.0,2025-12-30 16:54:34,5617.334285714285
CUST005151,3,33107.4,36.0,2025-08-23 14:58:06,11035.800000000001
CUST004625,3,28680.03,36.0,2025-11-01 16:12:35,9560.01
CUST005394,6,41986.1,55.0,2025-12-27 20:05:12,6997.683333333333
CUST005165,1,5863.46,10.0,2025-07-15 01:07:51,5863.46
CUST006151,7,65401.81999999999,63.0,2025-12-08 06:03:50,9343.117142857142
CUST002867,7,62855.87999999999,63.0,2025-12-16 17:53:17,8979.411428571428
CUST008719,8,69635.18,66.0,2025-12-01 11:38:11,8704.3975
CUST001257,7,66117.09,60.0,2025-12-31 06:43:43,9445.298571428571
CUST007946,7,62705.95,70.0,2025-10-04 03:06:02,8957.992857142857
CUST000500,5,41223.380000000005,53.0,2025-09-10 15:05:24,8244.676000000001
CUST003610,3,22742.67,20.0,2025-05-18 21:21:47,7580.889999999999
CUST009612,3,13672.57,20.0,2025-04-04 18:40:02,4557.5233333333335
CUST001681,3,21472.21,21.0,2025-04-28 15:46:39,7157.403333333333
CUST003673,7,42268.770000000004,55.0,2025-12-10 13:47:34,6038.395714285715
CUST007203,6,56611.03999999999,69.0,2025-10-02 03:48:39,9435.173333333332
CUST004824,7,65491.87,59.0,2025-12-28 09:23:44,9355.98142857143
CUST000494,5,56614.82,62.0,2025-12-26 16:30:19,11322.964
CUST000373,7,66581.33,59.0,2025-12-16 03:30:57,9511.618571428571
CUST007417,6,56850.630000000005,49.0,2025-10-22 00:36:41,9475.105000000001
CUST003342,5,53922.48,58.0,2025-11-21 00:36:07,10784.496000000001
CUST008558,6,41558.81,48.0,2025-09-20 01:52:18,6926.468333333333
CUST002361,6,31099.6,37.0,2025-09-23 18:05:16,5183.266666666666
CUST000011,8,49135.86,50.0,2025-12-30 21:42:10,6141.9825
CUST004074,5,37743.33,38.0,2025-11-03 05:04:46,7548.666
CUST007686,6,45332.29,53.0,2025-07-01 01:27:50,7555.381666666667
CUST003818,7,53111.08,55.0,2025-08-31 16:52:37,7587.297142857143
CUST004820,5,61729.06,56.0,2025-11-18 13:25:38,12345.812
CUST002150,8,60020.72,86.0,2025-12-30 05:23:27,7502.59
CUST001911,3,18961.410000000003,15.0,2025-11-26 04:37:12,6320.470000000001
CUST009165,7,75971.94,64.0,2025-10-09 00:00:52,10853.134285714286
CUST003332,9,58266.22,66.0,2025-11-25 22:54:31,6474.024444444444
CUST002585,7,51780.78,58.0,2025-12-26 08:29:17,7397.254285714285
CUST009182,5,45948.520000000004,46.0,2025-10-18 11:13:31,9189.704000000002
CUST000968,10,96566.05,94.0,2025-11-19 01:56:40,9656.605
CUST009950,6,40156.46,52.0,2025-10-19 14:39:32,6692.743333333333
CUST008576,8,68097.28,72.0,2025-11-26 05:29:03,8512.16
CUST000531,9,57189.159999999996,64.0,2025-11-01 01:02:17,6354.351111111111
CUST002926,7,41027.14,54.0,2025-08-18 05:09:34,5861.0199999999995
CUST007630,7,80828.64,79.0,2025-09-23 21:56:19,11546.948571428571
CUST009734,6,50204.18000000001,58.0,2025-12-26 18:13:36,8367.363333333335
CUST004551,7,44544.62,54.0,2025-12-06 05:13:54,6363.517142857143
CUST008131,13,116556.48000000001,119.0,2025-12-28 18:40:47,8965.883076923077
CUST003429,8,79102.1,74.0,2025-10-16 06:38:30,9887.7625
CUST007742,7,61967.899999999994,64.0,2025-10-11 13:51:10,8852.557142857142
CUST002398,8,91435.28,80.0,2025-11-11 06:39:46,11429.41
CUST000573,10,95315.12,92.0,2025-11-22 04:24:37,9531.511999999999
CUST004985,7,37707.41,52.0,2025-12-08 18:56:07,5386.772857142858
CUST003344,4,23391.170000000002,33.0,2025-11-07 21:05:50,5847.7925000000005
CUST000710,5,35037.34,55.0,2025-11-12 21:27:26,7007.467999999999
CUST006683,8,57268.0,59.0,2025-12-25 10:50:46,7158.5
CUST008539,4,50879.85,42.0,2025-09-25 07:14:46,12719.9625
CUST003831,3,8722.79,9.0,2025-11-26 09:34:44,2907.596666666667
CUST001619,9,54875.200000000004,80.0,2025-07-07 13:10:07,6097.2444444444445
CUST006313,9,42378.69,58.0,2025-12-18 19:01:19,4708.743333333334
CUST009041,6,50455.45,54.0,2025-10-18 00:44:48,8409.241666666667
CUST007610,5,34794.44,41.0,2025-10-20 19:22:43,6958.888000000001
CUST005535,5,40865.89,45.0,2025-12-11 05:10:46,8173.178
CUST003874,7,69711.33,68.0,2025-12-04 04:40:08,9958.761428571428
CUST006895,5,31464.23,37.0,2025-12-08 15:57:19,6292.846
CUST007408,2,21828.33,20.0,2025-08-16 07:21:48,10914.165
CUST004879,10,84624.17000000001,90.0,2025-12-30 15:13:03,8462.417000000001
CUST000824,9,45838.67999999999,46.0,2025-12-06 14:27:49,5093.186666666666
CUST003159,8,68713.26000000001,82.0,2025-12-17 11:41:51,8589.157500000001
CUST000290,4,23028.93,21.0,2025-05-06 18:06:07,5757.2325
CUST000039,4,39820.3,44.0,2025-12-26 09:02:59,9955.075
CUST002825,5,37752.87,36.0,2025-09-07 06:04:55,7550.5740000000005
CUST004913,6,41025.88,59.0,2025-11-25 01:41:46,6837.6466666666665
CUST003981,2,8603.619999999999,9.0,2025-07-27 15:27:23,4301.8099999999995
CUST005899,7,78156.23,73.0,2025-11-20 11:34:18,11165.175714285713
CUST001548,6,39239.479999999996,47.0,2025-09-14 19:36:01,6539.913333333333
CUST001580,4,15068.33,22.0,2025-11-03 08:26:59,3767.0825
CUST001996,4,27831.489999999998,24.0,2025-11-21 12:27:19,6957.8724999999995
CUST005679,2,12962.029999999999,16.0,2025-12-23 19:35:16,6481.014999999999
CUST002267,3,25538.159999999996,24.0,2025-12-20 04:25:29,8512.72
CUST008497,9,88627.59999999999,83.0,2025-10-10 05:58:20,9847.511111111111
CUST008327,5,43509.899999999994,45.0,2025-12-21 08:11:08,8701.98
CUST004075,5,48541.689999999995,42.0,2025-12-11 11:54:34,9708.338
CUST001534,4,25419.7,33.0,2025-11-04 03:16:51,6354.925
CUST007279,3,27056.700000000004,26.0,2025-12-17 20:10:02,9018.900000000001
CUST002377,5,47321.91,59.0,2025-11-12 03:22:03,9464.382000000001
CUST005960,8,59924.229999999996,61.0,2025-09-25 14:04:16,7490.5287499999995
CUST008003,4,31315.63,39.0,2025-12-11 15:11:48,7828.9075
CUST009057,4,26557.28,23.0,2025-10-27 12:52:54,6639.32
CUST007752,7,31544.56,42.0,2025-12-16 18:14:59,4506.365714285715
CUST009278,5,41184.770000000004,53.0,2025-11-25 16:16:19,8236.954000000002
CUST006743,3,25994.13,27.0,2025-11-10 19:17:32,8664.710000000001
CUST006183,2,21924.85,19.0,2025-06-08 20:01:38,10962.425
CUST004516,5,45472.5,62.0,2025-11-24 08:43:55,9094.5
CUST008248,15,138084.09999999998,141.0,2025-12-06 16:33:06,9205.606666666665
CUST003459,8,68884.35,81.0,2025-11-04 23:08:22,8610.54375
CUST005896,8,59155.32000000001,62.0,2025-12-27 16:58:10,7394.415000000001
CUST006318,4,20086.65,30.0,2025-06-28 10:57:34,5021.6625
CUST008089,10,90448.12000000001,93.0,2025-11-21 12:17:03,9044.812000000002
CUST006103,3,13516.829999999998,13.0,2025-09-26 10:13:04,4505.61
CUST005929,6,39875.78999999999,48.0,2025-12-15 10:52:48,6645.964999999999
CUST004550,2,14178.760000000002,15.0,2025-04-18 16:33:05,7089.380000000001
CUST009528,4,40068.84,49.0,2025-08-24 23:57:47,10017.21
CUST009563,5,43508.34,37.0,2025-07-16 08:39:08,8701.668
CUST005907,4,21225.05,29.0,2025-07-15 15:43:54,5306.2625
CUST009492,3,14791.789999999997,17.0,2025-12-10 01:43:56,4930.596666666665
CUST000473,7,47783.78,57.0,2025-10-28 14:41:28,6826.254285714285
CUST007472,9,84399.56999999999,91.0,2025-12-06 11:39:38,9377.73
CUST007149,4,44507.68,47.0,2025-12-15 20:16:42,11126.92
CUST003953,5,34982.82,52.0,2025-11-29 01:04:05,6996.564
CUST007913,4,31002.0,32.0,2025-11-30 21:05:38,7750.5
CUST002400,2,16670.719999999998,19.0,2025-08-16 15:00:37,8335.359999999999
CUST003061,5,34259.26,42.0,2025-12-01 04:47:45,6851.852000000001
CUST007135,6,58490.71,72.0,2025-12-07 23:06:05,9748.451666666666
CUST007614,5,33476.02,37.0,2025-07-04 03:52:26,6695.204
CUST007864,4,38308.09,38.0,2025-10-30 01:46:46,9577.0225
CUST001314,6,57501.70999999999,51.0,2025-12-27 23:26:31,9583.618333333332
CUST009090,3,31854.08,32.0,2025-08-05 11:23:20,10618.026666666667
CUST000016,5,23413.76,32.0,2025-11-13 22:43:12,4682.7519999999995
CUST005664,6,57339.04,67.0,2025-12-27 00:50:24,9556.506666666666
CUST006177,5,25565.989999999998,27.0,2025-10-29 11:45:27,5113.197999999999
CUST002741,7,74711.62,76.0,2025-12-01 12:34:03,10673.08857142857
CUST000485,6,52444.36,53.0,2025-11-23 21:06:24,8740.726666666667
CUST001759,3,43898.56,40.0,2025-11-07 19:03:08,14632.853333333333
CUST003005,4,30375.28,47.0,2025-10-25 10:47:14,7593.82
CUST004895,6,42180.649999999994,49.0,2025-12-13 04:43:45,7030.108333333333
CUST007480,2,18206.65,18.0,2025-08-25 20:36:58,9103.325
CUST004882,5,38488.09,40.0,2025-11-02 07:00:42,7697.6179999999995
CUST006164,7,57923.19,68.0,2025-11-24 11:10:01,8274.74142857143
CUST009447,4,38599.799999999996,37.0,2025-09-24 18:16:14,9649.949999999999
CUST005257,6,60762.18,70.0,2025-11-23 14:19:16,10127.03
CUST000714,3,13921.96,17.0,2025-08-28 03:27:24,4640.653333333333
CUST004319,2,19786.93,27.0,2025-10-02 02:28:36,9893.465
CUST003394,5,50624.02,55.0,2025-10-12 11:28:41,10124.804
CUST003756,5,22268.79,28.0,2025-11-01 20:02:27,4453.758
CUST005455,3,9296.39,12.0,2025-10-15 02:03:10,3098.7966666666666
CUST006980,9,59836.36,70.0,2025-12-25 19:20:16,6648.484444444444
CUST000206,7,63745.42,66.0,2025-12-11 02:02:50,9106.488571428572
CUST006125,10,74637.56,81.0,2025-11-21 05:55:07,7463.755999999999
CUST008279,4,31649.159999999996,30.0,2025-12-31 22:29:35,7912.289999999999
CUST006386,5,30933.25,53.0,2025-12-16 19:30:03,6186.65
CUST001856,7,64650.869999999995,59.0,2025-07-17 05:36:13,9235.83857142857
CUST004810,5,40151.380000000005,41.0,2025-12-22 02:30:24,8030.276000000001
CUST006287,5,38440.28,45.0,2025-10-30 01:19:53,7688.056
CUST000891,5,54511.25,45.0,2025-11-13 19:56:38,10902.25
CUST008532,3,42337.42,38.0,2025-08-22 22:36:01,14112.473333333333
CUST003641,5,42916.689999999995,39.0,2025-10-14 01:10:15,8583.338
CUST003130,6,38061.61,40.0,2025-11-03 02:34:38,6343.6016666666665
CUST002824,6,38101.07000000001,52.0,2025-10-12 21:48:51,6350.178333333334
CUST005136,4,43682.41,40.0,2025-09-21 07:06:33,10920.6025
CUST002532,9,77421.98,89.0,2025-09-08 14:25:26,8602.442222222222
CUST003528,8,74171.34,73.0,2025-11-30 04:15:51,9271.4175
CUST003288,2,24963.3,27.0,2025-10-13 04:15:31,12481.65
CUST007782,7,57200.27,65.0,2025-12-31 17:17:24,8171.467142857143
CUST001295,5,40616.22,46.0,2025-12-26 19:18:56,8123.244000000001
CUST004263,1,14671.22,17.0,2025-10-31 09:59:54,14671.22
CUST009508,2,33618.03,25.0,2025-09-05 09:35:41,16809.015
CUST004743,9,72392.51000000001,70.0,2025-12-23 22:52:58,8043.612222222223
CUST005490,9,52642.8,59.0,2025-12-17 06:31:57,5849.200000000001
CUST009919,2,17455.59,24.0,2025-08-14 10:25:09,8727.795
CUST006777,5,45408.29,40.0,2025-07-14 20:24:35,9081.658
CUST005139,4,27978.519999999997,24.0,2025-07-23 20:01:50,6994.629999999999
CUST005945,8,65292.81,68.0,2025-12-28 08:53:39,8161.60125
CUST009876,4,34345.28,37.0,2025-12-07 04:19:15,8586.32
CUST007078,9,72003.9,76.0,2025-10-22 05:54:13,8000.4333333333325
CUST001110,7,68437.41,70.0,2025-09-19 04:34:48,9776.772857142858
CUST006444,7,38171.33,45.0,2025-12-19 17:25:57,5453.047142857143
CUST008186,6,32390.870000000003,30.0,2025-11-28 13:37:48,5398.4783333333335
CUST002128,4,36537.41,38.0,2025-12-29 23:18:19,9134.3525
CUST008380,5,31104.18,52.0,2025-12-16 14:01:18,6220.836
CUST001658,9,68740.76999999999,88.0,2025-11-30 18:26:49,7637.863333333332
CUST009110,4,14957.84,15.0,2025-12-05 15:07:06,3739.46
CUST005586,6,43277.97,49.0,2025-11-27 02:05:04,7212.995
CUST000115,5,48687.33,45.0,2025-10-31 22:51:26,9737.466
CUST004935,6,46872.26,50.0,2025-08-11 18:19:49,7812.043333333334
CUST000700,4,28359.6,43.0,2025-10-02 00:16:15,7089.9
CUST002439,7,69951.45999999999,66.0,2025-12-16 17:59:31,9993.065714285713
CUST000356,8,77413.64,74.0,2025-10-10 09:42:36,9676.705
CUST004243,3,21117.5,31.0,2025-12-14 02:46:41,7039.166666666667
CUST001852,7,69114.31,70.0,2025-12-22 10:56:42,9873.472857142857
CUST009994,8,69458.38,90.0,2025-12-07 01:49:25,8682.2975
CUST006330,9,65099.92999999999,76.0,2025-12-12 15:51:47,7233.325555555555
CUST004041,6,50714.560000000005,57.0,2025-10-20 05:16:11,8452.426666666668
CUST006202,6,36749.13,47.0,2025-11-08 06:53:12,6124.855
CUST006820,8,57258.03999999999,53.0,2025-08-14 01:06:23,7157.254999999999
CUST003016,2,18401.75,18.0,2025-10-28 09:36:33,9200.875
CUST004517,7,68936.79000000001,64.0,2025-10-28 20:50:07,9848.112857142858
CUST008510,6,42198.18,37.0,2025-11-09 10:42:21,7033.03
CUST003628,9,64593.91,63.0,2025-10-29 23:03:24,7177.101111111111
CUST009422,10,81436.09,92.0,2025-11-10 05:47:32,8143.6089999999995
CUST000754,7,39944.16,46.0,2025-11-24 19:09:13,5706.308571428572
CUST002040,4,31153.86,40.0,2025-10-21 10:37:28,7788.465
CUST000784,4,26161.019999999997,29.0,2025-12-31 19:22:48,6540.254999999999
CUST008230,7,69523.3,74.0,2025-11-17 07:09:27,9931.9
CUST003094,4,39974.130000000005,48.0,2025-12-29 06:40:25,9993.532500000001
CUST008906,6,45017.060000000005,46.0,2025-12-12 06:32:38,7502.843333333334
CUST008359,6,49894.32000000001,52.0,2025-12-25 17:04:48,8315.720000000001
CUST006367,8,56665.350000000006,67.0,2025-10-31 09:15:22,7083.168750000001
CUST001101,5,44507.36,54.0,2025-10-22 20:40:38,8901.472
CUST008350,2,10195.849999999999,14.0,2025-06-13 16:55:31,5097.924999999999
CUST004554,6,67074.9,65.0,2025-08-21 03:27:21,11179.15
CUST000288,2,11407.0,13.0,2025-07-21 03:50:05,5703.5
CUST002149,5,26434.739999999998,36.0,2025-07-10 11:33:21,5286.947999999999
CUST001865,6,70881.62,70.0,2025-11-07 08:10:34,11813.603333333333
CUST005862,6,50142.49,59.0,2025-12-17 23:30:19,8357.081666666667
CUST002365,4,11863.48,22.0,2025-11-02 11:52:01,2965.87
CUST004702,5,34070.36,32.0,2025-11-22 18:09:06,6814.072
CUST009125,4,52705.6,52.0,2025-11-15 04:05:18,13176.4
CUST003552,7,48418.0,45.0,2025-12-20 13:45:13,6916.857142857143
CUST007875,0,,,,0.0
CUST003562,7,37793.47,56.0,2025-11-12 07:03:24,5399.067142857143
CUST008461,12,126271.26000000001,111.0,2025-12-16 05:33:58,10522.605000000001
CUST001716,9,82522.82999999999,90.0,2025-11-07 10:53:07,9169.203333333331
CUST006691,11,97178.31,101.0,2025-11-28 23:14:25,8834.391818181817
CUST002317,5,51466.02,49.0,2025-09-16 13:28:46,10293.204
CUST000781,7,44665.43,65.0,2025-11-06 23:09:02,6380.7757142857145
CUST003024,8,105403.67,95.0,2025-11-22 00:46:29,13175.45875
CUST005666,6,42257.82,40.0,2025-12-06 17:38:57,7042.97
CUST005014,8,67486.6,61.0,2025-12-22 00:33:35,8435.825
CUST008507,6,28066.629999999997,39.0,2025-11-22 13:27:10,4677.7716666666665
CUST003156,9,84265.12999999999,91.0,2025-12-28 11:28:59,9362.79222222222
CUST003508,8,75754.14,76.0,2025-12-06 21:14:07,9469.2675
CUST008561,5,40648.72,45.0,2025-12-22 06:02:26,8129.744000000001
CUST007064,5,47267.26000000001,40.0,2025-12-12 19:19:22,9453.452000000001
CUST007608,8,54086.479999999996,47.0,2025-11-14 11:51:27,6760.8099999999995
CUST003555,7,48866.200000000004,53.0,2025-11-24 23:44:00,6980.885714285715
CUST005319,9,55828.16,64.0,2025-12-30 06:32:29,6203.128888888889
CUST001287,9,104885.45,109.0,2025-12-20 07:41:27,11653.938888888888
CUST005863,6,46761.509999999995,53.0,2025-11-28 04:01:52,7793.584999999999
CUST001073,9,75794.72,86.0,2025-11-29 19:13:58,8421.635555555556
CUST008695,4,31688.199999999997,36.0,2025-09-29 13:45:11,7922.049999999999
CUST003435,4,66639.95,57.0,2025-07-30 04:28:23,16659.9875
CUST004772,4,25543.719999999998,33.0,2025-07-29 17:11:19,6385.929999999999
CUST009252,5,29849.9,33.0,2025-12-09 10:43:35,5969.9800000000005
CUST001780,12,103958.77,118.0,2025-11-27 00:07:19,8663.230833333333
CUST008344,5,60147.15,66.0,2025-11-22 15:28:03,12029.43
CUST006997,8,45347.4,56.0,2025-12-22 07:02:53,5668.425
CUST008092,7,54100.69,65.0,2025-12-07 17:01:13,7728.67
CUST000453,6,88113.99,75.0,2025-09-18 13:02:14,14685.665
CUST006178,3,29588.15,34.0,2025-07-14 10:41:56,9862.716666666667
CUST002722,9,94897.04000000001,98.0,2025-12-22 04:03:25,10544.115555555556
CUST008972,6,27808.0,32.0,2025-11-18 09:03:16,4634.666666666667
CUST006637,5,43126.689999999995,41.0,2025-12-30 00:37:00,8625.338
CUST006640,3,8604.11,9.0,2025-11-02 14:21:04,2868.036666666667
CUST005720,5,41406.75,44.0,2025-12-25 02:26:30,8281.35
CUST009761,6,51438.600000000006,49.0,2025-12-19 04:04:42,8573.1
CUST002663,6,51386.75,62.0,2025-08-08 08:45:33,8564.458333333334
CUST007104,9,76193.04999999999,95.0,2025-10-30 07:40:26,8465.894444444442
CUST009977,5,50107.23999999999,51.0,2025-12-22 13:23:48,10021.447999999999
CUST002202,3,10957.02,16.0,2025-10-19 23:15:05,3652.34
CUST004024,4,12656.81,29.0,2025-11-08 01:51:31,3164.2025
CUST007653,6,45925.35,48.0,2025-12-22 09:49:03,7654.224999999999
CUST008824,8,96069.65000000001,90.0,2025-11-09 19:18:42,12008.706250000001
CUST004136,4,42372.659999999996,47.0,2025-12-23 17:20:25,10593.164999999999
CUST003383,0,,,,0.0
CUST004617,7,52439.46,54.0,2025-11-07 20:33:57,7491.351428571428
CUST008979,11,94851.14,107.0,2025-11-30 15:57:30,8622.83090909091
CUST006191,7,62976.13,61.0,2025-07-06 08:46:19,8996.59
CUST004814,13,116592.50000000001,112.0,2025-12-24 06:11:39,8968.653846153848
CUST009751,3,16057.76,24.0,2025-12-20 06:50:06,5352.586666666667
CUST000777,11,75190.76999999999,85.0,2025-12-04 00:37:36,6835.524545454545
CUST003456,4,29532.35,24.0,2025-12-10 01:50:24,7383.0875
CUST005174,5,38827.96000000001,39.0,2025-10-01 15:08:30,7765.5920000000015
CUST001236,3,15522.519999999999,15.0,2025-06-13 19:17:13,5174.173333333333
CUST002373,6,47837.41,66.0,2025-12-11 14:06:22,7972.901666666668
CUST002443,10,88341.06,95.0,2025-12-13 18:10:45,8834.106
CUST001429,11,100882.13,95.0,2025-12-03 00:42:28,9171.102727272728
CUST002417,8,59402.43,63.0,2025-12-25 18:17:08,7425.30375
CUST009721,8,66493.98,78.0,2025-12-11 20:34:06,8311.7475
CUST000445,2,13063.82,23.0,2025-11-29 07:54:41,6531.91
CUST009902,8,45200.62,55.0,2025-12-11 15:33:34,5650.0775
CUST009497,5,54643.76000000001,58.0,2025-12-28 07:16:17,10928.752000000002
CUST009388,8,67314.6,71.0,2025-10-23 11:03:46,8414.325
CUST009591,6,30831.0,39.0,2025-10-31 21:23:15,5138.5
CUST001520,10,89105.92,95.0,2025-11-30 20:00:37,8910.592
CUST008820,6,77848.95,87.0,2025-11-27 21:39:05,12974.824999999999
CUST001416,8,63097.78,74.0,2025-11-01 18:55:45,7887.2225
CUST006064,4,34359.850000000006,41.0,2025-11-04 22:44:39,8589.962500000001
CUST003787,9,51052.67,52.0,2025-12-20 23:06:26,5672.518888888889
CUST007797,9,69345.26,71.0,2025-12-18 12:12:08,7705.028888888888
CUST000811,2,20912.43,24.0,2025-12-12 01:50:51,10456.215
CUST003558,4,63755.240000000005,55.0,2025-11-11 15:58:49,15938.810000000001
CUST004909,4,47042.23,57.0,2025-10-17 23:05:01,11760.5575
CUST006915,4,40590.11,39.0,2025-12-19 11:56:33,10147.5275
CUST007091,6,71448.20999999999,62.0,2025-12-10 05:15:04,11908.034999999998
CUST004859,7,73180.47,70.0,2025-11-22 13:46:39,10454.352857142858
CUST001544,10,94652.26,95.0,2025-09-20 10:17:46,9465.225999999999
CUST003986,4,33457.06,36.0,2025-08-02 10:25:12,8364.265
CUST007133,6,43091.68,38.0,2025-12-01 12:27:19,7181.946666666667
CUST000253,5,38268.65,38.0,2025-11-17 17:50:45,7653.7300000000005
CUST005003,7,40012.69,43.0,2025-12-05 14:10:18,5716.098571428572
CUST005199,4,39503.63,47.0,2025-12-25 15:01:10,9875.9075
CUST009436,4,46582.94,51.0,2025-08-18 21:10:48,11645.735
CUST005211,7,60022.56,58.0,2025-07-20 19:59:51,8574.651428571427
CUST003836,9,102068.38,98.0,2025-12-04 13:07:43,11340.931111111111
CUST007655,7,38116.75,58.0,2025-11-29 17:08:37,5445.25
CUST009345,7,56288.22,67.0,2025-11-18 00:46:00,8041.174285714286
CUST003348,6,50508.170000000006,51.0,2025-11-04 20:42:41,8418.028333333334
CUST005850,7,79706.78,82.0,2025-09-21 13:47:45,11386.682857142858
CUST008468,4,21582.96,26.0,2025-12-12 12:51:23,5395.74
CUST005942,7,61083.369999999995,57.0,2025-10-16 09:23:20,8726.195714285714
CUST005886,7,79893.13999999998,80.0,2025-12-15 19:46:19,11413.305714285712
CUST001679,8,48727.77,60.0,2025-11-08 14:15:30,6090.97125
CUST000853,5,31953.7,30.0,2025-11-14 01:46:16,6390.74
CUST003460,7,47941.14,63.0,2025-11-04 06:33:55,6848.734285714286
CUST004592,5,53336.95000000001,53.0,2025-12-15 00:09:56,10667.390000000003
CUST004632,6,51883.990000000005,66.0,2025-12-08 15:26:41,8647.331666666667
CUST000053,11,76010.14,85.0,2025-12-03 19:42:09,6910.012727272727
CUST001584,7,70202.31,60.0,2025-10-24 06:50:45,10028.901428571427
CUST009142,6,45123.57,38.0,2025-12-18 00:24:50,7520.595
CUST005353,9,95197.54,98.0,2025-12-06 02:21:30,10577.504444444443
CUST006508,3,42217.99,36.0,2025-06-03 05:09:10,14072.663333333332
CUST001134,2,31151.25,28.0,2025-08-21 20:09:46,15575.625
CUST000903,4,31137.66,25.0,2025-11-06 13:50:04,7784.415
CUST006108,7,48143.07,50.0,2025-11-14 04:06:30,6877.581428571429
CUST004158,9,84874.21,80.0,2025-12-02 14:23:13,9430.467777777778
CUST008237,7,59566.009999999995,62.0,2025-09-29 06:45:39,8509.429999999998
CUST005055,6,46765.509999999995,40.0,2025-09-25 05:34:28,7794.251666666666
CUST009915,9,53115.36,64.0,2025-08-11 01:54:32,5901.706666666667
CUST003802,4,35138.5,38.0,2025-10-27 01:47:03,8784.625
CUST004899,7,38193.619999999995,40.0,2025-12-13 05:02:43,5456.231428571428
CUST001027,4,30163.23,34.0,2025-11-27 03:59:46,7540.8075
CUST006499,7,57974.51000000001,64.0,2025-10-14 13:04:18,8282.072857142859
CUST002607,6,56701.64,62.0,2025-10-10 13:57:25,9450.273333333333
CUST006344,4,28068.729999999996,35.0,2025-11-21 09:35:41,7017.182499999999
CUST002870,3,20551.46,24.0,2025-11-08 22:18:28,6850.486666666667
CUST004768,6,65829.95,68.0,2025-10-19 17:50:52,10971.658333333333
CUST004397,3,25890.83,21.0,2025-03-11 03:34:37,8630.276666666667
CUST001901,7,62847.23,62.0,2025-09-10 08:18:17,8978.175714285715
CUST009711,7,54524.259999999995,65.0,2025-12-18 03:08:32,7789.179999999999
CUST003030,6,54528.9,57.0,2025-12-19 00:21:26,9088.15
CUST000666,3,19148.049999999996,22.0,2025-12-01 14:34:24,6382.683333333332
CUST001041,3,19865.57,28.0,2025-12-04 20:57:02,6621.856666666667
CUST007542,5,37673.990000000005,46.0,2025-11-21 01:25:34,7534.798000000001
CUST003640,0,,,,0.0
CUST005822,7,76563.98999999999,86.0,2025-12-31 00:37:49,10937.712857142857
CUST008147,4,18966.64,21.0,2025-11-25 13:57:01,4741.66
CUST009391,4,34856.17,44.0,2025-10-11 18:25:52,8714.0425
CUST007641,7,45685.03,56.0,2025-10-20 04:56:36,6526.432857142857
CUST002595,3,16458.79,23.0,2025-07-11 01:03:08,5486.263333333333
CUST008025,7,59164.020000000004,55.0,2025-10-21 00:30:53,8452.002857142857
CUST003529,7,57243.1,70.0,2025-12-30 07:39:11,8177.585714285714
CUST009576,6,34896.92,49.0,2025-12-04 11:42:40,5816.153333333333
CUST009680,2,15357.849999999999,11.0,2025-12-14 00:33:01,7678.924999999999
CUST004384,6,33530.3,44.0,2025-11-27 01:37:15,5588.383333333334
CUST003431,8,59269.17,63.0,2025-10-20 22:46:52,7408.64625
CUST007114,8,56481.990000000005,55.0,2025-12-31 20:35:31,7060.248750000001
CUST003659,8,44942.020000000004,68.0,2025-09-15 04:18:47,5617.7525000000005
CUST006436,4,49327.13,49.0,2025-12-11 04:16:23,12331.7825
CUST008919,3,12997.74,21.0,2025-09-23 06:23:55,4332.58
CUST002951,7,61699.51,67.0,2025-11-15 21:05:03,8814.215714285714
CUST002633,7,58115.020000000004,57.0,2025-12-27 18:28:45,8302.145714285714
CUST007663,7,39281.2,48.0,2025-09-04 01:01:02,5611.599999999999
CUST006333,7,91066.41,83.0,2025-09-03 10:50:22,13009.487142857144
CUST004209,8,67352.51999999999,79.0,2025-10-12 20:51:23,8419.064999999999
CUST000724,8,74402.56000000001,75.0,2025-11-13 12:34:50,9300.320000000002
CUST005522,4,28236.230000000003,26.0,2025-12-08 19:50:32,7059.057500000001
CUST003243,7,69391.18,64.0,2025-12-05 20:26:51,9913.025714285714
CUST006349,3,17153.67,19.0,2025-12-01 05:33:11,5717.889999999999
CUST008998,7,51135.17999999999,49.0,2025-12-07 20:08:44,7305.025714285714
CUST000993,3,24267.690000000002,18.0,2025-09-25 15:21:45,8089.2300000000005
CUST004977,6,34606.100000000006,36.0,2025-12-09 07:28:03,5767.683333333334
CUST002877,5,65028.520000000004,63.0,2025-10-18 00:30:00,13005.704000000002
CUST009887,5,32056.230000000003,26.0,2025-11-22 08:41:54,6411.246000000001
CUST000177,3,37004.47,38.0,2025-10-19 19:41:48,12334.823333333334
CUST000661,6,33583.83,41.0,2025-10-05 23:12:43,5597.305
CUST005406,6,43004.39,66.0,2025-10-03 15:25:07,7167.3983333333335
CUST001542,7,58888.479999999996,57.0,2025-12-18 01:06:58,8412.64
CUST004271,7,73771.03,76.0,2025-11-09 00:58:12,10538.718571428572
CUST004033,7,59960.159999999996,58.0,2025-12-21 01:34:24,8565.737142857142
CUST000068,5,26864.890000000003,40.0,2025-08-25 06:30:33,5372.978000000001
CUST004371,10,78340.81999999999,83.0,2025-10-21 09:39:24,7834.081999999999
CUST002019,4,45986.049999999996,47.0,2025-12-07 19:18:22,11496.512499999999
CUST000501,4,30713.620000000003,40.0,2025-10-30 12:12:59,7678.405000000001
CUST006853,6,58053.98,53.0,2025-10-14 03:18:34,9675.663333333334
CUST000132,3,39615.09,42.0,2025-10-13 01:47:37,13205.029999999999
CUST006763,5,28959.820000000003,34.0,2025-10-28 16:51:09,5791.964000000001
CUST008151,3,16228.730000000001,26.0,2025-10-28 22:01:14,5409.576666666667
CUST007258,12,69973.22,92.0,2025-12-24 14:35:54,5831.1016666666665
CUST008670,9,55331.83,63.0,2025-12-08 03:54:29,6147.981111111111
CUST009537,5,40889.39,46.0,2025-12-16 03:58:02,8177.878
CUST002977,4,45157.67,38.0,2025-12-25 03:55:40,11289.4175
CUST005019,7,61869.560000000005,72.0,2025-11-16 13:36:48,8838.508571428572
CUST008018,11,84264.01000000001,93.0,2025-11-29 12:59:53,7660.364545454547
CUST001989,7,42669.899999999994,44.0,2025-12-03 07:47:36,6095.699999999999
CUST008918,7,35596.01,41.0,2025-12-29 12:12:43,5085.144285714286
CUST006360,8,63315.729999999996,61.0,2025-11-06 21:50:17,7914.4662499999995
CUST007974,9,99282.15,102.0,2025-12-14 15:50:36,11031.349999999999
CUST009334,12,110086.28,122.0,2025-12-28 02:15:27,9173.856666666667
CUST004852,6,45134.69,41.0,2025-11-19 07:10:48,7522.448333333334
CUST004488,4,32122.81,33.0,2025-08-04 16:22:28,8030.7025
CUST006254,3,16348.269999999999,25.0,2025-10-02 09:28:22,5449.423333333333
CUST002327,3,36813.19,35.0,2025-09-19 22:37:01,12271.063333333334
CUST002345,2,7107.929999999999,7.0,2025-04-15 21:58:15,3553.9649999999997
CUST001745,6,45751.32000000001,46.0,2025-12-24 15:30:56,7625.220000000001
CUST009062,8,70224.95,60.0,2025-12-30 16:25:48,8778.11875
CUST005113,7,56768.38,51.0,2025-12-27 10:43:07,8109.768571428571
CUST001270,4,30201.93,37.0,2025-12-13 07:17:36,7550.4825
CUST003795,7,47042.56,51.0,2025-12-17 23:48:40,6720.365714285714
CUST008545,2,22529.17,23.0,2025-05-30 05:30:29,11264.585
CUST003602,6,39600.48,54.0,2025-10-11 09:36:32,6600.080000000001
CUST006571,8,47565.020000000004,51.0,2025-12-14 02:47:41,5945.6275000000005
CUST003519,7,34346.87,41.0,2025-10-04 16:05:46,4906.6957142857145
CUST006868,5,33108.48,39.0,2025-10-07 20:29:14,6621.696000000001
CUST003566,6,32402.199999999997,33.0,2025-12-13 20:42:19,5400.366666666666
CUST009332,11,93492.34,107.0,2025-12-18 18:52:39,8499.303636363637
CUST005831,7,58809.149999999994,63.0,2025-10-28 04:18:21,8401.307142857142
CUST001514,2,15448.599999999999,14.0,2025-09-10 08:52:01,7724.299999999999
CUST008668,5,40458.8,40.0,2025-11-08 20:19:15,8091.76
CUST003125,4,30756.409999999996,31.0,2025-11-14 19:34:59,7689.102499999999
CUST003022,13,89406.68999999999,118.0,2025-12-20 22:04:28,6877.437692307692
CUST006130,4,34495.240000000005,44.0,2025-12-30 17:23:26,8623.810000000001
CUST007770,6,62307.87,60.0,2025-11-27 08:35:24,10384.645
CUST004568,8,55312.84,69.0,2025-12-25 01:05:05,6914.105
CUST000361,12,147040.78,152.0,2025-12-28 11:07:12,12253.398333333333
CUST007423,8,58079.63,67.0,2025-12-18 08:00:14,7259.95375
CUST004848,8,70342.15999999999,69.0,2025-12-17 06:05:28,8792.769999999999
CUST005245,5,55555.659999999996,60.0,2025-10-08 02:20:27,11111.132
CUST006334,5,31595.85,31.0,2025-10-12 13:46:04,6319.17
CUST007283,9,66066.76,75.0,2025-12-02 13:44:52,7340.751111111111
CUST004417,6,67838.78,61.0,2025-12-16 15:06:00,11306.463333333333
CUST003577,7,77844.81999999999,87.0,2025-09-28 09:55:34,11120.68857142857
CUST001474,9,58473.840000000004,69.0,2025-11-21 11:00:55,6497.093333333334
CUST009651,13,104343.4,133.0,2025-12-14 16:52:03,8026.415384615384
CUST006568,5,37973.22,47.0,2025-11-24 19:22:24,7594.644
CUST009046,8,83420.70999999999,73.0,2025-09-08 20:16:00,10427.588749999999
CUST003879,12,133107.03999999998,119.0,2025-12-07 19:58:24,11092.253333333332
CUST002684,8,65029.98,77.0,2025-12-05 06:13:56,8128.7475
CUST005624,9,74083.67,80.0,2025-11-16 22:11:36,8231.518888888888
CUST008270,2,9120.3,18.0,2025-06-01 14:30:33,4560.15
CUST005809,7,56873.0,56.0,2025-11-21 09:50:00,8124.714285714285
CUST002356,7,52166.15,57.0,2025-12-17 02:29:02,7452.307142857143
CUST004302,4,36341.06,36.0,2025-11-26 04:09:56,9085.265
CUST003217,6,48041.57,57.0,2025-10-31 18:46:05,8006.928333333333
CUST002611,2,5854.66,5.0,2025-10-07 09:30:40,2927.33
CUST002478,3,26570.99,28.0,2025-10-02 21:45:51,8856.996666666668
CUST002964,8,58742.66999999999,59.0,2025-12-21 23:33:21,7342.833749999999
CUST007371,8,50995.43,61.0,2025-12-25 07:40:38,6374.42875
CUST001933,4,35988.75,31.0,2025-09-09 02:22:54,8997.1875
CUST004754,5,14068.51,31.0,2025-10-31 11:21:24,2813.702
CUST000881,6,63306.219999999994,64.0,2025-09-12 15:01:41,10551.036666666665
CUST003072,7,75509.57,82.0,2025-12-24 11:20:44,10787.08142857143
CUST000556,4,38115.44,37.0,2025-12-22 06:47:41,9528.86
CUST006966,11,69064.24,70.0,2025-12-27 00:39:55,6278.567272727273
CUST004692,5,48053.4,54.0,2025-06-11 15:23:13,9610.68
CUST006380,5,27358.199999999997,31.0,2025-12-18 23:14:24,5471.639999999999
CUST006565,2,22528.21,19.0,2025-08-17 00:23:27,11264.105
CUST000933,3,32862.28,28.0,2025-09-19 04:30:33,10954.093333333332
CUST008712,5,41042.62,44.0,2025-09-26 12:20:22,8208.524000000001
CUST008964,5,34892.99,42.0,2025-11-14 16:35:22,6978.598
CUST008198,11,99715.58000000002,98.0,2025-12-30 20:20:50,9065.052727272729
CUST003856,5,62906.51000000001,61.0,2025-07-09 05:21:32,12581.302000000001
CUST007248,5,42290.3,36.0,2025-11-19 11:23:29,8458.060000000001
CUST002762,8,70531.17000000001,71.0,2025-12-16 06:04:28,8816.396250000002
CUST009098,7,59280.009999999995,62.0,2025-12-16 15:08:11,8468.572857142857
CUST008512,4,20473.93,29.0,2025-11-14 11:33:15,5118.4825
CUST003167,6,60786.219999999994,64.0,2025-12-18 00:36:16,10131.036666666665
CUST009556,7,49259.03,57.0,2025-11-04 23:33:42,7037.004285714285
CUST006502,6,36097.41,37.0,2025-12-24 05:29:11,6016.235000000001
CUST005025,8,73171.42,75.0,2025-12-15 22:35:10,9146.4275
CUST006988,8,63650.82,75.0,2025-12-08 07:16:36,7956.3525
CUST003458,7,75976.23000000001,91.0,2025-12-31 02:49:53,10853.747142857144
CUST006951,10,75083.69,85.0,2025-11-19 08:15:56,7508.369000000001
CUST005409,2,25437.56,23.0,2025-10-01 00:38:36,12718.78
CUST003283,5,48483.149999999994,64.0,2025-12-17 02:07:44,9696.63
CUST001936,9,68071.58,86.0,2025-11-25 21:24:42,7563.5088888888895
CUST006594,5,46255.17,46.0,2025-12-13 21:59:30,9251.034
CUST008393,8,71563.65000000001,79.0,2025-11-27 14:15:25,8945.456250000001
CUST000318,5,33764.009999999995,38.0,2025-12-16 03:48:24,6752.801999999999
CUST004609,3,16864.35,16.0,2025-04-06 17:55:09,5621.45
CUST006026,8,40411.759999999995,50.0,2025-12-19 14:58:30,5051.469999999999
CUST008457,6,52008.14,43.0,2025-08-24 05:53:57,8668.023333333333
CUST003755,8,65199.52,72.0,2025-12-17 00:53:33,8149.94
CUST006641,11,94384.77,122.0,2025-11-14 07:01:06,8580.433636363638
CUST007956,9,54428.58,56.0,2025-12-12 10:45:53,6047.62
CUST003618,6,48144.369999999995,60.0,2025-11-17 09:22:22,8024.061666666666
CUST006775,3,37794.26,33.0,2025-12-14 17:45:54,12598.086666666668
CUST007947,7,55220.41000000001,67.0,2025-12-11 09:17:04,7888.630000000002
CUST002078,6,56331.59,55.0,2025-12-17 09:35:11,9388.598333333333
CUST005344,6,56455.02,68.0,2025-11-17 07:24:35,9409.17
CUST005799,6,60044.26,72.0,2025-11-12 23:54:35,10007.376666666667
CUST008934,6,73698.43000000001,69.0,2025-11-22 16:24:17,12283.071666666669
CUST009075,5,48733.259999999995,66.0,2025-11-30 16:58:07,9746.651999999998
CUST008349,9,30971.8,29.0,2025-11-19 12:55:33,3441.311111111111
CUST008475,5,34974.310000000005,42.0,2025-12-23 06:00:06,6994.862000000001
CUST008799,9,78467.77,87.0,2025-09-15 20:50:49,8718.641111111112
CUST007056,7,55137.66,59.0,2025-12-25 19:53:55,7876.808571428572
CUST005403,7,35272.54,40.0,2025-08-25 00:54:06,5038.934285714286
CUST009993,5,36254.02,41.0,2025-11-04 16:53:22,7250.803999999999
CUST009790,8,45066.22,59.0,2025-10-01 04:50:55,5633.2775
CUST005908,6,49684.729999999996,49.0,2025-10-16 17:16:25,8280.788333333332
CUST006664,5,56615.600000000006,60.0,2025-07-22 04:11:11,11323.12
CUST003693,7,53356.09999999999,58.0,2025-09-23 08:26:55,7622.299999999998
CUST006222,7,75514.79000000001,78.0,2025-12-11 01:46:34,10787.827142857144
CUST008982,6,34366.47,37.0,2025-11-13 04:08:40,5727.745
CUST008146,6,50584.16,53.0,2025-12-07 10:02:31,8430.693333333335
CUST003964,4,29859.300000000003,36.0,2025-10-27 08:13:08,7464.825000000001
CUST009554,4,25005.35,22.0,2025-12-13 03:34:47,6251.3375
CUST002459,6,51805.98000000001,66.0,2025-12-05 17:02:41,8634.330000000002
CUST002776,6,28895.519999999997,38.0,2025-12-18 10:24:24,4815.919999999999
CUST002535,7,41356.77,43.0,2025-10-02 08:39:50,5908.11
CUST004998,7,34370.15,47.0,2025-11-06 14:45:43,4910.021428571429
CUST004135,5,47779.73,58.0,2025-11-03 13:48:37,9555.946
CUST005747,5,69850.41,61.0,2025-11-03 00:38:29,13970.082
CUST006728,6,63965.72,64.0,2025-10-06 13:34:21,10660.953333333333
CUST009975,6,80436.23,72.0,2025-11-27 17:52:02,13406.038333333332
CUST001202,8,71045.59999999999,67.0,2025-11-04 07:52:15,8880.699999999999
BAD_CUST_4433,5,48283.84,61.0,2025-10-13 07:03:45,9656.768
CUST006924,4,34780.81,34.0,2025-12-08 05:19:54,8695.2025
CUST006490,9,71778.0,73.0,2025-11-22 13:56:51,7975.333333333333
CUST009263,7,68407.77,75.0,2025-12-19 05:43:31,9772.538571428571
CUST002409,7,67166.8,73.0,2025-12-08 09:50:47,9595.257142857143
CUST009468,6,47548.41,67.0,2025-11-17 11:17:44,7924.735000000001
CUST005639,2,21117.6,24.0,2025-03-05 08:34:20,10558.8
CUST005791,3,41619.67,40.0,2025-08-25 20:20:54,13873.223333333333
CUST000430,6,69350.88,63.0,2025-11-06 05:58:11,11558.480000000001
CUST005944,5,27350.11,31.0,2025-11-18 14:23:00,5470.022
CUST004413,7,69204.83,67.0,2025-09-12 19:27:37,9886.404285714287
CUST009485,4,24992.44,21.0,2025-11-10 05:36:24,6248.11
CUST008096,6,22934.85,31.0,2025-10-09 22:48:37,3822.475
CUST002090,4,39076.06,37.0,2025-07-23 13:09:38,9769.015
CUST004042,9,79247.68,79.0,2025-12-11 02:54:38,8805.297777777778
CUST004053,12,132567.13,134.0,2025-12-19 02:57:33,11047.260833333334
CUST005095,9,73497.79000000001,85.0,2025-09-26 03:03:07,8166.421111111112
CUST009451,6,27856.260000000002,33.0,2025-08-24 18:43:59,4642.71
BAD_CUST_8422,8,72499.56,78.0,2025-12-24 03:50:24,9062.445
CUST009555,4,24923.609999999997,26.0,2025-08-31 15:56:29,6230.902499999999
CUST007482,1,8723.25,11.0,2025-09-16 03:42:57,8723.25
CUST004357,8,59121.09,57.0,2025-12-07 19:00:32,7390.13625
CUST006156,6,54465.46,56.0,2025-10-29 13:22:24,9077.576666666666
CUST007089,8,50747.59,57.0,2025-11-30 06:51:40,6343.44875
CUST008697,12,129255.93000000001,118.0,2025-11-15 06:22:10,10771.327500000001
CUST002121,2,16182.14,14.0,2025-09-13 04:58:24,8091.07
CUST008196,5,41840.43,50.0,2025-12-22 20:12:37,8368.086
CUST007450,7,81046.7,62.0,2025-12-17 19:38:19,11578.1
CUST001457,4,38857.7,50.0,2025-07-10 05:23:04,9714.425
CUST007121,3,36551.98,28.0,2025-12-05 07:17:02,12183.993333333334
CUST002828,3,24886.14,26.0,2025-10-22 12:34:14,8295.38
CUST007568,5,74370.48000000001,67.0,2025-11-13 12:17:29,14874.096000000001
CUST007140,5,27326.9,34.0,2025-10-02 16:24:57,5465.38
CUST009998,4,28193.480000000003,27.0,2025-10-30 03:18:25,7048.370000000001
CUST008466,6,45111.54,54.0,2025-12-27 03:14:52,7518.59
CUST004867,5,38184.12,43.0,2025-12-11 16:47:15,7636.8240000000005
CUST007569,6,57704.58,65.0,2025-12-12 15:14:31,9617.43
CUST001406,8,55584.74,66.0,2025-12-06 10:30:38,6948.0925
CUST003073,6,60362.58,58.0,2025-11-08 13:57:58,10060.43
CUST007962,6,41722.53999999999,52.0,2025-11-12 08:01:19,6953.756666666665
CUST001219,7,55964.969999999994,56.0,2025-12-08 02:43:11,7994.995714285714
CUST002482,3,25534.479999999996,25.0,2025-11-14 09:16:49,8511.493333333332
CUST002586,6,42055.74,44.0,2025-07-28 16:14:22,7009.29
CUST008693,6,59589.850000000006,66.0,2025-12-16 01:53:45,9931.641666666668
CUST002975,4,38904.8,50.0,2025-12-11 10:15:11,9726.2
CUST006385,6,62352.33,71.0,2025-11-10 05:42:52,10392.055
CUST000457,9,112744.33,109.0,2025-10-28 20:26:46,12527.147777777778
CUST000927,7,55229.07,61.0,2025-12-30 13:04:51,7889.867142857142
CUST005921,3,23310.37,27.0,2025-12-14 10:16:25,7770.123333333333
CUST006203,10,80173.51999999999,76.0,2025-11-16 03:36:54,8017.351999999999
CUST006778,5,30989.82,39.0,2025-07-20 20:24:18,6197.964
CUST000180,5,46814.46,50.0,2025-11-25 01:48:40,9362.892
CUST000557,7,68568.23999999999,74.0,2025-12-30 06:01:16,9795.462857142857
CUST008016,6,58882.82,50.0,2025-11-12 13:50:24,9813.803333333333
CUST005385,4,13984.45,14.0,2025-11-16 06:02:54,3496.1125
CUST006848,10,98295.95999999999,85.0,2025-12-27 03:39:31,9829.596
CUST003089,7,45700.31999999999,48.0,2025-12-04 09:43:49,6528.6171428571415
CUST006487,11,89664.37000000001,87.0,2025-11-14 10:14:56,8151.306363636365
CUST002753,8,57133.89,71.0,2025-11-07 07:31:21,7141.73625
CUST006211,6,48242.09,49.0,2025-08-30 06:23:39,8040.348333333332
CUST003476,6,47850.759999999995,56.0,2025-12-22 10:28:42,7975.126666666666
CUST002199,4,51192.34999999999,42.0,2025-11-06 00:11:33,12798.087499999998
CUST000254,7,63930.53,68.0,2025-11-21 18:25:08,9132.932857142858
CUST006081,6,39081.66,49.0,2025-10-20 08:12:54,6513.610000000001
CUST000283,5,39582.46,38.0,2025-06-01 23:10:18,7916.492
CUST008228,4,34906.47,38.0,2025-10-26 18:30:21,8726.6175
CUST003210,3,30340.23,28.0,2025-06-14 02:36:44,10113.41
CUST005015,3,35176.99,35.0,2025-12-30 17:48:29,11725.663333333332
CUST001272,8,48392.59,66.0,2025-12-29 06:48:05,6049.07375
CUST007269,8,65406.43,63.0,2025-11-30 08:13:57,8175.80375
CUST002041,8,34412.93,39.0,2025-12-20 00:20:52,4301.61625
CUST001987,9,95684.33000000002,97.0,2025-11-20 09:08:31,10631.592222222223
CUST007442,3,35659.07,29.0,2025-11-21 13:39:29,11886.356666666667
CUST008394,5,25303.08,23.0,2025-11-30 05:31:44,5060.616
CUST000119,6,42655.29000000001,45.0,2025-10-24 21:41:25,7109.215000000001
CUST009042,6,30168.92,45.0,2025-11-30 22:35:57,5028.153333333333
CUST006688,7,59259.48,63.0,2025-11-11 08:32:16,8465.640000000001
CUST002057,9,63390.56000000001,64.0,2025-10-14 19:34:59,7043.395555555557
CUST008673,4,39035.29,38.0,2025-08-17 22:54:25,9758.8225
CUST000449,6,68312.82,52.0,2025-11-18 00:33:05,11385.470000000001
CUST000401,6,53237.0,58.0,2025-11-04 21:35:08,8872.833333333334
CUST007354,5,50537.020000000004,45.0,2025-06-20 12:11:03,10107.404
CUST002064,10,80132.51,76.0,2025-11-27 20:52:54,8013.250999999999
CUST001560,6,60834.38,84.0,2025-10-30 19:49:18,10139.063333333334
CUST002237,0,,,,0.0
CUST006946,11,91918.26000000001,96.0,2025-12-20 14:43:17,8356.205454545456
CUST002856,3,25620.39,24.0,2025-11-11 02:45:41,8540.13
CUST005100,10,93850.20000000001,106.0,2025-11-09 23:54:55,9385.02
CUST001145,9,56800.439999999995,66.0,2025-12-15 10:47:02,6311.16
CUST002132,4,49575.49,57.0,2025-07-30 18:37:27,12393.8725
CUST007507,7,52392.57,51.0,2025-08-01 21:31:56,7484.652857142857
CUST005315,4,26816.260000000002,36.0,2025-10-31 15:35:06,6704.0650000000005
CUST008694,5,48765.02,50.0,2025-07-13 09:21:20,9753.003999999999
CUST007420,9,56760.9,73.0,2025-12-08 23:50:35,6306.766666666666
CUST000808,4,15737.150000000001,23.0,2025-05-24 21:56:39,3934.2875000000004
CUST000528,4,21552.99,26.0,2025-10-16 18:26:24,5388.2475
CUST008720,2,10781.59,20.0,2025-12-01 18:48:17,5390.795
CUST004176,6,45368.28,52.0,2025-09-23 14:09:29,7561.38
CUST000672,5,30886.84,48.0,2025-12-25 03:53:08,6177.368
CUST003570,7,55314.549999999996,58.0,2025-12-26 10:54:51,7902.078571428571
CUST002655,4,34940.759999999995,41.0,2025-11-08 06:05:38,8735.189999999999
CUST009137,5,38505.18,42.0,2025-10-02 15:43:18,7701.036
CUST002917,8,86714.48,81.0,2025-09-29 19:05:32,10839.31
CUST003743,4,30407.53,31.0,2025-11-07 21:02:27,7601.8825
CUST000575,10,85137.05,81.0,2025-10-13 06:14:08,8513.705
CUST006362,9,63809.9,67.0,2025-12-10 10:10:21,7089.988888888889
CUST005369,7,45884.70999999999,51.0,2025-10-02 21:20:19,6554.95857142857
CUST005523,6,54431.26,58.0,2025-10-22 20:00:23,9071.876666666667
CUST005614,6,70248.54000000001,76.0,2025-09-15 13:37:44,11708.090000000002
CUST001806,9,59721.42,66.0,2025-09-27 02:00:30,6635.713333333333
CUST006507,8,77607.01,87.0,2025-11-29 14:52:59,9700.87625
CUST007451,5,52372.46,64.0,2025-10-25 21:59:27,10474.492
CUST000558,6,54016.630000000005,56.0,2025-12-14 20:18:15,9002.771666666667
CUST006471,6,26789.350000000002,42.0,2025-12-10 19:57:22,4464.891666666667
CUST000923,12,95976.38,100.0,2025-12-26 20:22:16,7998.031666666667
CUST007582,6,51339.979999999996,61.0,2025-10-24 17:04:19,8556.663333333332
CUST006911,4,32521.01,31.0,2025-10-18 13:55:45,8130.2525
CUST005318,11,102382.04999999999,111.0,2025-12-17 11:35:54,9307.45909090909
CUST009478,7,32032.58,37.0,2025-12-05 22:42:03,4576.082857142857
CUST001612,3,17100.33,20.0,2025-11-29 01:03:07,5700.110000000001
CUST003045,11,92300.26,100.0,2025-11-19 02:48:55,8390.932727272726
CUST000464,6,37933.8,52.0,2025-09-05 23:16:56,6322.3
CUST006343,6,53756.0,44.0,2025-11-03 02:32:15,8959.333333333334
CUST005168,6,39790.08,39.0,2025-11-05 07:52:26,6631.68
CUST007350,6,39500.04,44.0,2025-05-21 06:13:10,6583.34
CUST002843,7,56750.49999999999,59.0,2025-12-01 12:36:24,8107.214285714284
CUST004622,7,61562.89,54.0,2025-12-23 02:55:39,8794.698571428571
CUST002640,6,64722.31,65.0,2025-12-20 14:26:12,10787.051666666666
CUST000192,10,72420.72,83.0,2025-10-28 05:24:05,7242.072
CUST000249,7,61753.149999999994,65.0,2025-11-19 16:36:39,8821.878571428571
CUST001142,3,30124.87,31.0,2025-07-11 02:23:26,10041.623333333333
CUST004992,7,49229.22,60.0,2025-11-25 17:36:36,7032.745714285715
CUST006794,6,38626.69,36.0,2025-12-28 14:44:48,6437.781666666667
CUST009609,11,88461.22,77.0,2025-12-26 23:20:29,8041.929090909091
CUST005188,7,61578.16,59.0,2025-11-04 19:20:21,8796.880000000001
CUST009954,3,22572.37,21.0,2025-08-13 17:07:53,7524.123333333333
CUST003603,6,53272.23999999999,59.0,2025-10-10 22:39:28,8878.706666666665
CUST007784,5,43375.899999999994,45.0,2025-11-10 12:15:56,8675.179999999998
CUST006280,5,31774.05,42.0,2025-11-25 10:01:09,6354.8099999999995
CUST004322,7,43999.829999999994,40.0,2025-11-12 23:18:25,6285.69
CUST004704,8,94563.57,93.0,2025-12-08 02:08:13,11820.44625
CUST004222,4,30394.67,28.0,2025-12-30 23:30:17,7598.6675
CUST007196,6,30145.18,35.0,2025-10-14 23:47:28,5024.196666666667
CUST003313,4,28777.1,32.0,2025-12-18 10:41:56,7194.275
CUST005172,4,25666.72,28.0,2025-09-04 22:19:23,6416.68
CUST004094,5,32651.300000000003,36.0,2025-12-11 23:53:00,6530.26
CUST004896,7,55589.67,62.0,2025-12-23 18:16:36,7941.381428571428
CUST005388,7,43175.06999999999,50.0,2025-09-24 06:21:11,6167.8671428571415
CUST005827,3,23437.48,26.0,2025-11-15 00:49:46,7812.493333333333
CUST006097,9,73246.72,99.0,2025-11-29 17:33:00,8138.524444444444
CUST006850,3,29311.989999999998,24.0,2025-08-28 07:26:53,9770.663333333332
CUST001912,4,46087.729999999996,54.0,2025-12-13 00:49:42,11521.932499999999
CUST008123,5,37368.85,38.0,2025-10-01 23:27:04,7473.7699999999995
CUST000468,4,22262.85,25.0,2025-10-24 02:54:18,5565.7125
CUST003725,7,60116.170000000006,61.0,2025-11-14 03:15:40,8588.024285714286
CUST003678,4,42880.12,43.0,2025-11-20 19:11:33,10720.03
CUST000529,3,12986.96,16.0,2025-11-28 00:33:51,4328.986666666667
CUST009548,6,24950.56,28.0,2025-12-25 07:10:11,4158.426666666667
CUST006406,6,46881.89,42.0,2025-10-04 08:56:23,7813.6483333333335
CUST007495,6,35314.92,34.0,2025-11-30 06:38:09,5885.82
CUST004682,4,35444.06,28.0,2025-11-01 00:21:30,8861.015
CUST007990,7,53943.909999999996,46.0,2025-12-15 01:57:41,7706.272857142857
CUST006340,4,30981.009999999995,32.0,2025-05-28 16:23:40,7745.252499999999
CUST000167,7,70704.68,75.0,2025-12-25 03:22:23,10100.66857142857
CUST002452,6,46797.22,59.0,2025-12-23 11:32:44,7799.536666666667
CUST008377,8,61836.95,68.0,2025-12-07 16:04:08,7729.61875
CUST009616,5,60476.51000000001,61.0,2025-10-31 12:36:24,12095.302000000001
CUST007230,5,58757.21000000001,55.0,2025-11-11 15:31:21,11751.442000000001
CUST006041,12,100409.78,110.0,2025-12-03 13:17:56,8367.481666666667
CUST005155,9,62399.32,75.0,2025-12-27 09:28:01,6933.257777777778
CUST009071,5,41303.65,41.0,2025-11-27 23:18:18,8260.73
CUST008974,9,126612.91,123.0,2025-08-21 00:04:59,14068.101111111111
CUST004338,7,67274.34,81.0,2025-10-28 00:11:30,9610.619999999999
CUST009595,10,77402.56,73.0,2025-12-14 04:36:32,7740.255999999999
CUST003238,8,86808.28,93.0,2025-12-25 04:30:16,10851.035
CUST009681,5,31146.31,42.0,2025-10-29 15:50:40,6229.262000000001
CUST004255,5,52008.17,41.0,2025-12-11 02:06:07,10401.634
CUST007804,7,37817.75,48.0,2025-08-05 09:46:33,5402.535714285715
CUST003450,8,78561.12,84.0,2025-11-14 18:35:11,9820.14
CUST005588,7,54484.909999999996,69.0,2025-12-09 21:14:20,7783.558571428571
CUST005658,5,23718.510000000002,38.0,2025-08-07 11:06:54,4743.702
CUST002913,4,24851.32,27.0,2025-12-21 00:28:56,6212.83
CUST007617,4,41946.380000000005,54.0,2025-10-30 10:14:03,10486.595000000001
CUST005426,7,67026.25,71.0,2025-11-22 12:53:07,9575.17857142857
CUST007214,7,72661.06,84.0,2025-11-19 09:35:45,10380.151428571427
CUST002823,7,77894.75,75.0,2025-12-31 05:50:00,11127.82142857143
CUST002298,8,75882.51000000001,77.0,2025-12-21 21:44:22,9485.313750000001
CUST009049,3,32993.03,34.0,2025-11-04 00:56:58,10997.676666666666
CUST009218,4,54051.219999999994,56.0,2025-10-14 02:16:14,13512.804999999998
CUST007366,6,75191.04000000001,80.0,2025-12-29 14:53:48,12531.840000000002
CUST003401,8,62123.86,74.0,2025-11-28 06:18:10,7765.4825
CUST005438,8,70166.15999999999,76.0,2025-11-19 13:43:00,8770.769999999999
CUST005970,7,45613.53,54.0,2025-11-13 00:16:58,6516.2185714285715
CUST007280,5,42589.38999999999,38.0,2025-12-15 21:25:46,8517.877999999999
CUST000653,7,54309.619999999995,61.0,2025-12-22 20:34:06,7758.517142857142
CUST004765,8,40027.950000000004,53.0,2025-10-23 18:28:44,5003.493750000001
CUST004894,6,36055.66,32.0,2025-11-13 09:32:14,6009.276666666668
CUST001106,9,74082.91999999998,78.0,2025-11-19 22:23:08,8231.435555555554
CUST009266,6,29609.629999999997,34.0,2025-12-21 14:58:16,4934.938333333333
CUST007944,9,74786.69,77.0,2025-10-24 12:43:52,8309.632222222222
CUST009491,8,64418.76000000001,74.0,2025-12-09 05:53:55,8052.345000000001
CUST000238,5,28188.75,33.0,2025-09-05 22:28:05,5637.75
CUST002033,6,44743.100000000006,59.0,2025-12-21 09:31:19,7457.183333333334
CUST007878,7,73065.68000000001,76.0,2025-12-12 11:18:51,10437.954285714286
CUST000170,5,61750.67,66.0,2025-12-16 00:44:38,12350.134
CUST004689,3,28063.199999999997,28.0,2025-08-20 16:43:45,9354.4
CUST003179,7,62756.840000000004,64.0,2025-09-25 22:47:58,8965.262857142858
CUST001310,5,47811.47,41.0,2025-12-28 04:13:37,9562.294
CUST000667,12,94093.1,88.0,2025-11-16 19:40:10,7841.091666666667
CUST003131,5,56847.86,46.0,2025-11-29 17:51:27,11369.572
CUST004377,4,28503.18,30.0,2025-09-27 10:27:49,7125.795
CUST002713,5,62992.979999999996,64.0,2025-10-16 21:45:16,12598.596
CUST003090,4,16205.71,21.0,2025-12-23 15:50:25,4051.4275
CUST002812,7,59933.58,55.0,2025-09-28 07:05:47,8561.94
CUST004022,7,50142.439999999995,57.0,2025-11-19 19:24:06,7163.205714285714
CUST001700,7,84619.74,76.0,2025-11-06 01:35:12,12088.534285714286
CUST002096,5,34748.47,52.0,2025-10-26 12:20:57,6949.694
CUST001511,5,62040.38,64.0,2025-10-15 16:27:16,12408.076
CUST007092,3,20440.949999999997,28.0,2025-09-06 18:23:18,6813.649999999999
CUST001494,4,21083.39,24.0,2025-10-23 20:42:52,5270.8475
CUST003070,6,44743.07,45.0,2025-12-24 15:49:53,7457.178333333333
CUST008651,9,72817.97,75.0,2025-12-01 21:13:12,8090.885555555556
CUST003942,3,21341.44,22.0,2025-11-28 23:37:58,7113.813333333333
CUST007700,3,30692.71,29.0,2025-07-13 18:04:02,10230.903333333334
CUST008103,4,30297.299999999996,41.0,2025-11-25 20:37:37,7574.324999999999
CUST004329,0,,,,0.0
CUST007697,4,25774.120000000003,31.0,2025-09-06 14:49:09,6443.530000000001
CUST007240,5,24235.23,28.0,2025-12-21 12:57:41,4847.046
CUST005382,6,66565.7,72.0,2025-11-09 18:00:52,11094.283333333333
CUST002428,9,80655.8,76.0,2025-12-08 08:14:28,8961.755555555555
CUST004240,13,92202.43,117.0,2025-12-25 06:18:46,7092.494615384615
CUST002270,5,47128.6,46.0,2025-11-21 22:51:15,9425.72
CUST000844,10,76521.8,85.0,2025-12-27 01:55:21,7652.18
CUST006855,8,68442.56,77.0,2025-09-13 04:05:58,8555.32
CUST008984,6,44356.47,45.0,2025-12-12 14:59:27,7392.745
CUST003052,1,6437.790000000001,5.0,2025-01-23 16:47:10,6437.790000000001
CUST005161,4,22518.42,21.0,2025-12-29 20:50:59,5629.605
CUST000854,5,58614.520000000004,56.0,2025-04-12 23:49:21,11722.904
CUST003466,9,73666.1,74.0,2025-12-23 04:42:31,8185.122222222223
CUST006837,9,80560.15,86.0,2025-12-20 18:52:40,8951.127777777778
CUST009931,4,35731.509999999995,39.0,2025-10-17 17:39:35,8932.877499999999
CUST006022,7,45415.869999999995,55.0,2025-12-28 17:56:25,6487.981428571428
CUST009911,10,70003.31999999999,81.0,2025-12-15 00:43:59,7000.331999999999
CUST008671,9,80444.56000000001,78.0,2025-12-26 23:25:59,8938.284444444445
CUST006511,6,49395.48,47.0,2025-12-10 10:49:39,8232.58
CUST007474,4,41534.25,46.0,2025-09-28 12:56:59,10383.5625
CUST002283,6,60538.53999999999,61.0,2025-10-31 08:07:13,10089.756666666666
CUST008285,8,85682.13,87.0,2025-12-24 23:58:58,10710.26625
CUST002322,6,61473.25,54.0,2025-12-19 16:13:41,10245.541666666666
CUST008169,3,28094.82,27.0,2025-05-14 20:00:02,9364.94
CUST009982,8,47670.45,47.0,2025-10-25 08:31:34,5958.80625
CUST000152,5,9332.170000000002,20.0,2025-12-10 14:49:57,1866.4340000000004
CUST009966,7,53051.83,53.0,2025-11-29 19:07:09,7578.832857142857
CUST006784,9,50469.90999999999,63.0,2025-12-20 03:19:26,5607.767777777776
CUST005465,6,43198.880000000005,40.0,2025-12-28 00:43:59,7199.813333333334
CUST005119,5,39700.82,40.0,2025-10-23 19:11:13,7940.164
CUST005798,8,48049.99,45.0,2025-10-27 17:47:50,6006.24875
CUST007010,3,34536.0,41.0,2025-11-02 10:32:05,11512.0
CUST006346,5,47568.2,53.0,2025-08-04 17:53:08,9513.64
CUST007029,9,72123.86,69.0,2025-12-20 08:42:06,8013.762222222223
CUST008215,10,89422.98,105.0,2025-12-19 02:59:17,8942.297999999999
CUST004146,6,64500.44,57.0,2025-12-28 00:19:48,10750.073333333334
CUST006998,3,25708.670000000002,32.0,2025-10-22 09:36:38,8569.556666666667
CUST004906,6,60606.56,66.0,2025-12-15 08:43:14,10101.093333333332
CUST009257,6,44130.270000000004,46.0,2025-10-31 20:58:03,7355.045000000001
CUST000476,8,71853.01000000001,73.0,2025-12-15 06:33:38,8981.626250000001
CUST008991,3,22509.629999999997,16.0,2025-12-05 10:51:18,7503.209999999999
CUST006862,5,48430.380000000005,47.0,2025-12-17 03:41:05,9686.076000000001
CUST006965,5,44185.92999999999,49.0,2025-12-20 17:10:17,8837.185999999998
CUST006599,6,50434.37,50.0,2025-11-22 02:43:46,8405.728333333334
CUST006644,7,53605.98,50.0,2025-09-23 00:51:44,7657.997142857143
CUST003064,6,66473.94,53.0,2025-11-08 23:20:21,11078.99
CUST000599,6,53572.909999999996,56.0,2025-08-29 12:14:49,8928.818333333333
CUST003232,6,28933.51,39.0,2025-11-06 15:20:08,4822.251666666666
CUST005801,7,73416.52,61.0,2025-12-10 23:01:19,10488.074285714287
CUST007618,9,72779.36,84.0,2025-12-31 15:23:58,8086.595555555556
CUST004374,10,86060.96,101.0,2025-12-18 21:12:16,8606.096000000001
CUST007820,6,56943.47,61.0,2025-12-15 03:03:55,9490.578333333333
CUST006817,6,66560.14000000001,73.0,2025-11-29 12:50:55,11093.356666666668
CUST006439,4,43633.36,46.0,2025-09-29 09:36:27,10908.34
CUST007225,4,34508.770000000004,34.0,2025-04-28 11:33:46,8627.192500000001
CUST001023,5,29267.340000000004,34.0,2025-10-09 16:37:29,5853.468000000001
CUST009186,6,70026.59,61.0,2025-09-03 16:24:48,11671.098333333333
CUST002993,7,49811.25,68.0,2025-10-30 14:29:46,7115.892857142857
CUST006395,5,27918.250000000004,29.0,2025-08-22 08:27:20,5583.650000000001
CUST002195,5,40451.64,55.0,2025-12-13 06:19:11,8090.3279999999995
CUST004821,7,80313.13,77.0,2025-12-07 19:29:49,11473.304285714286
CUST000072,4,48062.509999999995,42.0,2025-12-10 06:51:23,12015.627499999999
CUST008322,6,24742.26,24.0,2025-08-23 14:50:59,4123.71
CUST008224,9,76426.37,84.0,2025-11-15 03:13:07,8491.818888888889
CUST001778,9,84350.58,93.0,2025-12-22 17:17:22,9372.286666666667
CUST004067,3,39455.96,29.0,2025-11-12 09:16:13,13151.986666666666
CUST001966,2,27595.92,19.0,2025-11-23 03:15:39,13797.96
CUST007657,7,72649.89,66.0,2025-12-18 02:48:04,10378.555714285714
CUST003598,9,99491.55,104.0,2025-12-28 11:40:34,11054.616666666667
CUST001153,6,34648.71,37.0,2025-12-27 05:02:54,5774.785
CUST005476,2,14674.699999999999,19.0,2025-06-28 20:45:14,7337.349999999999
CUST004414,5,34277.36,46.0,2025-11-29 05:32:14,6855.472
CUST004880,13,94776.66,105.0,2025-11-14 18:56:04,7290.512307692308
CUST004295,7,53789.450000000004,76.0,2025-11-21 05:42:12,7684.2071428571435
CUST004116,5,49423.55,63.0,2025-12-05 10:04:46,9884.710000000001
CUST002178,2,18315.129999999997,17.0,2025-11-16 12:54:50,9157.564999999999
CUST006944,0,,,,0.0
CUST001559,9,96630.81,91.0,2025-10-06 16:47:05,10736.756666666666
CUST003520,4,41335.229999999996,42.0,2025-05-05 14:50:26,10333.807499999999
CUST006124,3,31500.17,27.0,2025-12-16 03:10:26,10500.056666666665
CUST009780,8,60527.04,61.0,2025-12-19 07:12:13,7565.88
CUST009150,8,34349.090000000004,44.0,2025-12-23 03:22:51,4293.6362500000005
CUST001610,5,54231.7,50.0,2025-12-07 05:22:22,10846.34
CUST006336,5,33127.56,37.0,2025-12-05 12:07:46,6625.512
CUST009889,10,90198.92000000001,100.0,2025-11-30 19:30:49,9019.892000000002
CUST000381,7,51990.8,54.0,2025-11-09 13:12:11,7427.257142857144
CUST001879,8,55593.259999999995,70.0,2025-12-26 09:44:48,6949.157499999999
CUST005931,8,62349.97000000001,68.0,2025-09-26 12:18:33,7793.746250000001
CUST003708,7,55972.350000000006,66.0,2025-06-19 15:11:00,7996.050000000001
CUST005830,4,25299.42,31.0,2025-09-04 20:36:04,6324.855
CUST003463,3,34098.29,35.0,2025-11-05 16:01:26,11366.096666666666
CUST006404,4,24987.530000000002,27.0,2025-10-05 23:47:09,6246.882500000001
CUST003416,7,48479.47999999999,50.0,2025-10-25 15:24:53,6925.6399999999985
CUST000580,9,50834.06,62.0,2025-08-22 03:15:46,5648.228888888889
CUST000147,8,59079.26,71.0,2025-12-07 07:58:28,7384.9075
CUST003694,4,50427.69,45.0,2025-12-28 02:45:56,12606.9225
CUST009356,8,58747.28,73.0,2025-11-02 09:53:24,7343.41
CUST005705,5,43529.8,45.0,2025-09-18 22:31:03,8705.960000000001
CUST007579,5,21060.370000000003,28.0,2025-10-26 13:17:12,4212.0740000000005
CUST004798,7,74398.72,71.0,2025-12-29 02:09:11,10628.388571428572
CUST003915,9,63868.06,69.0,2025-10-17 00:33:06,7096.451111111111
CUST005332,6,50311.02999999999,63.0,2025-12-20 00:21:17,8385.171666666665
CUST008154,4,40996.59,42.0,2025-07-21 15:01:59,10249.1475
CUST004142,6,73451.61,59.0,2025-11-11 03:15:50,12241.935
CUST000733,3,19071.18,23.0,2025-11-11 12:25:11,6357.06
CUST007024,8,56534.43000000001,63.0,2025-11-24 03:33:08,7066.803750000001
CUST008428,6,47883.22,53.0,2025-10-19 14:24:09,7980.536666666667
CUST003068,5,38963.369999999995,39.0,2025-09-15 21:48:06,7792.673999999999
CUST009745,4,24521.300000000003,30.0,2025-11-25 15:49:06,6130.325000000001
CUST000020,4,22401.02,24.0,2025-09-13 04:34:29,5600.255
CUST006904,6,77646.35999999999,80.0,2025-12-20 00:27:29,12941.059999999998
CUST005993,9,90076.61,76.0,2025-12-31 05:47:23,10008.512222222222
CUST003489,6,49494.240000000005,48.0,2025-12-14 04:07:02,8249.04
CUST002807,3,20890.800000000003,23.0,2025-11-25 11:07:51,6963.600000000001
CUST006132,10,83417.73,90.0,2025-12-19 18:09:51,8341.773
CUST007963,7,66905.4,56.0,2025-12-10 17:55:13,9557.914285714285
CUST003974,6,29915.009999999995,36.0,2025-12-09 14:22:11,4985.834999999999
BAD_CUST_4877,5,33737.229999999996,31.0,2025-11-20 15:23:30,6747.445999999999
CUST000812,7,77925.27,83.0,2025-09-08 01:23:07,11132.18142857143
CUST000314,6,63826.13999999999,72.0,2025-12-22 10:48:06,10637.689999999999
CUST007210,3,18304.67,28.0,2025-12-31 09:22:08,6101.556666666666
CUST005054,7,48943.64,49.0,2025-12-11 11:04:57,6991.948571428571
CUST006733,4,35475.16999999999,34.0,2025-11-14 04:13:47,8868.792499999998
CUST009928,7,73056.92,71.0,2025-11-24 20:51:44,10436.702857142856
CUST000091,8,62823.89,57.0,2025-11-26 15:58:30,7852.98625
CUST003236,12,107666.23,117.0,2025-12-16 13:12:11,8972.185833333333
CUST000061,11,70392.56,73.0,2025-12-26 03:03:03,6399.323636363636
CUST000846,10,86131.82,94.0,2025-11-30 16:29:41,8613.182
CUST000012,8,56453.729999999996,71.0,2025-12-24 05:44:07,7056.7162499999995
CUST001136,6,26513.83,36.0,2025-12-24 15:29:36,4418.971666666667
CUST009011,2,9790.18,17.0,2025-11-04 21:56:58,4895.09
CUST004635,10,93696.47,104.0,2025-12-15 11:10:03,9369.647
CUST005452,5,29724.93,31.0,2025-12-30 04:01:29,5944.986
CUST008994,4,38863.6,38.0,2025-11-06 01:24:25,9715.9
CUST007652,6,34811.119999999995,40.0,2025-10-17 00:27:46,5801.853333333333
CUST007052,4,32630.04,43.0,2025-11-12 19:32:18,8157.51
CUST001979,5,35943.62,49.0,2025-09-11 00:06:03,7188.724
CUST007109,5,61979.56999999999,59.0,2025-12-10 05:03:11,12395.913999999999
CUST006861,7,41757.17,49.0,2025-11-18 17:49:34,5965.3099999999995
CUST005718,6,29545.76,35.0,2025-11-30 13:54:50,4924.293333333333
CUST005767,4,36406.36,37.0,2025-10-25 01:13:13,9101.59
CUST001849,7,52921.24,65.0,2025-10-26 21:10:10,7560.177142857143
CUST003850,6,47669.54,52.0,2025-12-16 19:36:16,7944.923333333333
CUST006659,4,29271.510000000002,28.0,2025-09-29 16:16:16,7317.8775000000005
CUST005029,4,54524.130000000005,46.0,2025-12-17 07:46:14,13631.032500000001
CUST001359,5,19934.189999999995,37.0,2025-12-06 05:16:10,3986.837999999999
CUST000377,6,60377.65,66.0,2025-12-04 05:26:39,10062.941666666668
CUST008517,7,47528.86,58.0,2025-12-12 14:41:58,6789.837142857143
CUST001113,9,101384.45000000001,101.0,2025-10-07 23:41:12,11264.93888888889
CUST009483,3,32138.54,35.0,2025-09-26 04:42:54,10712.846666666666
CUST004499,3,22378.800000000003,25.0,2025-12-28 12:10:22,7459.600000000001
CUST001493,6,54986.12000000001,57.0,2025-10-24 07:01:40,9164.353333333334
CUST000058,4,30598.079999999998,33.0,2025-06-05 19:48:12,7649.5199999999995
CUST005078,9,70776.14,97.0,2025-11-30 05:54:46,7864.015555555556
CUST008604,6,61156.38,61.0,2025-11-08 17:19:52,10192.73
CUST008987,7,57349.74,53.0,2025-11-20 20:38:21,8192.82
CUST006619,6,70715.98999999999,71.0,2025-08-27 19:31:57,11785.998333333331
CUST007717,9,93442.02999999998,95.0,2025-08-30 03:01:27,10382.447777777776
CUST002639,5,37210.24,45.0,2025-11-23 18:21:57,7442.048
CUST008381,8,70006.60999999999,87.0,2025-11-21 07:22:04,8750.826249999998
CUST003833,4,40441.100000000006,38.0,2025-09-10 14:23:20,10110.275000000001
CUST007957,6,42318.350000000006,46.0,2025-12-15 16:31:28,7053.058333333334
CUST000719,5,32625.69,35.0,2025-12-07 00:12:36,6525.138
CUST002338,6,45453.70999999999,48.0,2025-08-22 16:38:34,7575.618333333332
CUST005338,4,27892.29,28.0,2025-08-27 03:34:14,6973.0725
CUST003909,5,46525.34,46.0,2025-10-11 12:27:59,9305.068
CUST009128,12,107645.04000000001,110.0,2025-12-28 22:55:28,8970.42
CUST005622,11,96151.19,96.0,2025-11-18 03:40:58,8741.017272727273
CUST001410,12,93976.06999999999,91.0,2025-12-31 15:59:27,7831.339166666666
CUST009805,7,31751.800000000003,35.0,2025-12-27 02:29:16,4535.971428571429
CUST002487,5,40174.8,36.0,2025-11-02 22:14:34,8034.960000000001
CUST002245,11,95932.28,103.0,2025-12-18 01:27:07,8721.116363636364
CUST002042,5,45734.64,48.0,2025-12-03 10:45:21,9146.928
CUST009374,4,39979.810000000005,41.0,2025-10-13 19:10:02,9994.952500000001
CUST001199,5,46840.659999999996,53.0,2025-10-26 17:30:56,9368.132
CUST005773,4,20342.309999999998,22.0,2025-10-28 22:47:13,5085.577499999999
CUST008014,10,79915.31,94.0,2025-12-10 02:26:55,7991.531
CUST009671,6,62922.03,65.0,2025-10-16 14:53:38,10487.005
CUST005099,5,31648.399999999998,24.0,2025-09-01 13:48:30,6329.679999999999
CUST008888,3,23685.300000000003,29.0,2025-05-20 14:24:45,7895.100000000001
CUST005070,4,48280.48,41.0,2025-12-20 03:44:31,12070.12
CUST002418,4,40671.899999999994,39.0,2025-12-08 08:35:05,10167.974999999999
CUST001834,4,29898.44,40.0,2025-07-13 13:49:35,7474.61
CUST009687,8,70167.75,78.0,2025-10-16 12:36:26,8770.96875
CUST000984,6,41654.46,45.0,2025-12-09 22:55:04,6942.41
CUST009581,6,36975.2,47.0,2025-12-08 01:42:14,6162.533333333333
CUST002223,5,44338.91,45.0,2025-11-20 06:58:46,8867.782000000001
CUST007065,5,43811.87,48.0,2025-11-04 19:18:00,8762.374
CUST008721,3,28874.68,25.0,2025-10-20 21:08:00,9624.893333333333
CUST001392,8,70925.39,72.0,2025-10-26 00:43:48,8865.67375
CUST006910,7,28858.579999999998,28.0,2025-11-20 09:37:12,4122.654285714286
CUST001930,8,62041.69,55.0,2025-10-01 10:54:48,7755.21125
CUST005989,4,34512.979999999996,41.0,2025-09-29 05:22:03,8628.244999999999
CUST002450,6,69893.5,67.0,2025-12-19 05:16:54,11648.916666666666
CUST007581,6,47681.64,56.0,2025-12-22 21:30:10,7946.94
CUST005605,9,88657.75,95.0,2025-12-08 16:35:31,9850.861111111111
CUST000885,7,53388.12,41.0,2025-12-26 06:14:24,7626.874285714286
CUST005667,4,19108.809999999998,19.0,2025-06-12 15:21:17,4777.202499999999
CUST004846,2,20285.65,23.0,2025-12-06 15:51:03,10142.825
CUST005999,4,39766.56,43.0,2025-08-22 15:09:52,9941.64
CUST007599,5,68552.8,65.0,2025-11-15 07:03:18,13710.560000000001
CUST002386,7,43760.380000000005,49.0,2025-12-09 19:34:09,6251.482857142858
CUST007969,7,44118.91,50.0,2025-11-07 19:06:16,6302.7014285714295
CUST009297,8,56115.81,62.0,2025-11-11 00:10:59,7014.47625
CUST001085,9,60410.840000000004,66.0,2025-12-09 12:06:45,6712.315555555556
CUST001076,4,30006.769999999997,45.0,2025-09-05 23:21:16,7501.692499999999
CUST005940,9,41174.84,48.0,2025-12-01 17:48:13,4574.982222222222
CUST005072,7,40200.119999999995,48.0,2025-12-27 00:07:24,5742.874285714285
CUST008874,4,22717.989999999998,19.0,2025-10-18 15:02:19,5679.4974999999995
CUST001893,10,79623.45,88.0,2025-12-15 07:08:26,7962.344999999999
CUST004159,9,96734.77,94.0,2025-11-18 01:38:02,10748.307777777778
CUST003099,8,56046.52,62.0,2025-11-26 03:39:24,7005.815
CUST007304,2,17993.35,14.0,2025-09-16 17:18:16,8996.675
CUST005933,8,81248.78,87.0,2025-12-05 17:17:06,10156.0975
CUST003036,5,20948.12,27.0,2025-12-28 05:53:38,4189.624
CUST001358,4,37858.32,43.0,2025-11-04 15:05:38,9464.58
CUST005148,8,79416.3,69.0,2025-12-17 10:14:05,9927.0375
CUST006536,6,39443.17,50.0,2025-11-24 01:05:31,6573.861666666667
CUST009443,6,45469.72,57.0,2025-10-24 18:34:41,7578.286666666667
CUST005617,7,38115.83,49.0,2025-12-15 17:58:32,5445.118571428572
CUST002798,9,70267.7,83.0,2025-10-21 19:27:19,7807.522222222222
CUST004984,6,72091.76,72.0,2025-12-19 06:07:20,12015.293333333333
CUST008109,2,25424.05,23.0,2025-12-10 09:52:38,12712.025
CUST004933,3,44133.58,39.0,2025-12-25 06:36:01,14711.193333333335
CUST003880,5,42862.02,57.0,2025-11-30 03:31:51,8572.403999999999
CUST006424,3,10977.18,9.0,2025-11-12 16:24:09,3659.06
CUST007573,4,24240.420000000002,26.0,2025-09-19 13:19:56,6060.1050000000005
CUST004309,7,79897.95999999999,72.0,2025-12-25 03:01:42,11413.994285714285
CUST001192,5,47540.91999999999,39.0,2025-11-30 08:34:48,9508.183999999997
CUST001071,3,34962.78,40.0,2025-12-04 05:42:54,11654.26
CUST008831,1,8698.74,17.0,2025-06-15 09:26:00,8698.74
CUST000665,6,47868.3,48.0,2025-09-16 19:10:40,7978.05
CUST008070,7,48369.87,59.0,2025-10-10 10:27:56,6909.981428571429
CUST006375,5,51714.219999999994,50.0,2025-11-20 10:12:19,10342.844
CUST009995,10,77863.35999999999,76.0,2025-12-02 13:03:10,7786.335999999998
CUST009363,5,22575.8,34.0,2025-11-11 04:18:48,4515.16
CUST005383,8,59137.479999999996,68.0,2025-11-03 16:09:37,7392.1849999999995
CUST009822,7,63003.07000000001,86.0,2025-10-04 11:46:57,9000.438571428573
CUST000396,5,34513.91,47.0,2025-09-04 09:25:49,6902.782000000001
CUST007159,6,40521.92,48.0,2025-12-24 07:02:00,6753.653333333333
CUST000379,6,55574.869999999995,68.0,2025-12-09 18:44:50,9262.478333333333
CUST006670,4,38190.590000000004,41.0,2025-05-16 12:42:40,9547.647500000001
CUST007798,4,31109.57,30.0,2025-09-27 01:19:42,7777.3925
CUST005387,7,53985.61,48.0,2025-11-11 16:24:45,7712.2300000000005
CUST006909,5,33264.92,40.0,2025-10-22 03:08:19,6652.9839999999995
CUST009505,4,25991.07,32.0,2025-12-05 16:41:39,6497.7675
CUST002022,4,53702.65,51.0,2025-12-20 04:27:41,13425.6625
CUST002052,7,59607.06,68.0,2025-12-26 02:45:04,8515.294285714286
CUST006697,7,71413.79000000001,72.0,2025-12-16 09:18:46,10201.970000000001
CUST006755,3,18908.88,17.0,2025-10-11 14:22:21,6302.96
CUST002932,5,24492.79,26.0,2025-11-28 00:45:02,4898.558
CUST008027,4,22732.109999999997,24.0,2025-12-26 01:34:46,5683.027499999999
CUST007594,5,29883.409999999996,35.0,2025-06-28 19:23:43,5976.681999999999
CUST004775,7,76260.79000000001,71.0,2025-11-23 04:00:18,10894.398571428572
CUST008889,8,65798.91,69.0,2025-10-09 21:52:31,8224.86375
CUST007257,4,44133.96,47.0,2025-10-27 13:03:19,11033.49
CUST004793,7,67686.7,65.0,2025-11-26 17:52:51,9669.528571428571
CUST007364,7,39076.93,52.0,2025-12-01 10:18:44,5582.418571428571
CUST001241,7,63373.5,65.0,2025-10-14 18:29:49,9053.357142857143
CUST003335,4,42852.45,37.0,2025-11-08 15:22:24,10713.1125
CUST007188,4,35189.42,41.0,2025-07-11 10:54:51,8797.355
CUST003622,7,94290.39,75.0,2025-12-17 23:44:48,13470.055714285714
CUST001807,5,30152.66,36.0,2025-11-30 23:58:38,6030.532
CUST006135,7,52856.009999999995,68.0,2025-11-16 03:55:21,7550.858571428571
CUST007926,5,31799.120000000003,36.0,2025-09-03 05:46:14,6359.8240000000005
CUST002533,3,19347.059999999998,24.0,2025-09-06 18:12:14,6449.0199999999995
CUST004800,5,39776.33,47.0,2025-08-12 18:31:25,7955.2660000000005
CUST000382,3,11673.85,11.0,2025-06-29 08:06:47,3891.2833333333333
CUST006219,2,9182.740000000002,13.0,2025-11-14 07:34:46,4591.370000000001
CUST006753,2,15611.74,18.0,2025-08-27 10:50:20,7805.87
CUST001783,7,51374.740000000005,54.0,2025-11-02 20:38:40,7339.248571428572
CUST008447,4,33429.1,36.0,2025-06-19 21:23:14,8357.275
CUST006046,3,24807.21,25.0,2025-09-18 04:40:30,8269.07
CUST009795,6,54347.67,60.0,2025-08-07 10:07:51,9057.945
CUST003204,6,48408.67,69.0,2025-09-22 09:43:30,8068.111666666667
CUST007910,3,14998.369999999999,23.0,2025-11-17 06:49:45,4999.456666666666
CUST001550,2,1710.82,4.0,2025-12-15 06:50:35,855.41
CUST000225,5,52762.72,52.0,2025-12-25 15:03:11,10552.544
CUST005101,8,70883.64,73.0,2025-12-26 09:25:25,8860.455
CUST005240,7,63194.840000000004,61.0,2025-09-18 08:19:23,9027.834285714287
CUST004492,8,61446.380000000005,54.0,2025-10-23 10:38:42,7680.797500000001
CUST003710,8,57008.54,69.0,2025-11-23 21:29:56,7126.0675
CUST004511,6,23795.33,32.0,2025-07-31 15:48:03,3965.888333333334
CUST009963,7,53414.11,55.0,2025-10-30 22:23:16,7630.587142857143
CUST006109,8,42437.85,39.0,2025-12-31 15:40:23,5304.73125
CUST009976,2,2537.1800000000003,10.0,2025-10-02 15:16:50,1268.5900000000001
CUST001212,11,67560.87,84.0,2025-12-23 16:07:43,6141.897272727272
CUST006225,6,54827.369999999995,56.0,2025-06-23 09:47:42,9137.894999999999
CUST007725,7,43842.31,39.0,2025-11-07 20:46:05,6263.187142857142
CUST005840,7,53060.45,45.0,2025-07-21 21:52:42,7580.064285714286
CUST004525,6,62239.229999999996,63.0,2025-09-16 17:31:31,10373.205
CUST009685,1,8648.2,11.0,2025-05-10 09:33:40,8648.2
CUST009666,4,52849.99,50.0,2025-09-15 11:08:42,13212.4975
CUST006835,6,54722.21,65.0,2025-12-20 10:26:52,9120.368333333334
CUST000967,4,42958.32,38.0,2025-11-12 03:27:48,10739.58
CUST000128,5,35054.83,49.0,2025-12-17 15:00:54,7010.966
CUST008234,5,59229.08,56.0,2025-11-10 10:45:00,11845.816
CUST002846,4,26510.4,22.0,2025-08-03 10:46:48,6627.6
CUST000429,10,79562.59999999999,73.0,2025-12-12 15:35:49,7956.259999999999
CUST001391,4,20675.69,26.0,2025-12-12 19:01:00,5168.9225
CUST001332,9,65688.87,64.0,2025-12-22 21:20:21,7298.763333333332
CUST000237,1,10530.54,12.0,2025-02-18 20:59:37,10530.54
CUST003066,8,63250.23999999999,59.0,2025-12-29 19:32:59,7906.279999999999
CUST008438,6,71398.96,66.0,2025-12-11 17:49:09,11899.826666666668
CUST003626,4,41405.1,45.0,2025-05-16 19:27:40,10351.275
CUST000990,10,60459.04,70.0,2025-12-14 13:21:07,6045.904
CUST008785,6,58650.40000000001,59.0,2025-11-07 17:00:45,9775.066666666668
CUST002789,6,35150.04000000001,39.0,2025-09-19 07:02:59,5858.340000000001
CUST005022,5,42696.98,52.0,2025-09-24 06:16:47,8539.396
CUST000458,8,82840.04,86.0,2025-10-28 23:00:28,10355.005
CUST000102,4,27101.38,32.0,2025-11-30 07:21:32,6775.345
CUST000434,4,21934.309999999998,34.0,2025-09-09 03:41:25,5483.577499999999
CUST009446,4,26712.04,28.0,2025-07-23 12:55:24,6678.01
CUST003002,9,80761.87,80.0,2025-09-20 11:02:28,8973.54111111111
CUST008454,5,38862.88,44.0,2025-09-04 19:19:36,7772.575999999999
CUST002315,10,69403.08,94.0,2025-12-28 23:06:16,6940.308
CUST009185,8,69583.15,71.0,2025-12-30 07:18:05,8697.89375
CUST009408,10,110390.8,117.0,2025-10-14 20:58:03,11039.08
CUST004983,0,,,,0.0
CUST003381,3,17261.179999999997,26.0,2025-11-20 19:10:05,5753.726666666666
CUST002687,9,66811.06999999999,70.0,2025-10-13 20:13:16,7423.452222222221
CUST005033,9,89926.73,91.0,2025-12-15 01:10:46,9991.858888888888
CUST007147,8,51877.95,59.0,2025-12-25 23:47:48,6484.74375
CUST008303,5,50488.34,51.0,2025-08-21 00:59:50,10097.668
CUST001024,6,36454.15,42.0,2025-09-17 16:36:15,6075.691666666667
CUST003098,6,48630.520000000004,55.0,2025-11-29 09:02:55,8105.086666666667
CUST003982,7,32133.329999999998,32.0,2025-10-24 05:41:07,4590.475714285714
CUST007228,5,44633.71000000001,46.0,2025-12-11 05:10:45,8926.742000000002
CUST006544,9,66195.73,77.0,2025-12-20 10:27:49,7355.081111111111
CUST004914,6,23033.75,27.0,2025-08-27 10:00:08,3838.9583333333335
CUST001896,7,44484.560000000005,48.0,2025-10-06 11:59:06,6354.937142857144
CUST009130,5,31515.73,44.0,2025-12-09 14:26:52,6303.146
CUST000432,7,52492.69,59.0,2025-12-31 14:11:02,7498.955714285715
CUST002001,5,30446.39,42.0,2025-10-19 13:35:41,6089.278
CUST005741,8,70779.84,75.0,2025-12-08 03:07:55,8847.48
CUST007190,5,25357.119999999995,25.0,2025-11-06 21:19:57,5071.423999999999
CUST008530,6,45372.83,46.0,2025-12-14 07:31:22,7562.138333333333
CUST009772,7,52300.72,73.0,2025-12-18 16:39:14,7471.5314285714285
CUST007125,6,60045.07000000001,62.0,2025-12-23 16:11:56,10007.511666666667
CUST005186,9,76088.37,85.0,2025-12-21 18:38:29,8454.263333333332
CUST002613,3,27489.07,34.0,2025-12-26 20:12:26,9163.023333333333
CUST006031,5,44561.23,40.0,2025-12-10 02:12:35,8912.246000000001
CUST006616,4,17836.65,27.0,2025-12-31 01:29:28,4459.1625
CUST001477,2,13800.08,14.0,2025-04-08 16:20:42,6900.04
CUST009381,4,28449.47,42.0,2025-12-31 09:48:44,7112.3675
CUST007822,9,44134.6,54.0,2025-10-01 05:51:32,4903.844444444444
CUST005197,3,21432.21,30.0,2025-08-26 06:07:50,7144.07
CUST009814,6,58003.59999999999,63.0,2025-11-05 14:07:31,9667.266666666665
CUST003076,7,51060.11,54.0,2025-11-26 21:35:50,7294.301428571429
CUST004947,6,38736.53,47.0,2025-10-20 13:24:47,6456.088333333333
CUST004995,8,75646.67,72.0,2025-11-29 09:11:16,9455.83375
CUST005823,5,24372.71,23.0,2025-11-21 05:04:21,4874.5419999999995
CUST004407,6,72354.07,78.0,2025-11-27 09:01:30,12059.011666666667
CUST003143,4,46284.2,40.0,2025-12-16 20:35:29,11571.05
CUST004751,8,48783.42,65.0,2025-10-06 14:51:49,6097.9275
CUST009630,3,44788.92999999999,45.0,2025-09-04 23:28:31,14929.643333333332
CUST005417,5,34186.42,34.0,2025-12-09 10:30:01,6837.284
CUST006936,1,21338.480000000003,21.0,2025-01-09 08:26:39,21338.480000000003
CUST000830,9,93272.78,93.0,2025-12-20 13:40:35,10363.642222222223
CUST003485,9,58598.22,70.0,2025-06-18 23:19:47,6510.913333333334
CUST006642,6,66527.56,63.0,2025-09-08 15:58:57,11087.926666666666
CUST001326,7,80342.95000000001,87.0,2025-11-14 23:26:39,11477.564285714287
CUST004976,7,84923.96,73.0,2025-07-19 04:00:16,12131.994285714287
CUST009154,3,27685.75,31.0,2025-07-04 18:00:21,9228.583333333334
CUST007161,4,30871.14,31.0,2025-12-17 01:44:54,7717.785
CUST008541,2,17820.32,17.0,2025-09-18 06:33:46,8910.16
CUST004644,8,53080.95,71.0,2025-12-07 05:48:43,6635.11875
CUST001123,6,51722.15000000001,50.0,2025-12-19 00:19:56,8620.358333333335
CUST004150,2,11339.97,16.0,2025-11-25 19:21:09,5669.985
CUST007949,6,41468.32,42.0,2025-10-29 22:20:36,6911.386666666666
CUST000791,7,57993.38,51.0,2025-11-24 19:59:11,8284.76857142857
CUST002947,3,16304.150000000001,20.0,2025-11-21 00:29:49,5434.716666666667
CUST001050,5,53602.380000000005,56.0,2025-11-30 00:49:23,10720.476
CUST001082,5,43300.78,59.0,2025-10-30 07:40:49,8660.155999999999
CUST004980,4,30198.190000000002,37.0,2025-12-03 10:17:22,7549.547500000001
CUST009085,5,45992.86,40.0,2025-12-18 21:50:08,9198.572
CUST009989,9,77473.70000000001,83.0,2025-11-27 19:20:17,8608.18888888889
CUST002332,2,9912.23,9.0,2025-03-12 10:04:39,4956.115
CUST009771,4,56661.2,54.0,2025-12-22 12:09:15,14165.3
CUST007160,8,67240.09,76.0,2025-12-30 19:56:04,8405.01125
CUST002880,8,57809.14,62.0,2025-11-21 20:04:26,7226.1425
CUST002159,4,29726.34,21.0,2025-12-18 17:20:53,7431.585
CUST001028,6,45809.74,45.0,2025-12-04 17:11:09,7634.956666666666
CUST009307,6,32883.63,42.0,2025-10-29 07:59:46,5480.605
CUST000428,6,66712.19,69.0,2025-12-30 15:54:55,11118.698333333334
CUST000817,6,41972.630000000005,54.0,2025-10-15 12:23:40,6995.438333333334
CUST005322,4,18331.9,27.0,2025-12-02 19:44:42,4582.975
CUST008663,0,,,,0.0
CUST007182,5,71416.85,65.0,2025-12-03 15:19:58,14283.37
CUST008265,9,72339.48999999999,84.0,2025-11-30 13:28:27,8037.72111111111
CUST002236,3,31147.829999999998,30.0,2025-10-11 20:50:28,10382.609999999999
CUST002755,5,30252.93,37.0,2025-11-27 01:35:30,6050.586
CUST007607,10,85691.48,86.0,2025-11-18 18:33:08,8569.148
CUST007260,6,49290.37,67.0,2025-09-25 00:58:48,8215.061666666666
CUST001223,6,48010.7,56.0,2025-10-06 02:19:42,8001.783333333333
CUST000263,7,54665.420000000006,59.0,2025-12-22 11:42:00,7809.345714285715
CUST003399,4,30342.18,36.0,2025-12-31 11:17:38,7585.545
CUST002940,4,35364.60999999999,37.0,2025-08-22 10:05:17,8841.152499999998
CUST001882,7,42610.100000000006,45.0,2025-12-13 18:17:27,6087.157142857143
CUST006354,8,111572.27,114.0,2025-12-28 15:16:54,13946.53375
CUST003952,9,80692.22,85.0,2025-12-25 20:00:36,8965.802222222223
CUST000491,3,21680.23,21.0,2025-06-30 18:47:46,7226.743333333333
CUST003271,8,69265.19,76.0,2025-10-27 02:58:16,8658.14875
CUST009791,3,33796.2,38.0,2025-12-21 18:45:49,11265.4
CUST008800,4,54083.14,62.0,2025-05-25 11:40:38,13520.785
CUST003220,10,43296.53,68.0,2025-10-23 18:44:19,4329.653
CUST009618,9,80466.52,90.0,2025-12-24 11:09:45,8940.724444444444
CUST006292,5,49365.21,57.0,2025-10-24 08:40:28,9873.042
CUST003509,5,32075.110000000004,48.0,2025-12-05 05:46:06,6415.022000000001
CUST005346,7,53194.56,54.0,2025-12-26 14:56:02,7599.222857142857
CUST001483,4,28251.57,39.0,2025-12-18 23:12:05,7062.8925
CUST002468,6,49539.3,42.0,2025-12-26 01:41:10,8256.550000000001
CUST002569,3,17801.14,17.0,2025-09-17 12:46:25,5933.713333333333
CUST004746,5,38302.4,45.0,2025-12-29 05:51:32,7660.4800000000005
CUST004465,6,39081.26,57.0,2025-10-22 05:26:24,6513.543333333334
CUST002632,7,49302.899999999994,48.0,2025-11-16 20:52:24,7043.271428571427
CUST007541,7,84507.33,82.0,2025-11-01 08:10:19,12072.475714285714
CUST002726,7,95430.3,88.0,2025-12-14 11:38:27,13632.9
CUST005235,5,50166.81,50.0,2025-12-20 17:56:26,10033.362
CUST000610,8,67485.41,80.0,2025-12-20 09:51:46,8435.67625
CUST003330,6,54020.99999999999,54.0,2025-06-22 13:09:17,9003.499999999998
CUST006482,6,48933.95999999999,52.0,2025-11-25 10:49:25,8155.659999999999
CUST001014,6,33112.719999999994,34.0,2025-09-15 00:56:55,5518.786666666666
CUST004876,4,62063.0,62.0,2025-11-14 18:11:14,15515.75
CUST007637,3,41251.270000000004,41.0,2025-09-10 06:15:36,13750.423333333334
CUST003062,6,44749.42,47.0,2025-11-29 02:37:08,7458.236666666667
CUST007771,11,94939.18,107.0,2025-12-18 14:10:30,8630.834545454545
CUST000425,12,121755.31,116.0,2025-12-11 09:02:14,10146.275833333333
CUST007041,8,75886.46,78.0,2025-09-25 02:55:17,9485.8075
CUST001881,6,37356.2,34.0,2025-11-26 18:15:30,6226.033333333333
CUST007731,8,56145.78,72.0,2025-12-05 05:33:41,7018.2225
CUST000805,4,32537.980000000003,30.0,2025-08-04 18:50:44,8134.495000000001
CUST005212,4,36934.28999999999,36.0,2025-09-17 09:26:29,9233.572499999998
CUST005922,7,65268.020000000004,65.0,2025-11-27 04:30:43,9324.002857142857
CUST000310,7,43501.60999999999,45.0,2025-12-19 16:47:52,6214.515714285713
CUST005685,6,34883.159999999996,40.0,2025-12-11 07:18:45,5813.86
CUST005538,3,36050.59,42.0,2025-04-20 02:35:17,12016.863333333333
CUST009594,7,70179.36,80.0,2025-10-06 16:15:18,10025.622857142856
CUST003945,5,52108.69,42.0,2025-06-07 01:09:41,10421.738000000001
CUST006088,4,44454.259999999995,43.0,2025-11-08 13:35:53,11113.564999999999
CUST005294,8,112011.04999999999,112.0,2025-09-29 22:56:45,14001.381249999999
CUST009082,4,39919.97,43.0,2025-07-11 13:09:05,9979.9925
CUST009467,5,27939.38,28.0,2025-12-30 14:04:33,5587.876
CUST003425,5,45653.64,43.0,2025-08-08 22:26:15,9130.728
CUST009808,11,82721.53,87.0,2025-11-09 08:47:14,7520.139090909091
CUST009912,7,33904.92,45.0,2025-12-31 16:18:03,4843.5599999999995
CUST001368,5,45518.16,41.0,2025-10-18 09:26:22,9103.632000000001
CUST004693,4,28834.519999999997,27.0,2025-12-28 11:01:15,7208.629999999999
CUST004436,9,109147.46999999999,97.0,2025-12-24 18:33:21,12127.496666666666
CUST000740,3,29802.0,27.0,2025-12-21 22:40:24,9934.0
CUST002542,4,25523.120000000003,23.0,2025-11-02 01:19:22,6380.780000000001
CUST002996,6,46870.17,49.0,2025-12-27 15:52:07,7811.695
CUST005951,6,45746.020000000004,49.0,2025-12-10 16:30:28,7624.336666666667
CUST002891,8,64993.11,69.0,2025-12-06 20:31:35,8124.13875
CUST005302,3,29940.010000000002,26.0,2025-10-01 04:23:01,9980.003333333334
CUST008615,4,31010.89,28.0,2025-09-16 09:31:40,7752.7225
CUST003870,2,8295.61,7.0,2025-12-18 23:04:33,4147.805
CUST009580,4,49162.54,49.0,2025-10-17 11:24:23,12290.635
CUST009668,7,70000.27,68.0,2025-09-23 20:14:56,10000.038571428571
CUST005244,11,97670.03,104.0,2025-12-16 07:07:57,8879.093636363636
CUST004486,5,74894.48999999999,65.0,2025-10-18 05:04:26,14978.897999999997
CUST003512,9,80958.75,79.0,2025-12-29 06:26:16,8995.416666666666
CUST006718,7,49717.53,70.0,2025-11-15 05:49:26,7102.504285714285
CUST001836,6,54330.65,60.0,2025-11-23 21:24:41,9055.108333333334
CUST001602,5,37195.09,35.0,2025-11-25 22:03:11,7439.017999999999
CUST008586,4,27037.68,29.0,2025-11-03 17:29:45,6759.42
CUST009311,6,45479.409999999996,52.0,2025-07-30 09:20:47,7579.901666666666
CUST000552,6,38484.43,39.0,2025-11-01 08:35:39,6414.071666666667
CUST009274,5,62194.409999999996,57.0,2025-11-14 16:11:14,12438.882
CUST006901,2,29103.86,24.0,2025-03-17 17:27:21,14551.93
CUST007414,7,69696.86,62.0,2025-12-16 10:10:12,9956.694285714286
CUST007405,6,59963.26000000001,59.0,2025-12-31 18:55:29,9993.876666666669
CUST007952,8,46993.68,43.0,2025-11-17 07:12:08,5874.21
CUST004600,9,114310.28000000001,130.0,2025-10-10 11:57:55,12701.142222222225
CUST004868,5,62416.88,51.0,2025-06-04 21:19:25,12483.376
CUST009024,5,42672.92,39.0,2025-10-02 05:02:18,8534.583999999999
CUST001866,7,80156.59000000001,77.0,2025-11-21 14:40:12,11450.94142857143
CUST002302,8,70094.69,65.0,2025-12-22 22:38:36,8761.83625
CUST005323,7,72945.62,81.0,2025-11-17 09:33:42,10420.802857142857
CUST005485,4,38368.41,26.0,2025-11-18 09:38:50,9592.1025
CUST002729,6,51938.939999999995,50.0,2025-11-30 02:05:05,8656.49
CUST006557,6,54439.56,56.0,2025-09-03 18:30:05,9073.26
CUST000298,8,91774.81,89.0,2025-12-05 00:41:47,11471.85125
CUST001586,6,23945.170000000002,34.0,2025-11-28 15:27:28,3990.861666666667
CUST003497,7,55704.33,65.0,2025-10-11 08:07:44,7957.761428571429
CUST003761,5,42904.66,51.0,2025-08-25 16:38:41,8580.932
CUST006885,5,39872.33,49.0,2025-11-20 14:48:23,7974.466
CUST003564,8,75608.41,75.0,2025-11-02 02:35:20,9451.05125
CUST001845,10,104633.95,103.0,2025-10-23 09:10:12,10463.395
CUST008788,4,32808.71,40.0,2025-08-08 09:59:20,8202.1775
CUST001715,8,37972.43,51.0,2025-12-15 06:14:10,4746.55375
CUST005507,6,25766.58,28.0,2025-12-24 23:19:48,4294.43
CUST006668,8,69078.43000000001,75.0,2025-12-23 16:41:26,8634.803750000001
CUST000883,6,38929.47,47.0,2025-11-22 09:43:31,6488.245
CUST009933,6,37255.59,49.0,2025-09-21 17:25:04,6209.264999999999
CUST006182,7,68899.89,62.0,2025-12-31 08:07:11,9842.841428571428
CUST007115,6,66659.48000000001,78.0,2025-12-29 21:18:01,11109.913333333336
CUST003533,4,32187.47,30.0,2025-12-27 18:09:01,8046.8675
CUST001298,4,35895.850000000006,40.0,2025-12-12 18:01:56,8973.962500000001
CUST006521,6,41724.07,51.0,2025-10-19 06:28:54,6954.011666666666
CUST002871,3,11017.880000000001,20.0,2025-08-06 04:06:38,3672.626666666667
CUST006421,9,65442.64,76.0,2025-10-27 18:13:26,7271.404444444444
CUST004925,12,99456.96,102.0,2025-11-26 05:58:48,8288.08
CUST001905,4,58571.0,50.0,2025-10-18 03:41:19,14642.75
CUST006899,3,37382.22,43.0,2025-10-15 23:46:16,12460.74
CUST001763,9,74704.72,81.0,2025-11-26 07:17:58,8300.524444444445
CUST001861,6,62763.08,62.0,2025-12-13 21:03:07,10460.513333333334
CUST003914,6,19002.609999999997,30.0,2025-12-22 02:33:30,3167.101666666666
CUST004571,7,57607.28999999999,68.0,2025-12-02 16:39:21,8229.612857142856
CUST008071,7,46721.4,44.0,2025-12-12 04:28:16,6674.4857142857145
CUST002955,8,65240.51,64.0,2025-08-08 15:57:59,8155.06375
CUST008540,9,59664.93,69.0,2025-12-30 18:15:58,6629.4366666666665
CUST002631,5,63572.47,53.0,2025-12-24 17:32:00,12714.494
CUST008625,5,19492.09,27.0,2025-12-18 07:20:44,3898.418
CUST007410,5,67157.67000000001,67.0,2025-12-20 18:15:57,13431.534000000003
CUST008029,5,21757.2,33.0,2025-11-21 16:35:16,4351.4400000000005
CUST001869,7,44946.65,51.0,2025-12-19 13:40:47,6420.95
CUST009691,6,36247.340000000004,43.0,2025-12-23 23:49:42,6041.223333333334
CUST003690,5,59808.259999999995,67.0,2025-08-10 07:34:08,11961.651999999998
CUST004112,4,44593.97,36.0,2025-08-16 13:45:20,11148.4925
CUST005524,5,42222.59,48.0,2025-11-26 15:33:39,8444.518
CUST004747,10,92642.33,93.0,2025-12-24 23:21:51,9264.233
CUST002185,8,84100.82,98.0,2025-11-13 16:30:13,10512.6025
CUST000470,6,78678.12999999999,75.0,2025-11-23 09:37:39,13113.021666666666
CUST006689,5,71303.53000000001,61.0,2025-09-28 01:11:16,14260.706000000002
CUST001151,3,42665.97,36.0,2025-07-09 10:39:26,14221.99
CUST005563,4,19227.23,16.0,2025-10-16 20:26:45,4806.8075
CUST001265,5,52056.049999999996,63.0,2025-09-26 12:26:15,10411.21
CUST001529,4,32955.41,33.0,2025-07-08 15:09:35,8238.8525
CUST000447,5,46345.159999999996,47.0,2025-12-05 22:43:21,9269.032
CUST002278,8,73452.61,75.0,2025-12-17 09:17:09,9181.57625
CUST007331,4,23441.31,33.0,2025-08-28 20:06:19,5860.3275
CUST005505,5,53687.259999999995,68.0,2025-09-22 21:25:53,10737.452
CUST004565,7,81841.54999999999,70.0,2025-12-25 04:39:32,11691.649999999998
CUST005333,6,34718.34,52.0,2025-11-07 10:09:06,5786.389999999999
CUST008446,8,66946.33,56.0,2025-12-04 14:22:23,8368.29125
CUST001992,6,50208.590000000004,49.0,2025-10-31 14:52:01,8368.098333333333
CUST008233,9,69247.01,70.0,2025-11-25 10:18:49,7694.112222222222
BAD_CUST_3298,6,40410.41,42.0,2025-11-21 06:03:34,6735.068333333334
CUST003147,17,142613.86000000002,157.0,2025-12-31 16:04:31,8389.050588235295
CUST007262,8,58384.09,60.0,2025-12-10 00:50:06,7298.01125
CUST004144,9,38713.649999999994,50.0,2025-11-25 00:45:25,4301.516666666666
CUST006579,6,65742.75,67.0,2025-12-09 18:31:03,10957.125
CUST004711,7,86479.26999999999,89.0,2025-09-24 13:52:02,12354.181428571426
CUST008567,9,91705.85,83.0,2025-12-11 20:37:54,10189.53888888889
CUST008411,1,14577.36,16.0,2025-10-29 04:57:30,14577.36
CUST003709,4,39339.93,33.0,2025-06-04 14:05:00,9834.9825
CUST004705,7,50803.55,52.0,2025-07-25 17:44:33,7257.650000000001
CUST006614,8,63110.34000000001,59.0,2025-11-22 00:15:17,7888.792500000001
CUST003682,7,67951.36,63.0,2025-12-28 12:38:53,9707.337142857143
CUST001522,3,21824.549999999996,19.0,2025-11-09 10:25:17,7274.8499999999985
CUST009545,4,13920.699999999999,18.0,2025-12-28 14:45:13,3480.1749999999997
CUST009678,8,77672.19,72.0,2025-12-29 07:31:18,9709.02375
CUST006886,7,73651.75,63.0,2025-10-19 09:02:31,10521.67857142857
CUST003195,7,42701.13999999999,49.0,2025-12-15 16:35:59,6100.162857142856
CUST009855,4,30192.15,28.0,2025-11-02 04:41:44,7548.0375
CUST008479,6,38829.37,43.0,2025-11-30 16:55:48,6471.561666666667
CUST009326,5,26661.350000000002,27.0,2025-09-25 23:51:57,5332.27
CUST001988,6,36788.130000000005,45.0,2025-12-29 17:12:31,6131.3550000000005
CUST005343,4,44647.119999999995,50.0,2025-09-01 11:56:04,11161.779999999999
CUST002463,6,38217.24,57.0,2025-12-21 21:54:22,6369.54
CUST006053,4,51256.5,44.0,2025-10-03 08:13:19,12814.125
CUST003499,5,37336.59,41.0,2025-12-28 16:36:27,7467.317999999999
CUST009341,4,54866.23999999999,51.0,2025-08-12 16:15:37,13716.559999999998
CUST004523,5,55015.66,42.0,2025-12-14 12:59:00,11003.132000000001
CUST005647,9,88255.53,86.0,2025-12-26 15:17:30,9806.17
CUST008970,5,47023.91,47.0,2025-12-28 06:07:44,9404.782000000001
CUST005357,10,112938.81000000001,105.0,2025-09-29 04:23:13,11293.881000000001
CUST008749,5,50229.130000000005,45.0,2025-10-23 02:02:33,10045.826000000001
CUST000519,3,40172.549999999996,42.0,2025-08-07 18:56:19,13390.849999999999
CUST005436,8,82637.46,87.0,2025-12-17 16:27:02,10329.6825
CUST005233,7,63727.72,73.0,2025-11-25 03:14:14,9103.960000000001
CUST005955,2,12301.619999999999,17.0,2025-10-04 16:43:35,6150.8099999999995
CUST004788,5,46730.009999999995,45.0,2025-11-21 03:36:14,9346.001999999999
CUST005645,8,84838.73000000001,95.0,2025-12-25 05:08:29,10604.841250000001
CUST003545,3,41246.56,34.0,2025-10-15 23:41:34,13748.853333333333
CUST009094,9,72688.32,82.0,2025-12-26 17:48:05,8076.4800000000005
CUST005008,5,39800.15,49.0,2025-10-30 11:49:47,7960.030000000001
CUST002242,6,63285.41,63.0,2025-12-28 13:12:00,10547.568333333335
CUST008424,7,43420.57,48.0,2025-12-23 01:58:23,6202.938571428572
CUST002133,5,33028.98,39.0,2025-10-23 02:02:35,6605.796
CUST004052,6,50301.07,51.0,2025-11-07 17:43:07,8383.511666666667
CUST007369,2,16676.91,27.0,2025-07-06 08:56:37,8338.455
CUST004967,4,21735.0,27.0,2025-11-29 07:50:49,5433.75
CUST002264,5,41688.5,48.0,2025-09-20 16:50:46,8337.7
CUST003111,4,32373.45,34.0,2025-12-09 12:03:09,8093.3625
CUST001848,8,73838.04000000001,72.0,2025-11-07 19:56:23,9229.755000000001
CUST009658,7,65062.829999999994,56.0,2025-12-07 18:31:51,9294.689999999999
CUST001398,5,54834.079999999994,58.0,2025-12-18 12:12:08,10966.815999999999
CUST007077,5,36633.37,35.0,2025-10-01 20:29:04,7326.674000000001
CUST007046,6,33738.95,44.0,2025-10-19 19:35:08,5623.158333333333
CUST001349,4,35506.69,44.0,2025-04-24 22:32:51,8876.6725
CUST002291,6,69905.26,68.0,2025-12-31 06:05:41,11650.876666666665
CUST006057,6,38199.3,34.0,2025-12-06 14:37:04,6366.55
CUST001161,6,46910.53,48.0,2025-11-27 15:22:08,7818.421666666666
CUST004218,4,28415.710000000003,27.0,2025-09-16 09:40:54,7103.927500000001
CUST007983,5,27121.79,36.0,2025-12-13 11:30:33,5424.358
CUST004485,5,43685.23,43.0,2025-11-16 16:39:05,8737.046
CUST007518,8,76621.68,71.0,2025-12-06 23:59:56,9577.71
CUST003279,4,41086.82,40.0,2025-11-16 15:33:08,10271.705
CUST009155,5,25988.65,29.0,2025-09-20 17:00:45,5197.7300000000005
CUST001168,2,32556.500000000004,23.0,2025-07-26 03:20:43,16278.250000000002
CUST004767,7,68041.73000000001,66.0,2025-11-09 11:08:03,9720.247142857144
CUST008384,10,78174.35,88.0,2025-12-03 19:32:15,7817.435
CUST003873,3,10884.86,11.0,2025-08-30 17:08:53,3628.286666666667
CUST004729,6,43646.56999999999,49.0,2025-10-30 13:11:20,7274.428333333332
CUST002968,5,34947.42,35.0,2025-12-26 09:49:26,6989.4839999999995
CUST009584,7,48331.560000000005,44.0,2025-11-29 04:13:19,6904.508571428572
CUST007776,8,79228.56,75.0,2025-11-10 21:28:06,9903.57
CUST006545,7,50600.56,55.0,2025-11-21 08:33:43,7228.651428571428
CUST003820,3,18411.04,22.0,2025-09-01 04:38:07,6137.013333333333
CUST005643,9,65221.05,74.0,2025-12-22 23:01:20,7246.783333333334
CUST003956,8,72284.56999999999,96.0,2025-10-08 13:21:36,9035.571249999999
CUST006654,7,56708.06999999999,59.0,2025-12-07 18:12:46,8101.152857142856
CUST000104,4,10635.16,18.0,2025-11-06 14:27:14,2658.79
CUST005670,3,10092.89,8.0,2025-11-18 23:49:52,3364.2966666666666
CUST002805,14,142518.39,183.0,2025-12-05 11:09:58,10179.885
CUST008610,2,8507.68,13.0,2025-11-04 05:00:51,4253.84
CUST005380,8,39931.66,50.0,2025-12-31 01:02:48,4991.4575
CUST007496,4,43934.16,35.0,2025-10-06 20:08:20,10983.54
CUST009176,6,39214.770000000004,56.0,2025-12-19 01:56:37,6535.795000000001
CUST002954,4,50141.45,41.0,2025-11-29 08:07:22,12535.3625
CUST004974,4,21491.769999999997,25.0,2025-12-09 06:05:57,5372.942499999999
CUST009603,9,35606.85,43.0,2025-12-06 00:01:20,3956.3166666666666
CUST006446,8,57182.21000000001,72.0,2025-10-11 22:32:52,7147.776250000001
CUST003185,4,14242.06,24.0,2025-09-12 20:07:39,3560.515
CUST003535,9,56529.350000000006,76.0,2025-12-14 15:33:07,6281.038888888889
CUST006463,8,62364.55,60.0,2025-09-20 05:07:07,7795.56875
CUST001743,15,114993.71,112.0,2025-12-30 00:38:52,7666.247333333334
CUST003027,4,45072.04000000001,46.0,2025-11-27 02:35:21,11268.010000000002
CUST008650,8,40502.54,46.0,2025-12-07 01:23:52,5062.8175
CUST002858,6,58631.53,56.0,2025-12-09 03:16:50,9771.921666666667
CUST001053,4,20475.489999999998,29.0,2025-12-25 00:57:36,5118.8724999999995
CUST003524,8,86715.09,89.0,2025-12-24 19:58:22,10839.38625
CUST007846,3,25868.0,25.0,2025-11-17 22:08:29,8622.666666666666
CUST000753,3,25765.480000000003,29.0,2025-12-25 07:50:51,8588.493333333334
CUST007939,4,35758.16,36.0,2025-11-06 22:31:29,8939.54
CUST005291,4,29543.449999999997,29.0,2025-12-16 18:06:46,7385.862499999999
CUST008696,12,98610.92,102.0,2025-12-19 19:18:02,8217.576666666666
CUST008000,4,31216.880000000005,30.0,2025-11-05 22:24:43,7804.220000000001
CUST000520,7,72165.72,67.0,2025-12-14 21:05:57,10309.388571428572
CUST009913,4,39020.15,43.0,2025-11-15 16:37:37,9755.0375
CUST000216,6,25587.32,44.0,2025-11-10 19:15:49,4264.553333333333
CUST006569,8,96816.34,88.0,2025-12-17 01:55:57,12102.0425
CUST009466,3,20959.59,22.0,2025-08-14 01:59:50,6986.53
CUST002169,9,62087.79000000001,66.0,2025-12-31 20:25:39,6898.643333333334
CUST006278,8,62813.28999999999,59.0,2025-12-27 00:03:04,7851.661249999999
CUST003121,4,36491.26,39.0,2025-10-19 12:02:33,9122.815
CUST005655,9,69420.41,66.0,2025-10-26 13:48:30,7713.378888888889
CUST007298,5,33174.31,28.0,2025-10-06 03:41:05,6634.861999999999
CUST009114,13,132770.25,136.0,2025-11-22 22:58:30,10213.096153846154
CUST008781,7,68997.01,71.0,2025-06-30 16:05:39,9856.715714285714
CUST009073,3,17069.96,20.0,2025-10-27 08:55:11,5689.986666666667
CUST000166,6,52480.21,64.0,2025-11-27 23:33:09,8746.701666666666
CUST009885,4,44524.380000000005,44.0,2025-11-26 20:11:50,11131.095000000001
CUST009615,6,64579.28999999999,55.0,2025-12-03 07:18:06,10763.214999999998
CUST009291,5,38774.67999999999,45.0,2025-12-08 21:24:28,7754.935999999999
CUST004607,3,12107.56,10.0,2025-12-07 07:30:48,4035.853333333333
CUST006798,7,61143.71,54.0,2025-12-11 07:19:44,8734.815714285714
CUST009413,6,45863.950000000004,46.0,2025-12-27 02:04:12,7643.991666666668
CUST007467,4,29669.58,30.0,2025-12-24 06:54:19,7417.395
CUST005953,5,34632.55,53.0,2025-08-30 05:14:32,6926.51
CUST006975,6,57464.32,65.0,2025-12-03 11:58:23,9577.386666666667
CUST008886,9,82613.3,85.0,2025-12-23 04:16:32,9179.255555555555
CUST005686,7,80133.32999999999,87.0,2025-11-13 10:24:42,11447.61857142857
CUST003683,7,48662.170000000006,54.0,2025-10-29 18:50:07,6951.738571428572
CUST004069,1,5212.42,5.0,2025-04-29 06:55:18,5212.42
CUST001038,7,69915.94,83.0,2025-10-18 05:58:34,9987.99142857143
CUST001482,9,80551.84000000001,77.0,2025-10-25 14:45:48,8950.204444444445
CUST008808,5,57029.40000000001,57.0,2025-09-10 04:24:11,11405.880000000001
CUST005728,3,16438.13,26.0,2025-09-20 06:04:18,5479.376666666667
CUST008805,7,70982.86,69.0,2025-07-25 10:22:19,10140.408571428572
CUST006076,8,45451.909999999996,65.0,2025-11-09 20:49:03,5681.4887499999995
CUST002764,4,20302.36,17.0,2025-10-12 14:44:28,5075.59
CUST009726,7,71895.65000000001,72.0,2025-10-25 04:29:48,10270.807142857144
CUST006740,5,51438.66,46.0,2025-05-25 19:00:44,10287.732
CUST008217,6,56083.3,61.0,2025-12-24 22:13:44,9347.216666666667
CUST003457,6,45017.16,36.0,2025-12-31 07:07:08,7502.860000000001
CUST003687,6,39225.72,37.0,2025-11-26 07:22:16,6537.62
CUST003395,7,51455.67999999999,55.0,2025-12-23 21:06:42,7350.811428571427
CUST005503,9,93033.93,81.0,2025-12-28 23:38:50,10337.103333333333
CUST007664,8,73120.93000000001,75.0,2025-11-01 06:20:20,9140.116250000001
CUST002572,3,15951.83,18.0,2025-04-20 08:23:39,5317.276666666667
CUST000252,6,80487.81,75.0,2025-12-05 19:00:04,13414.635
CUST007651,5,52645.87999999999,45.0,2025-12-24 13:57:48,10529.175999999998
CUST004344,5,29074.570000000003,38.0,2025-10-22 02:23:12,5814.914000000001
CUST009111,4,61634.8,55.0,2025-10-02 10:53:30,15408.7
CUST005463,6,28270.359999999997,39.0,2025-10-12 13:03:28,4711.7266666666665
CUST003339,7,42392.94,49.0,2025-11-17 07:28:54,6056.134285714286
CUST004623,3,35537.29,31.0,2025-07-02 01:55:01,11845.763333333334
CUST002550,6,46706.09,50.0,2025-08-14 15:33:37,7784.348333333332
CUST005215,6,37268.47,47.0,2025-10-28 07:26:38,6211.411666666667
CUST008933,6,49651.19,44.0,2025-12-29 03:34:05,8275.198333333334
CUST005046,5,39742.16,48.0,2025-11-24 17:35:38,7948.432000000001
CUST001381,8,66512.67000000001,49.0,2025-12-27 02:01:56,8314.083750000002
CUST006808,5,31853.24,43.0,2025-09-05 00:31:24,6370.648
CUST009006,7,75515.51000000001,77.0,2025-12-24 01:19:19,10787.930000000002
CUST009753,8,55720.520000000004,61.0,2025-10-27 06:33:56,6965.0650000000005
CUST009825,8,55152.130000000005,78.0,2025-12-26 20:05:25,6894.016250000001
CUST009454,7,77876.59000000001,65.0,2025-10-11 22:35:16,11125.227142857144
CUST000937,12,93446.73999999999,93.0,2025-12-05 09:58:33,7787.228333333333
CUST007233,9,58340.46,73.0,2025-12-29 06:02:11,6482.2733333333335
CUST006152,6,51307.670000000006,54.0,2025-10-31 12:36:06,8551.278333333334
CUST004129,5,41018.630000000005,40.0,2025-12-28 13:28:25,8203.726
CUST004587,9,49488.33,62.0,2025-09-13 19:55:09,5498.703333333334
CUST006087,3,26414.93,27.0,2025-11-14 03:38:40,8804.976666666667
CUST007922,7,65199.740000000005,77.0,2025-12-03 07:09:04,9314.248571428572
CUST009604,8,37635.2,47.0,2025-09-18 23:51:38,4704.4
CUST002679,10,78052.23000000001,92.0,2025-12-31 22:54:39,7805.223000000001
CUST006338,10,108525.01999999999,125.0,2025-12-11 17:31:33,10852.501999999999
CUST002363,6,62186.34,65.0,2025-09-09 18:15:27,10364.39
CUST004872,4,37082.850000000006,35.0,2025-12-20 20:39:38,9270.712500000001
CUST005568,8,56789.06,55.0,2025-12-21 14:12:38,7098.6325
CUST001791,8,77615.48000000001,78.0,2025-12-17 06:49:29,9701.935000000001
CUST002634,5,46743.11,47.0,2025-11-03 19:36:58,9348.622
CUST001772,6,47789.75,55.0,2025-12-19 02:12:50,7964.958333333333
CUST004987,4,44738.25,40.0,2025-12-09 10:08:00,11184.5625
CUST005016,6,49160.740000000005,55.0,2025-11-27 17:14:17,8193.456666666667
CUST008440,5,48169.89,39.0,2025-12-23 17:17:10,9633.978
CUST005576,10,92335.09,95.0,2025-11-29 19:52:03,9233.509
CUST001920,7,41308.5,41.0,2025-12-03 22:25:10,5901.214285714285
CUST003865,7,80571.08,77.0,2025-12-16 13:14:13,11510.154285714287
CUST004254,8,58612.36,74.0,2025-12-22 04:20:01,7326.545
CUST007866,8,71086.65,81.0,2025-12-23 21:57:59,8885.83125
CUST002991,6,59489.47,67.0,2025-11-24 23:10:51,9914.911666666667
CUST002422,5,42029.99,39.0,2025-12-24 19:08:12,8405.998
CUST000511,5,56998.12,49.0,2025-12-26 01:57:18,11399.624
CUST007220,8,50827.990000000005,74.0,2025-12-04 09:16:40,6353.498750000001
CUST006149,9,70622.19,77.0,2025-12-18 04:45:54,7846.91
CUST006410,6,46806.02,52.0,2025-11-11 04:36:04,7801.003333333333
CUST004106,6,63814.76,68.0,2025-12-14 04:23:27,10635.793333333333
CUST004292,9,77098.0,83.0,2025-12-29 17:49:28,8566.444444444445
CUST005968,6,36070.23,47.0,2025-10-18 14:19:10,6011.705000000001
CUST000550,6,71273.95999999999,68.0,2025-12-05 16:58:11,11878.993333333332
CUST000478,10,91651.25,79.0,2025-11-30 23:20:24,9165.125
CUST002861,6,64364.33,62.0,2025-12-29 06:33:54,10727.388333333334
CUST000294,5,76823.17,73.0,2025-10-19 03:02:10,15364.634
CUST008752,6,35447.26,31.0,2025-08-31 10:33:21,5907.876666666667
CUST002010,6,43246.729999999996,47.0,2025-08-19 04:53:02,7207.788333333333
CUST004667,7,59268.86,59.0,2025-12-04 12:24:24,8466.98
CUST006525,12,68706.84000000001,82.0,2025-12-25 19:38:49,5725.570000000001
CUST002248,10,85423.14,98.0,2025-11-20 06:30:11,8542.314
CUST009701,6,46649.03999999999,39.0,2025-08-08 13:23:35,7774.839999999999
CUST002312,3,29423.42,25.0,2025-09-22 23:08:36,9807.806666666665
CUST002222,5,42493.16,35.0,2025-12-19 16:58:30,8498.632000000001
CUST001099,3,22231.7,27.0,2025-11-21 06:32:52,7410.566666666667
CUST008007,9,65690.06,86.0,2025-11-07 04:36:37,7298.895555555555
CUST007401,6,52536.009999999995,64.0,2025-10-01 02:56:10,8756.001666666665
CUST006802,3,24835.050000000003,27.0,2025-12-13 01:50:55,8278.35
CUST006477,8,70115.56999999999,80.0,2025-12-19 16:35:54,8764.446249999999
CUST003312,13,129086.18999999999,136.0,2025-12-31 19:57:14,9929.706923076923
CUST007911,7,64910.99,72.0,2025-12-26 04:52:36,9272.99857142857
CUST000583,4,26178.879999999997,30.0,2025-06-15 17:37:01,6544.719999999999
CUST006301,4,35060.630000000005,47.0,2025-12-28 02:30:36,8765.157500000001
CUST007723,3,33339.56,34.0,2025-11-09 12:56:54,11113.186666666666
CUST009565,7,63699.3,67.0,2025-12-28 08:22:35,9099.9
CUST007638,5,24692.579999999998,29.0,2025-12-31 17:01:51,4938.516
CUST000055,4,59256.89,48.0,2025-12-03 14:23:29,14814.2225
CUST005247,6,33661.04,45.0,2025-12-20 08:24:08,5610.173333333333
CUST009435,4,59189.13,53.0,2025-12-28 19:01:27,14797.2825
CUST008638,3,17087.05,19.0,2025-06-18 06:14:38,5695.683333333333
CUST005191,6,72749.66,93.0,2025-12-20 16:27:01,12124.943333333335
CUST000023,7,46810.2,49.0,2025-12-28 06:58:30,6687.171428571428
CUST000162,5,33013.23,39.0,2025-11-06 14:05:32,6602.646000000001
CUST008872,7,60831.270000000004,53.0,2025-12-12 21:51:27,8690.18142857143
CUST004423,3,31675.260000000002,32.0,2025-11-06 00:01:08,10558.42
CUST007505,6,45298.83,46.0,2025-12-24 17:38:59,7549.805
CUST004472,6,62520.16,62.0,2025-12-02 22:20:52,10420.026666666667
CUST003477,8,56886.4,61.0,2025-12-25 17:45:52,7110.8
CUST007753,6,37282.229999999996,46.0,2025-11-19 21:08:47,6213.704999999999
CUST000135,4,26718.78,29.0,2025-12-12 13:47:29,6679.695
CUST006013,11,90845.19,101.0,2025-12-04 15:15:53,8258.653636363637
CUST003063,4,31354.579999999998,39.0,2025-11-14 14:03:29,7838.6449999999995
CUST004303,5,42746.19,45.0,2025-12-18 16:19:13,8549.238000000001
CUST002852,9,93184.92000000001,86.0,2025-09-29 15:11:57,10353.880000000001
CUST001867,5,60233.66,62.0,2025-09-26 17:09:37,12046.732
CUST008938,10,95068.08,111.0,2025-11-23 15:17:18,9506.808
CUST002184,8,98129.93,91.0,2025-12-17 19:02:50,12266.24125
CUST000273,3,22272.190000000002,26.0,2025-12-31 21:18:56,7424.063333333334
CUST004944,6,35299.799999999996,55.0,2025-10-19 15:14:43,5883.299999999999
CUST005575,9,75208.26000000001,76.0,2025-11-27 18:59:46,8356.473333333335
CUST002172,6,41167.060000000005,49.0,2025-12-31 03:12:05,6861.176666666667
CUST006332,5,37701.54,50.0,2025-11-02 06:27:46,7540.308
CUST003107,6,31153.96,44.0,2025-12-16 13:56:56,5192.326666666667
CUST003832,5,50938.22,46.0,2025-10-15 10:39:03,10187.644
CUST001747,6,34422.25,57.0,2025-11-12 00:47:29,5737.041666666667
CUST004167,6,67715.98,62.0,2025-10-26 07:53:47,11285.996666666666
CUST009541,4,38807.45,46.0,2025-10-29 00:55:16,9701.8625
CUST008747,8,68266.89,70.0,2025-12-19 18:29:28,8533.36125
CUST009335,5,54213.729999999996,51.0,2025-12-05 11:04:52,10842.746
CUST000614,0,,,,0.0
CUST006832,7,76470.45000000001,90.0,2025-12-18 07:58:41,10924.350000000002
CUST008548,5,45880.17999999999,47.0,2025-10-27 11:06:29,9176.035999999998
CUST000242,6,54078.8,55.0,2025-12-23 18:22:15,9013.133333333333
CUST002622,6,60209.24,73.0,2025-12-05 09:02:29,10034.873333333333
CUST008582,5,62395.46000000001,60.0,2025-11-05 07:44:37,12479.092
CUST007358,7,98468.19,98.0,2025-12-16 08:10:49,14066.884285714286
CUST006209,5,53872.56,54.0,2025-12-24 07:06:41,10774.511999999999
CUST002295,8,70292.69,73.0,2025-11-11 20:35:38,8786.58625
CUST000779,5,48901.61,50.0,2025-11-24 07:43:41,9780.322
CUST000950,5,32532.47,36.0,2025-12-21 03:31:19,6506.494000000001
CUST001312,4,28982.340000000004,41.0,2025-12-10 10:11:05,7245.585000000001
CUST008471,7,44959.20999999999,57.0,2025-12-20 02:35:53,6422.744285714284
CUST005393,9,55301.78999999999,72.0,2025-12-05 22:29:54,6144.6433333333325
CUST006607,4,36763.06,33.0,2025-12-28 23:40:49,9190.765
CUST006960,3,20105.18,21.0,2025-05-01 08:27:57,6701.7266666666665
CUST006900,6,44217.86,52.0,2025-11-03 06:34:23,7369.643333333333
CUST006758,7,46694.869999999995,58.0,2025-11-19 18:01:25,6670.695714285714
CUST007389,10,78787.01,84.0,2025-10-26 09:09:01,7878.700999999999
CUST005740,3,23166.84,21.0,2025-08-27 02:30:49,7722.28
CUST008538,5,40310.64,36.0,2025-10-16 20:34:57,8062.128
CUST001268,2,26138.07,32.0,2025-10-01 00:59:06,13069.035
CUST002773,6,58271.08,60.0,2025-12-06 03:36:35,9711.846666666666
CUST001408,6,56249.07,59.0,2025-12-30 08:51:56,9374.845
CUST005529,5,61602.350000000006,53.0,2025-12-20 08:46:18,12320.470000000001
CUST007601,5,38256.03,41.0,2025-12-07 14:29:55,7651.206
CUST000390,4,15448.12,16.0,2025-12-03 12:41:39,3862.03
CUST009652,5,29129.559999999998,33.0,2025-10-31 12:06:54,5825.911999999999
CUST006308,6,54478.51,55.0,2025-11-18 04:12:09,9079.751666666667
CUST004141,2,23975.47,28.0,2025-11-27 13:35:17,11987.735
CUST009147,1,7106.65,10.0,2025-04-25 13:49:58,7106.65
CUST009141,6,30147.64,36.0,2025-12-07 22:56:48,5024.606666666667
CUST007489,10,70434.0,90.0,2025-12-26 12:34:21,7043.4
CUST002815,6,47342.159999999996,46.0,2025-09-15 18:52:27,7890.36
CUST001434,6,22345.02,36.0,2025-11-14 00:02:23,3724.17
CUST008698,6,60555.85999999999,58.0,2025-09-01 14:36:01,10092.643333333332
CUST002847,11,85692.23,93.0,2025-12-06 17:00:12,7790.202727272727
CUST004504,8,63416.439999999995,56.0,2025-11-24 06:59:39,7927.054999999999
CUST003731,4,24914.8,34.0,2025-06-24 00:46:17,6228.7
CUST004219,2,13505.130000000001,21.0,2025-07-07 20:54:58,6752.5650000000005
CUST002335,8,53928.44,61.0,2025-11-19 01:47:40,6741.055
CUST004265,7,32527.539999999997,32.0,2025-11-28 01:52:50,4646.791428571428
CUST000262,5,60628.310000000005,52.0,2025-12-09 06:54:19,12125.662
CUST006141,7,70139.51,65.0,2025-12-17 01:07:18,10019.929999999998
CUST001601,9,53246.0,68.0,2025-11-12 06:38:58,5916.222222222223
CUST002628,6,68024.99,80.0,2025-12-22 08:47:24,11337.498333333335
CUST006128,4,17739.35,21.0,2025-12-05 14:09:27,4434.8375
CUST007415,5,31091.28,26.0,2025-10-18 06:33:12,6218.255999999999
CUST009637,9,63360.14000000001,75.0,2025-08-08 02:28:24,7040.015555555557
CUST001968,8,66633.8,77.0,2025-12-29 11:20:29,8329.225
CUST009863,6,69131.09,66.0,2025-12-23 04:32:04,11521.848333333333
CUST008661,3,26523.999999999996,26.0,2025-09-27 23:17:51,8841.333333333332
CUST006144,6,36510.990000000005,48.0,2025-12-06 17:14:23,6085.165000000001
CUST002717,5,13301.32,15.0,2025-11-27 15:07:36,2660.264
CUST001274,7,56930.479999999996,57.0,2025-12-12 20:12:31,8132.925714285714
CUST009553,6,35627.229999999996,55.0,2025-12-11 10:47:44,5937.871666666666
CUST001841,5,48190.34,49.0,2025-09-27 03:11:53,9638.068
CUST009511,6,58837.380000000005,45.0,2025-11-16 13:07:19,9806.230000000001
CUST004184,5,24365.36,29.0,2025-11-26 09:58:15,4873.072
CUST003977,3,45218.7,38.0,2025-08-21 19:37:34,15072.9
CUST003675,9,71739.73,80.0,2025-09-26 01:17:55,7971.081111111111
CUST009961,5,42739.43,55.0,2025-07-23 06:20:27,8547.886
CUST007941,5,40512.39,49.0,2025-11-24 01:15:12,8102.478
CUST006252,8,103767.75,99.0,2025-12-25 08:54:46,12970.96875
CUST006173,6,56031.2,65.0,2025-12-21 01:27:43,9338.533333333333
CUST000728,8,72774.86,74.0,2025-10-03 16:01:49,9096.8575
CUST009164,5,41471.52,49.0,2025-12-30 07:08:02,8294.304
CUST001343,8,81841.17,80.0,2025-12-18 14:32:15,10230.14625
CUST001741,4,33939.25,33.0,2025-11-03 03:22:40,8484.8125
CUST008205,2,27898.800000000003,21.0,2025-12-24 14:12:10,13949.400000000001
CUST007452,6,59534.35999999999,72.0,2025-09-24 07:15:11,9922.393333333332
CUST000459,5,26349.13,32.0,2025-10-20 12:05:54,5269.826
CUST002303,7,63928.38,67.0,2025-08-19 14:48:53,9132.625714285714
CUST003607,6,56541.12,42.0,2025-12-29 05:44:10,9423.52
CUST004832,3,17152.239999999998,15.0,2025-12-30 10:01:05,5717.413333333333
CUST006953,5,34722.25,28.0,2025-10-31 02:09:49,6944.45
CUST007006,4,41356.4,47.0,2025-12-31 00:10:25,10339.1
CUST003119,5,24636.999999999996,26.0,2025-12-07 02:39:34,4927.4
CUST005075,4,37244.00000000001,30.0,2025-12-28 01:50:35,9311.000000000002
CUST009460,7,43082.9,40.0,2025-12-10 05:41:32,6154.7
CUST003920,12,91716.13,100.0,2025-12-01 14:46:19,7643.010833333334
CUST007483,8,67989.03,74.0,2025-08-19 08:00:15,8498.62875
CUST003273,6,34357.52,39.0,2025-12-20 09:10:54,5726.253333333333
CUST006574,6,53756.979999999996,62.0,2025-11-23 20:00:27,8959.496666666666
CUST008553,8,64121.27999999999,69.0,2025-12-25 20:36:11,8015.159999999999
CUST005887,10,98837.9,89.0,2025-11-23 19:41:52,9883.789999999999
CUST009628,9,55171.82000000001,79.0,2025-12-14 00:02:43,6130.202222222223
CUST007487,5,19974.76,23.0,2025-08-24 07:00:34,3994.9519999999998
CUST004306,4,46881.969999999994,42.0,2025-12-30 13:43:28,11720.492499999998
CUST004531,9,90664.4,100.0,2025-12-25 03:01:56,10073.822222222221
CUST008503,4,29580.210000000003,40.0,2025-11-28 03:17:42,7395.052500000001
CUST007681,6,45817.810000000005,58.0,2025-12-05 22:31:44,7636.301666666667
CUST008870,4,23947.08,28.0,2025-08-06 16:49:19,5986.77
CUST003120,8,52144.990000000005,67.0,2025-12-25 21:29:27,6518.123750000001
CUST009760,5,42638.52,45.0,2025-12-07 22:50:12,8527.704
CUST000094,11,101260.61,109.0,2025-10-20 03:51:25,9205.51
CUST006312,7,44373.24,53.0,2025-06-25 12:53:59,6339.034285714285
CUST000052,9,43699.38,52.0,2025-12-14 02:19:24,4855.486666666667
CUST008143,7,44501.87,50.0,2025-11-12 18:06:25,6357.410000000001
CUST008565,8,57341.1,67.0,2025-11-13 08:29:29,7167.6375
CUST002160,6,43161.729999999996,57.0,2025-10-28 06:06:30,7193.621666666666
CUST004070,10,62243.869999999995,57.0,2025-12-27 22:51:07,6224.387
CUST006236,2,10769.16,12.0,2025-08-01 17:43:45,5384.58
CUST005492,6,51551.05,62.0,2025-11-27 09:26:45,8591.841666666667
CUST008082,6,50933.81,60.0,2025-10-08 12:30:36,8488.968333333332
CUST003516,5,60703.58,64.0,2025-06-10 21:00:53,12140.716
CUST001353,6,62675.34,53.0,2025-10-18 17:19:21,10445.89
CUST002750,5,35927.479999999996,42.0,2025-09-02 08:31:47,7185.495999999999
CUST009985,4,35616.82,39.0,2025-09-26 20:18:21,8904.205
CUST003358,4,41814.71,41.0,2025-12-06 01:41:32,10453.6775
CUST002670,6,67728.04000000001,58.0,2025-11-16 20:57:02,11288.006666666668
CUST007058,7,84531.56,84.0,2025-11-21 09:10:58,12075.937142857143
CUST008258,3,37115.91,38.0,2025-08-05 12:17:08,12371.970000000001
CUST000713,4,19646.409999999996,23.0,2025-12-16 02:53:31,4911.602499999999
CUST001403,6,57994.64,61.0,2025-11-10 07:04:20,9665.773333333333
CUST002496,5,52140.229999999996,55.0,2025-07-25 15:12:09,10428.045999999998
CUST002759,4,30291.530000000002,30.0,2025-05-16 13:45:19,7572.882500000001
CUST005017,3,47253.520000000004,35.0,2025-07-01 07:01:17,15751.173333333334
CUST007530,7,51884.86,70.0,2025-11-28 04:09:06,7412.122857142857
CUST004541,1,17327.05,17.0,2025-03-20 15:28:34,17327.05
CUST008408,5,45099.46000000001,48.0,2025-10-15 16:56:45,9019.892000000002
CUST004258,3,10674.789999999999,12.0,2025-09-21 12:49:59,3558.263333333333
CUST005030,8,45920.47,63.0,2025-12-31 00:28:47,5740.05875
CUST004066,11,66988.11000000002,87.0,2025-11-03 05:25:40,6089.828181818183
CUST008885,13,112698.61,111.0,2025-11-26 14:48:03,8669.123846153847
CUST003984,8,94076.29,99.0,2025-12-27 17:58:01,11759.53625
CUST007299,8,51176.96,60.0,2025-12-16 03:07:58,6397.12
CUST007807,9,83744.78,90.0,2025-11-15 13:17:01,9304.975555555555
CUST007743,4,32612.67,37.0,2025-11-19 08:01:58,8153.1675
CUST006629,12,103149.38,102.0,2025-11-08 22:55:03,8595.781666666668
CUST006893,5,36664.98,52.0,2025-11-02 12:30:30,7332.996000000001
CUST000948,8,75910.25,63.0,2025-10-24 20:22:08,9488.78125
CUST004849,3,35484.92,40.0,2025-07-02 10:27:44,11828.306666666665
CUST006929,4,35401.43,40.0,2025-05-12 23:57:19,8850.3575
CUST007774,6,51520.75,58.0,2025-11-04 02:59:00,8586.791666666666
CUST007168,3,28948.79,31.0,2025-11-12 18:53:59,9649.596666666666
CUST002285,2,16600.77,11.0,2025-08-28 22:24:18,8300.385
CUST007920,8,52724.11,65.0,2025-12-10 08:54:18,6590.51375
CUST000639,5,17016.08,24.0,2025-12-14 12:14:41,3403.2160000000003
CUST004111,2,6273.27,6.0,2025-03-06 15:30:02,3136.635
CUST005345,6,53208.520000000004,62.0,2025-12-18 22:52:58,8868.086666666668
CUST004996,5,35327.76,41.0,2025-11-21 01:10:17,7065.552000000001
CUST005400,4,29894.87,38.0,2025-12-16 20:22:28,7473.7175
CUST007921,5,59765.78,60.0,2025-09-21 02:28:57,11953.155999999999
CUST008568,5,28932.590000000004,38.0,2025-11-19 11:27:19,5786.518000000001
CUST005395,2,9112.029999999999,14.0,2025-09-18 10:50:42,4556.014999999999
CUST004307,7,76150.95000000001,75.0,2025-11-26 12:11:22,10878.707142857145
CUST003495,5,35210.11,46.0,2025-10-27 09:20:53,7042.022
CUST002742,12,81463.28,91.0,2025-10-23 19:29:02,6788.606666666667
CUST000617,4,34865.01,44.0,2025-08-03 11:27:04,8716.2525
CUST006864,5,25807.36,39.0,2025-11-04 01:51:35,5161.472
CUST000074,6,42541.899999999994,48.0,2025-12-03 19:49:18,7090.316666666666
CUST003514,10,68975.73,73.0,2025-12-26 00:08:17,6897.572999999999
CUST003055,7,43252.86,49.0,2025-12-03 05:48:27,6178.9800000000005
CUST004305,4,33790.29,40.0,2025-12-30 14:12:41,8447.5725
CUST002592,6,38895.53,38.0,2025-12-11 22:55:19,6482.588333333333
CUST007267,8,81519.12,77.0,2025-10-27 11:07:21,10189.89
CUST009194,2,26229.83,24.0,2025-06-06 14:47:07,13114.915
CUST005750,3,3875.42,14.0,2025-10-19 13:37:14,1291.8066666666666
CUST007409,6,46146.28,46.0,2025-12-04 16:43:03,7691.046666666666
CUST000999,6,50804.83,56.0,2025-11-12 17:21:34,8467.471666666666
CUST009309,7,49689.17,47.0,2025-09-14 18:38:12,7098.452857142857
CUST005917,6,50370.899999999994,49.0,2025-12-04 19:35:04,8395.15
CUST004733,6,56367.170000000006,57.0,2025-11-30 20:34:19,9394.528333333334
CUST006166,5,48762.46000000001,46.0,2025-12-25 13:10:19,9752.492000000002
CUST008513,6,51377.62,51.0,2025-12-12 09:20:17,8562.936666666666
CUST000301,5,57872.09,62.0,2025-12-29 00:09:57,11574.418
CUST007028,5,27820.420000000002,31.0,2025-11-06 12:15:23,5564.084000000001
CUST003581,2,9898.83,7.0,2025-12-16 01:24:12,4949.415
CUST001463,5,60884.89,59.0,2025-11-27 20:48:11,12176.978
CUST007705,8,65055.35,69.0,2025-12-21 21:21:51,8131.91875
CUST004396,6,31861.399999999994,50.0,2025-12-11 09:44:42,5310.233333333333
CUST009191,2,13233.73,11.0,2025-08-03 21:46:19,6616.865
CUST000658,6,46526.19,54.0,2025-12-18 13:51:22,7754.365000000001
CUST009521,8,86902.51,89.0,2025-12-07 13:37:40,10862.81375
CUST008932,7,61800.420000000006,76.0,2025-12-28 10:23:54,8828.631428571429
CUST007270,8,50278.21000000001,58.0,2025-11-21 03:08:35,6284.776250000001
CUST008709,5,33877.28,32.0,2025-12-31 18:20:27,6775.456
CUST002651,7,58518.69,68.0,2025-12-13 12:37:52,8359.812857142857
CUST005668,6,25644.510000000002,36.0,2025-11-17 15:51:05,4274.085
CUST006372,5,20202.41,28.0,2025-12-04 01:52:45,4040.482
CUST009571,2,14289.36,13.0,2025-09-28 08:27:44,7144.68
CUST007459,5,49037.99,47.0,2025-12-31 16:41:07,9807.598
CUST002809,6,34410.93,35.0,2025-12-01 04:45:28,5735.155
CUST006165,6,41044.98999999999,46.0,2025-12-11 09:39:10,6840.831666666665
CUST009320,11,90257.48,95.0,2025-12-16 23:06:28,8205.225454545454
CUST006580,6,48180.689999999995,49.0,2025-11-26 15:31:56,8030.114999999999
CUST002198,5,71659.15999999999,63.0,2025-10-19 23:33:43,14331.831999999999
CUST006632,6,47385.85,51.0,2025-09-17 13:05:06,7897.641666666666
CUST004312,6,36458.020000000004,45.0,2025-12-12 21:08:02,6076.336666666667
CUST005585,9,62995.34999999999,73.0,2025-11-05 06:38:29,6999.483333333333
CUST007888,6,43062.51,36.0,2025-12-29 16:00:06,7177.085
CUST009714,4,27044.1,32.0,2025-09-07 15:55:34,6761.025
CUST002072,4,28660.64,55.0,2025-11-26 08:23:27,7165.16
CUST002551,6,51955.240000000005,52.0,2025-12-30 20:36:01,8659.206666666667
CUST001005,6,34220.33,46.0,2025-12-20 12:11:55,5703.388333333333
CUST004498,5,41198.020000000004,49.0,2025-11-29 21:31:56,8239.604000000001
CUST006019,2,4457.37,7.0,2025-12-13 09:54:10,2228.685
CUST009393,4,34472.94,43.0,2025-11-20 11:24:17,8618.235
CUST009116,6,35701.69,44.0,2025-11-27 19:50:31,5950.281666666667
CUST000798,3,12606.4,13.0,2025-09-20 22:56:45,4202.133333333333
CUST003088,7,30695.39,48.0,2025-11-03 06:27:53,4385.055714285714
CUST006413,7,57497.96,62.0,2025-08-31 08:40:13,8213.994285714285
CUST009115,11,126444.4,117.0,2025-11-24 06:52:06,11494.945454545454
CUST003096,5,40319.509999999995,40.0,2025-12-30 10:29:25,8063.901999999999
CUST006282,4,43172.05,46.0,2025-08-07 00:25:12,10793.0125
CUST008119,9,54398.869999999995,61.0,2025-11-15 10:11:26,6044.318888888888
CUST006797,5,40189.1,45.0,2025-12-02 03:37:04,8037.82
CUST009523,5,33265.93,39.0,2025-12-10 06:43:11,6653.186
CUST004061,3,27301.98,24.0,2025-12-24 03:07:07,9100.66
CUST006869,5,52446.95999999999,49.0,2025-12-21 03:30:34,10489.391999999998
CUST003747,8,54951.56999999999,62.0,2025-12-18 02:09:50,6868.946249999999
CUST002855,5,40328.04,37.0,2025-10-14 16:35:15,8065.608
CUST002948,9,78628.01000000001,76.0,2025-12-05 02:00:58,8736.445555555556
CUST007494,8,63802.17999999999,64.0,2025-10-06 14:18:01,7975.272499999999
CUST007180,4,30023.71,39.0,2025-09-20 14:10:46,7505.9275
CUST002584,6,32242.880000000005,42.0,2025-10-26 13:52:17,5373.813333333334
CUST000774,11,81320.54000000001,95.0,2025-11-28 14:49:31,7392.776363636364
CUST004202,5,62449.95,67.0,2025-10-19 03:17:34,12489.99
CUST005484,9,46818.57000000001,60.0,2025-11-23 07:20:33,5202.063333333334
CUST008552,2,17686.0,14.0,2025-04-05 18:39:12,8843.0
CUST004334,6,27146.47,33.0,2025-12-17 14:40:53,4524.411666666667
CUST001811,8,64989.51,65.0,2025-11-20 05:29:47,8123.68875
CUST003326,2,27826.940000000002,22.0,2025-11-27 15:08:33,13913.470000000001
CUST007696,9,62000.94000000001,67.0,2025-11-25 13:04:50,6888.993333333335
CUST009918,4,32087.809999999998,27.0,2025-12-30 15:27:09,8021.952499999999
CUST007623,8,66773.58,70.0,2025-11-27 21:40:01,8346.6975
CUST006415,4,50295.240000000005,46.0,2025-08-19 19:36:06,12573.810000000001
CUST002320,7,53681.56,64.0,2025-12-21 00:26:43,7668.794285714285
CUST004673,4,28983.93,40.0,2025-12-04 14:41:19,7245.9825
CUST002921,6,47732.880000000005,57.0,2025-11-09 14:13:43,7955.4800000000005
CUST008913,4,13778.689999999999,19.0,2025-11-16 00:23:48,3444.6724999999997
CUST002952,9,92882.09,83.0,2025-12-22 14:54:40,10320.232222222221
CUST006347,7,71478.57,73.0,2025-12-27 17:23:27,10211.224285714286
CUST002833,9,63373.8,103.0,2025-12-10 22:30:44,7041.533333333334
CUST009319,9,67880.81999999999,81.0,2025-12-15 04:23:57,7542.313333333333
CUST008823,7,66294.51,61.0,2025-12-12 11:46:39,9470.644285714285
CUST006200,7,51893.57,67.0,2025-09-22 20:41:06,7413.367142857142
CUST008282,4,34589.38,34.0,2025-09-17 21:44:57,8647.345
CUST009704,7,53650.57000000001,57.0,2025-09-22 13:40:01,7664.367142857144
CUST001329,5,51693.009999999995,54.0,2025-11-22 09:21:18,10338.601999999999
CUST008766,5,29375.159999999996,42.0,2025-11-27 15:57:20,5875.031999999999
CUST005943,10,107701.16,93.0,2025-12-10 03:50:33,10770.116
CUST000305,5,31542.25,40.0,2025-11-20 21:09:30,6308.45
CUST009867,6,25650.379999999997,46.0,2025-11-20 10:16:08,4275.063333333333
CUST004957,4,28229.94,30.0,2025-11-22 22:51:01,7057.485
CUST006816,8,82717.3,73.0,2025-12-25 10:34:12,10339.6625
CUST009587,4,19664.9,25.0,2025-08-24 19:53:14,4916.225
CUST007189,3,31140.729999999996,22.0,2025-12-11 22:33:20,10380.243333333332
CUST003922,7,38513.82,55.0,2025-12-01 23:59:21,5501.9742857142855
CUST000120,5,42360.020000000004,44.0,2025-12-05 00:38:45,8472.004
CUST000892,8,54263.659999999996,80.0,2025-08-29 08:53:13,6782.9574999999995
CUST008157,5,43180.45,46.0,2025-12-14 20:57:19,8636.09
CUST004986,8,54164.56,58.0,2025-11-28 18:25:17,6770.57
CUST008857,7,47782.91,49.0,2025-11-16 08:41:32,6826.13
CUST002548,5,61906.89000000001,59.0,2025-12-25 21:09:08,12381.378
CUST004149,8,59329.95,76.0,2025-11-26 10:11:40,7416.24375
CUST004241,8,42389.55,71.0,2025-12-29 19:52:04,5298.69375
CUST009635,4,41846.62,45.0,2025-06-25 08:55:53,10461.655
CUST005609,5,54984.03,58.0,2025-08-24 16:32:16,10996.806
CUST005911,9,59768.59,63.0,2025-12-25 04:05:23,6640.954444444444
CUST000219,5,44562.240000000005,50.0,2025-12-31 22:32:04,8912.448
CUST009400,7,66339.92,79.0,2025-12-18 07:10:54,9477.131428571429
CUST003501,4,39591.09,33.0,2025-09-23 00:24:06,9897.7725
CUST005841,8,71966.48,67.0,2025-12-04 10:16:26,8995.81
CUST005683,5,25071.31,40.0,2025-11-19 10:17:28,5014.262000000001
CUST009349,6,40815.53999999999,40.0,2025-11-06 23:07:16,6802.589999999999
CUST002919,8,51826.9,45.0,2025-12-22 09:53:33,6478.3625
CUST004247,4,33440.34,36.0,2025-12-10 12:06:36,8360.085
CUST006328,8,79051.11,71.0,2025-12-18 06:32:32,9881.38875
CUST002378,4,18836.97,23.0,2025-11-01 12:11:25,4709.2425
CUST009217,6,46460.28999999999,52.0,2025-10-21 00:16:07,7743.381666666665
CUST007320,7,58409.87,60.0,2025-12-10 10:22:54,8344.267142857143
CUST004469,7,57874.969999999994,59.0,2025-11-20 16:27:41,8267.852857142856
CUST007520,9,57121.5,85.0,2025-11-06 08:24:53,6346.833333333333
CUST007585,5,44593.59,42.0,2025-10-29 16:29:31,8918.717999999999
CUST005946,5,22201.350000000002,19.0,2025-12-31 16:45:50,4440.27
CUST004999,5,39536.47,47.0,2025-11-14 14:15:49,7907.294
CUST009992,9,91388.09000000001,85.0,2025-12-30 19:08:09,10154.232222222223
CUST003352,6,63160.740000000005,59.0,2025-12-15 02:56:07,10526.79
CUST002268,4,26988.399999999998,26.0,2025-11-22 01:10:26,6747.099999999999
CUST003433,5,38746.17,45.0,2025-09-21 16:22:43,7749.2339999999995
CUST007515,6,58984.34,66.0,2025-10-11 04:13:48,9830.723333333333
CUST003183,8,80657.33,70.0,2025-10-31 10:15:35,10082.16625
CUST000934,3,16029.95,16.0,2025-11-08 05:21:14,5343.316666666667
CUST008374,5,54478.75,62.0,2025-11-28 08:34:49,10895.75
CUST004460,10,85580.32,81.0,2025-12-19 01:43:22,8558.032000000001
CUST008354,10,61472.84,70.0,2025-12-01 05:19:13,6147.284
CUST004169,5,44348.67999999999,35.0,2025-12-29 01:36:32,8869.735999999999
CUST004420,6,42648.380000000005,53.0,2025-12-29 23:35:22,7108.063333333334
CUST003872,5,39622.78,41.0,2025-12-28 07:29:33,7924.556
CUST000033,3,24843.55,20.0,2025-10-09 18:48:42,8281.183333333332
CUST002629,8,64333.759999999995,62.0,2025-11-30 05:52:36,8041.719999999999
CUST002364,1,7881.410000000001,8.0,2025-11-24 03:27:35,7881.410000000001
CUST003214,6,66148.8,68.0,2025-12-18 21:26:57,11024.800000000001
CUST005458,6,45756.58,57.0,2025-12-24 03:55:15,7626.096666666667
CUST003778,4,13194.330000000002,10.0,2025-12-28 07:27:40,3298.5825000000004
CUST008583,4,32762.71,33.0,2025-11-20 12:47:16,8190.6775
CUST009504,4,35833.89,45.0,2025-12-06 08:52:52,8958.4725
CUST009569,7,59184.939999999995,53.0,2025-12-15 22:39:16,8454.991428571428
CUST003218,5,38974.14,42.0,2025-12-29 15:54:03,7794.8279999999995
CUST002213,10,84957.31999999999,91.0,2025-11-04 12:21:52,8495.732
CUST003990,6,44418.92,61.0,2025-08-25 09:52:51,7403.153333333333
CUST006257,6,56533.42999999999,68.0,2025-11-01 13:43:58,9422.238333333333
CUST007802,5,26200.270000000004,23.0,2025-09-24 23:13:16,5240.054000000001
CUST004756,4,40849.1,44.0,2025-10-20 16:01:31,10212.275
CUST001939,8,78341.79999999999,63.0,2025-12-29 17:53:36,9792.724999999999
CUST007756,10,79727.2,85.0,2025-12-24 16:01:15,7972.719999999999
CUST008636,3,43613.16,40.0,2025-11-20 03:26:01,14537.720000000001
CUST001802,8,68088.04000000001,55.0,2025-11-24 01:41:28,8511.005000000001
CUST004567,5,33385.5,38.0,2025-08-20 23:52:06,6677.1
CUST003230,4,28422.5,37.0,2025-04-22 03:10:59,7105.625
CUST000940,3,31288.260000000002,28.0,2025-10-21 07:35:16,10429.42
CUST004342,3,22508.600000000002,19.0,2025-08-15 00:51:02,7502.866666666668
CUST005763,5,55684.97,61.0,2025-08-08 04:22:07,11136.994
CUST003993,3,21225.22,20.0,2025-12-01 19:56:14,7075.073333333334
CUST006779,3,36108.31,30.0,2025-07-23 01:07:14,12036.103333333333
CUST009078,7,64264.17,67.0,2025-12-20 18:15:24,9180.595714285713
CUST007251,3,15153.49,24.0,2025-07-24 09:08:55,5051.163333333333
CUST008549,6,55874.43,60.0,2025-06-30 04:31:33,9312.405
CUST006658,4,31360.230000000003,39.0,2025-09-06 13:26:34,7840.057500000001
CUST001914,7,57337.770000000004,51.0,2025-08-18 17:13:07,8191.110000000001
CUST009589,5,10353.0,22.0,2025-12-20 00:18:00,2070.6
CUST002201,3,15671.85,16.0,2025-12-11 11:46:44,5223.95
CUST009169,5,21677.950000000004,22.0,2025-10-28 00:14:58,4335.590000000001
CUST008508,9,68030.7,77.0,2025-10-25 15:02:28,7558.966666666666
CUST008209,9,43302.46,56.0,2025-12-26 18:52:20,4811.384444444444
CUST006662,7,86806.71,80.0,2025-11-09 01:34:48,12400.958571428573
CUST007444,3,26959.309999999998,32.0,2025-05-17 09:37:33,8986.436666666666
CUST006078,4,43120.619999999995,38.0,2025-12-19 12:26:18,10780.154999999999
CUST009888,8,78521.42000000001,83.0,2025-12-29 20:29:19,9815.177500000002
CUST000670,9,71596.29,92.0,2025-11-29 20:40:18,7955.1433333333325
CUST006454,4,28154.07,27.0,2025-12-24 03:36:11,7038.5175
CUST009648,6,41571.11,46.0,2025-12-26 09:57:41,6928.518333333333
CUST000349,5,46345.380000000005,49.0,2025-10-06 06:43:00,9269.076000000001
CUST001065,5,44506.22,54.0,2025-12-25 19:46:03,8901.244
CUST003428,6,49537.72000000001,61.0,2025-09-15 11:46:42,8256.286666666669
CUST002415,5,47457.18,46.0,2025-11-01 09:38:00,9491.436
CUST008726,7,77067.55,76.0,2025-10-04 20:19:31,11009.65
CUST005621,3,39221.72,35.0,2025-06-27 03:11:48,13073.906666666668
CUST001795,6,45671.91,49.0,2025-12-29 00:58:36,7611.985000000001
CUST005570,4,43571.07000000001,39.0,2025-12-01 19:56:53,10892.767500000002
CUST005939,3,24526.75,31.0,2025-09-22 16:42:39,8175.583333333333
CUST006534,5,48346.41,62.0,2025-12-02 11:35:20,9669.282000000001
CUST001208,7,67866.53,77.0,2025-10-24 16:36:45,9695.218571428572
CUST009202,5,42223.42,37.0,2025-10-07 00:43:00,8444.684
CUST002006,7,43255.14,39.0,2025-11-25 23:59:44,6179.305714285714
CUST005778,3,15061.27,17.0,2025-07-24 01:50:26,5020.423333333333
CUST008939,5,49888.99,56.0,2025-12-24 17:56:51,9977.797999999999
CUST006405,5,46988.31,48.0,2025-12-11 21:17:39,9397.662
CUST001345,8,87905.26000000001,92.0,2025-12-25 21:43:38,10988.157500000001
CUST002296,11,136327.99,121.0,2025-10-14 21:37:31,12393.453636363636
CUST008207,5,61169.86,67.0,2025-11-27 16:01:49,12233.972
CUST004228,10,87963.14,87.0,2025-12-30 19:11:49,8796.314
CUST009163,5,40085.51,46.0,2025-11-26 08:59:58,8017.102000000001
CUST006992,6,37855.39,52.0,2025-10-15 20:29:48,6309.231666666667
CUST004679,7,78015.76999999999,85.0,2025-12-12 23:01:59,11145.109999999999
CUST008188,5,30143.960000000003,35.0,2025-10-22 02:32:38,6028.792
CUST008629,10,92709.51,84.0,2025-12-14 18:21:26,9270.951
CUST007455,6,38214.67999999999,37.0,2025-07-15 05:03:39,6369.113333333332
CUST000533,8,62643.28,82.0,2025-12-09 21:36:53,7830.41
CUST008875,7,44271.99,54.0,2025-09-22 10:44:03,6324.57
CUST008297,6,60318.33,64.0,2025-12-30 07:40:54,10053.055
CUST006431,8,100148.01,104.0,2025-11-04 16:01:01,12518.50125
CUST000110,4,21187.629999999997,29.0,2025-12-10 15:31:53,5296.907499999999
CUST002668,9,67678.96999999999,73.0,2025-12-28 04:55:33,7519.885555555554
CUST009308,6,40812.42999999999,50.0,2025-11-19 09:39:16,6802.071666666666
CUST008017,12,79619.1,88.0,2025-12-13 02:42:46,6634.925
CUST007321,10,67074.77,64.0,2025-11-18 21:40:33,6707.477000000001
CUST002989,6,49689.02,46.0,2025-10-14 06:59:08,8281.503333333332
CUST007602,6,48722.66,43.0,2025-11-24 03:46:41,8120.443333333334
CUST008090,8,85090.87,74.0,2025-12-14 04:36:59,10636.35875
CUST000343,6,48100.450000000004,59.0,2025-12-15 10:38:47,8016.741666666668
CUST003633,6,24905.22,35.0,2025-12-24 14:10:47,4150.87
CUST005546,4,35870.72000000001,34.0,2025-09-29 17:41:10,8967.680000000002
CUST006806,5,54238.28,55.0,2025-12-12 12:31:00,10847.655999999999
CUST004362,6,44177.840000000004,43.0,2025-10-30 17:19:39,7362.973333333334
CUST009611,3,22825.67,33.0,2025-09-14 18:25:26,7608.556666666666
CUST008516,5,24945.460000000003,36.0,2025-10-14 07:26:14,4989.092000000001
CUST008955,2,12014.970000000001,19.0,2025-10-01 22:37:02,6007.485000000001
CUST002079,5,39178.57,51.0,2025-11-08 01:11:27,7835.714
CUST008214,5,34021.11,37.0,2025-07-11 07:54:21,6804.222
CUST004323,7,49804.53999999999,61.0,2025-11-13 15:58:02,7114.934285714285
CUST005378,6,54335.479999999996,60.0,2025-12-20 12:05:41,9055.913333333332
CUST002180,11,112092.03,96.0,2025-12-14 20:11:50,10190.184545454546
CUST001940,4,19625.07,27.0,2025-08-05 22:57:20,4906.2675
CUST006990,10,67457.5,68.0,2025-12-21 18:19:54,6745.75
CUST005074,9,63450.82,60.0,2025-10-27 05:31:10,7050.091111111111
CUST005457,10,120490.03,110.0,2025-11-25 15:23:40,12049.003
CUST007457,7,62173.009999999995,83.0,2025-12-17 15:41:19,8881.858571428571
CUST006393,7,65900.53,75.0,2025-12-12 15:14:12,9414.361428571428
CUST006195,5,43094.380000000005,46.0,2025-11-22 16:15:38,8618.876
CUST002747,9,63462.399999999994,70.0,2025-11-18 19:25:15,7051.377777777777
CUST008341,8,41131.42,49.0,2025-10-20 20:06:55,5141.4275
CUST005128,8,66036.57,76.0,2025-11-09 00:15:37,8254.57125
CUST000925,6,37848.72,38.0,2025-11-24 21:31:20,6308.12
CUST003471,4,29250.54,23.0,2025-09-17 01:36:24,7312.635
CUST009842,9,70513.91,79.0,2025-12-10 23:44:46,7834.878888888889
CUST005954,9,61551.27,81.0,2025-12-24 04:49:46,6839.03
CUST004605,2,24892.64,26.0,2025-11-27 19:18:04,12446.32
CUST004790,9,81850.07,84.0,2025-11-27 09:59:04,9094.452222222222
CUST000628,3,22352.309999999998,25.0,2025-12-27 16:05:32,7450.7699999999995
CUST002293,7,69769.36,74.0,2025-12-27 11:15:19,9967.051428571429
CUST003586,5,39742.45,38.0,2025-12-19 00:41:53,7948.49
CUST001018,4,30722.190000000002,37.0,2025-09-05 15:56:50,7680.547500000001
CUST009655,6,35149.96,42.0,2025-10-10 18:37:15,5858.326666666667
CUST006987,6,41989.11,45.0,2025-11-11 09:55:19,6998.185
CUST000441,5,37530.04000000001,45.0,2025-12-15 04:56:22,7506.008000000002
CUST006357,6,32090.25,32.0,2025-12-16 09:48:33,5348.375
CUST009015,7,45903.5,54.0,2025-11-21 22:50:48,6557.642857142857
CUST006010,6,37826.96,48.0,2025-12-16 21:12:34,6304.493333333333
CUST004341,7,57448.0,45.0,2025-11-11 01:40:47,8206.857142857143
CUST001597,6,34080.78,49.0,2025-11-14 21:24:17,5680.13
CUST001248,4,27872.909999999996,31.0,2025-12-17 15:45:55,6968.227499999999
CUST003653,6,52184.22,64.0,2025-10-09 14:21:59,8697.37
CUST008054,2,16712.89,17.0,2025-03-02 09:00:46,8356.445
CUST009472,8,82447.73,81.0,2025-12-31 16:12:15,10305.96625
CUST005902,3,11139.16,12.0,2025-12-21 04:00:23,3713.0533333333333
CUST008476,4,43655.5,37.0,2025-12-09 20:11:33,10913.875
CUST001833,0,,,,0.0
CUST003733,8,99906.79999999999,92.0,2025-12-22 06:36:20,12488.349999999999
CUST006157,7,43177.51,59.0,2025-12-18 06:30:30,6168.215714285715
CUST003319,11,71545.76999999999,96.0,2025-12-09 22:53:48,6504.160909090908
CUST001455,5,26819.67,26.0,2025-12-27 05:23:56,5363.933999999999
CUST007985,7,43327.05,59.0,2025-12-22 00:18:07,6189.578571428572
CUST005144,7,42804.43,51.0,2025-10-08 22:28:08,6114.918571428571
CUST003047,6,58405.34,57.0,2025-12-30 12:03:42,9734.223333333333
CUST005985,8,102123.88,87.0,2025-11-29 12:15:11,12765.485
CUST005028,6,65337.32,64.0,2025-11-01 02:48:58,10889.553333333333
CUST009754,2,12252.550000000001,12.0,2025-08-10 04:04:42,6126.275000000001
CUST002166,10,65966.84,76.0,2025-11-21 14:13:22,6596.683999999999
CUST009577,7,64330.01,64.0,2025-11-23 05:14:05,9190.00142857143
CUST008961,3,19480.949999999997,26.0,2025-11-08 12:46:57,6493.649999999999
CUST003746,5,26514.629999999997,34.0,2025-09-22 11:12:33,5302.9259999999995
CUST004720,7,74018.7,71.0,2025-07-07 13:01:27,10574.1
CUST006376,5,33315.6,35.0,2025-12-09 04:35:23,6663.12
CUST001459,5,31292.43,32.0,2025-12-04 18:31:11,6258.486
CUST003608,4,32117.14,42.0,2025-06-05 03:12:56,8029.285
CUST007492,7,60119.21000000001,61.0,2025-08-21 03:58:13,8588.458571428573
CUST000515,5,25532.11,34.0,2025-10-20 18:07:13,5106.4220000000005
CUST006092,9,89070.54000000001,84.0,2025-11-13 14:13:29,9896.726666666667
CUST001498,7,43462.45,43.0,2025-10-09 01:05:22,6208.921428571428
CUST009670,2,13240.249999999998,14.0,2025-12-25 16:48:32,6620.124999999999
CUST004163,3,15641.24,16.0,2025-12-29 20:21:23,5213.746666666667
CUST004313,4,32624.93,35.0,2025-11-18 11:20:51,8156.2325
CUST005163,6,34416.51,41.0,2025-10-23 05:42:14,5736.085
CUST001316,7,37156.58,47.0,2025-12-30 07:56:05,5308.082857142857
CUST006331,7,26887.38,43.0,2025-11-12 15:25:04,3841.054285714286
CUST003322,4,19635.18,24.0,2025-12-02 16:13:48,4908.795
CUST001355,4,16088.53,14.0,2025-12-25 07:34:31,4022.1325
CUST001810,4,17706.04,21.0,2025-07-17 15:30:38,4426.51
CUST005733,7,86014.34999999999,80.0,2025-10-27 06:18:28,12287.764285714284
CUST008962,6,42639.72,42.0,2025-11-05 18:40:38,7106.62
CUST007914,2,28011.86,19.0,2025-05-09 02:36:37,14005.93
CUST008737,7,51100.78,58.0,2025-12-16 11:10:07,7300.111428571428
CUST007151,7,54393.280000000006,49.0,2025-10-25 23:16:36,7770.468571428572
CUST009536,10,97429.31,87.0,2025-12-15 19:25:21,9742.931
CUST008778,7,71018.23,65.0,2025-10-11 13:54:36,10145.461428571429
CUST006304,8,57257.31999999999,54.0,2025-12-23 10:42:22,7157.164999999999
CUST006526,2,8239.189999999999,16.0,2025-05-31 14:07:30,4119.594999999999
CUST002775,3,13994.560000000001,14.0,2025-07-12 07:58:24,4664.8533333333335
CUST000304,3,24059.66,34.0,2025-12-16 04:47:42,8019.886666666666
CUST002889,9,53706.81,55.0,2025-12-24 17:56:22,5967.423333333333
CUST000655,5,27329.02,33.0,2025-12-26 14:42:43,5465.804
CUST009096,9,70058.7,69.0,2025-12-13 12:51:16,7784.299999999999
CUST002967,9,75695.43000000001,75.0,2025-11-17 18:33:44,8410.603333333334
CUST009654,3,26764.550000000003,26.0,2025-05-29 06:03:51,8921.516666666668
CUST003931,5,27335.65,32.0,2025-11-21 04:16:55,5467.13
CUST004269,10,95814.6,95.0,2025-11-23 05:47:59,9581.460000000001
CUST005260,4,40920.21,38.0,2025-10-23 14:02:19,10230.0525
CUST009095,5,53225.969999999994,66.0,2025-09-25 21:28:44,10645.194
CUST004456,8,59360.759999999995,62.0,2025-12-25 07:46:19,7420.094999999999
CUST006032,6,33735.94,41.0,2025-10-29 11:44:41,5622.656666666667
CUST003967,2,8371.62,8.0,2025-09-09 16:12:01,4185.81
CUST000823,3,26329.72,21.0,2025-10-08 02:31:30,8776.573333333334
CUST009843,6,59152.88,55.0,2025-09-16 23:22:27,9858.813333333334
CUST003382,5,46159.549999999996,52.0,2025-10-12 05:01:08,9231.91
CUST009184,8,61106.509999999995,66.0,2025-12-15 19:16:23,7638.313749999999
CUST008130,6,40930.58,46.0,2025-10-04 15:00:42,6821.763333333333
CUST002488,9,56160.02,72.0,2025-12-20 18:06:22,6240.0022222222215
CUST007565,7,65234.969999999994,64.0,2025-11-27 11:11:12,9319.281428571428
CUST006306,3,25897.61,34.0,2025-11-10 09:11:54,8632.536666666667
CUST005875,2,8136.09,6.0,2025-10-21 05:08:58,4068.045
CUST004740,6,56817.17999999999,61.0,2025-10-21 09:49:37,9469.529999999999
CUST005021,4,36178.18,47.0,2025-12-08 00:18:36,9044.545
CUST000334,0,,,,0.0
CUST005381,4,36147.79,41.0,2025-08-20 07:50:06,9036.9475
CUST005004,9,70947.77,68.0,2025-12-11 04:50:58,7883.085555555556
CUST002680,7,54290.9,58.0,2025-12-10 10:54:35,7755.842857142858
CUST003221,5,43594.46,47.0,2025-10-16 04:51:01,8718.892
CUST004474,8,84957.65,78.0,2025-12-09 13:24:13,10619.70625
CUST005031,5,33900.53,41.0,2025-12-14 10:43:41,6780.106
CUST000919,7,51610.83,60.0,2025-12-14 03:02:53,7372.975714285714
CUST006213,8,73997.57,89.0,2025-12-27 15:27:26,9249.69625
CUST004664,6,40866.350000000006,33.0,2025-12-15 09:21:04,6811.058333333334
CUST007001,9,79482.51000000001,87.0,2025-12-03 23:59:06,8831.390000000001
CUST009386,6,37588.659999999996,47.0,2025-10-13 10:20:32,6264.776666666666
CUST004744,7,80083.95999999999,65.0,2025-12-24 15:45:32,11440.565714285713
CUST001454,8,44038.15,55.0,2025-10-13 08:04:02,5504.76875
CUST008260,6,40017.78,48.0,2025-12-20 00:59:35,6669.63
CUST008255,4,32335.38,43.0,2025-12-15 11:05:32,8083.845
CUST007899,8,72505.03,74.0,2025-12-10 22:21:20,9063.12875
CUST009431,6,32795.25,46.0,2025-08-16 16:37:50,5465.875
CUST000847,9,62775.56,61.0,2025-10-16 09:13:12,6975.062222222222
CUST004506,7,61730.630000000005,73.0,2025-12-19 15:33:21,8818.66142857143
CUST004875,8,62406.31,64.0,2025-09-06 13:10:56,7800.78875
CUST008247,6,63424.94999999999,69.0,2025-12-20 12:18:00,10570.824999999999
CUST006648,10,86559.90999999999,96.0,2025-11-30 14:16:31,8655.990999999998
CUST000098,1,10517.75,15.0,2025-09-10 23:14:44,10517.75
CUST006731,10,78242.02,83.0,2025-12-18 12:46:00,7824.202
CUST008295,4,39675.7,44.0,2025-10-16 18:28:51,9918.925
CUST002563,4,38864.020000000004,43.0,2025-10-13 04:36:43,9716.005000000001
CUST008569,6,39673.579999999994,34.0,2025-12-12 16:46:14,6612.263333333332
CUST005460,3,28159.0,35.0,2025-06-14 17:10:05,9386.333333333334
CUST006175,5,35832.520000000004,41.0,2025-12-01 13:51:21,7166.504000000001
CUST002126,7,38384.76,50.0,2025-12-20 13:21:07,5483.537142857143
CUST005430,8,69511.22,74.0,2025-11-06 10:58:45,8688.9025
CUST001794,7,54095.810000000005,58.0,2025-11-03 03:35:26,7727.972857142858
CUST001063,7,59097.78999999999,65.0,2025-11-10 14:09:27,8442.541428571427
CUST000985,4,22663.12,27.0,2025-11-18 19:04:30,5665.78
CUST002125,5,56458.72,51.0,2025-11-18 13:14:49,11291.744
CUST000436,10,77794.85,81.0,2025-12-19 11:02:22,7779.485000000001
CUST008379,7,65532.59000000001,70.0,2025-10-20 23:59:55,9361.798571428573
CUST009179,4,46662.740000000005,49.0,2025-03-02 17:19:00,11665.685000000001
CUST004968,0,,,,0.0
CUST009728,4,16741.08,20.0,2025-12-27 12:28:56,4185.27
CUST007870,5,50657.83,44.0,2025-07-26 05:02:46,10131.566
CUST001105,6,47555.780000000006,52.0,2025-09-30 16:10:38,7925.963333333334
CUST001139,2,22594.37,30.0,2025-03-27 22:06:49,11297.185
CUST007433,5,28407.92,41.0,2025-11-05 12:43:17,5681.584
CUST007318,4,19401.91,17.0,2025-11-29 15:06:07,4850.4775
CUST002802,6,66611.91,70.0,2025-10-31 07:10:16,11101.985
CUST000232,5,27542.160000000003,27.0,2025-12-19 15:26:24,5508.432000000001
CUST009725,6,52506.76,56.0,2025-12-11 11:30:48,8751.126666666667
CUST007933,4,24326.31,44.0,2025-11-23 23:13:44,6081.5775
CUST005885,4,24534.53,36.0,2025-12-13 03:51:46,6133.6325
CUST002225,6,64798.54,72.0,2025-11-06 15:57:22,10799.756666666666
CUST008121,6,41839.45,61.0,2025-12-12 19:28:39,6973.241666666666
CUST008990,7,79555.76000000001,82.0,2025-11-22 11:10:25,11365.108571428573
CUST008356,6,37263.14,34.0,2025-11-27 08:35:19,6210.5233333333335
CUST009338,8,43037.91,51.0,2025-11-04 13:24:47,5379.73875
CUST009828,6,49448.69,47.0,2025-11-18 04:33:33,8241.448333333334
CUST005097,3,21445.97,26.0,2025-10-15 03:48:36,7148.656666666667
CUST008125,5,37997.07,43.0,2025-10-14 15:05:58,7599.414
CUST002495,6,50229.15,58.0,2025-10-17 16:44:09,8371.525
CUST005067,7,61127.19,65.0,2025-08-31 06:58:31,8732.455714285714
CUST003351,6,19942.97,26.0,2025-11-19 23:03:45,3323.8283333333334
CUST002965,6,43372.329999999994,54.0,2025-11-07 16:25:58,7228.721666666665
BAD_CUST_8948,9,61929.21,65.0,2025-11-22 05:01:17,6881.0233333333335
CUST005984,9,73663.96,73.0,2025-11-02 08:20:35,8184.884444444445
CUST008506,9,58013.19999999998,59.0,2025-11-15 22:17:26,6445.911111111109
CUST000017,5,38190.69,39.0,2025-12-27 08:22:37,7638.138000000001
CUST006440,8,60847.87,57.0,2025-11-18 23:22:11,7605.98375
CUST008859,4,11786.669999999998,16.0,2025-09-22 19:38:08,2946.6674999999996
CUST001499,6,63565.54,54.0,2025-12-28 17:03:10,10594.256666666666
CUST005504,9,81694.88999999998,97.0,2025-12-14 11:24:21,9077.21
CUST001506,7,71016.52,76.0,2025-12-11 16:27:00,10145.217142857144
CUST003453,8,82083.48000000001,83.0,2025-11-04 15:27:20,10260.435000000001
CUST007764,6,27228.91,30.0,2025-11-03 01:35:04,4538.151666666667
CUST003200,8,86545.41,84.0,2025-12-10 23:39:00,10818.17625
CUST009398,10,84790.70999999999,90.0,2025-12-26 19:24:51,8479.071
CUST008879,5,21915.13,32.0,2025-11-19 08:41:47,4383.026
CUST004652,12,79497.34999999999,99.0,2025-10-20 09:01:08,6624.779166666666
CUST005540,9,85501.79,86.0,2025-11-01 23:02:51,9500.198888888888
CUST001902,10,80209.93000000001,81.0,2025-12-19 14:56:23,8020.993
CUST003481,5,55723.74,63.0,2025-11-15 08:40:10,11144.748
CUST000986,7,66360.67,59.0,2025-12-19 06:34:03,9480.095714285713
CUST007395,7,33473.77,42.0,2025-08-24 07:04:05,4781.967142857143
CUST000904,7,66253.54000000001,61.0,2025-08-28 23:35:15,9464.79142857143
CUST007861,3,20413.96,23.0,2025-08-08 08:45:51,6804.653333333333
CUST007720,8,67685.19,68.0,2025-11-20 16:31:13,8460.64875
CUST004671,5,26057.9,25.0,2025-11-15 17:34:08,5211.58
CUST001798,7,60363.63999999999,64.0,2025-11-09 00:50:56,8623.377142857142
CUST004405,6,59231.89,66.0,2025-10-29 14:47:00,9871.981666666667
CUST008525,4,24786.369999999995,21.0,2025-11-12 13:20:30,6196.592499999999
CUST007762,5,29436.43,41.0,2025-10-06 03:33:31,5887.286
CUST009838,4,11490.93,20.0,2025-08-06 21:05:38,2872.7325
CUST009851,7,71933.68,79.0,2025-12-13 09:10:08,10276.24
CUST008667,8,102270.71,106.0,2025-11-25 23:48:33,12783.83875
CUST000887,6,34783.990000000005,48.0,2025-12-10 22:26:01,5797.331666666668
CUST003686,6,52056.68,55.0,2025-12-12 08:33:11,8676.113333333333
CUST005441,6,45556.060000000005,62.0,2025-11-18 07:26:43,7592.676666666667
CUST007043,1,5368.2,4.0,2025-09-29 18:46:22,5368.2
CUST005852,2,7471.280000000001,9.0,2025-11-17 03:23:49,3735.6400000000003
CUST007839,5,32681.53,40.0,2025-11-04 11:16:23,6536.306
CUST004330,5,70213.25,67.0,2025-12-31 06:19:17,14042.65
CUST003320,2,16497.64,19.0,2025-10-14 14:23:55,8248.82
CUST007865,3,31137.72,24.0,2025-12-22 19:33:05,10379.24
CUST008004,6,33512.91,38.0,2025-11-29 22:46:02,5585.485000000001
CUST003333,4,21189.489999999998,24.0,2025-06-17 08:35:09,5297.3724999999995
CUST003029,4,41758.49,37.0,2025-12-12 09:54:47,10439.6225
CUST000748,0,,,,0.0
CUST004680,8,56138.590000000004,57.0,2025-12-24 19:58:13,7017.3237500000005
CUST003685,7,63251.57,65.0,2025-10-21 22:54:10,9035.93857142857
CUST001521,8,68906.65,74.0,2025-11-24 13:27:48,8613.33125
CUST001342,11,95891.32,90.0,2025-12-01 00:55:09,8717.392727272729
CUST002016,6,66566.14,58.0,2025-12-16 18:14:46,11094.356666666667
CUST005656,7,52333.59,52.0,2025-12-31 21:34:18,7476.227142857142
CUST001308,5,18981.63,24.0,2025-12-06 00:09:30,3796.326
CUST000608,5,40897.83,59.0,2025-11-21 05:10:38,8179.566000000001
CUST004676,8,81025.54000000001,77.0,2025-11-28 02:20:13,10128.192500000001
CUST002147,9,102034.15,98.0,2025-12-16 10:41:38,11337.127777777778
CUST005528,11,78684.76,92.0,2025-10-19 04:12:08,7153.16
CUST002763,5,39239.83,44.0,2025-10-20 01:39:46,7847.966
CUST001954,5,39886.28,49.0,2025-11-27 13:11:03,7977.255999999999
CUST005912,9,87155.98000000001,96.0,2025-12-27 10:04:32,9683.997777777779
CUST008266,8,49727.2,67.0,2025-12-12 16:10:20,6215.9
CUST002393,1,12017.61,10.0,2025-12-14 18:41:53,12017.61
CUST009231,5,62743.84,68.0,2025-07-26 22:09:35,12548.768
CUST000742,9,50054.880000000005,57.0,2025-12-15 20:36:23,5561.653333333334
CUST009168,5,53033.11,55.0,2025-09-21 00:27:46,10606.622
CUST005420,11,74438.86000000002,80.0,2025-11-28 18:30:20,6767.169090909092
CUST002470,7,53639.21,66.0,2025-12-14 02:59:14,7662.744285714286
CUST006457,3,29486.809999999998,32.0,2025-12-13 04:01:57,9828.936666666666
CUST003596,8,33480.350000000006,43.0,2025-12-22 04:19:18,4185.043750000001
CUST006230,3,22420.54,19.0,2025-07-17 08:25:59,7473.513333333333
CUST005601,7,54802.01,66.0,2025-10-28 13:24:12,7828.858571428572
CUST002594,6,51548.09,54.0,2025-12-31 05:00:41,8591.348333333333
CUST001870,5,40145.81999999999,41.0,2025-12-31 16:39:03,8029.163999999999
CUST000652,7,56621.490000000005,63.0,2025-10-02 05:43:53,8088.784285714287
CUST008852,6,51686.05,60.0,2025-11-18 00:21:08,8614.341666666667
CUST001976,2,12888.119999999999,15.0,2025-12-25 05:23:53,6444.0599999999995
CUST007704,4,33366.619999999995,42.0,2025-12-09 14:37:11,8341.654999999999
CUST006024,8,47916.54,45.0,2025-11-28 13:35:43,5989.5675
CUST006726,6,46855.05,42.0,2025-11-12 18:53:20,7809.175
CUST007986,2,14922.83,12.0,2025-10-18 12:09:28,7461.415
CUST006005,4,31652.419999999995,31.0,2025-11-25 03:41:34,7913.104999999999
CUST004293,9,62695.71,82.0,2025-12-15 15:39:00,6966.19
CUST003408,4,27161.02,25.0,2025-12-14 19:03:46,6790.255
CUST006795,0,,,,0.0
CUST002116,6,34622.450000000004,28.0,2025-11-11 16:06:04,5770.408333333334
CUST009426,10,90338.98000000001,82.0,2025-12-16 14:12:00,9033.898000000001
CUST005063,6,50713.81999999999,52.0,2025-12-05 20:28:26,8452.303333333331
CUST009549,8,81859.49,84.0,2025-12-22 01:02:32,10232.43625
CUST000126,9,66661.64000000001,72.0,2025-10-22 05:17:57,7406.8488888888905
CUST003551,9,76607.95,80.0,2025-12-23 23:05:46,8511.994444444445
CUST002918,8,98399.41,92.0,2025-09-18 17:09:13,12299.92625
CUST007880,8,59901.0,79.0,2025-12-27 09:31:13,7487.625
CUST008795,4,35336.54,37.0,2025-08-12 09:10:22,8834.135
CUST000825,7,58855.41,58.0,2025-12-20 16:25:54,8407.915714285715
CUST003482,7,76203.53,65.0,2025-12-31 04:35:19,10886.218571428572
CUST001729,3,30932.35,34.0,2025-10-11 02:15:08,10310.783333333333
CUST007567,2,28045.219999999998,23.0,2025-08-08 06:56:34,14022.609999999999
CUST000498,7,77932.99,65.0,2025-10-04 18:53:47,11133.284285714286
CUST001242,8,66708.09,69.0,2025-11-27 15:46:17,8338.51125
CUST007241,8,62876.83000000001,65.0,2025-12-11 02:36:49,7859.603750000001
CUST006535,6,28576.41,32.0,2025-12-22 09:26:50,4762.735
CUST004195,8,57516.39,63.0,2025-11-28 11:53:04,7189.54875
CUST004385,9,74731.68,84.0,2025-11-29 06:22:49,8303.519999999999
CUST009253,4,21917.52,25.0,2025-07-25 18:34:37,5479.38
CUST001938,7,39719.37,45.0,2025-11-14 08:42:57,5674.1957142857145
CUST009501,4,28131.719999999998,38.0,2025-11-04 16:16:35,7032.929999999999
CUST005041,9,58139.58,64.0,2025-12-27 12:58:24,6459.953333333334
CUST003044,5,39041.86,57.0,2025-12-03 23:03:34,7808.372
CUST005719,7,60814.619999999995,72.0,2025-09-12 23:05:41,8687.802857142857
CUST005206,8,41595.42999999999,53.0,2025-11-08 00:39:40,5199.428749999999
CUST004006,4,37021.47,33.0,2025-11-29 01:02:59,9255.3675
CUST005731,7,40780.33,48.0,2025-10-09 01:26:30,5825.761428571429
CUST009593,6,63935.22,67.0,2025-12-11 17:44:26,10655.87
CUST006764,5,39854.13,44.0,2025-09-15 22:11:56,7970.825999999999
CUST004451,9,69292.73000000001,81.0,2025-12-24 15:25:04,7699.192222222224
CUST006351,4,38092.74,35.0,2025-12-11 03:46:04,9523.185
CUST009959,5,45100.64,38.0,2025-12-21 18:07:20,9020.128
CUST002465,3,27816.620000000003,29.0,2025-08-05 13:15:22,9272.206666666667
CUST006253,3,15879.920000000002,19.0,2025-12-22 07:33:18,5293.306666666667
CUST007116,4,17257.149999999998,16.0,2025-12-30 17:49:12,4314.287499999999
CUST008253,3,20532.4,19.0,2025-08-13 01:11:48,6844.133333333334
CUST001932,4,34880.130000000005,34.0,2025-08-14 04:46:54,8720.032500000001
CUST008330,5,29706.19,34.0,2025-08-04 02:11:45,5941.237999999999
CUST004369,2,12580.789999999999,17.0,2025-11-04 16:38:12,6290.3949999999995
CUST009192,5,41141.25,47.0,2025-12-02 00:23:45,8228.25
CUST004787,9,66111.26,67.0,2025-09-11 10:58:56,7345.695555555555
CUST007105,3,37439.619999999995,33.0,2025-06-10 07:19:12,12479.873333333331
CUST008957,4,40951.87,48.0,2025-09-10 04:52:07,10237.9675
CUST007367,10,69093.91,71.0,2025-10-16 00:12:14,6909.3910000000005
CUST006199,6,62945.44,58.0,2025-09-12 00:38:56,10490.906666666668
CUST004224,6,55916.21,68.0,2025-12-11 07:46:13,9319.368333333334
CUST007891,5,45134.14,47.0,2025-09-11 13:20:24,9026.828
CUST001384,5,56262.72,54.0,2025-10-16 14:37:54,11252.544
CUST007694,6,30361.82,37.0,2025-12-31 16:48:28,5060.303333333333
CUST001857,8,75183.86000000002,86.0,2025-11-15 16:13:14,9397.982500000002
CUST000909,9,43512.86,43.0,2025-12-11 19:31:35,4834.762222222223
CUST009222,7,88405.65000000001,79.0,2025-10-02 03:21:12,12629.378571428573
CUST003895,11,98459.13999999998,103.0,2025-11-04 09:38:31,8950.830909090908
CUST000158,8,44952.46,59.0,2025-12-22 08:06:38,5619.0575
CUST007994,5,36072.64,45.0,2025-08-13 00:42:54,7214.528
CUST003807,6,47369.95,61.0,2025-12-15 16:59:14,7894.991666666666
CUST008829,4,32838.4,35.0,2025-12-17 23:54:26,8209.6
CUST005936,4,43169.31,41.0,2025-11-20 20:19:29,10792.3275
CUST007904,7,87049.63,82.0,2025-12-03 02:41:26,12435.66142857143
CUST009735,5,61894.009999999995,58.0,2025-12-30 15:03:44,12378.802
CUST006161,3,37737.11,34.0,2025-06-02 05:46:44,12579.036666666667
CUST009796,9,59262.86,60.0,2025-12-28 15:15:31,6584.762222222223
CUST007266,5,40697.61,46.0,2025-11-21 03:25:10,8139.522
CUST004847,8,55995.08,60.0,2025-12-21 13:39:40,6999.385
CUST003565,5,40416.19,54.0,2025-10-24 20:24:25,8083.238
CUST004717,8,61480.28999999999,76.0,2025-12-04 09:50:32,7685.036249999999
CUST009742,3,34959.78,24.0,2025-07-14 22:37:32,11653.26
CUST003813,9,74880.64,86.0,2025-12-12 18:31:39,8320.07111111111
CUST008782,5,41660.47,36.0,2025-12-22 10:22:31,8332.094000000001
CUST007431,3,30304.56,35.0,2025-06-17 07:37:19,10101.52
CUST002381,10,48339.27,58.0,2025-09-24 18:52:58,4833.927
CUST002200,4,29530.500000000004,29.0,2025-12-31 23:27:32,7382.625000000001
CUST009974,2,35825.0,32.0,2025-12-05 04:42:56,17912.5
CUST007385,0,,,,0.0
CUST000060,3,27068.95,27.0,2025-09-05 23:28:05,9022.983333333334
CUST003753,3,6814.280000000001,14.0,2025-10-21 20:32:52,2271.4266666666667
CUST009238,7,44664.29,48.0,2025-09-06 14:27:24,6380.612857142857
CUST007465,6,79388.23999999999,67.0,2025-12-30 07:32:59,13231.373333333331
CUST000076,8,45468.62,58.0,2025-12-02 17:24:25,5683.5775
CUST008492,10,75350.01999999999,78.0,2025-12-15 03:51:15,7535.001999999999
CUST001246,13,163720.31,166.0,2025-12-26 05:14:11,12593.869999999999
CUST008091,3,16942.109999999997,22.0,2025-11-17 22:29:50,5647.369999999999
CUST004502,8,67088.73999999999,69.0,2025-12-07 09:34:43,8386.092499999999
CUST004942,6,41855.13,50.0,2025-12-14 19:47:27,6975.855
CUST007335,7,46623.39,49.0,2025-10-15 02:14:19,6660.484285714286
CUST008342,5,27158.05,30.0,2025-08-27 18:01:44,5431.61
CUST000945,5,32154.84,30.0,2025-12-27 09:14:38,6430.968
CUST004346,4,13190.91,22.0,2025-07-12 06:25:37,3297.7275
CUST009173,9,81779.20000000001,84.0,2025-12-15 06:59:52,9086.577777777778
CUST004285,5,36192.27,31.0,2025-04-16 16:19:22,7238.454
CUST009228,3,32857.15,35.0,2025-07-21 01:20:57,10952.383333333333
CUST005680,8,53187.89,68.0,2025-10-19 14:01:19,6648.48625
CUST005539,7,58300.880000000005,65.0,2025-11-25 01:43:12,8328.697142857143
CUST004727,4,26909.59,37.0,2025-09-03 08:52:28,6727.3975
CUST001842,6,32670.090000000004,48.0,2025-11-26 21:59:43,5445.015
CUST006849,6,31075.36,33.0,2025-12-25 08:59:20,5179.2266666666665
CUST004445,4,35738.130000000005,42.0,2025-10-15 15:39:45,8934.532500000001
CUST005569,7,76489.98999999999,80.0,2025-10-27 06:52:17,10927.141428571427
CUST005633,6,61973.579999999994,57.0,2025-11-09 21:13:05,10328.929999999998
CUST005634,8,62437.83,61.0,2025-12-31 02:38:44,7804.72875
CUST000637,7,38440.56,33.0,2025-12-26 09:50:00,5491.5085714285715
CUST009322,8,85387.45999999999,85.0,2025-10-02 01:10:12,10673.432499999999
CUST006045,17,109784.20999999999,118.0,2025-12-24 15:32:05,6457.894705882352
CUST003751,5,13324.439999999999,12.0,2025-09-14 23:13:32,2664.888
BAD_CUST_2536,10,73495.83,77.0,2025-12-19 15:44:37,7349.5830000000005
CUST001300,6,51609.09,60.0,2025-10-12 18:12:54,8601.515
CUST005475,7,56094.83,73.0,2025-11-10 06:03:23,8013.547142857143
CUST002316,6,56047.78999999999,53.0,2025-10-19 08:12:56,9341.298333333332
CUST003852,9,77873.93000000001,85.0,2025-11-11 13:43:39,8652.65888888889
CUST007427,4,34941.91,39.0,2025-12-02 07:04:52,8735.4775
CUST005443,7,38754.72,48.0,2025-12-31 05:28:40,5536.388571428572
CUST006792,5,40040.20999999999,49.0,2025-12-24 00:43:44,8008.041999999999
CUST007656,5,47362.009999999995,54.0,2025-12-22 12:46:59,9472.401999999998
CUST005567,7,55994.700000000004,57.0,2025-10-31 11:03:50,7999.242857142858
CUST002039,7,94180.43,89.0,2025-12-15 19:51:35,13454.347142857141
CUST002071,6,74333.22,78.0,2025-11-11 07:53:35,12388.87
CUST006071,9,74614.04000000001,86.0,2025-11-18 19:24:32,8290.44888888889
CUST001894,6,62738.46000000001,66.0,2025-07-15 21:43:34,10456.410000000002
CUST000420,4,42083.31,51.0,2025-11-28 12:30:14,10520.8275
CUST005469,8,82164.62,88.0,2025-12-28 15:01:08,10270.5775
CUST008713,7,42784.75,35.0,2025-10-12 07:33:22,6112.107142857143
CUST005735,6,54628.73,69.0,2025-11-28 11:19:17,9104.788333333334
CUST002511,7,66847.09,71.0,2025-12-13 19:16:54,9549.584285714285
CUST005256,5,44410.28,42.0,2025-10-23 17:23:40,8882.056
CUST005270,6,55042.94,54.0,2025-12-31 04:07:40,9173.823333333334
CUST001549,8,63776.35,71.0,2025-11-02 03:54:30,7972.04375
CUST002111,10,73892.81999999999,84.0,2025-12-01 02:04:46,7389.281999999999
CUST005073,7,42670.880000000005,57.0,2025-12-06 08:09:27,6095.840000000001
CUST005967,4,42923.28,44.0,2025-09-24 09:28:33,10730.82
CUST006908,6,52203.53,71.0,2025-10-29 09:16:56,8700.588333333333
CUST003546,4,27145.75,28.0,2025-12-03 22:44:17,6786.4375
CUST008946,9,60038.01,58.0,2025-09-29 11:08:36,6670.89
CUST006939,9,94183.01000000001,92.0,2025-12-08 22:59:07,10464.77888888889
CUST004335,8,46486.21000000001,66.0,2025-11-26 18:48:48,5810.776250000001
CUST008851,6,68641.93000000001,70.0,2025-12-24 23:08:05,11440.321666666669
CUST003355,4,41230.36,45.0,2025-10-31 16:46:50,10307.59
CUST006856,7,47119.869999999995,61.0,2025-11-25 17:50:14,6731.409999999999
CUST009172,7,50505.73,56.0,2025-06-05 14:26:57,7215.104285714287
CUST006417,5,41769.22,42.0,2025-11-18 23:14:27,8353.844000000001
CUST008684,7,35936.81,38.0,2025-12-29 02:35:54,5133.83
CUST004954,3,37093.72,30.0,2025-11-03 20:48:59,12364.573333333334
CUST005278,3,25436.21,29.0,2025-11-21 10:29:25,8478.736666666666
CUST008078,9,99156.32,96.0,2025-09-25 20:13:13,11017.36888888889
CUST000856,5,34401.3,38.0,2025-10-17 01:36:29,6880.26
CUST006091,1,,,2025-10-24 20:38:09,
CUST003049,8,61835.89,65.0,2025-08-06 04:11:58,7729.48625
CUST001431,6,44147.549999999996,70.0,2025-12-13 19:16:59,7357.924999999999
CUST004552,7,51122.55,55.0,2025-11-13 12:44:04,7303.221428571429
CUST003958,10,101275.79,88.0,2025-12-19 02:20:45,10127.579
CUST008700,5,22090.4,40.0,2025-08-02 18:39:55,4418.08
CUST001965,6,82405.94,76.0,2025-12-18 14:59:01,13734.323333333334
CUST003574,10,92104.33,91.0,2025-12-29 01:25:57,9210.433
CUST008107,9,109498.48000000001,102.0,2025-11-06 06:30:35,12166.497777777779
CUST000385,8,61758.65,61.0,2025-12-12 10:53:23,7719.83125
CUST007595,3,26612.01,30.0,2025-08-18 20:51:45,8870.67
CUST001631,11,60891.09,63.0,2025-12-25 23:19:05,5535.553636363636
CUST004521,6,45447.98,61.0,2025-11-19 21:35:19,7574.663333333334
CUST000471,8,72104.98000000001,77.0,2025-12-28 17:36:50,9013.122500000001
CUST000979,6,43819.630000000005,64.0,2025-11-23 01:26:16,7303.271666666667
CUST008787,5,53587.83,58.0,2025-12-29 05:47:35,10717.566
CUST005580,3,16430.25,17.0,2025-12-09 11:14:45,5476.75
CUST003542,5,46973.96,54.0,2025-09-30 20:34:40,9394.792
CUST002928,5,27424.190000000002,40.0,2025-11-05 20:49:47,5484.838000000001
CUST007413,10,102744.51999999999,100.0,2025-12-18 03:55:58,10274.452
CUST002281,8,75826.23000000001,83.0,2025-10-24 17:37:48,9478.278750000001
CUST006489,6,58247.72,62.0,2025-12-17 18:34:30,9707.953333333333
CUST005162,6,43367.61,54.0,2025-09-01 12:41:52,7227.935
CUST009730,6,53382.42,60.0,2025-12-26 03:38:42,8897.07
CUST009200,6,69395.93,71.0,2025-09-27 14:23:59,11565.988333333333
CUST004395,6,41741.54000000001,40.0,2025-08-22 01:34:13,6956.923333333335
CUST003035,5,44289.479999999996,45.0,2025-08-21 22:46:40,8857.895999999999
CUST000467,6,34813.08,43.0,2025-12-22 16:41:30,5802.18
CUST005803,3,21867.370000000003,22.0,2025-10-17 08:09:20,7289.123333333334
CUST007316,7,51075.47,57.0,2025-11-25 16:58:41,7296.495714285715
CUST006398,7,43883.53,55.0,2025-11-26 06:03:48,6269.075714285714
CUST002217,10,106739.84,100.0,2025-12-16 00:27:15,10673.984
CUST000411,5,43586.62,45.0,2025-12-28 02:59:22,8717.324
CUST001757,9,92999.40000000001,102.0,2025-11-20 15:29:58,10333.266666666668
CUST002348,7,40147.17,42.0,2025-11-13 06:47:58,5735.3099999999995
CUST000832,9,64858.20999999999,74.0,2025-11-18 11:50:22,7206.467777777777
CUST006243,8,72505.35,96.0,2025-12-05 20:47:02,9063.16875
CUST001225,4,21834.32,17.0,2025-12-01 11:14:43,5458.58
CUST005423,5,66412.14,52.0,2025-07-21 18:05:37,13282.428
CUST003091,4,26502.75,24.0,2025-12-14 15:13:18,6625.6875
CUST004383,5,34214.28999999999,43.0,2025-10-08 22:44:17,6842.857999999998
CUST006833,7,54397.899999999994,63.0,2025-10-07 15:02:49,7771.1285714285705
CUST001547,4,36939.45,43.0,2025-11-21 02:06:45,9234.8625
CUST009212,2,14814.199999999999,13.0,2025-05-14 20:29:06,7407.099999999999
CUST005064,6,42616.170000000006,43.0,2025-11-01 19:10:20,7102.695000000001
CUST005371,8,40843.62,47.0,2025-12-29 19:53:59,5105.4525
CUST000668,3,37787.94,40.0,2025-11-27 12:54:12,12595.980000000001
CUST005062,7,47082.39,49.0,2025-10-09 17:44:06,6726.055714285714
CUST001641,4,32685.160000000003,45.0,2025-10-25 03:24:51,8171.290000000001
CUST003664,7,61710.39,57.0,2025-11-19 00:41:25,8815.77
CUST009607,7,59475.74,50.0,2025-11-22 00:40:13,8496.534285714286
CUST000547,8,65007.200000000004,77.0,2025-12-25 10:50:17,8125.900000000001
CUST008287,9,73997.11,85.0,2025-12-20 14:01:28,8221.90111111111
CUST000063,11,100394.37,106.0,2025-09-17 14:17:12,9126.760909090908
CUST007540,2,15025.94,13.0,2025-07-16 17:46:53,7512.97
CUST007016,6,40574.23,44.0,2025-07-27 18:55:05,6762.371666666667
CUST008459,7,76321.04,77.0,2025-09-17 18:53:04,10903.005714285713
CUST009703,4,20851.1,25.0,2025-12-14 22:00:09,5212.775
CUST008531,6,66115.09,71.0,2025-10-22 14:46:51,11019.181666666665
CUST004047,2,21978.589999999997,22.0,2025-06-12 22:29:46,10989.294999999998
CUST003537,6,33776.77,31.0,2025-11-24 20:07:43,5629.461666666666
CUST009786,12,96970.22,91.0,2025-12-16 04:47:37,8080.8516666666665
CUST003691,2,20160.940000000002,15.0,2025-07-07 00:57:25,10080.470000000001
CUST004189,8,58252.97,81.0,2025-12-16 06:02:36,7281.62125
CUST003109,3,26743.81,28.0,2025-09-02 01:59:09,8914.603333333334
CUST001779,4,45194.19,39.0,2025-12-09 18:11:51,11298.5475
CUST003050,7,43327.759999999995,55.0,2025-12-21 09:34:36,6189.679999999999
CUST006120,6,58759.17999999999,62.0,2025-12-31 03:14:09,9793.196666666665
CUST005518,6,36051.79,48.0,2025-12-17 05:54:38,6008.631666666667
CUST008551,4,19559.489999999998,26.0,2025-11-25 08:29:19,4889.8724999999995
CUST005114,8,84592.77,83.0,2025-11-30 04:45:22,10574.09625
CUST006095,9,59340.78999999999,54.0,2025-12-19 19:24:56,6593.421111111111
CUST002127,6,53821.81000000001,71.0,2025-12-31 12:15:03,8970.301666666668
CUST003464,7,51287.62,66.0,2025-10-14 14:29:17,7326.802857142858
CUST002157,6,57292.93000000001,56.0,2025-06-26 12:35:20,9548.821666666669
CUST007843,4,22929.379999999997,31.0,2025-12-29 15:37:10,5732.344999999999
CUST009146,7,59925.48999999999,68.0,2025-12-01 11:51:13,8560.784285714284
CUST004453,6,41664.38,45.0,2025-11-25 04:36:48,6944.063333333333
CUST002305,6,51730.54,47.0,2025-10-26 23:05:55,8621.756666666666
CUST001330,5,47999.28999999999,41.0,2025-10-26 14:12:43,9599.857999999998
CUST005526,6,59717.45,65.0,2025-12-27 11:15:51,9952.908333333333
CUST006430,8,56855.94,60.0,2025-10-18 20:57:21,7106.9925
CUST004885,7,33064.49,37.0,2025-12-14 09:45:35,4723.498571428571
CUST006073,5,29276.41,35.0,2025-07-28 05:28:33,5855.282
CUST006494,7,63064.899999999994,60.0,2025-12-19 01:48:36,9009.271428571428
CUST008950,9,72005.24,87.0,2025-12-05 11:59:05,8000.582222222223
CUST000549,5,36211.62,40.0,2025-12-20 16:19:06,7242.3240000000005
CUST007550,5,30098.129999999997,25.0,2025-11-01 03:31:28,6019.625999999999
CUST001650,10,64310.26,77.0,2025-10-13 07:30:19,6431.026
CUST009770,7,47050.780000000006,59.0,2025-12-19 11:44:06,6721.540000000001
CUST002519,8,75244.17,74.0,2025-11-17 06:41:42,9405.52125
CUST000646,6,55801.22,54.0,2025-11-24 07:56:45,9300.203333333333
CUST002751,9,69274.04,76.0,2025-11-15 04:32:12,7697.115555555555
CUST006823,5,47348.59,56.0,2025-12-01 15:59:24,9469.717999999999
CUST000203,7,42594.6,50.0,2025-11-26 22:42:12,6084.942857142857
CUST002346,9,65260.450000000004,85.0,2025-12-26 00:10:07,7251.1611111111115
CUST006420,2,12950.62,13.0,2025-12-05 08:02:54,6475.31
CUST000962,8,69252.47,66.0,2025-10-15 20:28:55,8656.55875
CUST008920,7,88350.77,87.0,2025-12-16 05:41:19,12621.538571428571
CUST002329,5,49709.630000000005,47.0,2025-10-15 05:55:37,9941.926000000001
CUST001486,8,74902.20000000001,74.0,2025-09-18 04:26:50,9362.775000000001
CUST003959,5,28087.12,36.0,2025-12-04 05:03:32,5617.424
CUST006981,6,36729.86,43.0,2025-11-18 19:33:13,6121.643333333333
CUST001054,3,24771.809999999998,31.0,2025-12-07 21:58:32,8257.269999999999
CUST003660,9,73524.89,76.0,2025-11-02 18:04:59,8169.432222222222
CUST002441,4,32137.149999999998,32.0,2025-10-19 10:59:53,8034.287499999999
CUST001164,10,89572.6,87.0,2025-12-22 14:17:38,8957.26
CUST004227,6,59384.829999999994,57.0,2025-09-19 07:25:36,9897.471666666666
CUST004796,9,87004.56999999999,96.0,2025-12-15 21:27:34,9667.174444444443
CUST008465,7,49026.13,52.0,2025-12-07 05:39:31,7003.732857142857
CUST008491,8,79065.7,81.0,2025-12-10 14:45:55,9883.2125
CUST006653,7,73739.90999999999,68.0,2025-12-03 05:27:02,10534.272857142856
CUST006249,6,65217.55999999999,53.0,2025-08-23 01:10:47,10869.593333333332
CUST000741,9,75760.03,72.0,2025-12-01 18:25:10,8417.781111111111
CUST004604,9,51429.64,63.0,2025-12-29 04:16:42,5714.404444444444
CUST008956,7,83719.81,76.0,2025-12-27 13:01:05,11959.972857142857
CUST006396,7,63189.16999999999,61.0,2025-12-13 00:53:57,9027.024285714284
CUST004308,7,64431.25,61.0,2025-11-11 19:22:13,9204.464285714286
CUST004393,9,92154.11,105.0,2025-12-18 17:23:28,10239.345555555556
CUST003203,3,14647.789999999999,21.0,2025-07-04 07:09:41,4882.596666666666
CUST006695,7,85512.67,82.0,2025-11-03 18:07:10,12216.095714285713
CUST003007,8,73584.23999999999,75.0,2025-12-29 17:40:35,9198.029999999999
CUST004560,7,91426.95999999999,81.0,2025-11-24 05:00:07,13060.994285714285
CUST006418,7,63860.18,71.0,2025-11-03 00:30:59,9122.882857142857
CUST006711,5,39756.95,42.0,2025-11-16 07:11:40,7951.389999999999
CUST006737,8,73163.17,87.0,2025-12-09 16:55:50,9145.39625
CUST005039,7,25815.590000000004,35.0,2025-11-13 05:07:48,3687.9414285714292
CUST006327,5,42533.54,44.0,2025-03-28 11:58:47,8506.708
CUST002340,10,84445.59,94.0,2025-12-18 02:52:58,8444.559
CUST003041,3,19135.940000000002,18.0,2025-09-03 13:04:41,6378.646666666667
CUST002733,6,50434.92,56.0,2025-06-18 03:59:32,8405.82
CUST005793,4,28865.619999999995,31.0,2025-12-16 20:45:06,7216.404999999999
CUST007873,5,32935.19,50.0,2025-12-03 02:42:05,6587.0380000000005
CUST003617,12,127869.18,130.0,2025-12-01 14:27:06,10655.765
CUST007295,4,24879.379999999997,21.0,2025-12-02 03:06:01,6219.844999999999
CUST007497,10,90642.76,89.0,2025-12-24 04:40:06,9064.276
CUST000437,5,25308.14,32.0,2025-11-19 12:53:18,5061.628
CUST002688,5,35947.81,38.0,2025-11-12 01:23:09,7189.562
CUST008689,5,19575.52,39.0,2025-12-30 07:24:53,3915.1040000000003
CUST000651,7,45137.52,50.0,2025-11-13 17:19:05,6448.217142857143
CUST004731,8,51344.91,62.0,2025-11-13 21:12:03,6418.11375
CUST005466,6,59012.07000000001,72.0,2025-11-22 17:50:03,9835.345000000001
CUST002644,10,81131.85999999999,91.0,2025-11-23 16:52:38,8113.185999999999
CUST006279,3,31816.95,32.0,2025-08-19 00:36:59,10605.65
CUST006461,0,,,,0.0
CUST007643,5,25126.999999999996,22.0,2025-12-18 11:03:45,5025.4
CUST000973,9,74678.59,79.0,2025-12-08 01:29:21,8297.621111111112
CUST001438,8,68907.07999999999,72.0,2025-12-28 11:42:22,8613.384999999998
CUST001075,11,109276.97,108.0,2025-12-03 22:19:33,9934.27
CUST008467,6,54877.06,46.0,2025-07-27 19:47:12,9146.176666666666
CUST005279,4,40749.16,37.0,2025-11-23 00:07:14,10187.29
CUST001404,5,62239.29,44.0,2025-10-27 21:37:24,12447.858
CUST004072,6,56616.65000000001,57.0,2025-05-07 07:39:18,9436.108333333335
CUST009850,11,119481.56,122.0,2025-11-20 05:07:46,10861.96
CUST009215,4,38991.75,39.0,2025-12-29 08:33:45,9747.9375
CUST004343,7,59135.340000000004,60.0,2025-09-23 12:43:03,8447.905714285715
CUST004898,4,27450.21,31.0,2025-11-16 21:56:46,6862.5525
CUST005825,4,26242.8,29.0,2025-08-20 19:03:21,6560.7
CUST007909,9,108495.32,115.0,2025-11-27 00:48:19,12055.035555555556
CUST004784,7,56936.05,64.0,2025-12-01 00:11:03,8133.721428571429
CUST005069,6,77843.92000000001,76.0,2025-12-04 10:34:07,12973.98666666667
CUST006978,7,50808.95,53.0,2025-12-09 05:24:59,7258.421428571428
CUST007348,4,18918.56,26.0,2025-11-28 13:28:01,4729.64
CUST000483,4,41993.05,44.0,2025-10-02 19:28:00,10498.2625
CUST008498,5,51621.479999999996,71.0,2025-10-13 02:49:31,10324.295999999998
CUST004742,6,53440.69,57.0,2025-09-01 08:43:28,8906.781666666668
CUST006759,7,47948.93,60.0,2025-12-01 16:29:27,6849.847142857143
CUST009432,5,43685.16,45.0,2025-08-18 13:16:42,8737.032000000001
CUST008495,6,41157.93,46.0,2025-12-29 18:09:20,6859.655
CUST004054,4,47788.36,46.0,2025-08-25 04:27:47,11947.09
CUST008706,7,83500.95,75.0,2025-08-14 11:27:35,11928.707142857142
CUST002848,5,29554.25,26.0,2025-09-30 12:39:24,5910.85
CUST009561,1,8879.19,12.0,2025-04-05 21:03:46,8879.19
CUST008770,10,67002.48999999999,65.0,2025-12-16 19:00:19,6700.248999999999
CUST004046,4,33053.74,32.0,2025-08-01 14:02:04,8263.435
CUST001781,10,69769.71,81.0,2025-12-23 05:09:20,6976.9710000000005
CUST002505,6,61815.13,65.0,2025-12-18 08:33:25,10302.521666666666
CUST000313,2,19511.82,23.0,2025-10-23 15:47:00,9755.91
CUST005415,5,24523.1,27.0,2025-12-23 19:11:14,4904.62
CUST005040,8,61341.53,82.0,2025-12-13 20:28:35,7667.69125
CUST000746,3,20475.77,21.0,2025-07-11 05:47:20,6825.256666666667
CUST004008,8,68754.98999999999,62.0,2025-11-08 20:53:23,8594.373749999999
CUST008581,7,52644.33,64.0,2025-11-20 13:57:50,7520.618571428572
CUST001285,4,23988.02,23.0,2025-09-14 04:32:58,5997.005
CUST005813,8,68823.48999999999,77.0,2025-11-18 23:15:00,8602.936249999999
CUST008220,6,67665.85,71.0,2025-11-05 20:26:24,11277.641666666668
CUST008985,6,56863.88,63.0,2025-10-16 23:36:09,9477.313333333334
CUST001959,6,47196.12999999999,39.0,2025-10-07 22:12:16,7866.021666666665
CUST008164,7,69271.29,71.0,2025-11-29 13:23:28,9895.89857142857
CUST002507,6,43637.990000000005,47.0,2025-10-04 19:54:07,7272.998333333334
CUST001044,9,64673.17,78.0,2025-12-07 23:50:01,7185.9077777777775
CUST006197,5,46392.36,59.0,2025-12-22 03:29:52,9278.472
CUST009731,5,44479.399999999994,47.0,2025-12-27 21:14:44,8895.88
CUST006370,4,37397.18000000001,40.0,2025-11-16 03:56:38,9349.295000000002
CUST007749,7,56017.350000000006,62.0,2025-10-18 08:05:02,8002.478571428573
CUST004624,4,32318.65,36.0,2025-11-13 16:10:18,8079.6625
CUST003234,6,35616.950000000004,41.0,2025-11-26 17:57:34,5936.158333333334
CUST008302,7,46811.479999999996,56.0,2025-12-10 22:13:50,6687.354285714285
CUST000786,6,66448.06,62.0,2025-12-15 05:11:58,11074.676666666666
CUST009161,8,63092.45999999999,72.0,2025-12-25 12:43:17,7886.557499999999
CUST004582,10,102583.15999999999,97.0,2025-11-04 21:08:57,10258.315999999999
CUST002043,5,61338.600000000006,53.0,2025-12-31 16:02:12,12267.720000000001
CUST003639,5,33131.25,41.0,2025-11-02 07:53:30,6626.25
CUST003885,3,21127.089999999997,22.0,2025-12-13 00:04:42,7042.363333333332
CUST005595,6,66564.64,69.0,2025-12-21 10:30:29,11094.106666666667
CUST005379,3,43603.66,38.0,2025-08-11 13:09:19,14534.553333333335
CUST009718,5,35569.770000000004,41.0,2025-09-22 15:37:19,7113.954000000001
CUST009080,6,48540.31,59.0,2025-11-01 08:37:20,8090.051666666666
CUST006497,7,47121.1,54.0,2025-12-21 12:39:42,6731.585714285714
CUST002818,4,45921.20999999999,42.0,2025-06-26 09:51:16,11480.302499999998
CUST005501,8,67694.98999999999,75.0,2025-11-05 23:01:56,8461.873749999999
CUST009708,6,50340.45999999999,49.0,2025-11-25 09:21:26,8390.076666666666
CUST009342,4,27714.48,34.0,2025-07-11 07:14:18,6928.62
CUST008642,2,21489.73,18.0,2025-05-02 03:31:10,10744.865
CUST003291,4,34727.229999999996,42.0,2025-12-29 07:05:09,8681.807499999999
CUST009874,8,48090.09,55.0,2025-12-24 08:16:39,6011.26125
CUST001289,3,31243.13,33.0,2025-06-15 12:01:17,10414.376666666667
CUST005262,6,68241.27000000002,72.0,2025-11-01 11:04:18,11373.545000000004
CUST009592,5,30609.37,31.0,2025-11-18 01:23:42,6121.874
CUST007848,5,43181.97,41.0,2025-12-10 06:05:44,8636.394
CUST003543,13,100830.92000000001,120.0,2025-11-17 07:04:08,7756.224615384616
CUST002534,7,56591.420000000006,59.0,2025-09-05 22:22:51,8084.488571428572
CUST005399,4,29118.519999999997,33.0,2025-11-25 23:34:44,7279.629999999999
CUST005709,5,63916.31999999999,56.0,2025-12-15 08:51:47,12783.264
CUST003697,6,34306.1,44.0,2025-12-08 07:51:17,5717.683333333333
CUST009880,8,78979.41,66.0,2025-12-17 06:36:00,9872.42625
CUST002540,8,70065.62,72.0,2025-12-22 02:56:01,8758.2025
CUST003521,3,19140.050000000003,19.0,2025-12-06 23:28:02,6380.016666666667
CUST008171,6,36025.41,55.0,2025-10-16 08:34:21,6004.235000000001
CUST001871,4,25848.6,20.0,2025-10-27 09:21:38,6462.15
CUST000365,6,68821.05,75.0,2025-12-19 17:08:08,11470.175000000001
CUST002186,5,54743.68,50.0,2025-12-16 08:29:14,10948.736
CUST003354,6,44708.28,66.0,2025-12-18 16:38:20,7451.38
CUST001020,6,65240.53999999999,66.0,2025-12-23 12:57:34,10873.423333333332
CUST000236,5,45402.51,47.0,2025-12-08 17:42:26,9080.502
CUST006063,6,48435.69,52.0,2025-12-21 12:29:38,8072.615000000001
CUST008488,8,75927.40999999999,82.0,2025-11-20 08:37:49,9490.926249999999
CUST007960,5,32183.570000000003,36.0,2025-12-23 02:54:17,6436.714000000001
CUST009365,6,59831.549999999996,59.0,2025-12-06 14:56:18,9971.925
CUST000769,9,77011.97,77.0,2025-08-23 06:17:30,8556.885555555556
CUST002816,8,78961.98,71.0,2025-12-26 09:12:21,9870.2475
CUST005185,6,51781.28999999999,70.0,2025-12-26 05:17:27,8630.214999999998
CUST007324,8,70767.07,68.0,2025-11-07 22:06:49,8845.88375
CUST004496,5,69660.85,64.0,2025-12-23 05:36:33,13932.170000000002
CUST005992,9,94236.58,101.0,2025-11-27 20:25:13,10470.731111111112
CUST000078,3,14202.32,15.0,2025-07-28 23:56:59,4734.106666666667
CUST006698,6,57039.29,67.0,2025-12-02 18:23:33,9506.548333333334
CUST005995,9,75948.48,79.0,2025-11-26 21:45:32,8438.72
CUST007134,9,65930.48999999999,71.0,2025-12-12 07:34:27,7325.609999999999
CUST009893,11,96396.91,100.0,2025-09-06 07:40:12,8763.355454545455
CUST002545,9,73696.57,92.0,2025-11-13 14:36:54,8188.507777777779
CUST008328,6,48756.08,50.0,2025-10-02 02:22:46,8126.013333333333
CUST008593,5,21056.010000000002,22.0,2025-11-13 00:53:45,4211.202
CUST004542,6,58145.64,57.0,2025-10-28 10:51:00,9690.94
CUST003817,2,12881.15,14.0,2025-12-21 02:20:13,6440.575
CUST004817,4,23277.929999999997,33.0,2025-12-08 20:10:15,5819.482499999999
CUST006455,9,104476.68,99.0,2025-12-25 17:00:55,11608.519999999999
CUST001831,8,63709.48,69.0,2025-12-18 07:08:49,7963.685
CUST003422,7,104614.25,100.0,2025-12-04 11:16:11,14944.892857142857
CUST001997,9,66721.67,66.0,2025-09-25 20:10:00,7413.518888888889
CUST004446,11,90418.76000000001,92.0,2025-12-30 05:26:52,8219.887272727274
CUST006271,6,50952.40000000001,60.0,2025-10-07 03:40:22,8492.066666666668
CUST001412,6,30988.78,39.0,2025-11-27 11:47:29,5164.796666666666
CUST001862,7,47397.23,44.0,2025-11-03 12:17:01,6771.032857142857
CUST009689,9,61500.700000000004,69.0,2025-12-04 15:40:20,6833.4111111111115
CUST001969,3,31900.82,29.0,2025-12-06 18:37:07,10633.606666666667
CUST002002,8,47281.5,50.0,2025-07-12 00:16:33,5910.1875
CUST008312,5,40134.7,46.0,2025-12-27 07:06:12,8026.94
CUST000763,5,48669.44,50.0,2025-07-08 19:12:44,9733.888
CUST009198,7,61991.2,55.0,2025-12-29 00:17:41,8855.885714285714
CUST009317,6,33356.0,44.0,2025-11-28 07:03:25,5559.333333333333
CUST001625,5,38168.17,30.0,2025-12-20 19:46:24,7633.634
CUST004553,6,53108.58,48.0,2025-10-04 18:22:11,8851.43
CUST008030,6,55318.009999999995,61.0,2025-12-11 02:22:01,9219.668333333333
CUST000705,6,46062.93,55.0,2025-10-17 13:45:17,7677.155
CUST006562,8,70158.07,72.0,2025-10-19 18:08:42,8769.75875
CUST000187,6,34782.71000000001,51.0,2025-12-18 11:59:14,5797.118333333335
CUST002541,5,25593.480000000003,34.0,2025-11-02 01:29:30,5118.696000000001
CUST007436,9,48065.43,58.0,2025-11-30 08:13:53,5340.6033333333335
CUST003854,3,22891.530000000002,32.0,2025-10-01 12:35:11,7630.510000000001
CUST001944,7,70858.53,66.0,2025-12-23 05:15:57,10122.647142857142
CUST009503,7,74627.37,73.0,2025-12-30 09:55:54,10661.052857142857
CUST004378,7,56030.31,53.0,2025-12-28 16:31:50,8004.33
CUST004402,7,66365.31000000001,71.0,2025-11-16 15:22:11,9480.758571428572
CUST003505,4,20625.07,31.0,2025-10-15 12:36:07,5156.2675
CUST003518,7,48437.91,63.0,2025-11-27 05:53:18,6919.7014285714295
CUST002020,5,51925.08,56.0,2025-12-27 18:31:30,10385.016
CUST005035,8,43638.5,48.0,2025-11-30 10:38:02,5454.8125
CUST000351,2,30491.920000000002,26.0,2025-06-26 10:51:56,15245.960000000001
CUST002618,6,52507.07000000001,48.0,2025-12-06 15:48:10,8751.178333333335
CUST004858,3,8555.109999999999,17.0,2025-10-14 09:13:53,2851.703333333333
CUST003484,3,6809.89,19.0,2025-07-25 03:35:23,2269.9633333333336
CUST003126,5,53758.29,47.0,2025-12-05 19:43:43,10751.658
CUST005210,3,28556.58,26.0,2025-05-25 00:25:01,9518.86
CUST003290,4,33919.03,44.0,2025-10-10 13:12:59,8479.7575
CUST005626,4,33330.37,41.0,2025-09-11 21:17:01,8332.5925
CUST002306,9,79178.6,78.0,2025-11-24 03:59:20,8797.622222222222
CUST007699,4,53186.92999999999,46.0,2025-12-06 15:31:08,13296.732499999998
CUST006142,4,47925.560000000005,55.0,2025-11-26 23:20:14,11981.390000000001
CUST008732,9,88011.81,85.0,2025-12-10 10:46:43,9779.09
CUST004410,10,82664.48,80.0,2025-09-06 16:54:56,8266.448
CUST006673,10,70027.32,74.0,2025-12-28 01:43:02,7002.732000000001
CUST002829,8,70254.23000000001,82.0,2025-10-30 13:08:15,8781.778750000001
CUST003261,5,72959.35999999999,68.0,2025-12-16 09:59:35,14591.871999999998
CUST006686,4,44654.53999999999,53.0,2025-12-29 08:12:12,11163.634999999998
CUST009429,9,67718.29,59.0,2025-11-18 12:34:32,7524.254444444444
CUST008794,9,79294.03,82.0,2025-12-14 00:43:38,8810.447777777777
CUST005182,4,32958.67999999999,34.0,2025-06-06 22:32:00,8239.669999999998
CUST000866,7,69114.8,79.0,2025-10-24 14:21:44,9873.542857142858
CUST005258,4,36478.61,33.0,2025-11-11 12:16:46,9119.6525
CUST003267,7,62657.259999999995,61.0,2025-11-23 16:31:30,8951.037142857142
CUST004117,6,19839.71,25.0,2025-12-25 21:30:16,3306.6183333333333
CUST003193,7,37351.81,37.0,2025-10-25 11:52:57,5335.972857142857
CUST002711,5,41674.59,48.0,2025-08-19 07:01:12,8334.918
CUST003361,14,116323.76999999999,137.0,2025-12-23 15:32:55,8308.840714285714
CUST006239,5,32005.140000000007,41.0,2025-08-26 04:53:52,6401.028000000001
CUST005682,8,47967.19,62.0,2025-10-03 07:06:14,5995.89875
CUST000722,10,68741.5,79.0,2025-11-08 00:23:20,6874.15
CUST009962,9,65186.420000000006,70.0,2025-10-23 05:22:10,7242.935555555556
CUST001604,6,57206.020000000004,58.0,2025-07-10 09:29:44,9534.336666666668
CUST009971,3,20542.23,27.0,2025-11-02 03:34:21,6847.41
CUST007019,10,76924.68,90.0,2025-12-28 11:01:01,7692.467999999999
CUST002556,9,92147.14,99.0,2025-12-05 14:51:20,10238.57111111111
CUST006812,7,39204.0,56.0,2025-09-30 23:36:57,5600.571428571428
CUST002727,6,62959.08,59.0,2025-09-25 02:34:21,10493.18
CUST002473,8,77402.65,98.0,2025-11-19 06:44:04,9675.33125
CUST008390,4,36497.53,36.0,2025-12-13 18:44:22,9124.3825
CUST005930,5,37388.51,39.0,2025-12-04 09:30:47,7477.702
CUST003350,0,,,,0.0
CUST006432,0,,,,0.0
CUST009428,4,32908.89,43.0,2025-12-09 05:51:45,8227.2225
CUST008385,11,80129.25,87.0,2025-12-13 01:17:10,7284.477272727273
CUST005325,7,62216.80000000001,64.0,2025-12-26 15:24:10,8888.114285714288
CUST008190,9,59784.630000000005,75.0,2025-12-06 10:41:40,6642.736666666668
CUST000619,8,80572.75,80.0,2025-12-19 22:12:10,10071.59375
CUST009551,5,41040.34,63.0,2025-07-22 01:55:58,8208.068
CUST007654,7,66281.04,72.0,2025-12-06 10:30:19,9468.72
CUST000504,10,62310.770000000004,74.0,2025-11-04 08:43:24,6231.077
CUST004466,3,12189.35,13.0,2025-07-30 04:03:39,4063.116666666667
CUST008427,7,35279.840000000004,41.0,2025-12-09 01:27:05,5039.977142857143
CUST006679,5,33518.02,51.0,2025-09-24 03:29:26,6703.603999999999
CUST002331,7,48531.66,57.0,2025-12-10 04:39:51,6933.094285714286
CUST006089,8,63611.71000000001,65.0,2025-12-18 03:59:21,7951.463750000001
CUST000235,6,49156.93,50.0,2025-10-26 08:39:43,8192.821666666667
CUST008813,10,83228.20999999999,83.0,2025-12-25 22:05:33,8322.821
CUST005106,7,43178.740000000005,58.0,2025-12-14 04:04:01,6168.391428571429
CUST002339,6,89328.51999999999,80.0,2025-08-27 20:02:09,14888.086666666664
CUST001608,4,39227.31,39.0,2025-09-28 01:14:18,9806.8275
CUST006570,8,49081.18,59.0,2025-12-10 09:27:25,6135.1475
CUST007025,5,17249.629999999997,23.0,2025-12-09 09:46:25,3449.9259999999995
CUST003594,5,31039.77,37.0,2025-10-14 16:14:08,6207.954
CUST001832,4,27167.19,36.0,2025-11-14 18:08:48,6791.7975
CUST000093,7,57148.23,62.0,2025-12-07 01:38:58,8164.032857142857
CUST007580,5,50193.42,55.0,2025-08-04 07:34:39,10038.684
CUST005736,5,36503.2,41.0,2025-11-01 08:38:47,7300.639999999999
CUST007586,4,35129.54,40.0,2025-12-05 04:18:00,8782.385
CUST000215,6,36199.240000000005,45.0,2025-12-07 05:06:42,6033.206666666668
CUST007032,3,17019.230000000003,15.0,2025-11-09 08:13:00,5673.076666666668
CUST008768,9,64999.0,70.0,2025-11-25 05:53:37,7222.111111111111
CUST003503,7,80810.45999999999,74.0,2025-10-29 15:54:31,11544.351428571428
CUST006281,3,10913.060000000001,15.0,2025-12-23 22:28:10,3637.686666666667
CUST002796,8,88599.28,75.0,2025-12-07 07:32:37,11074.91
CUST005135,10,45574.11,67.0,2025-12-12 00:09:31,4557.411
CUST006613,6,39582.57,49.0,2025-12-16 05:06:11,6597.095
CUST008012,10,87071.97000000002,106.0,2025-12-07 04:45:38,8707.197000000002
CUST005006,4,34382.33,43.0,2025-09-28 12:35:53,8595.5825
CUST008331,3,6590.51,10.0,2025-11-30 22:38:13,2196.8366666666666
CUST003861,4,24577.320000000003,43.0,2025-12-01 20:41:33,6144.330000000001
CUST000419,4,28273.86,37.0,2025-10-08 10:54:32,7068.465
CUST002794,9,52462.84,53.0,2025-12-25 14:09:09,5829.204444444444
CUST004518,7,58358.189999999995,60.0,2025-12-15 11:19:26,8336.884285714284
CUST000621,7,53459.420000000006,52.0,2025-12-14 03:51:20,7637.06
CUST003526,9,51825.23,68.0,2025-12-06 14:56:43,5758.358888888889
CUST003921,5,36050.66,41.0,2025-11-21 17:42:35,7210.1320000000005
CUST007670,7,52569.47,67.0,2025-10-10 14:50:45,7509.924285714286
CUST005347,7,58175.880000000005,73.0,2025-12-29 14:45:15,8310.84
CUST000696,6,61867.97,57.0,2025-12-06 06:02:30,10311.328333333333
CUST009644,4,29653.969999999998,25.0,2025-12-17 15:49:54,7413.492499999999
CUST008746,5,28736.16,41.0,2025-12-28 11:56:00,5747.232
CUST002209,5,40980.51,49.0,2025-08-24 15:00:07,8196.102
CUST002148,6,56772.119999999995,56.0,2025-09-15 15:28:56,9462.019999999999
CUST007036,2,18144.61,22.0,2025-09-26 22:36:27,9072.305
CUST006302,6,42500.81,56.0,2025-12-16 22:53:52,7083.468333333333
CUST000121,7,49973.619999999995,53.0,2025-12-17 07:38:33,7139.0885714285705
CUST003000,6,27356.219999999998,32.0,2025-12-21 17:56:16,4559.37
CUST000997,4,29289.399999999998,33.0,2025-11-22 23:08:55,7322.349999999999
CUST008179,9,78325.57,96.0,2025-12-15 06:25:06,8702.841111111113
CUST001338,6,52204.3,49.0,2025-09-27 18:23:47,8700.716666666667
CUST009286,3,28145.58,28.0,2025-07-01 17:51:21,9381.86
CUST000112,4,27465.789999999997,34.0,2025-05-05 05:03:46,6866.447499999999
CUST009782,9,86635.02,82.0,2025-12-10 22:43:40,9626.113333333335
CUST002637,8,88734.23000000001,96.0,2025-12-31 07:51:52,11091.778750000001
CUST006176,10,71480.94,93.0,2025-10-26 16:53:25,7148.094
CUST001510,6,41783.06999999999,51.0,2025-12-13 18:48:41,6963.844999999998
CUST002513,3,32642.270000000004,27.0,2025-11-12 22:16:16,10880.756666666668
CUST006000,4,29524.019999999997,38.0,2025-12-18 07:06:24,7381.004999999999
CUST005694,6,61739.07000000001,68.0,2025-12-25 22:35:01,10289.845000000001
CUST000559,8,90674.47,88.0,2025-12-08 13:10:08,11334.30875
CUST001634,9,54527.659999999996,65.0,2025-11-22 02:07:16,6058.6288888888885
CUST007613,5,55106.03,69.0,2025-11-10 01:32:29,11021.206
CUST009079,9,92989.05000000002,100.0,2025-09-13 16:16:36,10332.116666666669
CUST006294,7,45009.89,45.0,2025-12-21 00:02:23,6429.984285714286
CUST009070,4,34866.740000000005,47.0,2025-08-20 22:59:45,8716.685000000001
CUST005005,8,72718.08,78.0,2025-12-03 19:20:37,9089.76
CUST003337,4,24587.309999999998,38.0,2025-12-10 01:39:46,6146.827499999999
CUST005474,3,27362.58,28.0,2025-12-01 18:06:48,9120.86
CUST003157,4,30826.490000000005,37.0,2025-11-16 11:23:53,7706.622500000001
CUST006543,3,5765.799999999999,12.0,2025-12-03 18:38:15,1921.9333333333332
CUST003269,6,43449.72,51.0,2025-09-06 19:44:49,7241.62
CUST003767,7,58626.46000000001,69.0,2025-11-24 23:11:30,8375.208571428573
CUST005410,11,110620.17000000001,95.0,2025-11-07 04:38:23,10056.379090909091
CUST007237,6,30449.21,38.0,2025-12-18 10:12:09,5074.868333333333
CUST000970,7,63623.54,60.0,2025-10-30 13:48:10,9089.077142857142
CUST005826,10,85063.93000000001,92.0,2025-12-25 09:43:17,8506.393
CUST007198,6,48908.59,63.0,2025-11-06 20:56:07,8151.431666666666
CUST007628,4,14712.78,20.0,2025-12-27 15:10:05,3678.195
CUST005057,6,39074.020000000004,59.0,2025-12-27 15:59:09,6512.336666666667
CUST009211,7,58565.54,61.0,2025-12-21 22:27:46,8366.505714285715
CUST008705,4,24404.39,32.0,2025-12-03 02:16:00,6101.0975
CUST002840,9,64678.54,69.0,2025-11-09 12:05:24,7186.504444444445
CUST007218,5,56802.79,64.0,2025-12-06 10:14:25,11360.558
CUST000144,8,81711.73000000001,97.0,2025-07-06 20:19:03,10213.966250000001
CUST006056,8,51885.340000000004,55.0,2025-12-31 19:49:21,6485.6675000000005
CUST005947,4,36456.009999999995,40.0,2025-12-15 05:20:41,9114.002499999999
CUST000375,12,109806.20000000001,107.0,2025-12-18 14:15:07,9150.516666666668
CUST002580,6,39358.53,47.0,2025-11-30 21:01:56,6559.755
CUST005264,8,115947.27,96.0,2025-11-09 09:22:51,14493.40875
CUST008323,6,49958.36,63.0,2025-10-23 19:47:35,8326.393333333333
CUST001327,9,57705.92,51.0,2025-11-18 07:31:52,6411.768888888889
CUST005286,5,54510.53,53.0,2025-12-12 14:02:00,10902.106
CUST001439,6,43456.48,58.0,2025-09-24 00:48:50,7242.746666666667
CUST007549,4,34597.25,38.0,2025-12-16 12:29:05,8649.3125
CUST005829,9,100777.42,94.0,2025-10-30 16:46:33,11197.49111111111
CUST005026,6,35847.549999999996,50.0,2025-09-03 15:52:59,5974.591666666666
CUST004823,2,27237.84,30.0,2025-06-14 18:42:59,13618.92
CUST003593,10,91813.48000000001,93.0,2025-12-21 17:46:07,9181.348000000002
CUST005787,7,59005.22,55.0,2025-12-04 01:15:04,8429.317142857142
CUST004078,10,63783.2,66.0,2025-12-14 19:57:08,6378.32
CUST008844,4,35349.82,39.0,2025-11-24 16:58:39,8837.455
CUST007053,8,82365.65999999999,72.0,2025-12-29 06:30:45,10295.707499999999
CUST007110,6,41914.79,38.0,2025-11-18 16:58:50,6985.798333333333
CUST009209,7,75098.04000000001,73.0,2025-09-15 02:26:44,10728.29142857143
CUST008948,8,55513.51,59.0,2025-09-09 04:39:19,6939.18875
CUST001628,4,20248.41,20.0,2025-11-22 14:52:32,5062.1025
CUST008687,5,32215.92,43.0,2025-12-07 22:44:17,6443.183999999999
CUST006129,3,30346.0,32.0,2025-03-01 17:43:33,10115.333333333334
CUST001785,8,77761.71,75.0,2025-12-25 15:33:57,9720.21375
CUST004467,5,23614.989999999998,22.0,2025-05-19 02:59:45,4722.998
CUST007828,9,45152.0,64.0,2025-10-05 18:06:44,5016.888888888889
CUST003569,5,49989.520000000004,42.0,2025-09-15 17:53:30,9997.904
CUST009797,6,51349.85999999999,54.0,2025-10-07 11:15:50,8558.31
CUST005962,8,41364.47,52.0,2025-10-14 10:24:20,5170.55875
CUST007245,5,57350.55,60.0,2025-10-13 01:17:20,11470.11
CUST002480,6,49401.26,48.0,2025-12-17 01:02:21,8233.543333333333
CUST000388,2,12176.85,11.0,2025-07-09 16:52:48,6088.425
CUST009348,3,19931.45,19.0,2025-11-10 15:58:46,6643.816666666667
CUST008983,6,56376.03,49.0,2025-12-15 00:01:34,9396.005
CUST004010,6,52338.34999999999,65.0,2025-09-11 11:26:53,8723.058333333332
CUST007102,5,47423.53,54.0,2025-08-02 00:37:17,9484.706
CUST000006,8,60329.52,68.0,2025-11-01 20:40:26,7541.19
CUST005137,7,71241.15000000001,59.0,2025-12-18 19:07:09,10177.307142857144
CUST001943,9,72370.59,95.0,2025-12-18 17:51:39,8041.176666666666
CUST008191,5,51302.31999999999,52.0,2025-06-26 10:50:44,10260.463999999998
CUST001782,5,48380.28,54.0,2025-09-03 13:16:50,9676.056
CUST008594,7,59601.189999999995,73.0,2025-12-26 05:54:04,8514.455714285714
CUST001247,3,25295.820000000003,25.0,2025-08-31 07:57:54,8431.94
CUST007473,6,59933.73999999999,70.0,2025-11-26 15:38:44,9988.956666666665
CUST009968,4,32975.73,29.0,2025-11-18 08:05:53,8243.9325
CUST003781,6,39855.31,47.0,2025-10-21 21:10:07,6642.551666666666
BAD_CUST_9,9,45436.76,48.0,2025-11-05 23:24:55,5048.528888888889
CUST009738,10,100182.08999999998,101.0,2025-12-30 06:15:54,10018.208999999999
CUST009832,7,39938.600000000006,52.0,2025-12-06 23:01:27,5705.514285714286
CUST007309,7,51079.71,63.0,2025-11-27 04:51:48,7297.101428571428
CUST004838,7,67509.48,63.0,2025-12-26 03:27:12,9644.211428571429
CUST000592,4,48652.95,42.0,2025-07-06 04:29:34,12163.2375
CUST009707,5,20341.36,20.0,2025-10-31 22:25:31,4068.272
CUST004154,5,21299.59,28.0,2025-08-25 08:44:10,4259.918
CUST005867,7,65872.59999999999,75.0,2025-10-19 05:43:18,9410.371428571427
CUST000281,2,10019.97,9.0,2025-10-16 23:39:58,5009.985
CUST005766,10,68599.56,60.0,2025-12-04 14:27:59,6859.956
CUST003827,10,83008.33,93.0,2025-11-20 02:33:51,8300.833
CUST008410,6,62993.47,64.0,2025-09-27 08:17:28,10498.911666666667
CUST006785,4,30130.08,35.0,2025-07-24 02:58:00,7532.52
CUST001598,8,76288.95000000001,68.0,2025-12-07 02:48:51,9536.118750000001
CUST003805,5,32246.86,33.0,2025-12-28 18:20:15,6449.372
CUST008251,7,60764.990000000005,72.0,2025-12-04 02:46:25,8680.712857142858
CUST009287,3,40092.47,41.0,2025-07-28 19:18:10,13364.156666666668
CUST004932,8,88811.7,93.0,2025-11-21 09:31:22,11101.4625
CUST002145,4,41660.979999999996,34.0,2025-11-30 21:31:42,10415.244999999999
CUST001444,8,44853.14000000001,58.0,2025-12-07 10:55:55,5606.642500000001
CUST009121,6,22703.170000000002,30.0,2025-11-19 00:51:52,3783.861666666667
CUST005796,4,30449.83,30.0,2025-12-25 06:50:44,7612.4575
CUST003376,10,88821.38,85.0,2025-12-23 17:13:37,8882.138
CUST003038,8,40696.94,40.0,2025-12-20 17:57:08,5087.1175
CUST006872,3,25673.449999999997,30.0,2025-11-25 04:51:03,8557.816666666666
CUST004805,5,32742.160000000003,43.0,2025-12-17 11:13:12,6548.432000000001
CUST002075,8,59445.56,50.0,2025-09-21 03:35:05,7430.695
CUST007831,4,39305.490000000005,55.0,2025-10-14 19:50:56,9826.372500000001
CUST001507,6,27681.140000000003,31.0,2025-12-15 09:42:40,4613.5233333333335
CUST003487,7,89005.75,85.0,2025-12-14 07:13:06,12715.107142857143
CUST006235,7,58553.28,54.0,2025-12-23 04:12:59,8364.754285714285
CUST001306,7,40252.729999999996,47.0,2025-12-25 18:59:44,5750.389999999999
CUST002811,7,59451.68,62.0,2025-11-02 13:12:11,8493.097142857143
CUST008066,11,86708.59999999999,103.0,2025-11-15 14:45:45,7882.599999999999
CUST006624,7,63928.25,69.0,2025-07-11 12:44:52,9132.607142857143
CUST002617,7,33853.63,45.0,2025-11-08 02:24:35,4836.232857142857
CUST008892,5,37329.55,45.0,2025-09-18 15:21:16,7465.910000000001
CUST006962,2,18514.9,19.0,2025-11-30 03:06:35,9257.45
CUST002599,11,97502.88,93.0,2025-12-31 13:24:07,8863.898181818182
CUST008437,10,74534.59999999999,87.0,2025-12-28 07:35:30,7453.459999999999
CUST003105,10,76121.54000000001,80.0,2025-12-26 01:50:50,7612.154
CUST007486,9,61252.37,71.0,2025-12-18 11:08:40,6805.818888888889
CUST002935,5,47130.51,51.0,2025-09-08 13:06:27,9426.102
CUST003158,9,57771.93,71.0,2025-11-21 15:31:35,6419.1033333333335
CUST003226,4,41102.83,33.0,2025-12-01 07:29:22,10275.7075
CUST001646,7,74842.31,75.0,2025-12-04 13:55:25,10691.75857142857
CUST005583,7,45008.189999999995,39.0,2025-11-28 03:28:34,6429.741428571428
CUST001305,7,46138.659999999996,65.0,2025-11-15 06:23:59,6591.237142857142
CUST002387,7,69433.06999999999,72.0,2025-11-05 20:21:10,9919.009999999998
CUST003305,6,31601.599999999995,46.0,2025-11-17 14:39:03,5266.9333333333325
CUST003766,3,26051.09,31.0,2025-11-10 06:22:18,8683.696666666667
CUST001710,6,36968.71,38.0,2025-12-30 01:06:59,6161.451666666667
CUST001699,4,38519.83,45.0,2025-12-28 14:13:32,9629.9575
CUST008775,10,68736.99,82.0,2025-12-24 10:54:25,6873.6990000000005
CUST005405,3,9178.759999999998,11.0,2025-12-23 01:24:50,3059.586666666666
CUST008056,4,39328.18,38.0,2025-12-29 13:20:20,9832.045
CUST009113,5,37629.34,38.0,2025-12-18 20:44:22,7525.8679999999995
CUST006003,6,75436.36,73.0,2025-12-30 23:25:17,12572.726666666667
CUST003174,4,38934.28,39.0,2025-12-04 09:57:19,9733.57
CUST002321,8,57112.35,56.0,2025-12-29 05:17:48,7139.04375
CUST002578,7,56391.04,53.0,2025-12-29 04:32:01,8055.862857142857
CUST002392,8,97616.56,98.0,2025-12-06 11:38:16,12202.07
CUST005359,6,37111.479999999996,38.0,2025-09-01 03:04:59,6185.246666666666
CUST005462,5,29882.429999999997,38.0,2025-11-30 17:44:46,5976.485999999999
CUST007801,5,30991.4,42.0,2025-10-22 05:18:15,6198.280000000001
CUST000924,3,25220.760000000002,22.0,2025-08-15 13:26:45,8406.92
CUST008862,9,51715.579999999994,66.0,2025-10-31 06:13:23,5746.175555555555
CUST006037,2,17261.21,15.0,2025-11-30 05:00:23,8630.605
CUST000229,6,36458.42,36.0,2025-11-22 09:00:38,6076.403333333333
CUST009709,6,35775.13,49.0,2025-10-22 20:35:13,5962.5216666666665
CUST007464,5,58410.85,64.0,2025-09-27 10:40:30,11682.17
CUST002597,7,54870.82,62.0,2025-11-28 14:51:42,7838.688571428572
CUST001263,8,61053.57000000001,70.0,2025-10-20 11:04:50,7631.696250000001
CUST007794,6,71947.87,76.0,2025-10-07 16:18:50,11991.311666666666
CUST004761,8,66408.12000000001,85.0,2025-08-23 09:11:28,8301.015000000001
CUST001644,7,58127.28,61.0,2025-12-08 13:25:47,8303.897142857142
CUST000214,4,28170.129999999997,38.0,2025-10-22 08:59:59,7042.532499999999
CUST007587,9,89703.74,93.0,2025-11-29 21:29:49,9967.082222222223
CUST002517,7,63197.06,81.0,2025-11-26 09:00:29,9028.151428571427
CUST003882,5,40726.659999999996,47.0,2025-11-13 00:05:36,8145.331999999999
CUST001179,11,96249.23,93.0,2025-12-09 13:40:32,8749.93
CUST006246,6,63077.07,59.0,2025-12-28 00:10:15,10512.845
CUST007323,5,44135.05,44.0,2025-10-10 22:43:43,8827.01
CUST004461,9,46072.82000000001,50.0,2025-11-26 08:56:08,5119.202222222223
CUST002766,2,13452.439999999999,12.0,2025-11-04 23:22:22,6726.219999999999
CUST006724,8,53050.64,63.0,2025-09-27 13:55:46,6631.33
CUST006309,5,22507.940000000002,30.0,2025-10-22 02:31:28,4501.588000000001
CUST002396,6,67734.81999999999,64.0,2025-12-21 10:09:10,11289.136666666665
CUST007966,7,64597.14,72.0,2025-08-22 23:20:58,9228.162857142857
CUST008490,3,12167.779999999999,22.0,2025-12-16 05:44:32,4055.9266666666663
CUST001553,7,67332.76,73.0,2025-12-24 21:40:17,9618.965714285714
CUST000991,5,11781.4,14.0,2025-11-22 20:55:41,2356.2799999999997
CUST001116,4,35342.34,45.0,2025-10-18 06:17:05,8835.585
CUST006102,6,38883.17,37.0,2025-11-16 06:37:48,6480.528333333333
CUST008156,8,59132.66,60.0,2025-12-23 06:37:56,7391.5825
CUST006473,8,79264.95000000001,82.0,2025-12-09 20:41:55,9908.118750000001
CUST008373,6,49157.90000000001,59.0,2025-11-02 23:14:16,8192.983333333335
CUST001068,7,46569.48,49.0,2025-09-17 11:30:58,6652.782857142857
CUST005879,4,47240.96,39.0,2025-11-30 16:21:39,11810.24
CUST000275,4,43338.350000000006,42.0,2025-12-09 10:54:38,10834.587500000001
CUST004801,4,39770.72,39.0,2025-09-21 17:50:54,9942.68
CUST000248,9,68870.48999999999,65.0,2025-11-02 10:52:39,7652.276666666666
CUST004179,2,4272.74,4.0,2025-10-03 01:07:16,2136.37
CUST006519,3,24229.03,33.0,2025-12-31 21:11:36,8076.343333333333
CUST005818,5,27173.089999999997,30.0,2025-11-08 09:20:43,5434.6179999999995
CUST009003,6,43609.36,45.0,2025-12-25 19:56:51,7268.2266666666665
CUST007390,6,58563.100000000006,69.0,2025-09-26 09:51:34,9760.516666666668
CUST005952,6,45963.619999999995,57.0,2025-12-21 05:51:37,7660.603333333333
CUST004015,6,26871.79,30.0,2025-11-11 11:59:26,4478.631666666667
CUST009948,7,50802.17999999999,49.0,2025-11-30 10:46:32,7257.454285714285
CUST009625,6,48775.67,40.0,2025-12-13 02:52:21,8129.278333333333
CUST007881,0,,,,0.0
CUST000490,5,35607.18,38.0,2025-12-07 06:39:33,7121.436
CUST002139,5,26947.37,25.0,2025-12-31 08:57:30,5389.474
CUST006699,4,26357.370000000003,31.0,2025-08-17 23:24:43,6589.342500000001
CUST005354,5,66356.9,68.0,2025-12-17 20:42:36,13271.38
CUST000848,5,61287.990000000005,66.0,2025-09-26 01:59:48,12257.598000000002
CUST001160,8,82122.33,75.0,2025-12-19 13:17:04,10265.29125
CUST000213,4,38793.35,46.0,2025-12-26 13:25:55,9698.3375
CUST008745,7,44780.649999999994,44.0,2025-12-09 01:27:56,6397.235714285714
CUST006984,8,66315.29000000001,68.0,2025-12-27 17:08:48,8289.411250000001
CUST007931,4,49525.04,47.0,2025-09-24 14:45:24,12381.26
CUST004192,7,70390.73000000001,73.0,2025-11-19 06:37:28,10055.818571428574
CUST004126,5,31717.990000000005,35.0,2025-11-07 20:24:45,6343.598000000001
CUST006945,8,56308.72,55.0,2025-12-02 13:20:56,7038.59
CUST007215,4,57631.67,54.0,2025-12-27 01:46:00,14407.9175
CUST009804,9,56092.17999999999,53.0,2025-11-16 03:10:39,6232.464444444444
CUST002770,3,18206.43,23.0,2025-12-20 14:33:59,6068.81
CUST005316,8,78992.55,88.0,2025-10-15 09:41:39,9874.06875
CUST000171,6,69586.76,71.0,2025-12-13 10:03:13,11597.793333333333
CUST001001,5,46143.95,58.0,2025-10-18 02:24:32,9228.789999999999
CUST002367,4,30424.96,35.0,2025-08-09 08:40:24,7606.24
CUST001665,5,45867.149999999994,53.0,2025-11-26 18:06:52,9173.429999999998
CUST009256,5,34026.740000000005,30.0,2025-12-26 22:41:51,6805.348000000001
CUST005998,6,39322.950000000004,37.0,2025-09-28 15:51:04,6553.825000000001
CUST007905,6,62502.71,67.0,2025-11-15 18:03:59,10417.118333333334
CUST003941,10,108988.3,90.0,2025-12-25 09:57:00,10898.83
CUST002942,6,44724.740000000005,43.0,2025-12-01 05:37:36,7454.123333333334
CUST008954,3,16097.37,20.0,2025-12-07 03:23:38,5365.79
CUST008884,4,27541.29,30.0,2025-08-17 20:17:10,6885.3225
CUST002525,6,57707.52999999999,60.0,2025-12-02 11:32:09,9617.921666666665
CUST005351,5,45515.51,44.0,2025-10-25 10:33:08,9103.102
CUST007179,7,54096.340000000004,56.0,2025-12-30 16:07:34,7728.048571428572
CUST005765,4,50332.34,50.0,2025-08-20 14:18:11,12583.085
CUST004650,5,51991.22,49.0,2025-10-20 07:44:58,10398.244
CUST005407,3,33098.24,28.0,2025-12-15 23:06:43,11032.746666666666
CUST001621,6,47461.32,53.0,2025-10-08 21:52:41,7910.22
CUST008815,7,47627.850000000006,43.0,2025-11-07 18:30:35,6803.978571428573
CUST001173,4,30026.32,30.0,2025-11-07 19:15:58,7506.58
CUST003205,3,21176.050000000003,30.0,2025-09-29 23:45:57,7058.683333333334
CUST003745,3,11554.189999999999,26.0,2025-12-11 07:25:36,3851.396666666666
CUST001648,6,33770.12,48.0,2025-11-04 08:46:37,5628.3533333333335
CUST005674,7,59977.950000000004,79.0,2025-11-15 08:17:53,8568.278571428573
CUST007434,4,31305.13,34.0,2025-11-28 22:54:49,7826.2825
CUST004794,9,86901.6,90.0,2025-11-30 18:04:53,9655.733333333334
CUST001725,2,25083.93,24.0,2025-06-20 09:26:42,12541.965
CUST005167,8,67416.81000000001,78.0,2025-10-31 13:17:02,8427.101250000002
CUST007081,7,73778.69,79.0,2025-10-25 14:31:58,10539.812857142857
CUST001962,8,49914.49,52.0,2025-10-20 03:06:15,6239.31125
CUST008731,8,62460.189999999995,77.0,2025-10-26 19:55:03,7807.523749999999
CUST000268,6,48194.49,47.0,2025-11-25 12:05:01,8032.415
CUST008069,12,86071.04000000001,110.0,2025-12-27 05:15:00,7172.586666666667
CUST000684,3,25313.23,26.0,2025-11-08 16:47:32,8437.743333333334
CUST008967,10,76353.03,76.0,2025-12-28 16:22:25,7635.303
CUST007062,4,17939.780000000002,21.0,2025-10-07 19:20:02,4484.945000000001
CUST007368,10,83183.26000000001,95.0,2025-12-25 17:41:50,8318.326000000001
CUST006781,9,96417.23,99.0,2025-10-29 16:56:27,10713.025555555556
CUST002449,6,31086.64,32.0,2025-09-07 07:44:39,5181.106666666667
CUST007475,4,28068.88,30.0,2025-11-24 08:14:05,7017.22
CUST003341,8,72963.14,64.0,2025-12-12 08:30:03,9120.3925
CUST002567,4,26633.230000000003,33.0,2025-11-11 14:11:27,6658.307500000001
CUST006319,5,24218.7,37.0,2025-11-18 11:49:19,4843.74
CUST002988,4,36503.04,29.0,2025-08-31 07:22:56,9125.76
CUST005416,10,107490.36,102.0,2025-08-17 10:36:26,10749.036
CUST000727,5,25757.739999999998,35.0,2025-10-12 09:49:27,5151.548
CUST009360,11,87702.18000000001,86.0,2025-12-22 23:17:25,7972.925454545455
CUST005755,7,45358.89,50.0,2025-11-07 11:14:17,6479.841428571429
CUST008415,7,47461.979999999996,54.0,2025-09-08 06:34:43,6780.282857142856
CUST004578,5,21283.07,29.0,2025-12-19 08:39:08,4256.614
CUST000307,7,39188.58,48.0,2025-10-21 23:22:46,5598.368571428572
CUST006335,11,106628.84000000001,107.0,2025-12-10 15:05:26,9693.53090909091
CUST004710,10,85378.37,86.0,2025-11-26 03:38:56,8537.837
CUST009924,5,56053.42999999999,54.0,2025-09-28 16:52:13,11210.685999999998
CUST003737,4,36335.600000000006,33.0,2025-12-15 19:00:30,9083.900000000001
CUST004797,6,58133.32,66.0,2025-10-01 19:46:23,9688.886666666667
CUST009355,7,42523.53,55.0,2025-10-08 23:21:33,6074.79
CUST004890,7,48280.14,67.0,2025-12-24 11:06:59,6897.162857142857
CUST008129,3,10321.960000000001,15.0,2025-12-13 10:05:30,3440.6533333333336
CUST008786,7,54691.59,65.0,2025-12-30 16:22:03,7813.084285714285
CUST001566,6,46681.1,60.0,2025-11-07 18:26:56,7780.183333333333
CUST004666,7,76478.01000000001,69.0,2025-12-20 01:50:03,10925.430000000002
CUST003329,4,24308.8,17.0,2025-12-26 18:23:46,6077.2
CUST006048,3,30298.859999999997,25.0,2025-12-27 13:47:37,10099.619999999999
CUST005104,4,26646.6,32.0,2025-12-06 07:59:07,6661.65
CUST000191,5,33235.16,31.0,2025-09-22 12:32:23,6647.032000000001
CUST000707,5,62181.54,70.0,2025-10-18 13:06:02,12436.308
CUST004688,6,42659.74,47.0,2025-12-30 11:04:20,7109.956666666666
CUST000643,5,25397.11,39.0,2025-10-18 23:54:17,5079.4220000000005
CUST001390,4,33316.27,27.0,2025-11-05 13:37:11,8329.0675
CUST006836,4,23937.920000000002,21.0,2025-09-17 02:20:31,5984.4800000000005
CUST004234,10,65585.04000000001,98.0,2025-12-21 15:00:38,6558.504000000001
CUST005961,6,47316.22,56.0,2025-08-06 22:10:36,7886.036666666667
CUST007640,6,64800.799999999996,65.0,2025-12-07 17:38:08,10800.133333333333
CUST006801,5,50017.869999999995,54.0,2025-12-09 12:42:12,10003.573999999999
CUST001761,6,57706.659999999996,63.0,2025-11-30 20:02:08,9617.776666666667
CUST003302,7,58753.520000000004,69.0,2025-10-19 15:09:17,8393.36
CUST007362,3,18341.13,20.0,2025-11-30 19:53:44,6113.71
CUST007143,7,86957.94,87.0,2025-09-05 01:43:08,12422.562857142857
CUST007003,6,50997.060000000005,54.0,2025-10-03 14:49:05,8499.51
CUST005486,8,55338.9,77.0,2025-11-19 11:09:01,6917.3625
CUST003825,11,90254.79,89.0,2025-12-20 11:02:43,8204.98090909091
CUST009937,10,78259.94,92.0,2025-10-28 23:40:26,7825.994000000001
CUST002037,3,29133.489999999998,24.0,2025-11-07 08:25:29,9711.163333333332
CUST004239,7,41279.530000000006,51.0,2025-12-07 05:11:22,5897.075714285716
CUST001748,6,31424.489999999998,38.0,2025-10-11 01:00:55,5237.415
CUST006701,6,63806.03,59.0,2025-12-25 13:44:48,10634.338333333333
CUST001878,4,38233.58,40.0,2025-11-21 10:23:30,9558.395
CUST009970,12,94138.64,114.0,2025-12-02 15:11:50,7844.886666666666
CUST005777,11,100158.59999999999,108.0,2025-11-15 00:04:06,9105.327272727272
CUST004095,6,54210.229999999996,57.0,2025-12-14 07:20:43,9035.038333333332
CUST004200,5,47401.83,60.0,2025-11-12 08:17:22,9480.366
CUST003853,7,54473.79,72.0,2025-11-29 02:51:40,7781.97
CUST003184,2,25301.89,27.0,2025-08-16 18:14:15,12650.945
CUST003149,8,52037.32,57.0,2025-12-01 15:21:34,6504.665
CUST007469,4,54913.850000000006,49.0,2025-12-30 03:24:56,13728.462500000001
CUST001035,6,59797.05,61.0,2025-11-01 18:31:21,9966.175000000001
CUST007202,5,49110.78,55.0,2025-10-25 10:44:06,9822.155999999999
CUST004359,7,41288.39,39.0,2025-11-19 21:39:36,5898.341428571429
CUST005209,5,71211.03,70.0,2025-12-10 18:58:30,14242.206
CUST007849,3,38219.71,35.0,2025-05-20 09:24:20,12739.903333333334
CUST004853,6,46845.58,49.0,2025-11-26 18:00:43,7807.596666666667
CUST002650,6,37733.86,42.0,2025-12-19 09:22:54,6288.9766666666665
CUST000299,4,23305.589999999997,29.0,2025-05-07 06:55:39,5826.397499999999
CUST007659,4,23873.879999999997,26.0,2025-12-14 05:18:22,5968.469999999999
CUST005024,4,22865.129999999997,24.0,2025-09-27 07:51:33,5716.282499999999
CUST004223,5,74166.35,68.0,2025-12-16 16:44:16,14833.27
CUST003228,10,75627.67000000001,84.0,2025-11-28 19:07:12,7562.767000000002
CUST008463,4,41953.33,40.0,2025-12-22 09:00:45,10488.3325
CUST004654,4,31124.000000000004,36.0,2025-09-18 22:27:54,7781.000000000001
CUST005259,11,78558.04,99.0,2025-10-25 23:21:20,7141.639999999999
CUST005782,5,38156.5,49.0,2025-12-08 07:45:54,7631.3
CUST007050,8,60229.27,77.0,2025-12-21 17:52:34,7528.65875
CUST000073,4,26827.100000000002,33.0,2025-11-10 18:02:14,6706.775000000001
CUST002881,6,57917.67,53.0,2025-12-20 03:57:21,9652.945
CUST007017,4,21151.55,20.0,2025-06-14 05:15:23,5287.8875
CUST008783,6,44426.920000000006,56.0,2025-11-04 11:12:58,7404.486666666668
CUST009979,5,40533.44,61.0,2025-12-17 15:11:35,8106.688
CUST004063,4,49327.880000000005,47.0,2025-08-07 21:50:19,12331.970000000001
CUST005122,5,37844.86,36.0,2025-12-12 07:54:15,7568.972
CUST000197,4,33525.98,35.0,2025-09-07 04:01:21,8381.495
CUST009944,9,72597.12999999999,91.0,2025-12-29 17:46:54,8066.347777777777
CUST000399,9,78689.09,96.0,2025-12-29 18:16:14,8743.232222222221
CUST006009,11,63346.85999999999,80.0,2025-11-04 07:25:05,5758.805454545454
CUST005545,5,31856.089999999997,34.0,2025-10-28 02:28:56,6371.217999999999
CUST004603,5,36230.5,39.0,2025-12-31 10:16:18,7246.1
CUST003553,5,33315.159999999996,43.0,2025-11-29 21:38:16,6663.031999999999
CUST006311,5,41716.71000000001,47.0,2025-11-05 09:48:30,8343.342
CUST009767,8,71142.97,80.0,2025-11-21 01:34:22,8892.87125
CUST004002,3,27110.590000000004,24.0,2025-12-04 17:12:57,9036.863333333335
CUST008058,7,48913.54,60.0,2025-11-27 04:41:32,6987.648571428572
CUST008369,7,57064.740000000005,75.0,2025-12-08 06:21:56,8152.105714285715
CUST005971,8,78700.43000000001,84.0,2025-11-20 06:08:14,9837.553750000001
CUST007336,4,26927.449999999997,34.0,2025-06-22 01:13:35,6731.862499999999
CUST008193,4,27878.79,30.0,2025-12-24 09:22:04,6969.6975
CUST007156,3,36650.86,34.0,2025-12-09 10:14:29,12216.953333333333
CUST001250,8,66869.23999999999,72.0,2025-12-03 13:58:53,8358.654999999999
CUST000551,10,107672.93000000002,94.0,2025-12-31 16:26:20,10767.293000000001
CUST001489,7,62235.409999999996,67.0,2025-12-16 12:20:39,8890.772857142856
CUST006596,7,44868.15,46.0,2025-12-23 09:25:43,6409.7357142857145
CUST009028,5,40050.17,45.0,2025-07-24 23:38:18,8010.034
CUST002310,6,40177.740000000005,43.0,2025-11-11 08:14:01,6696.290000000001
CUST009358,7,58609.32,65.0,2025-12-09 23:13:07,8372.76
CUST003925,3,21970.440000000002,22.0,2025-10-31 05:34:34,7323.4800000000005
CUST008201,6,80419.6,81.0,2025-12-08 20:05:20,13403.266666666668
CUST006260,5,41028.45,46.0,2025-07-31 16:08:59,8205.689999999999
CUST007191,7,73101.82,73.0,2025-09-17 16:05:58,10443.117142857143
CUST004937,3,12186.05,11.0,2025-12-14 17:19:27,4062.0166666666664
CUST001728,4,20694.940000000002,37.0,2025-10-26 10:42:28,5173.735000000001
CUST007288,0,,,,0.0
CUST008924,4,55910.729999999996,59.0,2025-11-01 21:41:52,13977.682499999999
CUST007216,6,67368.0,64.0,2025-12-26 14:14:03,11228.0
CUST003086,8,53329.259999999995,63.0,2025-10-15 06:42:34,6666.157499999999
CUST008940,7,49524.34,61.0,2025-11-10 10:32:52,7074.905714285714
CUST001642,6,45826.03,50.0,2025-12-15 01:09:26,7637.671666666666
CUST004367,2,17998.559999999998,19.0,2025-08-24 10:36:24,8999.279999999999
CUST007814,7,93900.42,72.0,2025-11-24 15:39:39,13414.345714285713
CUST001883,4,38053.36,44.0,2025-10-05 13:08:31,9513.34
CUST001301,11,121996.22,115.0,2025-11-13 10:40:26,11090.565454545454
CUST006692,4,27158.57,32.0,2025-12-13 18:15:26,6789.6425
CUST000139,6,41059.59,42.0,2025-09-13 23:47:38,6843.264999999999
CUST003995,2,22652.78,18.0,2025-04-20 22:03:06,11326.39
CUST002481,10,92333.95999999999,103.0,2025-12-30 01:15:05,9233.395999999999
CUST007011,5,13636.97,17.0,2025-10-12 04:59:42,2727.394
CUST001396,6,42925.61,39.0,2025-11-02 14:18:08,7154.268333333333
CUST000302,4,34142.740000000005,41.0,2025-10-23 22:19:48,8535.685000000001
CUST007882,7,74498.6,78.0,2025-12-03 14:21:15,10642.657142857144
CUST008791,4,37626.549999999996,41.0,2025-12-31 01:51:42,9406.637499999999
CUST009058,4,28349.67,36.0,2025-02-17 16:49:06,7087.4175
CUST006250,5,19135.08,32.0,2025-09-07 07:16:27,3827.0160000000005
CUST007816,9,81306.79000000001,76.0,2025-12-28 11:03:22,9034.087777777779
CUST002609,7,58770.03,52.0,2025-12-10 01:59:42,8395.718571428572
CUST001705,5,44099.26,43.0,2025-05-28 19:00:02,8819.852
CUST001809,5,38135.99,46.0,2025-10-18 21:38:20,7627.197999999999
CUST007421,9,86061.94,79.0,2025-11-09 06:11:25,9562.437777777777
CUST008882,2,21069.5,25.0,2025-11-06 14:11:02,10534.75
CUST003474,6,54740.75,52.0,2025-11-08 01:29:51,9123.458333333334
CUST005562,5,44779.23,51.0,2025-12-23 14:30:38,8955.846000000001
CUST002233,3,30820.620000000003,34.0,2025-11-17 22:35:27,10273.54
CUST000341,3,21700.769999999997,26.0,2025-10-11 23:31:09,7233.589999999999
CUST008753,2,15804.449999999999,24.0,2025-05-18 14:05:24,7902.224999999999
CUST000709,6,58642.84,69.0,2025-12-04 09:36:55,9773.806666666665
CUST001951,7,74830.38,69.0,2025-12-12 01:02:32,10690.054285714286
CUST006229,4,33779.13,28.0,2025-12-27 19:21:39,8444.7825
CUST001674,8,73931.17,82.0,2025-12-17 17:21:32,9241.39625
CUST003277,9,59617.93,67.0,2025-12-19 12:24:30,6624.214444444445
CUST005331,2,19132.91,21.0,2025-12-11 08:55:53,9566.455
CUST005690,4,47042.19,41.0,2025-12-12 12:22:00,11760.5475
CUST007126,8,72207.56,82.0,2025-12-21 01:42:12,9025.945
CUST009017,7,51497.01,49.0,2025-10-18 11:12:20,7356.715714285715
CUST007232,7,64417.2,65.0,2025-07-17 14:55:27,9202.457142857142
CUST004490,5,44562.22,49.0,2025-12-24 22:44:04,8912.444
CUST007344,6,45796.670000000006,52.0,2025-12-25 21:18:49,7632.778333333335
CUST004045,11,64176.92,83.0,2025-11-27 10:23:50,5834.265454545454
CUST003161,10,65912.87,70.0,2025-12-27 14:43:43,6591.286999999999
CUST000861,5,38338.61,48.0,2025-11-16 12:51:38,7667.722
CUST009827,5,36080.45,45.0,2025-09-06 01:41:22,7216.089999999999
CUST001693,4,20753.949999999997,17.0,2025-12-07 04:14:01,5188.487499999999
CUST007481,4,48824.2,45.0,2025-11-15 05:04:11,12206.05
CUST006038,7,46466.99,56.0,2025-11-20 18:33:18,6638.141428571428
CUST000820,4,29565.25,37.0,2025-12-01 08:25:16,7391.3125
CUST009438,6,35223.12,35.0,2025-11-18 17:26:07,5870.52
CUST009232,5,37294.32,47.0,2025-12-28 14:26:47,7458.864
CUST009991,9,75808.25,85.0,2025-10-04 01:08:11,8423.138888888889
CUST003736,7,43675.29,59.0,2025-11-07 19:00:24,6239.327142857143
CUST003317,6,36791.21,40.0,2025-12-27 17:17:11,6131.868333333333
CUST003492,2,21403.519999999997,27.0,2025-11-13 08:02:25,10701.759999999998
CUST004851,3,25019.46,28.0,2025-10-21 20:38:41,8339.82
CUST002108,7,52000.259999999995,62.0,2025-11-01 08:38:25,7428.608571428571
CUST009661,6,51085.85,51.0,2025-11-27 20:35:44,8514.308333333332
CUST003369,5,48401.07,47.0,2025-07-20 17:24:30,9680.214
CUST006558,4,33212.09,37.0,2025-12-10 08:31:50,8303.0225
CUST000505,11,66738.92000000001,92.0,2025-12-08 18:20:54,6067.174545454546
CUST007223,6,53120.130000000005,65.0,2025-11-25 10:29:37,8853.355000000001
CUST003043,5,41597.36,40.0,2025-10-08 00:32:17,8319.472
CUST000974,5,43948.61,46.0,2025-07-28 02:45:05,8789.722
CUST006601,5,41931.18000000001,46.0,2025-06-14 20:43:33,8386.236
CUST004242,9,75118.48,81.0,2025-10-09 04:56:30,8346.497777777777
CUST004759,3,27006.35,32.0,2025-11-08 15:21:52,9002.116666666667
CUST002397,6,56992.46,60.0,2025-09-16 15:20:27,9498.743333333334
CUST009449,6,51429.009999999995,56.0,2025-11-18 04:00:57,8571.501666666665
CUST008717,7,58160.25,65.0,2025-08-31 02:38:24,8308.607142857143
CUST001395,7,54746.48,67.0,2025-09-06 23:21:36,7820.925714285715
CUST005779,7,61785.41,66.0,2025-11-15 14:59:24,8826.487142857144
CUST004812,6,67628.11,66.0,2025-11-13 10:58:45,11271.351666666667
CUST006985,5,42504.00000000001,45.0,2025-12-26 20:01:56,8500.800000000001
CUST009646,7,32605.93,39.0,2025-10-26 06:34:49,4657.99
CUST002163,7,53345.600000000006,58.0,2025-12-15 16:25:14,7620.800000000001
CUST009105,3,17345.32,20.0,2025-11-12 07:18:20,5781.7733333333335
CUST004089,4,46584.04,50.0,2025-12-02 19:46:04,11646.01
CUST004804,8,81787.14,92.0,2025-10-26 13:54:35,10223.3925
CUST009723,7,78732.94,80.0,2025-12-07 08:38:23,11247.562857142857
CUST006147,5,42002.83,39.0,2025-11-04 22:32:27,8400.566
CUST008257,4,43328.46,41.0,2025-12-19 21:11:30,10832.115
CUST002907,3,16593.54,20.0,2025-09-07 12:25:10,5531.18
CUST006452,10,72293.64,85.0,2025-11-27 10:44:16,7229.364
CUST001266,10,74934.31999999999,77.0,2025-10-08 06:27:21,7493.431999999999
CUST001172,9,53588.28,56.0,2025-12-31 22:44:16,5954.253333333333
CUST000859,6,83473.6,80.0,2025-12-27 16:24:29,13912.266666666668
CUST002244,3,22074.42,18.0,2025-07-18 17:01:22,7358.139999999999
CUST007877,2,23467.92,25.0,2025-11-18 01:02:29,11733.96
CUST000009,3,22525.21,33.0,2025-05-29 00:54:37,7508.403333333333
CUST005413,6,34434.89,38.0,2025-09-27 23:58:45,5739.1483333333335
CUST001502,4,21598.350000000002,29.0,2025-08-30 08:50:38,5399.587500000001
CUST000114,6,45906.270000000004,46.0,2025-11-14 14:47:10,7651.045000000001
CUST004527,5,41265.270000000004,58.0,2025-11-25 09:26:26,8253.054
CUST001112,8,68412.27,73.0,2025-11-14 19:20:51,8551.53375
CUST000472,4,17603.91,32.0,2025-09-08 11:52:41,4400.9775
CUST009617,10,91595.52999999998,85.0,2025-11-03 07:43:55,9159.552999999998
CUST000590,4,27288.940000000002,36.0,2025-10-19 04:42:42,6822.235000000001
CUST007014,4,39466.479999999996,45.0,2025-04-22 12:55:04,9866.619999999999
CUST007562,6,57149.189999999995,55.0,2025-08-21 19:22:33,9524.865
CUST007490,3,26008.27,29.0,2025-11-11 13:31:48,8669.423333333334
CUST006804,8,62298.46,72.0,2025-07-30 12:35:36,7787.3075
CUST000293,7,45895.67,50.0,2025-11-19 11:02:32,6556.524285714286
CUST008101,6,28872.69,41.0,2025-05-14 12:22:52,4812.115
CUST001545,8,61197.82,78.0,2025-11-09 17:14:53,7649.7275
CUST008167,8,68928.41,61.0,2025-08-20 01:32:27,8616.05125
CUST007620,9,93090.64,93.0,2025-08-01 05:19:57,10343.404444444444
CUST007201,9,89969.9,92.0,2025-11-18 05:45:07,9996.655555555555
CUST004694,5,49761.86,45.0,2025-11-15 01:31:43,9952.372
CUST007178,11,79522.16,71.0,2025-12-08 05:20:10,7229.287272727273
CUST002501,6,48175.3,53.0,2025-09-20 05:03:04,8029.216666666667
CUST007278,5,44589.15,35.0,2025-12-29 05:53:48,8917.83
CUST002140,4,17199.48,26.0,2025-09-01 02:57:49,4299.87
CUST005689,6,67832.15,67.0,2025-09-20 13:44:32,11305.358333333332
CUST007735,10,128777.87999999999,128.0,2025-12-28 05:29:22,12877.787999999999
CUST008049,5,41381.76,42.0,2025-10-18 09:34:22,8276.352
CUST000671,7,67734.82,80.0,2025-09-27 15:51:23,9676.402857142859
CUST001990,5,43520.09,46.0,2025-12-01 20:35:12,8704.018
CUST001251,7,42719.659999999996,49.0,2025-12-18 14:41:06,6102.808571428571
CUST009802,4,22404.1,21.0,2025-07-06 01:07:44,5601.025
CUST006588,11,91554.53,90.0,2025-11-23 17:57:41,8323.139090909091
CUST001543,5,37344.21,43.0,2025-12-15 21:02:50,7468.842
CUST001696,4,33281.05,43.0,2025-09-28 13:57:49,8320.2625
CUST008456,6,68907.58,63.0,2025-11-20 09:19:55,11484.596666666666
CUST001552,5,41996.55000000001,47.0,2025-10-21 06:11:01,8399.310000000001
CUST004588,6,33002.36,36.0,2025-11-08 00:39:13,5500.393333333333
CUST006474,8,54005.07000000001,65.0,2025-12-24 05:35:38,6750.633750000001
CUST000218,3,17322.98,23.0,2025-08-20 12:32:32,5774.326666666667
CUST007890,3,20087.410000000003,26.0,2025-12-17 22:37:20,6695.803333333334
CUST003688,8,78773.16,84.0,2025-10-25 14:52:56,9846.645
CUST008600,7,65123.47000000001,59.0,2025-12-24 03:13:12,9303.352857142858
CUST006870,7,87776.64000000001,77.0,2025-12-11 22:08:47,12539.520000000002
CUST005669,12,149380.57,135.0,2025-12-03 09:26:08,12448.380833333335
CUST001147,3,18966.0,27.0,2025-12-29 07:41:05,6322.0
CUST003213,10,64010.479999999996,81.0,2025-12-17 03:42:55,6401.048
CUST001596,4,17219.35,21.0,2025-08-24 11:38:32,4304.8375
CUST003572,5,32894.13,30.0,2025-11-21 06:49:29,6578.825999999999
CUST005367,9,80376.62,85.0,2025-12-25 11:31:04,8930.735555555555
CUST008854,8,62296.54000000001,58.0,2025-11-22 03:39:06,7787.067500000001
CUST004199,5,42220.04,43.0,2025-10-23 01:09:44,8444.008
CUST008672,5,30583.88,30.0,2025-11-13 02:20:23,6116.776
CUST000427,9,70454.34000000001,62.0,2025-11-17 09:24:47,7828.260000000001
CUST006058,8,56768.02,69.0,2025-12-13 03:09:16,7096.0025
CUST000412,6,39986.99,54.0,2025-11-22 22:00:57,6664.498333333333
CUST005612,8,53959.729999999996,67.0,2025-09-21 23:59:33,6744.9662499999995
CUST003804,6,43060.33,49.0,2025-12-26 10:35:51,7176.721666666667
CUST000210,8,52174.899999999994,71.0,2025-07-24 15:56:13,6521.862499999999
CUST007229,8,69540.95000000001,77.0,2025-12-18 05:42:15,8692.618750000001
CUST001165,9,100272.01000000001,90.0,2025-11-22 02:46:20,11141.334444444445
CUST005193,8,65146.95,75.0,2025-06-28 11:08:53,8143.36875
CUST006493,8,86363.63,101.0,2025-11-25 20:53:16,10795.45375
CUST005179,4,44354.69,44.0,2025-10-03 09:29:28,11088.6725
CUST004883,9,73179.1,71.0,2025-11-05 09:37:50,8131.011111111112
CUST006723,6,81139.55,73.0,2025-12-23 16:45:27,13523.258333333333
CUST001955,7,66992.15000000001,64.0,2025-10-19 02:56:31,9570.307142857144
CUST009014,4,35127.83,38.0,2025-06-22 21:03:41,8781.9575
CUST002564,10,80017.20000000001,85.0,2025-11-16 05:46:10,8001.720000000001
CUST004025,8,86116.63999999998,82.0,2025-11-15 19:20:18,10764.579999999998
CUST000221,5,46209.509999999995,56.0,2025-11-08 06:07:57,9241.901999999998
CUST006941,7,57815.619999999995,84.0,2025-10-30 07:21:54,8259.374285714284
CUST007876,5,36321.9,45.0,2025-10-15 03:17:25,7264.38
CUST002859,4,31984.909999999996,41.0,2025-07-11 22:16:01,7996.227499999999
CUST008822,4,33074.86,37.0,2025-10-18 10:40:23,8268.715
CUST000845,10,101490.48000000001,102.0,2025-12-01 19:29:32,10149.048
CUST006549,9,52971.149999999994,70.0,2025-11-27 19:30:28,5885.6833333333325
CUST004071,9,74137.84000000001,85.0,2025-12-10 01:27:04,8237.53777777778
CUST003992,5,51941.25,66.0,2025-07-21 02:31:17,10388.25
CUST000246,4,32003.490000000005,30.0,2025-12-27 19:07:14,8000.872500000001
CUST001512,6,48367.22,51.0,2025-12-14 18:27:07,8061.203333333334
CUST006321,4,31452.350000000002,30.0,2025-12-21 01:45:17,7863.087500000001
CUST007356,3,43691.81999999999,47.0,2025-10-05 01:55:53,14563.939999999997
CUST002243,6,78527.11,69.0,2025-12-28 00:23:44,13087.851666666667
CUST000789,9,80449.9,84.0,2025-11-04 15:40:50,8938.877777777778
CUST006651,9,68555.08,72.0,2025-12-21 07:44:30,7617.231111111111
CUST001776,5,32284.46,35.0,2025-10-19 00:44:25,6456.892
CUST008550,5,28836.599999999995,35.0,2025-09-30 08:48:33,5767.319999999999
CUST002371,3,32583.33,24.0,2025-12-01 04:28:09,10861.11
CUST005203,8,77386.99,70.0,2025-12-30 11:12:54,9673.37375
CUST004564,6,49856.01,46.0,2025-08-15 23:02:13,8309.335000000001
CUST001737,5,35373.439999999995,39.0,2025-11-03 19:00:22,7074.687999999999
CUST000386,6,36415.58,53.0,2025-12-14 18:10:06,6069.263333333333
CUST009854,8,49001.5,57.0,2025-12-14 05:37:12,6125.1875
CUST000697,7,62925.770000000004,61.0,2025-11-15 01:00:09,8989.395714285714
CUST002817,9,81129.93,92.0,2025-12-25 11:03:47,9014.436666666666
CUST006401,8,48107.66,53.0,2025-12-27 19:25:52,6013.4575
CUST007750,6,37523.7,44.0,2025-12-05 19:04:30,6253.95
CUST004642,3,32572.47,34.0,2025-10-20 12:38:10,10857.49
CUST004237,6,37971.8,46.0,2025-09-01 08:16:10,6328.633333333334
CUST000029,7,61833.05,70.0,2025-11-11 20:32:34,8833.292857142858
CUST003165,4,45428.11,40.0,2025-07-05 22:59:00,11357.0275
CUST004662,4,32227.57,37.0,2025-11-14 13:17:22,8056.8925
CUST004114,8,63670.96000000001,68.0,2025-12-25 07:49:32,7958.870000000001
CUST007715,11,85399.19,93.0,2025-12-01 16:12:51,7763.562727272728
CUST002703,7,38397.04000000001,33.0,2025-10-22 23:07:35,5485.29142857143
CUST005216,3,4050.54,7.0,2025-05-14 20:22:49,1350.18
CUST008050,6,37949.28,40.0,2025-11-03 06:43:26,6324.88
CUST000024,5,22973.37,26.0,2025-09-22 10:51:41,4594.674
CUST003488,4,22520.02,22.0,2025-09-19 16:15:46,5630.005
CUST003997,4,34226.85,42.0,2025-12-06 06:18:40,8556.7125
CUST008208,5,27073.19,28.0,2025-06-06 11:04:20,5414.638
CUST008590,4,29879.59,44.0,2025-03-20 11:53:05,7469.8975
CUST004004,5,47000.42,53.0,2025-12-20 02:26:46,9400.083999999999
CUST007842,4,36725.759999999995,38.0,2025-11-14 20:29:17,9181.439999999999
CUST008603,7,59472.47,61.0,2025-10-28 14:31:43,8496.067142857142
CUST005913,10,71376.81999999999,90.0,2025-12-30 19:00:12,7137.681999999999
CUST003973,4,23470.42,21.0,2025-11-22 01:23:49,5867.605
CUST009476,7,65649.08,70.0,2025-12-29 08:20:58,9378.44
CUST006684,5,35567.119999999995,37.0,2025-11-04 13:32:04,7113.423999999999
CUST007403,7,58110.41,75.0,2025-12-06 16:36:25,8301.487142857144
CUST003371,7,64574.28999999999,67.0,2025-12-24 09:04:50,9224.89857142857
CUST008790,5,21572.19,30.0,2025-11-23 16:09:02,4314.438
CUST005183,13,126855.31999999999,114.0,2025-12-09 05:47:26,9758.101538461538
CUST000910,11,91907.34000000001,99.0,2025-12-20 01:20:09,8355.212727272728
CUST006999,2,3451.04,6.0,2025-10-09 08:47:15,1725.52
CUST008574,8,61204.380000000005,66.0,2025-12-24 14:55:49,7650.547500000001
CUST004931,10,75076.29000000001,82.0,2025-11-15 12:42:18,7507.629000000001
CUST000616,8,99104.43,104.0,2025-12-17 14:20:52,12388.05375
CUST002005,4,20149.8,30.0,2025-08-26 05:26:09,5037.45
CUST003403,7,78168.01,77.0,2025-10-04 16:40:16,11166.858571428571
CUST002749,7,44329.46,48.0,2025-12-16 11:00:32,6332.78
CUST005598,9,86277.19,70.0,2025-12-05 07:28:50,9586.354444444445
CUST004573,7,63851.93000000001,58.0,2025-12-15 03:03:00,9121.704285714286
CUST007858,7,62631.469999999994,55.0,2025-11-08 19:30:49,8947.352857142856
CUST005684,5,42524.92,51.0,2025-11-20 23:09:04,8504.984
CUST007079,8,64422.05,76.0,2025-11-04 05:41:12,8052.75625
CUST003365,4,48548.270000000004,39.0,2025-12-11 03:57:15,12137.067500000001
CUST003426,6,34391.5,35.0,2025-12-09 14:48:37,5731.916666666667
CUST006274,6,46605.36,38.0,2025-12-21 18:42:53,7767.56
CUST003323,4,52353.63,50.0,2025-10-04 01:32:25,13088.4075
CUST001934,4,27615.709999999995,36.0,2025-06-26 02:37:49,6903.927499999999
CUST002399,5,65941.45000000001,57.0,2025-12-18 09:25:05,13188.290000000003
CUST005511,8,70590.68999999999,74.0,2025-12-03 04:16:36,8823.836249999998
CUST000125,4,37883.37,30.0,2025-11-30 22:57:08,9470.8425
CUST005807,4,36636.5,31.0,2025-12-12 01:58:10,9159.125
CUST002232,8,51515.55,66.0,2025-12-17 21:56:19,6439.44375
CUST002793,7,71583.89,83.0,2025-12-30 01:27:30,10226.27
CUST005105,6,43283.990000000005,41.0,2025-12-03 02:39:16,7213.998333333334
CUST008462,7,54256.950000000004,46.0,2025-11-22 23:10:45,7750.992857142858
CUST001284,9,87342.26000000001,90.0,2025-10-06 06:48:08,9704.695555555556
CUST008528,1,7596.46,5.0,2025-01-10 04:22:24,7596.46
CUST005678,3,18331.85,16.0,2025-05-20 19:57:45,6110.616666666666
CUST009268,6,58016.55,63.0,2025-11-12 23:23:03,9669.425000000001
CUST002461,5,38390.96,47.0,2025-10-22 14:18:31,7678.192
CUST003949,10,76665.7,70.0,2025-10-30 08:21:09,7666.57
CUST001758,5,55835.84,50.0,2025-12-26 10:09:49,11167.168
CUST000034,4,47639.96,49.0,2025-12-21 16:10:24,11909.99
CUST007353,4,21086.39,26.0,2025-07-24 05:30:17,5271.5975
CUST001190,8,66116.29999999999,64.0,2025-12-30 10:59:37,8264.537499999999
CUST007830,8,41785.61,53.0,2025-12-01 16:27:22,5223.20125
CUST007837,7,77630.48,84.0,2025-12-18 12:06:23,11090.06857142857
CUST001981,2,5029.88,4.0,2025-12-17 14:40:24,2514.94
CUST006973,7,65990.63,73.0,2025-12-29 20:19:06,9427.232857142857
CUST007554,7,54610.54,62.0,2025-11-26 09:12:55,7801.505714285714
CUST001537,5,25499.04,28.0,2025-09-18 18:15:22,5099.808
CUST001238,8,32187.699999999997,36.0,2025-12-30 19:09:06,4023.4624999999996
CUST008734,6,52859.479999999996,64.0,2025-11-09 16:05:33,8809.913333333332
CUST004252,7,49889.049999999996,69.0,2025-11-22 18:44:57,7127.007142857142
CUST008504,7,54447.159999999996,70.0,2025-12-19 01:39:45,7778.165714285714
CUST009932,3,7055.610000000001,15.0,2025-12-16 14:50:25,2351.8700000000003
CUST009442,4,43352.17,42.0,2025-12-17 08:54:55,10838.0425
CUST001840,7,46752.8,51.0,2025-11-23 08:24:08,6678.971428571429
CUST001218,3,21340.699999999997,18.0,2025-12-18 17:50:39,7113.566666666666
CUST000785,4,33277.79000000001,36.0,2025-06-01 16:50:47,8319.447500000002
CUST008432,7,62299.33,65.0,2025-12-26 13:48:36,8899.904285714287
CUST006300,5,23649.98,29.0,2025-12-29 06:02:56,4729.996
CUST008658,5,27524.660000000003,48.0,2025-11-29 21:32:17,5504.932000000001
CUST007997,8,64450.36,73.0,2025-12-07 19:05:12,8056.295
CUST005471,6,42809.41,50.0,2025-12-05 18:06:07,7134.901666666668
CUST008308,4,30057.05,34.0,2025-09-16 18:47:11,7514.2625
CUST000255,4,42643.07,42.0,2025-11-05 04:07:10,10660.7675
CUST008181,4,28765.519999999997,33.0,2025-11-20 23:41:26,7191.379999999999
CUST008489,4,14888.28,19.0,2025-07-27 12:32:38,3722.07
CUST003367,0,,,,0.0
CUST005112,0,,,,0.0
CUST007339,1,16554.07,13.0,2025-06-19 16:25:21,16554.07
CUST006902,7,66693.76000000001,61.0,2025-12-03 15:09:41,9527.680000000002
CUST009988,5,38234.21,39.0,2025-11-23 15:31:12,7646.842
CUST002882,8,83613.86000000002,91.0,2025-12-13 13:26:30,10451.732500000002
CUST003599,9,60399.10999999999,63.0,2025-11-24 08:08:07,6711.012222222222
CUST005020,9,78512.96,94.0,2025-12-03 00:46:15,8723.662222222223
CUST003968,5,46430.26,55.0,2025-05-17 16:39:09,9286.052
CUST004462,8,60410.05,65.0,2025-11-12 08:00:44,7551.25625
CUST008622,9,36840.82000000001,50.0,2025-10-16 04:32:56,4093.4244444444453
CUST000186,9,47708.13,54.0,2025-10-19 00:14:36,5300.903333333333
CUST005786,4,48323.8,52.0,2025-10-04 19:04:17,12080.95
CUST004103,3,14260.71,19.0,2025-12-20 21:35:20,4753.57
CUST001603,10,91482.40999999999,98.0,2025-11-24 19:20:53,9148.240999999998
CUST001288,11,79287.69,86.0,2025-11-05 11:50:01,7207.971818181818
CUST000176,5,34199.36,44.0,2025-12-22 16:42:14,6839.872
CUST006615,6,41584.369999999995,43.0,2025-11-27 17:09:51,6930.728333333333
CUST004948,4,15838.01,25.0,2025-10-23 06:55:45,3959.5025
CUST006233,5,71928.09999999999,62.0,2025-11-28 21:17:14,14385.619999999999
CUST002543,5,40955.89,43.0,2025-10-24 02:11:10,8191.178
CUST008564,7,52059.1,54.0,2025-12-29 07:48:27,7437.0142857142855
CUST003759,7,75574.93,71.0,2025-10-20 03:17:05,10796.41857142857
CUST005085,8,59143.6,65.0,2025-08-09 23:09:13,7392.95
CUST008387,7,52841.82000000001,59.0,2025-12-15 16:05:04,7548.83142857143
CUST009852,9,69637.56,75.0,2025-12-21 05:29:17,7737.506666666666
CUST005918,9,72465.2,93.0,2025-12-31 10:13:26,8051.688888888889
CUST000280,4,53356.39,52.0,2025-11-06 15:51:34,13339.0975
CUST000831,5,45359.45,42.0,2025-11-23 11:08:21,9071.89
CUST006771,6,36739.149999999994,44.0,2025-12-08 04:10:36,6123.191666666666
CUST009396,4,25668.769999999997,31.0,2025-09-05 10:23:50,6417.192499999999
CUST009362,4,44402.07,43.0,2025-11-23 05:36:05,11100.5175
CUST002941,6,46266.75000000001,37.0,2025-11-19 05:42:47,7711.125000000001
CUST000037,6,38183.4,45.0,2025-12-12 01:58:20,6363.900000000001
CUST001691,3,24060.21,21.0,2025-10-10 13:01:49,8020.07
CUST008184,5,50876.229999999996,52.0,2025-12-17 04:48:30,10175.246
CUST001819,4,22640.71,36.0,2025-07-29 13:32:06,5660.1775
CUST009373,4,49798.78,42.0,2025-11-11 03:59:38,12449.695
CUST004701,5,15617.52,22.0,2025-12-03 06:33:13,3123.504
CUST004802,5,32853.56,33.0,2025-10-05 21:06:50,6570.7119999999995
CUST003170,9,43946.55,65.0,2025-12-22 16:08:34,4882.950000000001
CUST004589,6,47037.51999999999,45.0,2025-08-24 11:40:43,7839.586666666665
CUST004168,5,83689.35,74.0,2025-12-07 12:57:30,16737.870000000003
CUST008728,8,53233.69,58.0,2025-09-28 18:12:28,6654.21125
CUST004501,7,63576.18000000001,67.0,2025-12-29 11:45:38,9082.31142857143
CUST003522,7,64776.78,77.0,2025-11-24 13:10:11,9253.825714285715
CUST009207,8,62940.68,53.0,2025-08-15 20:57:29,7867.585
CUST000895,5,44432.17,47.0,2025-12-28 13:44:45,8886.434
CUST003650,3,21910.21,27.0,2025-09-24 13:42:01,7303.403333333333
CUST003601,5,41579.39,49.0,2025-12-19 21:02:25,8315.878
CUST002262,4,19092.43,33.0,2025-07-28 22:54:47,4773.1075
CUST003212,7,62529.060000000005,62.0,2025-12-12 17:34:45,8932.722857142859
CUST000624,6,80450.81,84.0,2025-08-19 11:58:07,13408.468333333332
CUST009905,5,29098.82,31.0,2025-10-14 14:45:04,5819.764
CUST003311,7,72016.20999999999,73.0,2025-11-30 06:39:26,10288.029999999999
CUST003077,5,51340.07,63.0,2025-09-21 05:01:39,10268.014
CUST009660,4,33854.78,36.0,2025-09-29 15:16:08,8463.695
CUST004561,7,68498.46,63.0,2025-11-18 19:08:16,9785.494285714287
CUST004177,10,88163.41,93.0,2025-12-30 12:49:04,8816.341
CUST001931,5,48061.69,51.0,2025-11-11 17:49:09,9612.338
CUST008008,6,57882.08,61.0,2025-10-08 18:14:12,9647.013333333334
CUST001513,7,39190.04000000001,44.0,2025-10-24 22:59:46,5598.577142857144
CUST004023,3,39395.2,38.0,2025-08-14 02:51:17,13131.733333333332
CUST002720,6,53849.270000000004,59.0,2025-09-26 12:13:09,8974.878333333334
CUST000764,5,35033.64,33.0,2025-12-29 04:27:08,7006.728
CUST000938,3,13731.37,14.0,2025-11-26 12:28:24,4577.123333333334
CUST007174,3,25593.83,31.0,2025-09-26 20:48:34,8531.276666666667
CUST004484,6,44537.93000000001,41.0,2025-08-26 03:26:33,7422.988333333335
CUST002923,6,31482.989999999998,27.0,2025-10-29 07:15:08,5247.165
CUST007597,1,5160.37,7.0,2025-03-05 05:41:27,5160.37
CUST002876,4,21013.66,24.0,2025-12-19 12:10:43,5253.415
CUST003883,7,48254.17,49.0,2025-08-22 18:55:34,6893.452857142857
CUST004634,9,99963.97,106.0,2025-11-20 12:36:14,11107.107777777777
CUST008472,3,19082.489999999998,21.0,2025-08-23 01:24:20,6360.829999999999
CUST004354,7,45344.95,49.0,2025-10-17 06:05:07,6477.849999999999
CUST008204,4,41562.509999999995,31.0,2025-07-12 03:59:45,10390.627499999999
CUST001120,7,60089.0,62.0,2025-12-09 06:55:05,8584.142857142857
CUST002801,5,52941.22,54.0,2025-12-16 21:50:09,10588.244
CUST009081,7,58588.22,66.0,2025-12-16 18:41:08,8369.745714285715
CUST004310,6,61582.23,72.0,2025-11-14 18:45:02,10263.705
CUST002553,8,73397.07,76.0,2025-10-29 12:57:50,9174.63375
CUST001952,4,33772.13,26.0,2025-12-19 01:49:17,8443.0325
CUST007337,2,4967.5599999999995,7.0,2025-10-23 12:10:57,2483.7799999999997
CUST005303,3,16834.370000000003,19.0,2025-08-14 21:40:25,5611.456666666668
CUST002864,4,60749.28,51.0,2025-08-14 02:00:36,15187.32
CUST000065,5,60228.42,57.0,2025-12-18 05:54:43,12045.684
CUST000151,6,58822.46000000001,56.0,2025-11-22 09:35:30,9803.743333333334
CUST002693,5,59908.98999999999,67.0,2025-07-26 17:00:54,11981.797999999999
CUST009610,8,101743.16,98.0,2025-12-24 16:33:55,12717.895
CUST008076,4,28983.469999999998,42.0,2025-08-17 01:10:37,7245.867499999999
CUST000360,9,75939.42000000001,82.0,2025-12-28 09:14:01,8437.713333333335
CUST008811,4,38920.869999999995,38.0,2025-05-25 10:36:46,9730.217499999999
CUST005493,7,41509.58,43.0,2025-12-24 15:26:26,5929.9400000000005
CUST007328,11,80341.76,95.0,2025-12-30 16:00:34,7303.796363636363
CUST002782,7,70676.81,68.0,2025-12-18 00:20:34,10096.687142857143
CUST003620,3,14644.89,22.0,2025-10-19 21:49:55,4881.63
CUST005431,5,48368.979999999996,43.0,2025-12-20 19:47:58,9673.795999999998
CUST003904,3,13417.83,25.0,2025-11-18 08:48:59,4472.61
CUST006710,6,77568.93000000001,70.0,2025-11-19 21:28:04,12928.155
CUST001302,4,54322.619999999995,50.0,2025-11-20 11:52:21,13580.654999999999
CUST001985,3,29819.300000000003,25.0,2025-07-08 20:22:49,9939.766666666668
CUST003368,4,34301.91,45.0,2025-12-04 07:16:25,8575.4775
CUST009310,1,16527.91,13.0,2025-10-25 21:53:42,16527.91
CUST009464,4,31611.39,34.0,2025-12-23 17:23:10,7902.8475
CUST004706,6,50908.36,57.0,2025-12-27 15:34:01,8484.726666666667
CUST001733,8,78860.53,79.0,2025-12-02 04:56:57,9857.56625
CUST001546,6,62568.04000000001,54.0,2025-12-02 03:41:01,10428.006666666668
CUST001118,5,50413.85,42.0,2025-10-12 10:37:36,10082.77
CUST009035,8,91153.42000000001,96.0,2025-10-26 13:10:49,11394.177500000002
CUST004596,5,36751.119999999995,36.0,2025-08-16 09:41:33,7350.223999999999
CUST003771,7,37314.03,40.0,2025-12-25 11:40:05,5330.575714285714
CUST000657,6,41251.1,51.0,2025-12-30 05:14:13,6875.183333333333
CUST000354,7,77184.36000000002,76.0,2025-11-25 00:11:36,11026.337142857144
CUST000414,6,55926.32,59.0,2025-10-21 02:06:46,9321.053333333333
CUST004376,4,57644.92,50.0,2025-12-21 16:01:33,14411.23
CUST007397,3,32445.370000000003,34.0,2025-10-18 21:52:19,10815.123333333335
CUST004860,6,62638.170000000006,56.0,2025-12-23 11:26:19,10439.695000000002
CUST008105,7,54397.89,56.0,2025-09-09 19:10:48,7771.127142857143
CUST008452,11,90346.36,101.0,2025-12-21 04:53:34,8213.305454545454
CUST009376,13,121618.92000000001,122.0,2025-12-26 18:17:50,9355.30153846154
CUST003412,8,72579.92000000001,84.0,2025-11-23 00:19:12,9072.490000000002
CUST006325,7,56049.850000000006,68.0,2025-11-10 01:48:49,8007.1214285714295
CUST004433,4,47463.22,42.0,2025-12-17 22:40:16,11865.805
CUST003970,11,82456.91,76.0,2025-12-22 14:06:32,7496.082727272727
CUST000322,9,97058.20000000001,103.0,2025-11-10 22:19:34,10784.244444444446
CUST004752,8,48846.03,53.0,2025-10-22 18:11:10,6105.75375
CUST003615,6,37887.170000000006,38.0,2025-12-27 09:09:35,6314.528333333335
CUST001818,4,35510.28,43.0,2025-11-03 15:13:41,8877.57
CUST007872,5,40869.159999999996,48.0,2025-11-04 01:11:53,8173.831999999999
CUST005141,8,46699.54,52.0,2025-08-10 20:01:29,5837.4425
CUST009788,4,49421.91,51.0,2025-12-03 14:21:27,12355.4775
CUST005234,5,44927.05,51.0,2025-12-23 17:26:14,8985.41
CUST002155,6,61459.060000000005,55.0,2025-12-14 04:33:36,10243.176666666668
CUST000474,9,65360.61,67.0,2025-12-25 18:03:42,7262.29
CUST006606,3,21461.25,20.0,2025-06-09 14:06:41,7153.75
CUST006660,9,73583.28,87.0,2025-12-15 02:48:05,8175.92
CUST004016,4,30749.43,38.0,2025-11-04 07:17:47,7687.3575
CUST009978,3,4656.799999999999,5.0,2025-09-30 10:21:52,1552.2666666666664
CUST004430,3,24914.64,27.0,2025-12-30 15:55:59,8304.88
CUST000873,6,57395.630000000005,56.0,2025-11-27 17:17:41,9565.938333333334
CUST002368,4,42192.8,43.0,2025-11-06 07:30:30,10548.2
CUST008443,5,52549.94,59.0,2025-09-24 11:59:05,10509.988000000001
CUST004077,8,33067.42,51.0,2025-12-25 16:51:24,4133.4275
CUST005549,5,41239.95,41.0,2025-07-28 19:48:12,8247.99
CUST002906,5,30464.339999999997,36.0,2025-12-21 06:53:31,6092.8679999999995
CUST007728,4,13747.170000000002,24.0,2025-09-18 05:31:31,3436.7925000000005
CUST001127,6,30516.04,36.0,2025-10-30 10:43:56,5086.006666666667
CUST004871,12,87172.26999999999,94.0,2025-12-30 13:22:01,7264.355833333332
CUST007273,4,51935.259999999995,53.0,2025-11-27 22:02:21,12983.814999999999
CUST008738,4,50755.810000000005,48.0,2025-05-28 16:11:44,12688.952500000001
CUST006894,7,38816.43,56.0,2025-09-14 07:25:19,5545.204285714286
CUST005377,6,37814.9,41.0,2025-12-14 05:45:37,6302.483333333334
CUST005937,7,43455.72,44.0,2025-09-24 18:40:08,6207.96
CUST008416,5,50654.38,54.0,2025-10-28 02:09:41,10130.876
CUST005878,7,31137.25,43.0,2025-11-22 12:12:30,4448.178571428572
CUST001167,6,53988.9,45.0,2025-12-28 08:00:08,8998.15
CUST005573,7,50577.33,69.0,2025-08-10 15:42:54,7225.332857142857
CUST004533,8,54282.95,69.0,2025-08-17 07:48:19,6785.36875
CUST009862,8,63683.08,88.0,2025-07-13 00:01:24,7960.385
CUST001626,3,9036.01,15.0,2025-11-07 02:15:00,3012.0033333333336
CUST006564,3,31307.34,36.0,2025-10-29 02:08:34,10435.78
CUST003345,6,67722.65,70.0,2025-12-26 09:19:01,11287.108333333332
CUST007005,6,69063.39,67.0,2025-10-15 15:48:49,11510.565
CUST005487,4,41900.270000000004,52.0,2025-12-14 07:07:42,10475.067500000001
CUST009845,7,61204.36,61.0,2025-10-23 09:53:32,8743.48
CUST002165,10,70793.2,90.0,2025-11-08 06:24:07,7079.32
CUST008608,7,32836.130000000005,34.0,2025-11-28 06:16:53,4690.875714285715
CUST003679,13,74705.17,96.0,2025-12-07 15:16:49,5746.551538461538
CUST001629,6,63268.020000000004,72.0,2025-12-24 12:52:12,10544.67
CUST008662,4,37792.86,44.0,2025-12-09 07:20:15,9448.215
CUST008865,4,31374.99,31.0,2025-08-31 06:24:41,7843.7475
CUST002026,7,69567.6,70.0,2025-07-18 22:45:40,9938.228571428572
CUST002183,4,37688.509999999995,40.0,2025-11-16 20:55:49,9422.127499999999
CUST002724,5,47325.479999999996,48.0,2025-11-22 06:33:56,9465.096
CUST000398,2,2539.8999999999996,4.0,2025-12-02 20:48:43,1269.9499999999998
CUST002692,6,49270.04000000001,66.0,2025-12-16 19:48:25,8211.673333333334
CUST007022,4,33113.52,32.0,2025-12-29 10:27:30,8278.38
CUST005384,5,46924.86,58.0,2025-12-08 04:17:53,9384.972
CUST003689,6,41483.350000000006,45.0,2025-12-15 18:47:53,6913.891666666667
CUST008133,6,45291.66,53.0,2025-11-22 18:06:19,7548.610000000001
CUST001048,9,69761.38,67.0,2025-12-26 23:31:25,7751.264444444445
CUST001821,4,39509.0,43.0,2025-11-26 22:34:47,9877.25
CUST002872,7,49846.409999999996,57.0,2025-09-23 11:49:33,7120.915714285714
CUST006061,6,52713.200000000004,57.0,2025-07-14 07:53:01,8785.533333333335
CUST005932,7,54565.83,48.0,2025-12-31 18:11:35,7795.118571428572
CUST007033,4,30300.149999999998,39.0,2025-10-31 03:39:10,7575.037499999999
CUST002603,7,69715.98000000001,79.0,2025-11-27 01:35:13,9959.425714285715
CUST005849,5,44278.65,49.0,2025-11-10 06:14:07,8855.73
CUST003003,8,85139.59000000001,71.0,2025-12-24 17:31:22,10642.448750000001
CUST004400,4,48062.33,39.0,2025-11-27 21:08:15,12015.5825
CUST000408,10,82070.69,101.0,2025-11-25 07:35:56,8207.069
CUST000908,5,36458.31,48.0,2025-10-19 20:04:27,7291.661999999999
CUST007307,3,12538.010000000002,16.0,2025-10-12 00:04:59,4179.336666666667
CUST008966,3,25128.41,28.0,2025-11-17 07:00:06,8376.136666666667
CUST009148,4,16011.560000000001,23.0,2025-10-15 22:19:38,4002.8900000000003
CUST006002,11,69061.3,85.0,2025-09-12 05:31:00,6278.3
CUST002897,5,48922.78,58.0,2025-11-26 13:45:12,9784.556
CUST007463,5,20265.22,30.0,2025-12-13 17:48:29,4053.0440000000003
CUST003391,6,40065.479999999996,47.0,2025-09-25 16:09:57,6677.579999999999
CUST008518,6,40223.53999999999,41.0,2025-12-24 05:01:38,6703.923333333332
CUST007769,5,56157.090000000004,45.0,2025-08-09 15:36:22,11231.418000000001
CUST005125,2,10160.96,9.0,2025-10-10 08:24:54,5080.48
CUST004055,4,31936.02,41.0,2025-11-07 23:56:18,7984.005
CUST003638,3,18898.67,25.0,2025-11-29 02:42:47,6299.556666666666
CUST000383,6,49822.850000000006,42.0,2025-12-09 20:23:46,8303.808333333334
CUST004638,5,26766.39,34.0,2025-10-25 08:06:47,5353.278
CUST005222,6,41420.26,62.0,2025-12-03 04:06:38,6903.376666666667
CUST009514,4,40213.909999999996,46.0,2025-06-26 07:01:11,10053.477499999999
CUST009427,6,74172.59999999999,72.0,2025-12-24 02:07:45,12362.099999999999
CUST009129,3,13032.32,23.0,2025-09-27 23:19:21,4344.106666666667
CUST005205,8,53559.45,52.0,2025-11-05 22:26:11,6694.93125
CUST002636,5,32618.130000000005,32.0,2025-12-27 08:54:51,6523.626000000001
CUST008665,10,69756.84,72.0,2025-12-21 12:09:11,6975.683999999999
CUST006693,6,49991.42999999999,51.0,2025-12-12 10:08:26,8331.904999999999
CUST000329,6,61161.49,57.0,2025-09-19 11:57:46,10193.581666666667
CUST001334,4,34145.89,29.0,2025-11-28 13:30:40,8536.4725
CUST000931,6,49093.8,47.0,2025-10-30 15:12:20,8182.3
CUST002475,12,121036.48,118.0,2025-12-26 03:26:30,10086.373333333333
CUST002896,5,34760.79,47.0,2025-12-26 13:22:33,6952.158
CUST003177,7,63316.91999999999,72.0,2025-09-07 04:48:31,9045.274285714284
CUST009951,4,50102.420000000006,48.0,2025-07-31 22:16:29,12525.605000000001
CUST003128,2,6654.02,7.0,2025-05-20 01:53:03,3327.01
CUST001835,6,65306.26,63.0,2025-10-01 23:49:44,10884.376666666667
CUST003634,6,47802.91,47.0,2025-12-10 08:54:21,7967.151666666668
CUST002085,7,58043.44,63.0,2025-10-25 00:55:46,8291.92
CUST001224,2,4618.4,5.0,2025-08-10 18:10:20,2309.2
CUST008229,8,70795.05,86.0,2025-12-08 08:16:47,8849.38125
CUST004253,4,20849.71,24.0,2025-11-06 05:44:38,5212.4275
CUST001664,3,14084.43,12.0,2025-05-10 02:03:35,4694.81
CUST006268,5,65116.899999999994,53.0,2025-10-25 13:51:15,13023.38
CUST005521,3,23923.129999999997,21.0,2025-09-03 12:48:15,7974.376666666666
CUST008524,6,57797.72,59.0,2025-08-25 20:42:47,9632.953333333333
CUST009547,5,48379.020000000004,45.0,2025-09-21 13:44:17,9675.804
CUST001900,5,33403.479999999996,35.0,2025-12-31 15:18:13,6680.695999999999
CUST006352,8,67977.59,73.0,2025-12-13 05:44:10,8497.19875
CUST006725,4,13790.300000000001,19.0,2025-12-26 13:54:12,3447.5750000000003
CUST000620,6,53936.88,54.0,2025-11-06 12:03:44,8989.48
CUST006834,6,38975.53,52.0,2025-10-11 06:21:02,6495.921666666666
CUST006959,10,77056.74,78.0,2025-12-06 10:14:26,7705.674000000001
CUST002091,2,7547.67,11.0,2025-12-23 07:11:57,3773.835
CUST002380,6,35798.64,35.0,2025-07-29 13:23:07,5966.44
CUST002676,5,66714.22,61.0,2025-12-10 06:29:24,13342.844000000001
CUST003413,5,41381.96,45.0,2025-12-05 16:56:19,8276.392
CUST003549,11,98671.69,92.0,2025-11-07 14:06:58,8970.153636363637
CUST006541,10,89936.48000000001,83.0,2025-12-30 00:40:46,8993.648000000001
CUST005432,4,24036.309999999998,29.0,2025-09-16 18:10:39,6009.077499999999
CUST005239,7,65168.92999999999,69.0,2025-12-19 00:42:12,9309.847142857141
CUST002284,7,47203.35,54.0,2025-11-05 04:15:12,6743.335714285714
CUST004477,7,71849.29000000001,85.0,2025-12-23 17:15:00,10264.184285714287
CUST002059,6,57455.159999999996,56.0,2025-12-08 20:07:11,9575.859999999999
CUST005834,7,63506.18,72.0,2025-12-31 22:03:50,9072.31142857143
CUST003139,6,54847.24,57.0,2025-12-16 03:59:19,9141.206666666667
CUST002351,5,46830.74,54.0,2025-12-24 14:46:06,9366.148
CUST009945,6,39152.649999999994,44.0,2025-09-18 10:26:31,6525.441666666666
CUST002238,6,48152.600000000006,49.0,2025-12-25 06:48:18,8025.433333333334
CUST007973,4,10130.81,20.0,2025-11-17 22:15:35,2532.7025
CUST007649,6,62848.619999999995,60.0,2025-12-18 08:06:33,10474.769999999999
CUST004365,7,44425.130000000005,42.0,2025-06-29 03:00:08,6346.447142857143
CUST002154,13,83989.35999999999,78.0,2025-12-31 20:10:09,6460.719999999999
CUST007945,5,44531.380000000005,42.0,2025-10-07 15:48:33,8906.276000000002
CUST000645,10,93847.71,108.0,2025-12-02 13:08:21,9384.771
CUST002087,3,15469.339999999998,27.0,2025-12-29 07:17:39,5156.446666666666
CUST009715,6,68471.01000000001,65.0,2025-10-29 17:22:11,11411.835000000001
CUST002612,8,75046.06,69.0,2025-11-19 07:40:07,9380.7575
CUST002661,5,61031.509999999995,61.0,2025-09-06 11:24:28,12206.302
CUST004249,3,36790.5,34.0,2025-08-28 21:14:18,12263.5
CUST002772,4,25667.600000000002,25.0,2025-10-15 18:18:10,6416.900000000001
CUST004844,10,103509.97,106.0,2025-12-31 23:34:46,10350.997
CUST000780,11,102805.14000000001,102.0,2025-12-06 11:20:03,9345.92181818182
CUST001030,2,14181.46,17.0,2025-06-25 16:31:13,7090.73
CUST003670,3,20139.58,20.0,2025-10-14 02:31:25,6713.193333333334
CUST005189,9,108272.23999999999,109.0,2025-11-10 21:45:47,12030.248888888887
CUST005424,9,89003.32999999999,93.0,2025-11-26 11:49:27,9889.258888888888
CUST000810,6,61800.24,60.0,2025-11-17 07:27:27,10300.039999999999
CUST001402,3,31724.659999999996,34.0,2025-08-20 03:35:22,10574.886666666665
CUST007789,10,95932.24,107.0,2025-11-24 11:08:36,9593.224
CUST007111,9,119084.15000000002,105.0,2025-12-19 05:09:07,13231.572222222225
CUST001501,4,28175.99,32.0,2025-12-07 02:07:53,7043.9975
CUST000127,3,36447.67,32.0,2025-12-02 08:12:32,12149.223333333333
CUST008011,4,29974.769999999997,26.0,2025-12-23 20:43:36,7493.692499999999
CUST001652,6,38407.03,34.0,2025-12-12 04:45:24,6401.171666666666
CUST007796,5,68529.01000000001,72.0,2025-12-30 02:18:35,13705.802000000001
CUST002691,4,38930.01,42.0,2025-12-24 16:31:41,9732.5025
CUST007710,7,59220.6,59.0,2025-11-28 04:26:34,8460.085714285715
CUST002023,9,87382.5,93.0,2025-12-18 23:17:15,9709.166666666666
CUST003465,5,41135.22,48.0,2025-12-27 15:50:01,8227.044
CUST008660,7,71793.95,72.0,2025-12-18 12:46:20,10256.278571428571
CUST006388,5,41443.119999999995,43.0,2025-11-20 18:09:21,8288.624
CUST002950,12,101037.93,124.0,2025-12-12 19:41:05,8419.8275
CUST007521,10,77389.13999999998,78.0,2025-11-28 03:57:29,7738.913999999999
CUST000640,5,48472.61,63.0,2025-09-17 22:56:19,9694.522
CUST000522,11,103478.62,89.0,2025-11-10 00:24:55,9407.147272727272
CUST001039,4,27922.5,34.0,2025-08-16 07:04:46,6980.625
CUST005282,3,53039.25,49.0,2025-07-30 03:09:21,17679.75
CUST001986,10,93503.98999999999,87.0,2025-12-22 18:26:24,9350.399
CUST008916,8,56154.98,66.0,2025-12-24 06:02:31,7019.3725
CUST000561,8,63617.03999999999,81.0,2025-11-03 22:25:14,7952.129999999999
CUST002990,6,62198.84,51.0,2025-09-17 06:50:49,10366.473333333333
CUST004208,2,20310.799999999996,16.0,2025-06-19 21:10:25,10155.399999999998
CUST006143,5,57302.57,49.0,2025-12-23 04:59:00,11460.514
CUST003860,3,34616.4,36.0,2025-12-22 11:47:03,11538.800000000001
CUST001784,7,56759.96000000001,58.0,2025-09-06 17:20:18,8108.565714285715
CUST008912,3,31908.19,28.0,2025-10-21 09:01:38,10636.063333333334
CUST008106,5,57846.649999999994,52.0,2025-08-20 14:34:59,11569.329999999998
CUST009133,6,28051.800000000003,31.0,2025-12-18 05:06:47,4675.3
CUST008607,6,46888.61,51.0,2025-12-13 05:05:08,7814.768333333333
CUST000949,6,33528.93,35.0,2025-11-20 01:38:54,5588.155
CUST000239,8,82139.91,82.0,2025-11-28 12:15:51,10267.48875
CUST007096,7,64957.06,55.0,2025-12-27 04:40:40,9279.58
CUST003380,8,81527.81999999999,88.0,2025-11-26 10:32:57,10190.977499999999
CUST009493,5,69804.87,64.0,2025-12-04 17:57:13,13960.973999999998
CUST006187,3,32707.37,34.0,2025-12-24 05:56:59,10902.456666666667
CUST001677,4,44515.01,42.0,2025-10-18 00:43:11,11128.7525
CUST005202,7,51488.810000000005,48.0,2025-11-22 02:43:55,7355.544285714286
CUST008231,2,33705.96,24.0,2025-08-18 09:33:09,16852.98
CUST004808,2,14331.18,20.0,2025-04-01 11:04:16,7165.59
CUST003256,7,38924.73999999999,44.0,2025-10-05 18:20:52,5560.677142857142
CUST005928,4,29845.969999999998,31.0,2025-11-16 08:13:57,7461.492499999999
CUST004579,6,44839.52,54.0,2025-12-28 13:22:07,7473.253333333333
CUST008064,5,61016.33,57.0,2025-12-20 21:04:16,12203.266
CUST002695,5,23486.240000000005,30.0,2025-11-21 20:05:55,4697.248000000001
CUST007396,3,8417.29,16.0,2025-03-11 13:26:05,2805.763333333334
CUST007338,5,38770.34,48.0,2025-12-31 13:54:39,7754.067999999999
CUST002502,8,58947.62000000001,68.0,2025-11-23 06:54:19,7368.452500000001
CUST005111,10,69500.67,87.0,2025-11-04 23:03:04,6950.067
CUST000014,7,58297.57,56.0,2025-12-08 17:43:36,8328.224285714286
CUST001777,7,37057.06,45.0,2025-11-30 23:33:01,5293.865714285714
CUST009677,8,62001.12000000001,64.0,2025-12-26 21:35:07,7750.140000000001
CUST007832,10,91851.87,87.0,2025-12-10 03:20:32,9185.187
CUST001370,7,39930.9,37.0,2025-07-06 05:53:46,5704.414285714286
CUST008395,9,55099.29999999999,64.0,2025-11-08 14:57:44,6122.144444444443
CUST003809,8,81727.0,87.0,2025-12-03 21:36:19,10215.875
CUST000183,7,45356.0,50.0,2025-11-17 10:32:44,6479.428571428572
CUST002728,8,81378.58,76.0,2025-11-06 21:55:45,10172.3225
CUST003917,8,60974.65,61.0,2025-12-13 03:07:26,7621.83125
CUST001488,7,62813.66,69.0,2025-10-14 22:12:03,8973.380000000001
CUST003486,6,34874.31,49.0,2025-12-02 02:59:10,5812.384999999999
CUST002265,11,75063.12,88.0,2025-12-23 09:38:48,6823.919999999999
CUST007264,9,75872.74,77.0,2025-12-14 20:12:51,8430.304444444446
CUST008036,7,44338.26,52.0,2025-12-09 03:38:56,6334.037142857143
CUST004398,3,26894.52,26.0,2025-02-16 02:27:22,8964.84
CUST008925,7,72677.59,70.0,2025-09-26 04:00:13,10382.512857142856
CUST006799,4,23507.58,28.0,2025-11-23 12:24:30,5876.895
CUST006501,8,63487.5,69.0,2025-12-15 12:25:01,7935.9375
CUST006033,11,83751.91,96.0,2025-12-26 06:53:42,7613.81
CUST000123,6,59424.62999999999,55.0,2025-11-05 20:45:26,9904.104999999998
CUST005527,10,62271.31999999999,69.0,2025-06-18 06:42:09,6227.132
CUST009201,6,65196.76,71.0,2025-11-15 11:51:33,10866.126666666667
CUST003515,5,41317.27,45.0,2025-11-23 09:36:20,8263.454
CUST006466,5,53570.37,57.0,2025-11-01 20:25:59,10714.074
CUST000965,4,13936.89,20.0,2025-08-28 17:08:48,3484.2225
CUST006356,3,41027.159999999996,42.0,2025-10-22 01:46:12,13675.72
CUST004364,8,78393.59999999999,78.0,2025-12-26 19:58:03,9799.199999999999
CUST009336,5,30669.63,44.0,2025-12-06 07:42:53,6133.926
CUST009875,11,91285.24999999999,91.0,2025-12-28 17:58:16,8298.65909090909
CUST000615,5,62775.69000000001,71.0,2025-11-23 10:45:28,12555.138000000003
CUST003830,9,78526.66,69.0,2025-11-26 19:07:21,8725.184444444445
CUST008102,5,45668.45,47.0,2025-10-04 16:45:16,9133.689999999999
CUST008757,6,71234.33,76.0,2025-12-17 10:34:15,11872.388333333334
CUST005774,5,27250.909999999996,25.0,2025-12-14 00:27:47,5450.181999999999
CUST001687,5,24057.450000000004,27.0,2025-10-28 09:15:34,4811.490000000001
CUST003806,8,66618.98999999999,64.0,2025-12-29 05:43:17,8327.373749999999
CUST002795,2,15570.210000000001,26.0,2025-09-29 20:42:52,7785.1050000000005
CUST009044,2,7958.93,6.0,2025-06-16 01:48:03,3979.465
CUST008061,10,63150.810000000005,64.0,2025-11-16 04:58:19,6315.081
CUST006744,9,64244.75,83.0,2025-11-25 09:25:03,7138.305555555556
CUST001143,5,62388.61,55.0,2025-11-07 05:26:22,12477.722
CUST005366,12,91614.98,92.0,2025-11-29 06:55:09,7634.581666666666
CUST005449,0,,,,0.0
CUST008675,9,97528.96,90.0,2025-09-04 02:23:55,10836.551111111112
CUST009844,8,78916.98000000001,66.0,2025-10-30 07:05:38,9864.622500000001
CUST003188,8,52394.53,53.0,2025-12-20 03:41:36,6549.31625
CUST001456,7,59007.69,54.0,2025-12-20 19:15:59,8429.67
CUST004698,5,43679.21000000001,39.0,2025-08-31 04:50:00,8735.842
CUST007329,5,56434.2,53.0,2025-07-14 22:45:07,11286.84
CUST005499,9,89188.0,88.0,2025-12-20 15:29:08,9909.777777777777
CUST004497,5,32212.27,46.0,2025-12-27 00:49:42,6442.454
CUST001452,7,64196.729999999996,76.0,2025-12-15 10:48:27,9170.961428571429
CUST008284,6,72827.48999999999,55.0,2025-10-22 10:33:09,12137.914999999999
CUST002462,11,90179.84,88.0,2025-11-18 06:42:44,8198.167272727273
CUST007411,12,89626.32,95.0,2025-12-25 16:04:57,7468.860000000001
CUST004893,6,64331.93,63.0,2025-11-02 02:31:07,10721.988333333333
CUST008073,4,30910.499999999996,28.0,2025-11-30 00:26:12,7727.624999999999
CUST002969,7,51112.270000000004,56.0,2025-10-06 10:42:23,7301.7528571428575
CUST006043,6,50184.06999999999,61.0,2025-11-09 17:21:06,8364.011666666665
CUST003911,5,45574.11,54.0,2025-12-17 00:39:30,9114.822
CUST009633,6,43207.03999999999,54.0,2025-12-18 17:11:58,7201.173333333332
CUST009909,9,53959.990000000005,74.0,2025-08-08 08:40:22,5995.554444444445
CUST002971,6,53422.9,52.0,2025-12-22 22:42:32,8903.816666666668
CUST005226,3,10240.630000000001,10.0,2025-03-18 14:47:01,3413.5433333333335
CUST007738,3,9838.640000000001,19.0,2025-10-26 13:55:16,3279.546666666667
CUST000204,5,29111.68,51.0,2025-07-22 16:47:12,5822.336
CUST004598,3,14048.189999999999,17.0,2025-07-05 09:09:08,4682.73
CUST006597,11,89305.20000000001,96.0,2025-12-05 11:44:28,8118.654545454547
CUST006600,1,8410.869999999999,9.0,2025-11-20 22:16:33,8410.869999999999
CUST003297,7,34568.29,44.0,2025-10-12 16:15:05,4938.327142857143
CUST005894,5,33309.04000000001,34.0,2025-11-09 06:48:54,6661.808000000002
CUST006647,7,57909.89000000001,61.0,2025-07-27 18:16:31,8272.84142857143
CUST004608,3,28539.940000000002,32.0,2025-05-20 01:18:05,9513.313333333334
CUST008502,7,42659.950000000004,54.0,2025-11-19 01:11:01,6094.278571428572
CUST002758,7,55837.04000000001,66.0,2025-11-19 10:03:31,7976.720000000001
CUST000860,7,63021.74999999999,58.0,2025-11-04 08:07:16,9003.107142857141
CUST009544,5,41009.130000000005,46.0,2025-12-19 08:06:07,8201.826000000001
CUST003613,5,42492.74,37.0,2025-12-06 22:02:10,8498.547999999999
CUST002420,7,50856.43000000001,62.0,2025-10-04 05:20:09,7265.204285714287
CUST004193,2,20949.6,26.0,2025-09-21 12:43:32,10474.8
CUST000335,6,65036.65,57.0,2025-12-03 06:11:51,10839.441666666668
CUST004332,3,23019.320000000003,26.0,2025-05-16 09:01:18,7673.1066666666675
CUST002181,4,49100.3,39.0,2025-10-17 09:07:12,12275.075
CUST004328,7,67388.11,68.0,2025-11-30 16:35:05,9626.872857142856
CUST009941,11,121564.6,116.0,2025-10-31 08:32:16,11051.327272727272
CUST002454,3,34036.399999999994,33.0,2025-04-06 10:37:49,11345.466666666665
CUST005048,4,22267.870000000003,26.0,2025-11-12 18:29:24,5566.967500000001
CUST005178,3,17543.03,18.0,2025-12-27 01:50:03,5847.676666666666
CUST000654,6,43730.77,53.0,2025-11-09 08:14:24,7288.461666666666
CUST008579,9,89639.72,83.0,2025-09-20 20:01:35,9959.968888888889
CUST007023,3,17956.010000000002,26.0,2025-11-19 23:43:22,5985.336666666667
CUST002497,10,93976.58000000002,102.0,2025-11-22 15:51:36,9397.658000000001
CUST005348,7,46418.3,50.0,2025-10-04 22:27:59,6631.185714285714
CUST002483,5,35836.350000000006,48.0,2025-10-11 08:13:31,7167.270000000001
CUST001888,8,75789.92,82.0,2025-09-18 14:43:27,9473.74
CUST006090,4,61654.31999999999,57.0,2025-11-13 08:41:53,15413.579999999998
CUST007416,8,79591.57,76.0,2025-11-13 23:45:14,9948.94625
CUST009321,9,93685.13,94.0,2025-12-18 11:21:59,10409.45888888889
CUST007786,9,73109.23,71.0,2025-12-20 21:44:38,8123.247777777778
CUST004936,8,55446.39,63.0,2025-12-03 22:10:20,6930.79875
CUST002588,2,7913.58,13.0,2025-11-16 07:51:49,3956.79
CUST008692,4,39474.729999999996,38.0,2025-10-19 16:40:59,9868.682499999999
CUST002757,7,54108.259999999995,69.0,2025-10-22 22:36:29,7729.751428571428
CUST002231,12,87290.39,86.0,2025-12-20 12:50:52,7274.199166666666
CUST000083,6,34372.42,39.0,2025-10-28 05:50:55,5728.736666666667
CUST004835,5,46752.990000000005,46.0,2025-12-01 14:32:51,9350.598000000002
CUST003506,3,29170.72,27.0,2025-11-04 03:21:00,9723.573333333334
CUST004091,7,53326.4,59.0,2025-12-06 22:30:19,7618.057142857143
CUST004315,6,65589.33,65.0,2025-11-26 12:06:29,10931.555
CUST005631,2,32794.34,31.0,2025-12-21 01:28:39,16397.17
CUST008095,3,42343.24,37.0,2025-06-29 19:10:47,14114.413333333332
CUST000296,8,63385.649999999994,78.0,2025-12-12 02:32:44,7923.206249999999
CUST002937,3,21984.66,21.0,2025-11-16 12:43:53,7328.22
CUST006481,11,94318.13,95.0,2025-11-22 14:40:57,8574.375454545456
CUST000503,8,46523.03999999999,54.0,2025-12-09 12:40:15,5815.379999999999
CUST005868,3,34777.899999999994,44.0,2025-03-25 11:36:58,11592.633333333331
CUST000905,7,61268.64,66.0,2025-11-17 14:53:11,8752.662857142857
CUST008455,7,43367.85,48.0,2025-11-14 15:24:43,6195.407142857142
CUST001590,4,24446.940000000002,35.0,2025-11-15 14:19:19,6111.735000000001
CUST005157,3,14690.91,21.0,2025-05-24 11:29:49,4896.97
CUST003867,7,68335.59999999999,69.0,2025-12-06 16:56:52,9762.22857142857
CUST009473,6,37696.74,45.0,2025-12-17 07:04:25,6282.79
CUST002767,4,28509.309999999998,37.0,2025-11-08 04:01:34,7127.327499999999
CUST008758,6,45702.96,53.0,2025-12-13 21:51:29,7617.16
CUST004681,7,59958.479999999996,66.0,2025-11-17 05:54:56,8565.497142857143
CUST005808,8,53970.9,72.0,2025-12-05 17:19:48,6746.3625
CUST005859,6,35129.79,48.0,2025-12-07 21:13:41,5854.965
CUST008945,9,80947.26999999999,87.0,2025-10-06 02:45:23,8994.14111111111
CUST002276,7,58616.399999999994,66.0,2025-12-01 10:42:18,8373.771428571428
CUST005408,6,47764.299999999996,61.0,2025-08-27 22:22:39,7960.716666666666
CUST000475,4,34079.259999999995,41.0,2025-12-12 07:18:14,8519.814999999999
CUST001993,6,50241.869999999995,51.0,2025-09-29 10:56:55,8373.644999999999
CUST007566,5,33292.66,38.0,2025-11-23 21:03:01,6658.532000000001
CUST007139,5,31065.469999999998,51.0,2025-11-20 02:24:42,6213.093999999999
CUST005229,6,34202.92,39.0,2025-10-09 14:25:32,5700.486666666667
CUST008311,5,61960.28,70.0,2025-11-09 01:58:41,12392.056
CUST008839,12,65546.36000000002,83.0,2025-12-27 06:54:40,5462.196666666668
CUST004389,10,60938.83,81.0,2025-12-10 00:16:36,6093.883
CUST001786,8,60761.18000000001,61.0,2025-10-06 23:26:54,7595.147500000001
CUST009624,5,42672.45999999999,48.0,2025-08-14 11:20:27,8534.491999999998
CUST001159,6,39884.14,37.0,2025-11-10 19:08:19,6647.356666666667
CUST007928,8,59319.770000000004,75.0,2025-10-31 16:28:12,7414.9712500000005
CUST001447,7,76063.38,70.0,2025-12-16 01:41:07,10866.197142857143
CUST001589,8,92685.77,86.0,2025-10-07 04:27:46,11585.72125
CUST000116,8,44811.11,46.0,2025-12-25 17:15:14,5601.38875
CUST002623,8,66545.12999999999,68.0,2025-12-25 10:44:37,8318.141249999999
CUST004670,6,50457.98,48.0,2025-12-08 08:11:11,8409.663333333334
CUST005641,2,14758.56,13.0,2025-06-30 20:06:49,7379.28
CUST000358,3,17824.579999999998,24.0,2025-09-30 01:23:53,5941.526666666666
CUST006563,3,28767.87,30.0,2025-11-06 13:22:38,9589.289999999999
CUST008534,12,100724.28,113.0,2025-12-18 11:09:40,8393.69
CUST003835,8,62667.619999999995,76.0,2025-12-03 22:35:53,7833.452499999999
CUST004476,10,92575.05,106.0,2025-12-15 20:03:31,9257.505000000001
CUST004813,4,38391.049999999996,49.0,2025-07-14 01:38:10,9597.762499999999
CUST008951,9,51944.65,60.0,2025-11-17 13:01:18,5771.627777777778
CUST003009,11,99979.54,87.0,2025-12-29 08:51:18,9089.04909090909
CUST005712,5,62749.509999999995,64.0,2025-10-24 17:37:24,12549.901999999998
CUST009743,6,55380.09,49.0,2025-10-10 22:21:01,9230.015
CUST004723,10,70825.64,71.0,2025-11-17 05:33:46,7082.564
CUST001636,6,30236.1,35.0,2025-12-31 16:37:57,5039.349999999999
CUST007461,2,6977.32,10.0,2025-06-12 15:00:47,3488.66
CUST004612,7,57672.43,72.0,2025-11-23 02:30:04,8238.918571428572
CUST006838,9,80836.54000000001,82.0,2025-10-01 09:59:09,8981.837777777779
CUST006029,5,51883.07,52.0,2025-12-13 05:32:14,10376.614
CUST006791,7,48380.95999999999,52.0,2025-10-24 10:27:19,6911.5657142857135
CUST007026,6,51070.990000000005,47.0,2025-10-31 07:56:24,8511.831666666667
CUST008880,6,94473.25,104.0,2025-10-09 15:16:01,15745.541666666666
CUST007557,3,11531.78,12.0,2025-09-10 18:50:30,3843.9266666666667
CUST003706,2,21771.910000000003,19.0,2025-12-16 16:02:13,10885.955000000002
CUST002333,7,47558.28,49.0,2025-12-22 10:19:15,6794.04
CUST004971,7,38046.1,51.0,2025-11-19 15:42:47,5435.157142857142
CUST005491,4,44236.759999999995,54.0,2025-08-28 00:10:37,11059.189999999999
CUST001378,2,10379.119999999999,12.0,2025-09-07 10:36:29,5189.5599999999995
CUST003080,9,95025.81,87.0,2025-12-21 08:01:23,10558.423333333332
CUST000205,6,48567.31,58.0,2025-08-10 09:08:55,8094.551666666666
CUST005592,3,29027.17,25.0,2025-08-29 20:03:13,9675.723333333333
CUST002878,10,85185.81,89.0,2025-12-19 14:09:58,8518.581
CUST004353,7,65492.21,67.0,2025-09-25 11:46:45,9356.03
CUST000495,5,46767.79,65.0,2025-11-27 09:03:30,9353.558
CUST000036,4,52985.32,64.0,2025-09-11 21:38:34,13246.33
CUST003115,6,57298.8,49.0,2025-11-12 17:25:07,9549.800000000001
CUST009519,8,74815.59999999999,82.0,2025-09-29 06:36:33,9351.949999999999
CUST001635,7,42786.240000000005,45.0,2025-11-25 23:44:49,6112.320000000001
CUST000750,9,108869.35,107.0,2025-12-24 21:16:15,12096.594444444445
CUST001132,4,39430.22,42.0,2025-12-11 18:01:15,9857.555
CUST004245,5,28090.35,27.0,2025-09-30 23:30:23,5618.07
CUST002662,8,53828.08,59.0,2025-12-19 08:17:01,6728.51
CUST000272,8,46271.509999999995,46.0,2025-10-30 20:47:51,5783.938749999999
CUST005771,8,74802.39,81.0,2025-12-29 11:45:21,9350.29875
CUST003735,7,60472.08000000001,56.0,2025-09-25 07:07:34,8638.868571428573
CUST008965,5,42292.92,51.0,2025-12-01 01:54:42,8458.583999999999
CUST002477,4,26843.199999999997,27.0,2025-12-16 02:15:51,6710.799999999999
CUST006956,6,32672.25,35.0,2025-12-06 19:05:38,5445.375
CUST000397,6,52625.71,58.0,2025-09-17 13:16:54,8770.951666666666
CUST002076,3,37256.04,34.0,2025-10-10 03:57:43,12418.68
CUST007349,7,52086.92999999999,59.0,2025-10-28 11:34:40,7440.989999999999
CUST005397,4,25440.28,19.0,2025-10-15 14:57:55,6360.07
CUST004645,5,51902.98,51.0,2025-07-10 12:07:14,10380.596000000001
CUST001706,12,75925.88,76.0,2025-12-28 04:49:33,6327.156666666667
CUST000578,2,14217.97,12.0,2025-10-08 18:50:10,7108.985
CUST007287,6,49324.16,57.0,2025-11-11 14:33:22,8220.693333333335
CUST004904,4,27149.559999999998,29.0,2025-12-07 14:09:37,6787.389999999999
CUST001877,5,20609.059999999998,18.0,2025-12-04 01:33:38,4121.812
CUST003576,10,63142.439999999995,65.0,2025-12-27 04:23:50,6314.244
CUST002046,6,30015.260000000002,45.0,2025-12-25 15:10:59,5002.543333333334
CUST003969,6,61221.39,51.0,2025-11-17 02:29:21,10203.565
CUST005102,4,13665.9,34.0,2025-12-30 20:29:04,3416.475
CUST006491,4,24721.46,29.0,2025-12-16 15:33:38,6180.365
CUST003901,2,26768.14,27.0,2025-07-19 20:28:35,13384.07
CUST001850,6,51993.09,57.0,2025-12-04 23:05:50,8665.515
CUST009394,3,18018.72,31.0,2025-07-31 11:47:12,6006.240000000001
CUST009865,6,36768.02,39.0,2025-07-09 17:06:21,6128.003333333333
CUST007145,5,54355.67,59.0,2025-10-23 19:58:14,10871.134
CUST002472,6,46909.71,60.0,2025-10-05 18:43:44,7818.285
CUST004482,8,49723.08,65.0,2025-06-25 23:04:29,6215.385
CUST007642,5,36934.740000000005,41.0,2025-12-29 02:15:41,7386.948000000001
CUST008376,7,48664.28,57.0,2025-12-09 14:20:12,6952.04
CUST001632,14,116811.73000000001,119.0,2025-11-17 23:00:12,8343.695000000002
CUST000364,4,20412.369999999995,21.0,2025-11-06 10:38:26,5103.092499999999
CUST006796,8,85007.14000000001,91.0,2025-12-12 00:25:27,10625.892500000002
CUST006522,9,73940.96,80.0,2025-12-01 03:33:57,8215.662222222223
CUST002299,9,87466.81,82.0,2025-11-22 17:58:43,9718.534444444444
CUST000577,5,68659.61,54.0,2025-09-03 06:07:23,13731.922
CUST005467,6,54921.990000000005,61.0,2025-11-05 17:47:15,9153.665
CUST009004,8,72015.44,85.0,2025-12-25 00:08:06,9001.93
CUST000864,8,79153.32,67.0,2025-12-11 05:38:50,9894.165
CUST008873,3,22686.63,21.0,2025-07-25 06:00:55,7562.21
CUST003985,7,75565.18,75.0,2025-12-26 01:01:54,10795.025714285714
CUST001814,4,31890.37,33.0,2025-12-31 09:43:37,7972.5925
CUST001630,5,45526.09,64.0,2025-11-28 16:14:44,9105.217999999999
CUST007418,7,68991.84,68.0,2025-09-23 00:34:09,9855.977142857142
CUST000729,8,43859.21000000001,57.0,2025-11-27 18:16:50,5482.401250000001
CUST004296,4,30613.290000000005,28.0,2025-11-19 10:43:18,7653.322500000001
CUST006297,6,42787.95999999999,45.0,2025-09-25 06:18:33,7131.326666666665
CUST006247,6,53482.05,69.0,2025-11-26 02:13:25,8913.675000000001
CUST001750,7,28585.02,40.0,2025-12-26 05:13:03,4083.574285714286
CUST006516,7,55298.14,57.0,2025-12-07 13:51:17,7899.734285714286
CUST006434,4,56426.67000000001,49.0,2025-11-27 17:33:06,14106.667500000003
CUST000676,8,67745.07,78.0,2025-11-26 19:10:12,8468.13375
CUST009260,7,46726.259999999995,56.0,2025-12-22 22:33:21,6675.179999999999
CUST003393,7,80736.91,81.0,2025-11-30 12:41:43,11533.844285714285
CUST002945,5,41780.35,47.0,2025-11-25 11:28:04,8356.07
CUST009065,4,54382.42,52.0,2025-11-08 01:13:38,13595.605
CUST003150,2,14747.43,22.0,2025-12-30 10:07:13,7373.715
CUST009159,4,25820.390000000003,34.0,2025-10-14 09:50:20,6455.097500000001
CUST000586,10,63026.90000000001,62.0,2025-12-18 05:04:29,6302.6900000000005
CUST007508,5,44392.01,47.0,2025-06-22 19:56:08,8878.402
CUST008896,5,32201.370000000003,25.0,2025-11-20 23:58:04,6440.274
CUST007834,8,51960.36,52.0,2025-11-14 19:49:18,6495.045
CUST007810,4,47066.3,56.0,2025-12-11 15:31:05,11766.575
CUST000001,10,101214.90999999999,114.0,2025-12-02 12:22:07,10121.490999999998
CUST000597,6,29508.039999999997,34.0,2025-11-14 18:37:16,4918.006666666666
CUST009892,8,60182.770000000004,56.0,2025-12-04 06:00:00,7522.8462500000005
CUST008776,8,57903.19,69.0,2025-12-25 03:38:44,7237.89875
CUST007647,9,68292.11000000002,78.0,2025-12-23 22:27:15,7588.0122222222235
CUST000582,5,25291.25,34.0,2025-11-15 06:50:22,5058.25
CUST007662,9,77755.13,74.0,2025-10-31 23:05:52,8639.45888888889
CUST004762,6,37823.29,45.0,2025-12-04 23:12:01,6303.881666666667
CUST009005,2,8388.87,13.0,2025-12-15 03:37:15,4194.435
CUST000613,3,14631.86,25.0,2025-09-11 21:27:07,4877.286666666667
CUST002359,4,26456.19,31.0,2025-07-17 07:02:34,6614.0475
CUST007209,7,83922.04,80.0,2025-12-05 15:11:32,11988.862857142856
CUST004665,8,77000.89,96.0,2025-12-15 03:33:57,9625.11125
CUST008347,4,38185.729999999996,38.0,2025-07-14 03:30:03,9546.432499999999
CUST007871,9,65977.13,63.0,2025-12-13 04:15:59,7330.792222222222
CUST002017,9,78662.82,89.0,2025-12-31 17:16:54,8740.313333333334
CUST003534,2,6146.759999999999,16.0,2025-10-31 21:00:10,3073.3799999999997
CUST005606,4,22055.379999999997,24.0,2025-09-28 21:34:28,5513.844999999999
CUST000109,5,41721.770000000004,64.0,2025-12-16 08:40:35,8344.354000000001
CUST005350,6,29607.33,34.0,2025-12-26 06:13:46,4934.555
CUST002748,6,47850.259999999995,48.0,2025-11-16 07:13:11,7975.043333333332
CUST003257,6,70323.9,57.0,2025-11-23 08:39:56,11720.65
CUST007916,7,50378.58,52.0,2025-12-11 01:23:59,7196.9400000000005
CUST005688,6,51218.99,57.0,2025-11-26 08:03:06,8536.498333333333
CUST001595,5,44883.42,50.0,2025-12-13 07:59:43,8976.684
CUST005892,5,31377.980000000003,30.0,2025-09-09 23:51:23,6275.5960000000005
CUST006803,6,60392.34,55.0,2025-09-29 14:28:18,10065.39
CUST006907,8,82550.05,88.0,2025-10-20 12:40:12,10318.75625
CUST007863,5,31018.0,36.0,2025-08-02 23:26:40,6203.6
CUST005480,5,23469.850000000002,21.0,2025-12-10 22:55:05,4693.97
CUST006231,8,77363.8,77.0,2025-11-09 17:41:47,9670.475
CUST004649,5,22058.46,28.0,2025-12-08 14:37:30,4411.692
CUST007097,6,42239.72,47.0,2025-11-06 16:27:23,7039.953333333334
CUST001765,8,101889.31,89.0,2025-12-10 08:04:02,12736.16375
CUST002673,5,39368.54,48.0,2025-12-21 09:28:39,7873.7080000000005
CUST007825,5,54823.70999999999,44.0,2025-11-17 10:13:22,10964.741999999998
CUST004672,2,14700.660000000002,21.0,2025-11-27 17:42:30,7350.330000000001
CUST001227,6,33433.25,43.0,2025-11-03 12:42:32,5572.208333333333
CUST005300,6,46091.81,44.0,2025-12-10 07:04:14,7681.968333333333
CUST006663,4,18829.699999999997,29.0,2025-06-17 19:19:00,4707.424999999999
CUST001258,1,9891.79,16.0,2025-02-24 08:05:34,9891.79
CUST004691,3,17675.44,31.0,2025-12-12 01:40:06,5891.813333333333
CUST001421,8,79053.3,89.0,2025-12-27 23:12:12,9881.6625
CUST000649,4,34128.82,36.0,2025-11-28 14:03:11,8532.205
CUST008079,7,46599.78,56.0,2025-12-01 20:27:35,6657.111428571428
CUST006194,8,49918.62,68.0,2025-12-16 02:13:26,6239.8275
CUST002960,7,45133.17999999999,51.0,2025-11-09 05:23:54,6447.597142857142
CUST003630,10,96268.45000000001,103.0,2025-12-18 14:47:57,9626.845000000001
CUST000042,6,79937.79000000001,86.0,2025-07-31 01:46:50,13322.965000000002
CUST005836,7,60941.95,58.0,2025-08-31 21:52:24,8705.992857142857
CUST001260,3,26747.96,35.0,2025-12-25 22:32:00,8915.986666666666
CUST004509,8,69245.77,71.0,2025-10-14 03:40:23,8655.72125
CUST005164,6,58016.92,60.0,2025-11-24 11:23:05,9669.486666666666
CUST006462,4,26515.11,31.0,2025-12-20 21:03:13,6628.7775
CUST000143,8,77858.2,69.0,2025-12-06 10:44:44,9732.275
CUST008132,8,61974.86,75.0,2025-12-28 21:21:45,7746.8575
CUST000906,6,73209.47,69.0,2025-11-05 12:54:16,12201.578333333333
CUST003568,4,35459.270000000004,44.0,2025-12-20 07:22:07,8864.817500000001
CUST000484,7,78907.85,61.0,2025-08-09 23:43:05,11272.550000000001
CUST009382,3,25325.86,33.0,2025-03-29 12:32:21,8441.953333333333
CUST003785,5,53739.82,55.0,2025-09-22 22:47:45,10747.964
BAD_CUST_5647,4,46658.490000000005,39.0,2025-12-17 10:56:25,11664.622500000001
CUST009942,5,56737.229999999996,63.0,2025-12-21 19:14:43,11347.446
CUST009683,7,60386.28999999999,62.0,2025-11-01 15:40:56,8626.612857142856
CUST002136,9,95125.85999999999,97.0,2025-12-16 21:27:32,10569.539999999999
CUST004949,3,29628.46,32.0,2025-08-27 06:27:40,9876.153333333334
CUST006639,4,40070.67,38.0,2025-09-14 11:50:24,10017.6675
CUST001369,4,44172.08,62.0,2025-12-03 23:40:55,11043.02
CUST008159,5,40381.78,41.0,2025-11-26 07:34:22,8076.356
BAD_CUST_2965,4,27483.09,36.0,2025-12-23 23:21:04,6870.7725
CUST003716,8,45458.939999999995,48.0,2025-12-15 00:27:04,5682.367499999999
CUST001907,4,28383.059999999998,30.0,2025-09-25 17:52:25,7095.764999999999
CUST009938,8,62608.43000000001,85.0,2025-08-21 11:50:26,7826.053750000001
CUST001615,5,39116.19,46.0,2025-11-25 18:26:10,7823.238
CUST001915,5,23733.82,36.0,2025-11-10 20:08:35,4746.764
CUST003943,3,28779.67,36.0,2025-11-30 03:53:12,9593.223333333333
CUST006295,5,42874.89,36.0,2025-08-18 02:05:03,8574.978
CUST004826,3,43288.71000000001,41.0,2025-07-07 05:12:53,14429.570000000002
CUST008113,5,46742.26000000001,56.0,2025-10-26 01:04:39,9348.452000000001
CUST009936,5,93305.82999999999,83.0,2025-07-13 22:07:17,18661.165999999997
CUST005839,7,62790.33,65.0,2025-12-07 02:58:06,8970.047142857144
CUST008527,5,42553.42999999999,44.0,2025-11-24 03:50:17,8510.685999999998
CUST000101,6,20745.23,35.0,2025-11-19 15:52:08,3457.5383333333334
CUST005832,5,47467.87,45.0,2025-10-12 02:00:13,9493.574
CUST008203,4,32223.03,33.0,2025-09-01 02:40:36,8055.7575
CUST005076,8,66295.78,67.0,2025-08-29 23:32:47,8286.9725
CUST008591,6,58667.2,64.0,2025-10-11 18:19:02,9777.866666666667
CUST000452,5,49972.55,52.0,2025-11-28 10:24:23,9994.51
CUST002593,11,82038.98000000001,75.0,2025-07-31 13:22:15,7458.089090909092
CUST008141,9,55845.25,60.0,2025-12-05 07:42:13,6205.027777777777
CUST001541,8,57317.130000000005,68.0,2025-11-28 11:28:05,7164.641250000001
CUST001577,9,60211.58,59.0,2025-12-13 09:28:39,6690.175555555556
CUST007152,6,61295.67,74.0,2025-12-20 16:18:40,10215.945
CUST000444,3,16648.07,16.0,2025-09-06 12:42:16,5549.356666666667
CUST006949,2,23021.39,23.0,2025-04-01 03:14:42,11510.695
CUST004373,9,87406.37,99.0,2025-12-26 20:15:29,9711.818888888889
CUST006822,8,70372.3,72.0,2025-09-29 21:39:56,8796.5375
CUST004213,4,40507.130000000005,36.0,2025-07-31 01:34:21,10126.782500000001
CUST005180,5,34743.15,32.0,2025-11-19 10:46:41,6948.63
CUST001000,5,57829.50000000001,51.0,2025-11-19 16:19:35,11565.900000000001
CUST001114,4,25922.719999999998,27.0,2025-11-10 06:53:00,6480.679999999999
CUST000821,6,50522.4,64.0,2025-09-09 23:24:12,8420.4
CUST003645,8,57304.82000000001,61.0,2025-10-31 20:38:53,7163.102500000001
CUST004763,8,68047.96,74.0,2025-12-05 03:29:44,8505.995
CUST005478,5,28657.809999999998,32.0,2025-09-13 21:47:44,5731.562
CUST001967,8,62551.240000000005,71.0,2025-12-09 22:38:49,7818.905000000001
CUST007083,9,65749.58,62.0,2025-11-22 00:44:35,7305.5088888888895
CUST009900,6,47349.49999999999,36.0,2025-11-29 01:37:28,7891.583333333332
CUST001942,6,40499.5,55.0,2025-12-30 14:07:55,6749.916666666667
CUST007383,6,53878.44,53.0,2025-10-26 23:36:09,8979.74
CUST000260,7,46797.19,47.0,2025-12-02 15:47:39,6685.312857142858
CUST002258,4,18858.84,24.0,2025-07-30 04:32:26,4714.71
CUST009636,7,46383.92,60.0,2025-11-30 17:49:11,6626.274285714286
CUST005146,4,26732.629999999997,25.0,2025-10-14 15:08:34,6683.157499999999
CUST006918,6,23602.8,28.0,2025-10-17 03:15:42,3933.7999999999997
CUST008514,5,26491.629999999997,32.0,2025-08-31 16:36:12,5298.325999999999
CUST008523,12,81264.22,91.0,2025-12-25 17:41:05,6772.018333333333
CUST009798,6,57418.26,60.0,2025-05-22 23:52:42,9569.710000000001
CUST004549,7,61831.409999999996,52.0,2025-10-30 00:08:06,8833.058571428572
CUST002269,9,105422.2,109.0,2025-12-24 22:45:23,11713.577777777777
CUST006171,5,39160.909999999996,46.0,2025-12-06 16:04:05,7832.181999999999
CUST001462,5,71164.57,64.0,2025-12-13 12:06:41,14232.914
CUST006428,4,39487.05,36.0,2025-12-18 03:38:29,9871.7625
CUST003644,11,86499.31,118.0,2025-12-18 12:55:10,7863.573636363636
CUST003448,7,59453.85,66.0,2025-12-18 09:45:32,8493.407142857142
CUST002120,7,59164.350000000006,75.0,2025-12-21 13:10:56,8452.050000000001
CUST007429,5,29636.239999999998,33.0,2025-10-15 20:59:31,5927.248
CUST008630,7,59725.01,59.0,2025-12-21 16:53:40,8532.144285714287
CUST004912,5,32857.39,41.0,2025-12-12 01:46:10,6571.478
CUST002902,9,65584.86,57.0,2025-12-17 05:43:03,7287.206666666667
CUST006871,5,27420.21,41.0,2025-12-22 18:37:08,5484.0419999999995
CUST004840,9,62125.380000000005,70.0,2025-12-01 18:38:41,6902.820000000001
CUST001441,8,56024.159999999996,64.0,2025-12-06 04:43:52,7003.0199999999995
CUST004861,4,38629.96,41.0,2025-08-17 01:15:18,9657.49
CUST003270,5,31786.0,41.0,2025-11-20 15:36:04,6357.2
CUST008685,8,92067.43,91.0,2025-12-06 05:25:53,11508.42875
CUST007853,9,98015.54000000001,99.0,2025-12-20 01:20:59,10890.615555555556
CUST007857,5,15890.510000000002,22.0,2025-10-23 06:49:58,3178.1020000000003
CUST008751,3,36179.11,32.0,2025-10-20 12:27:13,12059.703333333333
CUST006603,9,62041.81999999999,86.0,2025-12-03 18:08:36,6893.535555555554
CUST003919,4,48355.07,51.0,2025-10-09 16:42:46,12088.7675
CUST003814,8,58474.64,60.0,2025-12-31 13:10:25,7309.33
CUST009370,7,37728.66,45.0,2025-09-12 04:28:40,5389.808571428572
CUST002301,8,102466.23999999999,92.0,2025-10-11 05:31:52,12808.279999999999
CUST003278,4,32464.300000000003,42.0,2025-07-15 06:26:39,8116.075000000001
CUST009717,6,40801.14,48.0,2025-12-31 18:40:24,6800.19
CUST003172,6,70232.19,61.0,2025-07-27 05:05:17,11705.365
CUST008529,5,40592.71000000001,42.0,2025-11-02 19:13:22,8118.542000000001
CUST002526,6,59736.49,62.0,2025-08-06 20:57:17,9956.081666666667
CUST006067,6,49930.17,58.0,2025-11-25 22:59:52,8321.695
CUST000027,9,56682.52,81.0,2025-12-09 21:03:48,6298.057777777777
CUST008031,7,17056.77,24.0,2025-12-24 02:13:57,2436.6814285714286
CUST009324,6,64534.19,62.0,2025-08-26 02:10:17,10755.698333333334
CUST003742,6,59077.76,59.0,2025-12-14 23:46:20,9846.293333333333
CUST005084,10,81821.45,84.0,2025-10-24 05:18:14,8182.1449999999995
CUST000113,13,99082.11000000002,123.0,2025-09-15 22:11:29,7621.700769230771
CUST004304,4,18923.84,20.0,2025-11-01 13:10:59,4730.96
CUST000874,10,97487.62,98.0,2025-12-02 22:02:01,9748.761999999999
CUST003962,8,66359.2,64.0,2025-11-14 20:21:40,8294.9
CUST002027,6,29401.059999999998,47.0,2025-09-30 01:54:26,4900.176666666666
CUST009258,5,37341.87,43.0,2025-11-24 02:47:57,7468.374000000001
CUST006550,3,18096.03,20.0,2025-12-04 19:36:55,6032.009999999999
CUST000154,7,60438.51000000001,56.0,2025-12-02 08:43:48,8634.072857142859
CUST005629,9,44885.67,65.0,2025-11-10 13:18:12,4987.296666666666
CUST002698,6,53776.48,49.0,2025-08-12 03:26:07,8962.746666666668
CUST003244,7,35698.29,48.0,2025-11-20 06:39:34,5099.755714285714
CUST009910,6,48166.729999999996,47.0,2025-12-04 22:25:03,8027.788333333333
CUST006961,5,48418.13,52.0,2025-11-11 15:47:15,9683.626
CUST002529,10,58468.97,66.0,2025-12-27 17:18:47,5846.897
CUST009270,9,71346.41,75.0,2025-11-21 12:27:49,7927.378888888889
CUST008988,8,72335.48999999999,67.0,2025-08-23 11:38:06,9041.936249999999
CUST008136,3,37229.71,35.0,2025-09-16 22:28:07,12409.903333333334
CUST000994,6,36598.75,40.0,2025-12-30 09:47:25,6099.791666666667
CUST006023,4,32008.79,47.0,2025-07-06 06:35:05,8002.1975
CUST008304,4,27893.12,35.0,2025-11-21 14:49:26,6973.28
CUST001388,6,35965.22,39.0,2025-12-03 05:42:47,5994.203333333334
CUST004889,7,51429.03,55.0,2025-12-12 00:34:23,7347.004285714285
CUST008917,6,63186.01,67.0,2025-11-25 02:49:11,10531.001666666667
CUST007683,3,7954.81,14.0,2025-12-02 18:52:17,2651.6033333333335
CUST001640,9,78511.98000000001,82.0,2025-11-24 11:29:07,8723.553333333335
CUST004076,8,76000.47,82.0,2025-12-08 10:31:26,9500.05875
CUST007263,5,40093.810000000005,38.0,2025-09-08 16:24:59,8018.762000000001
CUST003957,8,67105.65,81.0,2025-11-17 08:14:28,8388.20625
CUST003325,4,27433.82,31.0,2025-12-13 11:24:02,6858.455
CUST007113,2,19450.15,21.0,2025-06-02 21:12:27,9725.075
CUST005958,4,27711.65,26.0,2025-10-12 22:21:03,6927.9125
CUST008245,6,41361.649999999994,42.0,2025-11-11 09:45:59,6893.608333333333
CUST003705,5,50922.71,53.0,2025-12-16 07:44:45,10184.542
CUST001197,5,34029.42,38.0,2025-10-23 02:44:11,6805.884
CUST000816,6,37992.939999999995,48.0,2025-07-21 19:24:33,6332.156666666666
CUST007020,6,75969.23999999999,83.0,2025-05-29 04:46:14,12661.539999999999
CUST009445,4,64527.62,53.0,2025-11-13 08:33:27,16131.905
CUST003864,7,56690.869999999995,59.0,2025-11-26 20:36:34,8098.695714285714
CUST009600,8,46289.670000000006,50.0,2025-08-28 17:40:51,5786.208750000001
CUST002077,14,135856.63,127.0,2025-12-05 20:47:14,9704.045
CUST009601,3,16704.399999999998,18.0,2025-08-01 17:45:16,5568.133333333332
CUST009213,9,86773.91,89.0,2025-09-28 09:52:00,9641.545555555556
CUST000894,7,62443.68,63.0,2025-12-29 13:59:59,8920.525714285714
CUST000877,5,48609.42,59.0,2025-09-08 01:35:35,9721.884
CUST007493,5,60829.92,59.0,2025-12-24 04:39:37,12165.984
CUST002189,8,66551.10999999999,62.0,2025-11-24 00:24:54,8318.888749999998
CUST000880,7,40382.14,55.0,2025-12-29 12:57:13,5768.877142857143
CUST007800,6,44887.27,47.0,2025-12-02 20:27:03,7481.211666666666
CUST006394,8,104422.98999999999,94.0,2025-11-16 14:52:52,13052.873749999999
CUST003286,6,76047.05,68.0,2025-09-29 12:17:39,12674.508333333333
CUST009474,7,38744.46,45.0,2025-11-13 20:01:09,5534.922857142857
CUST003206,8,56916.340000000004,63.0,2025-12-14 00:49:43,7114.5425000000005
CUST003443,7,59501.71000000001,55.0,2025-09-12 03:44:09,8500.244285714287
CUST006631,8,87273.77,87.0,2025-08-25 22:02:00,10909.22125
CUST003498,5,42372.03,48.0,2025-10-12 09:21:26,8474.405999999999
CUST005280,6,36411.92,57.0,2025-10-29 13:47:49,6068.653333333333
CUST000964,6,51224.05,45.0,2025-12-29 13:31:03,8537.341666666667
CUST009327,6,40977.13,42.0,2025-09-13 23:29:32,6829.5216666666665
CUST008063,4,17364.399999999998,20.0,2025-10-14 08:04:23,4341.099999999999
CUST007374,4,20023.18,27.0,2025-12-01 12:01:26,5005.795
CUST003254,7,51605.64,52.0,2025-12-17 09:24:43,7372.234285714286
CUST001624,5,43261.62,41.0,2025-11-11 17:43:31,8652.324
CUST005790,8,56336.31999999999,54.0,2025-09-25 01:19:26,7042.039999999999
CUST001739,6,62573.53,60.0,2025-12-18 22:12:58,10428.921666666667
CUST006403,4,23347.370000000003,25.0,2025-09-23 08:23:40,5836.842500000001
CUST007310,9,69986.56,65.0,2025-12-25 04:31:12,7776.2844444444445
CUST003652,7,45276.6,52.0,2025-08-01 00:32:38,6468.085714285714
CUST000245,2,21406.93,21.0,2025-10-31 10:13:37,10703.465
CUST007535,7,58440.8,54.0,2025-12-23 05:24:44,8348.685714285715
CUST008348,3,30396.129999999997,34.0,2025-10-05 04:58:08,10132.043333333333
CUST009318,8,74401.97,70.0,2025-11-14 15:34:25,9300.24625
CUST006598,4,36569.89,35.0,2025-10-17 19:53:17,9142.4725
CUST008486,10,75502.40000000001,83.0,2025-12-19 21:20:38,7550.240000000001
CUST004314,4,43442.75,33.0,2025-11-22 17:29:53,10860.6875
CUST006169,4,26103.69,32.0,2025-12-17 11:31:41,6525.9225
CUST001928,12,110356.33,113.0,2025-12-11 03:22:17,9196.360833333334
CUST009242,6,27129.110000000004,36.0,2025-12-17 12:09:29,4521.518333333334
CUST006326,9,102136.96000000002,106.0,2025-11-20 13:34:13,11348.551111111114
CUST001801,6,51431.600000000006,67.0,2025-09-04 20:11:24,8571.933333333334
CUST005514,6,33107.5,38.0,2025-10-10 15:39:33,5517.916666666667
CUST008225,9,88897.99,77.0,2025-12-11 13:49:28,9877.554444444446
CUST003591,4,32242.52,33.0,2025-12-14 13:01:45,8060.63
CUST007359,4,54403.03,54.0,2025-12-26 22:30:26,13600.7575
CUST002263,6,51010.64,60.0,2025-10-29 10:48:40,8501.773333333333
CUST004454,9,101956.72999999998,95.0,2025-11-30 19:20:30,11328.525555555554
CUST007439,6,39742.33,52.0,2025-12-14 09:23:24,6623.721666666667
CUST001480,3,27878.89,19.0,2025-10-12 11:42:51,9292.963333333333
CUST004975,5,65081.88,55.0,2025-09-19 06:01:27,13016.376
CUST001637,13,94000.88,116.0,2025-10-17 04:37:18,7230.836923076923
CUST000141,9,51180.16,57.0,2025-12-17 10:39:55,5686.684444444445
CUST002014,6,58980.97,64.0,2025-11-27 23:26:15,9830.161666666667
CUST000161,7,58698.23,61.0,2025-09-12 00:42:48,8385.461428571429
CUST009224,9,32111.020000000004,49.0,2025-11-15 17:26:52,3567.8911111111115
CUST008006,6,36712.030000000006,39.0,2025-12-14 20:42:16,6118.671666666668
CUST000591,7,85157.88,90.0,2025-12-28 09:42:06,12165.41142857143
CUST007031,5,55039.75,45.0,2025-12-09 00:00:51,11007.95
CUST009533,3,24979.109999999997,27.0,2025-11-22 21:35:29,8326.369999999999
CUST003118,5,31403.97,32.0,2025-12-15 22:49:34,6280.794
CUST000297,6,56037.979999999996,64.0,2025-09-12 06:27:38,9339.663333333332
CUST007996,5,20780.760000000002,35.0,2025-10-27 02:16:39,4156.152
CUST001313,7,74044.90000000001,90.0,2025-11-28 10:56:26,10577.842857142858
CUST004363,7,39333.229999999996,48.0,2025-12-04 16:34:25,5619.032857142856
CUST004182,7,44949.95,50.0,2025-11-09 17:58:41,6421.421428571428
CUST002656,2,17588.95,20.0,2025-06-14 05:44:14,8794.475
CUST003127,7,48304.81999999999,52.0,2025-12-31 00:04:37,6900.68857142857
CUST000100,8,94531.23999999999,81.0,2025-09-30 09:03:56,11816.404999999999
CUST005553,7,43374.649999999994,37.0,2025-10-26 02:46:46,6196.3785714285705
CUST006146,4,28535.86,36.0,2025-12-05 16:53:51,7133.965
CUST002438,5,39872.88,50.0,2025-07-10 07:40:53,7974.575999999999
CUST003624,9,64244.259999999995,83.0,2025-12-23 15:28:31,7138.251111111111
CUST001746,4,37641.08,33.0,2025-08-19 17:42:10,9410.27
CUST008618,11,54029.380000000005,69.0,2025-12-23 08:56:17,4911.761818181819
CUST003263,6,64813.8,67.0,2025-12-02 07:43:15,10802.300000000001
CUST007650,5,35833.700000000004,38.0,2025-07-22 13:21:20,7166.740000000001
CUST003770,6,49124.920000000006,62.0,2025-09-30 14:29:58,8187.486666666668
CUST006879,8,98827.99,92.0,2025-12-09 03:01:39,12353.49875
CUST001433,7,56864.35,75.0,2025-10-15 20:23:49,8123.478571428571
CUST006382,7,43818.75,41.0,2025-12-06 14:16:56,6259.821428571428
CUST007935,10,68489.59,83.0,2025-10-05 07:28:52,6848.959
CUST002210,4,44248.94,51.0,2025-10-08 00:53:05,11062.235
CUST004749,4,30802.03,27.0,2025-09-14 12:57:13,7700.5075
CUST004326,5,64869.31,60.0,2025-09-14 19:22:38,12973.862
CUST008404,5,33531.62,32.0,2025-06-13 06:07:41,6706.3240000000005
CUST008566,4,25607.7,24.0,2025-12-29 08:24:38,6401.925
CUST003696,6,54368.54999999999,49.0,2025-10-26 06:34:07,9061.424999999997
CUST003899,9,78348.96,88.0,2025-11-12 13:29:27,8705.44
CUST001500,3,23049.98,31.0,2025-12-31 09:09:45,7683.326666666667
CUST002905,7,42608.62,57.0,2025-11-29 15:21:26,6086.9457142857145
CUST000021,7,51593.1,64.0,2025-08-23 04:18:51,7370.442857142857
CUST003648,8,71876.91,71.0,2025-12-19 06:40:47,8984.61375
CUST004064,8,85429.3,95.0,2025-12-14 22:13:28,10678.6625
CUST004415,7,61572.89,58.0,2025-11-24 00:46:55,8796.127142857144
CUST001554,5,38297.75000000001,42.0,2025-11-01 13:08:45,7659.550000000001
CUST001400,3,25616.199999999997,24.0,2025-12-13 12:08:14,8538.733333333332
CUST008281,7,43175.91,61.0,2025-05-15 00:40:38,6167.987142857143
CUST001695,8,63815.68,73.0,2025-12-02 02:08:58,7976.96
CUST000070,9,70596.86,74.0,2025-11-06 13:58:51,7844.095555555556
CUST007604,8,90182.19,86.0,2025-12-14 02:54:35,11272.77375
CUST005819,9,108627.61,102.0,2025-11-03 03:23:03,12069.734444444444
CUST000378,7,56643.67,65.0,2025-12-05 18:56:26,8091.952857142857
CUST009265,7,80381.81,75.0,2025-12-29 22:14:17,11483.115714285714
CUST001683,7,82577.25,79.0,2025-10-15 04:14:19,11796.75
CUST004979,4,25939.47,25.0,2025-10-28 07:20:18,6484.8675
CUST009866,6,47170.18,41.0,2025-12-24 21:11:35,7861.696666666667
CUST003891,3,15894.310000000001,19.0,2025-07-24 22:32:51,5298.1033333333335
CUST000686,6,55564.6,59.0,2025-12-30 06:24:04,9260.766666666666
CUST000345,4,41269.350000000006,38.0,2025-09-06 20:42:55,10317.337500000001
CUST009361,8,69014.41,85.0,2025-12-22 04:04:18,8626.80125
CUST006512,7,60921.78,56.0,2025-11-30 22:17:04,8703.111428571428
CUST000976,5,28647.57,24.0,2025-12-11 11:29:05,5729.514
CUST002559,6,42557.10999999999,49.0,2025-11-25 01:09:15,7092.851666666666
CUST007730,5,62858.79999999999,60.0,2025-12-29 22:57:46,12571.759999999998
CUST009578,0,,,,0.0
CUST009127,6,49867.030000000006,66.0,2025-10-22 08:58:20,8311.171666666667
CUST005266,8,67041.83,72.0,2025-12-13 19:18:50,8380.22875
CUST005173,4,41350.189999999995,44.0,2025-11-26 00:51:52,10337.547499999999
CUST004512,7,54783.25,51.0,2025-11-03 02:03:08,7826.178571428572
CUST000893,6,50436.06,50.0,2025-08-02 05:04:39,8406.01
CUST002424,7,46837.770000000004,50.0,2025-12-15 17:36:35,6691.110000000001
CUST002516,5,45510.36,55.0,2025-09-02 13:28:00,9102.072
CUST008944,6,41566.03,48.0,2025-10-03 09:11:10,6927.671666666666
CUST005018,5,59225.159999999996,68.0,2025-12-09 13:23:08,11845.032
CUST004104,9,82306.78,74.0,2025-12-29 01:12:19,9145.197777777777
CUST004411,7,45387.08,68.0,2025-10-10 22:30:39,6483.868571428572
CUST004792,6,32463.660000000003,34.0,2025-09-26 14:07:21,5410.610000000001
CUST009204,5,54560.65,56.0,2025-07-17 10:02:08,10912.130000000001
CUST008362,5,60342.25,67.0,2025-12-16 03:30:31,12068.45
CUST002792,5,35555.95,40.0,2025-11-20 16:32:26,7111.19
CUST003415,6,59163.130000000005,60.0,2025-10-31 05:45:44,9860.521666666667
CUST008617,7,39040.95,45.0,2025-12-30 23:14:17,5577.278571428571
CUST002530,6,57721.21,58.0,2025-12-21 16:41:14,9620.201666666666
CUST004991,3,20309.510000000002,20.0,2025-07-23 18:32:49,6769.836666666667
CUST003042,4,17180.93,19.0,2025-11-03 17:37:35,4295.2325
CUST004514,10,71800.67,85.0,2025-11-18 18:46:39,7180.067
CUST006127,8,77139.06999999999,84.0,2025-11-19 22:41:41,9642.383749999999
CUST008402,6,68625.9,65.0,2025-10-31 02:21:49,11437.65
CUST001347,9,59550.31999999999,70.0,2025-12-17 20:07:12,6616.702222222221
CUST001792,3,17393.73,21.0,2025-10-18 16:26:39,5797.91
CUST008034,9,87768.62,74.0,2025-12-20 05:06:13,9752.068888888889
CUST000517,5,37201.47,49.0,2025-12-16 07:45:45,7440.294
CUST000622,4,22374.350000000002,22.0,2025-10-11 20:05:38,5593.587500000001
CUST001707,4,25999.339999999997,28.0,2025-09-30 14:59:59,6499.834999999999
CUST003430,10,110730.85,105.0,2025-12-17 15:17:08,11073.085000000001
CUST009878,5,31938.37,39.0,2025-09-26 02:51:40,6387.674
CUST007424,3,17567.16,25.0,2025-12-07 05:22:06,5855.72
CUST008835,7,49181.91999999999,57.0,2025-12-15 08:39:29,7025.98857142857
CUST006634,3,28285.65,41.0,2025-08-30 02:41:05,9428.550000000001
CUST003039,10,50018.850000000006,63.0,2025-11-11 16:42:53,5001.885
CUST007959,7,42978.020000000004,48.0,2025-09-29 14:47:47,6139.717142857144
CUST002050,10,106995.98,104.0,2025-10-28 12:10:13,10699.598
CUST009143,7,57899.37,58.0,2025-11-27 20:04:20,8271.338571428572
CUST002778,7,62294.5,74.0,2025-12-18 06:32:46,8899.214285714286
CUST006181,8,107686.45,106.0,2025-12-16 06:45:51,13460.80625
CUST001655,12,74611.27,77.0,2025-11-05 11:59:35,6217.605833333334
CUST001470,13,82286.69,89.0,2025-12-16 15:50:04,6329.745384615385
CUST008588,6,56373.369999999995,60.0,2025-12-07 13:26:39,9395.561666666666
CUST001714,8,73947.82,68.0,2025-12-21 12:41:50,9243.4775
CUST003260,5,43659.2,43.0,2025-11-08 22:50:16,8731.84
CUST002983,5,40562.520000000004,39.0,2025-11-20 16:07:17,8112.504000000001
CUST004970,7,47139.85,57.0,2025-10-17 06:18:17,6734.2642857142855
CUST004806,8,70423.34999999999,80.0,2025-10-15 04:22:10,8802.918749999999
CUST006567,11,112337.76000000001,120.0,2025-12-21 21:15:04,10212.523636363638
CUST003668,4,44002.65000000001,50.0,2025-11-18 12:15:25,11000.662500000002
CUST004591,9,83770.35000000002,86.0,2025-08-05 01:56:59,9307.81666666667
CUST002697,6,38952.060000000005,48.0,2025-12-29 02:42:47,6492.010000000001
CUST009000,9,96464.31,88.0,2025-10-31 00:53:56,10718.256666666666
CUST007924,6,32631.56,41.0,2025-12-21 14:35:03,5438.593333333333
CUST005171,6,45488.98,45.0,2025-08-27 00:16:48,7581.496666666667
CUST005324,9,109126.72,94.0,2025-10-26 01:23:02,12125.191111111111
CUST003727,5,27079.730000000003,34.0,2025-11-16 06:46:50,5415.946000000001
CUST007378,8,67205.42,96.0,2025-10-13 08:28:10,8400.6775
CUST003296,7,52640.659999999996,50.0,2025-10-06 14:01:51,7520.094285714285
CUST005561,5,48772.78,42.0,2025-11-28 01:54:39,9754.556
CUST000618,8,92688.5,95.0,2025-11-01 20:38:20,11586.0625
CUST006700,11,81904.75,87.0,2025-08-11 11:40:26,7445.886363636364
CUST004556,8,57278.479999999996,64.0,2025-10-25 11:59:29,7159.8099999999995
CUST007577,9,104867.79000000001,101.0,2025-12-31 22:28:38,11651.976666666667
CUST003259,7,51201.88,56.0,2025-09-16 13:23:39,7314.5542857142855
CUST003840,3,33482.79,26.0,2025-09-29 11:34:06,11160.93
CUST001917,4,36446.04,44.0,2025-09-15 13:02:38,9111.51
CUST005214,6,36615.399999999994,45.0,2025-11-25 11:50:57,6102.566666666666
CUST004336,7,36567.78,35.0,2025-12-21 23:17:46,5223.9685714285715
CUST004068,5,29587.960000000003,29.0,2025-10-13 06:35:56,5917.592000000001
CUST005038,6,63170.18,76.0,2025-12-02 16:15:29,10528.363333333333
CUST007456,6,61556.79000000001,60.0,2025-07-12 14:51:59,10259.465000000002
CUST000884,6,32569.659999999996,28.0,2025-09-30 08:48:09,5428.276666666666
CUST004786,7,95964.37,94.0,2025-12-01 01:37:08,13709.195714285714
CUST008172,4,33716.71,32.0,2025-11-16 08:20:32,8429.1775
CUST004915,5,40409.21,48.0,2025-09-19 14:19:44,8081.842
CUST007085,0,,,,0.0
CUST005459,6,48733.909999999996,51.0,2025-09-09 21:03:55,8122.318333333333
CUST005418,4,42057.2,56.0,2025-11-02 01:59:52,10514.3
CUST005541,8,57318.62,65.0,2025-11-25 15:34:24,7164.8275
CUST004226,4,16720.13,17.0,2025-10-15 03:34:40,4180.0325
CUST005049,9,64497.37999999999,80.0,2025-12-24 22:01:24,7166.3755555555545
CUST000274,5,34083.0,42.0,2025-09-19 02:13:01,6816.6
CUST004576,8,64982.88,74.0,2025-11-13 23:17:07,8122.86
CUST006479,5,53473.0,57.0,2025-11-17 14:37:31,10694.6
CUST003314,7,51542.69,42.0,2025-08-17 14:23:46,7363.2414285714285
CUST001971,9,54640.3,54.0,2025-12-28 01:09:15,6071.144444444445
CUST004081,10,93261.82,97.0,2025-11-11 13:49:04,9326.182
CUST006843,11,62699.94,67.0,2025-12-13 06:39:32,5699.994545454546
CUST008743,5,70090.81,66.0,2025-12-03 15:05:27,14018.162
CUST004953,5,53793.25,47.0,2025-08-31 07:52:23,10758.65
CUST002498,5,40519.170000000006,35.0,2025-10-11 12:02:48,8103.834000000001
CUST005703,7,77691.0,76.0,2025-11-01 21:41:22,11098.714285714286
CUST005368,5,34299.509999999995,32.0,2025-12-02 20:47:34,6859.901999999999
CUST000564,9,121472.53,108.0,2025-12-29 14:28:34,13496.947777777777
CUST000019,6,69339.57,55.0,2025-09-19 09:22:52,11556.595000000001
CUST006702,4,42302.76,36.0,2025-07-06 01:54:13,10575.69
CUST001495,10,84651.67,89.0,2025-12-22 09:02:19,8465.167
CUST006051,11,85931.37,96.0,2025-12-11 18:22:25,7811.942727272727
CUST002277,6,46062.22,52.0,2025-12-03 08:59:50,7677.036666666667
CUST004079,6,43123.259999999995,45.0,2025-10-10 11:15:46,7187.209999999999
CUST000751,7,92380.13,99.0,2025-12-26 21:24:56,13197.16142857143
CUST001523,4,49273.2,56.0,2025-12-17 03:13:07,12318.3
CUST003079,5,65009.770000000004,62.0,2025-12-18 00:48:52,13001.954000000002
CUST009921,4,26436.489999999998,27.0,2025-12-25 19:40:50,6609.1224999999995
CUST002853,2,3708.0,5.0,2025-10-13 15:08:25,1854.0
CUST008779,3,30864.45,32.0,2025-09-08 15:44:20,10288.15
CUST003162,4,59281.14,52.0,2025-12-10 21:40:13,14820.285
CUST005439,5,34510.31,46.0,2025-12-01 14:46:23,6902.062
CUST003242,3,25636.02,25.0,2025-10-27 06:07:35,8545.34
CUST004981,5,22561.18,32.0,2025-12-28 04:23:51,4512.236
CUST006272,1,8799.15,10.0,2025-08-26 19:16:41,8799.15
CUST005187,8,71871.28,87.0,2025-12-04 00:05:27,8983.91
CUST005392,7,40442.38,42.0,2025-12-22 20:45:49,5777.482857142857
CUST003364,6,37640.8,47.0,2025-12-11 16:23:23,6273.466666666667
CUST006273,6,53079.630000000005,59.0,2025-11-14 10:39:16,8846.605000000001
CUST002901,5,33376.44,42.0,2025-11-21 23:13:09,6675.2880000000005
CUST004333,11,87787.7,85.0,2025-12-02 10:16:38,7980.7
CUST000002,5,40612.060000000005,37.0,2025-09-17 16:44:20,8122.412000000001
CUST003858,5,55188.630000000005,52.0,2025-12-04 11:20:15,11037.726
CUST002658,9,74558.32,83.0,2025-12-18 10:48:05,8284.257777777779
CUST000050,6,35631.880000000005,33.0,2025-08-16 04:02:31,5938.646666666667
CUST008774,9,68755.13,83.0,2025-10-22 00:59:57,7639.458888888889
CUST002447,4,18878.31,25.0,2025-12-20 07:16:19,4719.5775
CUST002893,7,57412.299999999996,60.0,2025-10-24 06:42:28,8201.757142857143
CUST002708,9,87657.5,89.0,2025-12-29 19:44:17,9739.722222222223
CUST008120,3,34961.56,28.0,2025-09-24 09:51:56,11653.853333333333
CUST009586,6,45098.79,52.0,2025-12-09 20:45:49,7516.465
CUST003386,8,65795.58,73.0,2025-10-14 01:57:23,8224.4475
CUST008644,7,53429.96000000001,61.0,2025-11-07 18:41:27,7632.851428571429
CUST009973,6,64419.39,60.0,2025-12-21 13:56:59,10736.565
CUST005730,10,68745.75,83.0,2025-12-14 10:01:01,6874.575
CUST001379,4,41823.69,52.0,2025-12-19 22:40:37,10455.9225
CUST001651,4,23162.59,32.0,2025-08-25 15:21:40,5790.6475
CUST003704,10,91308.15999999999,87.0,2025-12-24 15:30:54,9130.815999999999
CUST002326,1,8251.34,7.0,2025-11-04 03:33:46,8251.34
CUST001738,8,46008.130000000005,58.0,2025-12-11 16:16:59,5751.016250000001
CUST008828,8,68098.88,84.0,2025-12-30 04:47:29,8512.36
CUST009768,5,66459.61,56.0,2025-12-15 14:35:19,13291.922
CUST002413,7,44682.479999999996,50.0,2025-11-14 21:16:56,6383.211428571428
CUST008477,4,25882.46,29.0,2025-12-20 19:04:43,6470.615
CUST003154,5,21977.64,30.0,2025-09-14 21:50:16,4395.528
CUST005056,9,51080.06999999999,62.0,2025-11-30 02:28:45,5675.563333333333
CUST006192,7,47368.22,52.0,2025-11-02 22:57:53,6766.888571428572
CUST009517,3,40821.71,44.0,2025-09-20 13:20:41,13607.236666666666
CUST004901,15,117437.49999999999,128.0,2025-12-28 22:41:41,7829.166666666666
CUST004590,7,34375.619999999995,57.0,2025-12-19 09:34:46,4910.802857142857
CUST007893,8,59527.740000000005,71.0,2025-12-15 14:13:18,7440.967500000001
CUST009267,7,60077.96,73.0,2025-12-23 08:40:28,8582.565714285714
CUST007553,3,18477.05,19.0,2025-08-07 03:13:33,6159.016666666666
CUST000596,5,42282.729999999996,41.0,2025-10-01 03:06:09,8456.545999999998
CUST000675,9,49465.98,61.0,2025-12-25 16:12:12,5496.22
CUST009590,7,45405.479999999996,67.0,2025-11-10 13:11:34,6486.4971428571425
CUST007334,4,31583.84,42.0,2025-12-16 02:48:16,7895.96
CUST006948,7,69324.09,71.0,2025-12-30 05:44:28,9903.441428571428
CUST001817,8,57562.18,62.0,2025-12-31 21:49:29,7195.2725
CUST000140,6,46110.84,56.0,2025-12-08 18:56:53,7685.139999999999
CUST007575,8,62561.41,65.0,2025-11-30 03:48:45,7820.17625
CUST003912,4,39118.95,32.0,2025-12-23 14:12:02,9779.7375
CUST001177,7,63147.1,62.0,2025-10-10 13:21:13,9021.014285714286
CUST004905,6,54392.399999999994,54.0,2025-12-27 09:31:29,9065.4
CUST002021,8,78145.14,68.0,2025-11-27 06:52:47,9768.1425
CUST004929,8,69675.75,68.0,2025-08-23 08:40:36,8709.46875
CUST005687,3,21949.13,23.0,2025-06-08 15:25:31,7316.376666666667
CUST000888,6,38454.99,36.0,2025-07-19 11:46:16,6409.165
CUST009281,6,55452.26,61.0,2025-11-18 11:42:57,9242.043333333333
CUST004857,10,75919.16,79.0,2025-12-23 18:22:42,7591.916
CUST003427,6,63874.61,65.0,2025-12-20 14:09:33,10645.768333333333
CUST000174,5,46763.08,53.0,2025-08-24 14:58:47,9352.616
CUST003842,7,72394.89,69.0,2025-10-31 17:24:22,10342.127142857144
CUST005873,6,41528.380000000005,64.0,2025-07-17 17:11:49,6921.396666666667
CUST000677,5,48063.240000000005,59.0,2025-11-27 16:39:57,9612.648000000001
CUST004188,8,83555.79000000001,85.0,2025-12-16 09:21:23,10444.473750000001
CUST009588,5,34909.71,38.0,2025-10-17 06:20:07,6981.942
CUST009066,3,21439.140000000003,18.0,2025-10-22 14:11:05,7146.380000000001
CUST003141,10,54140.119999999995,66.0,2025-12-22 16:18:04,5414.012
CUST009367,9,92782.50000000001,80.0,2025-11-16 11:42:32,10309.166666666668
CUST009375,7,40417.26,43.0,2025-12-05 20:49:53,5773.894285714286
CUST006790,5,46116.270000000004,50.0,2025-09-29 09:20:46,9223.254
CUST006210,9,83608.54,96.0,2025-12-24 06:48:19,9289.837777777777
CUST004738,7,64324.32,64.0,2025-10-15 20:28:44,9189.18857142857
CUST008501,5,58337.06,58.0,2025-12-20 17:01:15,11667.412
CUST009809,4,26843.980000000003,25.0,2025-11-15 00:25:31,6710.995000000001
CUST009543,8,68419.15000000001,79.0,2025-11-07 23:54:28,8552.393750000001
CUST000966,4,26879.55,33.0,2025-06-28 13:41:14,6719.8875
CUST007301,6,67214.4,65.0,2025-11-12 16:26:10,11202.4
CUST002391,3,16511.03,23.0,2025-12-22 23:49:00,5503.676666666666
CUST000439,5,58190.95999999999,64.0,2025-10-10 19:51:54,11638.192
CUST006205,10,70665.75,85.0,2025-12-20 23:26:45,7066.575
CUST005577,7,64102.04,76.0,2025-11-23 01:51:09,9157.434285714286
CUST005334,8,91114.06,89.0,2025-09-02 02:39:22,11389.2575
CUST000901,3,21418.480000000003,26.0,2025-07-11 11:58:54,7139.493333333335
CUST009562,4,20943.67,19.0,2025-11-29 10:39:29,5235.9175
CUST002574,4,49924.920000000006,44.0,2025-12-27 07:32:23,12481.230000000001
CUST005651,9,91361.54999999999,84.0,2025-12-23 20:31:09,10151.283333333333
CUST004910,3,54787.39,54.0,2025-06-25 01:53:55,18262.463333333333
CUST004874,2,14290.01,21.0,2025-11-09 09:39:02,7145.005
CUST006515,7,25007.57,39.0,2025-11-27 15:01:40,3572.5099999999998
CUST006591,7,50562.130000000005,47.0,2025-12-29 14:52:51,7223.1614285714295
CUST006762,6,53759.7,67.0,2025-12-01 05:26:46,8959.949999999999
CUST006531,10,78586.38,82.0,2025-12-08 15:51:38,7858.638000000001
CUST002467,4,27142.030000000002,26.0,2025-11-07 05:15:58,6785.507500000001
CUST007326,5,20631.260000000002,36.0,2025-10-10 10:53:48,4126.252
CUST000926,6,69220.11,61.0,2025-12-02 13:44:08,11536.685
CUST001083,4,22484.100000000002,30.0,2025-09-01 03:49:50,5621.025000000001
CUST000319,6,60153.130000000005,71.0,2025-12-17 10:45:55,10025.521666666667
CUST001196,7,38072.0,53.0,2025-12-03 13:23:55,5438.857142857143
CUST002929,5,36357.280000000006,38.0,2025-10-07 02:32:19,7271.456000000001
CUST007445,6,67444.61,73.0,2025-10-29 21:39:41,11240.768333333333
CUST000593,4,28486.07,31.0,2025-12-31 23:49:04,7121.5175
CUST009264,8,95517.70000000001,92.0,2025-12-29 13:13:55,11939.712500000001
CUST007120,6,35736.64,40.0,2025-12-03 15:18:07,5956.106666666667
CUST002716,11,91239.37999999999,110.0,2025-09-13 19:47:13,8294.48909090909
CUST002341,5,29205.94,46.0,2025-11-06 19:52:48,5841.188
CUST001708,8,83369.68000000001,83.0,2025-12-24 00:34:13,10421.210000000001
CUST003140,5,55196.04,47.0,2025-07-03 20:21:19,11039.208
CUST002837,5,37685.20999999999,37.0,2025-11-27 16:51:07,7537.041999999999
CUST009484,2,22097.329999999998,17.0,2025-11-01 13:26:22,11048.664999999999
CUST003033,5,28676.010000000002,25.0,2025-08-24 06:46:34,5735.202
CUST003547,4,39325.54,48.0,2025-08-19 10:09:26,9831.385
CUST005607,5,53430.61,52.0,2025-12-10 16:59:49,10686.122
CUST001445,6,74525.48,64.0,2025-12-04 12:08:30,12420.913333333332
CUST004260,3,36944.9,34.0,2025-12-23 13:29:25,12314.966666666667
CUST004152,5,42340.02,46.0,2025-10-26 15:23:13,8468.003999999999
CUST005091,5,48989.41,47.0,2025-12-16 01:21:27,9797.882000000001
CUST004655,7,42750.229999999996,47.0,2025-11-20 18:49:59,6107.175714285714
CUST007142,7,50235.99,52.0,2025-12-05 14:19:06,7176.57
CUST008816,7,81330.27,67.0,2025-12-22 18:40:15,11618.61
CUST009248,2,29211.619999999995,26.0,2025-11-05 04:24:40,14605.809999999998
CUST004620,3,24660.22,21.0,2025-11-28 05:01:38,8220.073333333334
CUST001331,5,21955.13,34.0,2025-12-08 14:36:23,4391.026
CUST008686,6,48661.68,60.0,2025-11-13 19:59:13,8110.28
CUST001411,1,472.6,3.0,2025-05-10 14:31:29,472.6
CUST006772,3,16947.300000000003,19.0,2025-12-30 20:15:12,5649.100000000001
CUST006575,2,19090.38,18.0,2025-08-08 09:10:55,9545.19
CUST009890,7,43514.21,47.0,2025-12-31 00:23:49,6216.315714285714
CUST003754,7,61951.31,62.0,2025-11-17 19:14:00,8850.187142857143
CUST009510,5,23862.859999999997,24.0,2025-12-24 22:48:39,4772.571999999999
CUST000188,6,32704.629999999997,46.0,2025-12-30 05:04:49,5450.7716666666665
CUST009538,4,35955.44,47.0,2025-08-19 20:03:31,8988.86
CUST000259,5,31660.35,39.0,2025-05-11 11:32:10,6332.07
CUST007862,9,95578.67,93.0,2025-12-19 13:40:32,10619.852222222222
CUST001244,10,76556.86,80.0,2025-11-30 15:01:41,7655.686
CUST008364,5,37454.74,47.0,2025-10-08 19:42:23,7490.947999999999
CUST000992,7,76780.97,81.0,2025-12-24 07:23:22,10968.710000000001
CUST004125,7,46503.78,52.0,2025-12-06 20:53:59,6643.397142857143
CUST003349,7,86139.27999999998,76.0,2025-08-21 10:24:40,12305.611428571427
CUST006572,8,51092.2,71.0,2025-12-02 04:05:04,6386.525
CUST004404,5,36354.99,39.0,2025-12-31 16:34:10,7270.998
BAD_CUST_6207,10,70501.48,71.0,2025-12-20 09:31:09,7050.147999999999
CUST004164,7,37864.92,43.0,2025-09-24 22:57:18,5409.274285714286
CUST002476,9,78677.17000000001,86.0,2025-12-09 04:41:18,8741.907777777778
CUST007327,6,53163.2,53.0,2025-09-27 11:31:38,8860.533333333333
CUST005134,5,26422.29,26.0,2025-11-06 19:57:21,5284.4580000000005
CUST004287,8,48752.810000000005,62.0,2025-08-16 17:19:02,6094.101250000001
CUST003101,7,50792.58,61.0,2025-12-17 19:04:44,7256.082857142857
CUST008338,7,50970.17,53.0,2025-12-07 12:55:37,7281.452857142857
CUST007815,5,43318.340000000004,38.0,2025-09-17 01:09:53,8663.668000000001
CUST006153,2,10050.45,18.0,2025-03-21 09:12:47,5025.225
CUST007175,7,84219.66,85.0,2025-12-21 11:05:28,12031.380000000001
CUST005374,3,16175.220000000001,15.0,2025-11-26 01:25:05,5391.740000000001
CUST007529,5,25378.31,28.0,2025-12-22 08:32:08,5075.662
CUST002721,7,64972.32000000001,60.0,2025-12-30 07:55:28,9281.76
CUST002193,3,15476.16,24.0,2025-06-16 15:34:21,5158.72
CUST006083,8,60593.560000000005,60.0,2025-11-07 22:08:18,7574.195000000001
CUST000913,2,13786.78,15.0,2025-09-13 03:16:27,6893.39
CUST003123,6,82793.11,75.0,2025-12-28 16:20:03,13798.851666666667
CUST009283,7,76521.65,72.0,2025-08-20 10:52:45,10931.664285714285
CUST007063,4,28191.460000000003,31.0,2025-10-28 08:58:42,7047.865000000001
CUST000092,8,62541.48,69.0,2025-11-16 18:52:40,7817.685
CUST005456,5,27021.870000000003,36.0,2025-12-05 07:38:08,5404.374000000001
CUST007015,5,36120.340000000004,38.0,2025-11-25 03:00:29,7224.068000000001
CUST004421,5,25783.569999999996,35.0,2025-12-25 08:26:35,5156.713999999999
CUST001022,6,63244.729999999996,61.0,2025-08-14 22:13:32,10540.788333333332
CUST009490,10,71599.83,84.0,2025-12-06 13:03:57,7159.983
CUST005597,7,55391.47,59.0,2025-09-19 15:13:13,7913.067142857143
CUST007772,12,75203.58,103.0,2025-11-22 18:42:30,6266.965
CUST000045,11,80185.52,90.0,2025-12-25 06:35:54,7289.592727272728
CUST001231,8,56159.170000000006,63.0,2025-12-23 11:31:31,7019.896250000001
CUST009387,7,44894.57000000001,60.0,2025-12-10 14:04:51,6413.510000000001
CUST001872,5,28806.83,33.0,2025-11-26 03:02:38,5761.366
CUST006912,6,45601.009999999995,52.0,2025-11-24 23:08:58,7600.168333333332
CUST004212,10,67852.64,80.0,2025-11-01 13:14:23,6785.264
CUST000456,6,57772.12,60.0,2025-10-20 19:06:26,9628.686666666666
CUST004938,5,45441.8,48.0,2025-11-13 03:36:12,9088.36
CUST006216,7,75856.69,84.0,2025-12-20 23:45:58,10836.67
CUST003102,1,4086.84,10.0,2025-06-16 16:51:02,4086.84
CUST003928,7,52770.66,56.0,2025-11-17 04:07:41,7538.665714285715
CUST008242,9,54613.39,55.0,2025-11-26 21:55:43,6068.154444444444
CUST006483,9,47397.88,43.0,2025-12-01 19:12:44,5266.431111111111
CUST009869,6,51640.67,48.0,2025-11-29 22:04:06,8606.778333333334
CUST003442,8,84365.4,75.0,2025-11-22 01:25:44,10545.675
CUST005249,5,35640.44,49.0,2025-12-10 05:20:43,7128.088000000001
CUST009859,5,37953.79,39.0,2025-12-02 09:33:19,7590.758
CUST001804,12,96760.15,100.0,2025-12-01 18:40:24,8063.345833333333
CUST004760,5,42577.82,49.0,2025-10-31 19:12:21,8515.564
CUST000588,5,31268.33,44.0,2025-11-18 04:55:10,6253.666
CUST000644,5,60592.36,56.0,2025-12-26 10:03:20,12118.472
CUST000579,11,86126.93999999999,105.0,2025-12-26 05:40:26,7829.721818181817
CUST002608,8,75428.88,77.0,2025-10-06 03:36:25,9428.61
CUST008922,7,65941.78,65.0,2025-12-05 13:05:11,9420.254285714285
CUST002479,5,18229.88,21.0,2025-11-18 10:43:43,3645.976
CUST004352,7,62384.310000000005,65.0,2025-11-20 01:08:16,8912.044285714286
CUST006498,4,27384.65,39.0,2025-04-17 19:26:12,6846.1625
CUST007208,5,43066.17,43.0,2025-10-08 16:43:21,8613.234
CUST007357,9,91071.54999999999,104.0,2025-12-23 15:20:35,10119.06111111111
CUST003730,9,82180.78,83.0,2025-12-24 13:12:37,9131.197777777777
CUST002958,12,107658.81,105.0,2025-11-07 03:38:19,8971.5675
CUST000702,12,107680.34000000003,109.0,2025-11-14 02:42:36,8973.36166666667
CUST002761,8,95975.84000000001,88.0,2025-10-20 19:34:44,11996.980000000001
CUST008494,11,117847.93,125.0,2025-12-21 02:55:00,10713.448181818181
CUST003233,7,33724.83,41.0,2025-12-26 17:27:19,4817.832857142857
CUST006583,6,60371.25,58.0,2025-12-05 20:13:04,10061.875
CUST001583,9,66945.7,71.0,2025-12-25 23:58:57,7438.411111111111
CUST007539,1,5941.16,6.0,2025-05-05 10:25:03,5941.16
CUST001152,5,53537.630000000005,46.0,2025-11-16 11:31:58,10707.526000000002
CUST005691,4,31037.11,42.0,2025-12-24 02:41:26,7759.2775
CUST009170,4,23184.14,36.0,2025-12-25 20:46:32,5796.035
CUST006672,7,46674.979999999996,53.0,2025-12-16 02:28:39,6667.854285714285
CUST005320,5,22511.940000000002,21.0,2025-07-10 08:16:39,4502.388000000001
CUST001194,9,59926.530000000006,69.0,2025-12-08 12:22:00,6658.503333333334
CUST008878,6,46954.189999999995,64.0,2025-10-22 01:49:34,7825.698333333333
CUST003010,6,55067.99,50.0,2025-09-08 08:27:57,9177.998333333333
CUST008975,8,76730.18,74.0,2025-10-29 21:03:30,9591.2725
CUST008292,7,64885.42,60.0,2025-12-04 06:41:04,9269.345714285713
CUST001557,8,78575.47,88.0,2025-12-31 02:34:59,9821.93375
CUST000536,8,73881.09,70.0,2025-12-21 21:34:49,9235.13625
CUST002579,10,57816.00000000001,76.0,2025-12-13 22:15:23,5781.6
CUST008291,4,29346.6,37.0,2025-04-30 19:04:03,7336.65
CUST005143,8,51803.93,60.0,2025-12-02 21:18:44,6475.49125
CUST000502,4,42149.88,38.0,2025-12-10 14:48:21,10537.47
CUST006459,7,48736.47,61.0,2025-12-26 16:00:28,6962.352857142857
CUST001045,7,60020.16,70.0,2025-12-17 11:42:59,8574.308571428572
CUST005228,8,82164.51000000001,73.0,2025-08-19 05:47:00,10270.563750000001
CUST009574,4,35164.89,43.0,2025-08-04 01:33:33,8791.2225
CUST008358,8,59204.42,70.0,2025-12-14 13:06:03,7400.5525
CUST002173,6,32454.49,38.0,2025-10-31 01:31:12,5409.081666666667
CUST004178,4,26013.969999999998,25.0,2025-11-14 10:18:43,6503.492499999999
CUST000454,8,73500.65,80.0,2025-12-11 09:12:46,9187.58125
CUST007719,4,23728.32,21.0,2025-09-21 14:46:35,5932.08
CUST008474,6,55842.41,60.0,2025-12-06 22:10:41,9307.068333333335
CUST009793,6,66343.52,63.0,2025-07-31 01:28:37,11057.253333333334
CUST003441,3,39256.39,36.0,2025-11-27 21:33:49,13085.463333333333
CUST001366,8,72459.76000000001,81.0,2025-11-03 17:42:14,9057.470000000001
CUST008448,5,44207.920000000006,35.0,2025-10-17 07:20:24,8841.584
CUST005821,9,102296.19,98.0,2025-11-26 16:52:22,11366.243333333334
CUST002028,7,50347.009999999995,46.0,2025-12-18 18:34:44,7192.429999999999
CUST000897,6,33865.13,42.0,2025-12-19 10:33:18,5644.188333333333
CUST002437,6,40303.35,47.0,2025-12-10 15:42:20,6717.224999999999
CUST003057,3,17134.92,25.0,2025-09-24 23:11:24,5711.639999999999
CUST003823,10,112219.29000000001,99.0,2025-12-31 20:11:56,11221.929
CUST003295,7,54244.18,65.0,2025-12-26 22:38:16,7749.168571428571
CUST009740,3,24107.39,20.0,2025-09-20 12:24:24,8035.796666666666
CUST002813,5,45637.66,48.0,2025-11-02 04:54:19,9127.532000000001
CUST006240,3,14991.7,14.0,2025-09-22 17:45:10,4997.233333333334
CUST006438,7,44899.16,58.0,2025-10-03 04:51:40,6414.165714285715
CUST007609,5,23778.06,24.0,2025-03-25 18:51:35,4755.612
CUST006846,7,67765.09,59.0,2025-12-09 19:57:57,9680.727142857142
CUST002066,11,93451.51999999999,107.0,2025-12-23 13:46:45,8495.592727272726
CUST004950,7,54348.23,66.0,2025-12-28 05:46:02,7764.032857142857
CUST000395,3,32470.35,40.0,2025-10-19 08:36:33,10823.449999999999
CUST002247,5,43159.09,46.0,2025-11-17 06:13:13,8631.818
CUST003878,4,31774.5,39.0,2025-12-01 03:01:03,7943.625
CUST007504,3,28956.22,35.0,2025-09-16 23:11:40,9652.073333333334
CUST008980,5,25624.08,28.0,2025-12-28 10:13:02,5124.816000000001
CUST002297,5,52460.47,60.0,2025-11-07 22:24:50,10492.094000000001
CUST008276,9,79530.03,92.0,2025-12-04 18:56:47,8836.67
CUST004005,9,71665.31,63.0,2025-12-26 08:40:04,7962.812222222222
CUST004669,7,68761.36,74.0,2025-10-27 06:13:23,9823.051428571429
CUST004428,9,86434.0,91.0,2025-12-25 18:27:28,9603.777777777777
CUST001895,5,29059.210000000003,38.0,2025-12-05 03:18:13,5811.842000000001
CUST006590,8,63613.00000000001,67.0,2025-12-31 20:31:28,7951.625000000001
CUST008355,6,60835.759999999995,46.0,2025-12-20 22:50:13,10139.293333333333
CUST007183,7,41254.39,57.0,2025-07-04 09:30:26,5893.484285714286
CUST004317,8,59123.91,52.0,2025-09-12 00:39:45,7390.48875
CUST007221,8,47218.32,56.0,2025-10-06 19:52:04,5902.29
CUST002885,6,36242.34,39.0,2025-12-29 07:30:35,6040.389999999999
CUST003902,7,85524.87,79.0,2025-11-16 06:22:44,12217.83857142857
CUST005904,9,63854.56,81.0,2025-11-22 20:44:16,7094.951111111111
CUST000022,9,108033.35999999999,106.0,2025-10-10 01:30:33,12003.706666666665
CUST004478,3,36410.14,35.0,2025-03-21 22:39:57,12136.713333333333
CUST003796,5,33408.57,38.0,2025-11-04 10:52:53,6681.714
CUST009903,3,21290.07,29.0,2025-06-11 12:16:42,7096.69
CUST008653,5,45695.42,49.0,2025-10-06 07:36:34,9139.083999999999
CUST002203,6,53951.74999999999,60.0,2025-12-28 04:02:06,8991.958333333332
CUST005623,3,30140.039999999997,23.0,2025-11-01 14:45:02,10046.679999999998
CUST008213,6,33673.829999999994,51.0,2025-12-17 21:01:04,5612.304999999999
CUST006707,5,65660.94,48.0,2025-09-03 13:03:42,13132.188
CUST002521,5,23743.58,28.0,2025-11-27 20:25:11,4748.716
CUST003134,8,67216.43,65.0,2025-12-17 09:38:17,8402.05375
CUST009225,7,62977.08,59.0,2025-12-29 02:22:11,8996.725714285714
CUST007714,9,88884.92,86.0,2025-12-04 10:11:39,9876.102222222222
CUST007639,7,54460.990000000005,59.0,2025-12-16 10:21:00,7780.141428571429
CUST006617,2,15459.79,20.0,2025-12-11 02:36:50,7729.895
CUST003929,7,62774.17999999999,75.0,2025-11-09 01:28:42,8967.74
CUST008449,5,40546.86000000001,53.0,2025-08-19 13:32:50,8109.372000000001
CUST000308,5,29373.9,40.0,2025-12-07 21:17:15,5874.780000000001
CUST002451,2,21941.66,21.0,2025-08-21 00:34:33,10970.83
CUST007755,11,101008.11,110.0,2025-12-08 08:26:44,9182.555454545454
CUST006957,11,89945.73,113.0,2025-08-24 21:09:56,8176.884545454545
CUST008445,6,31757.489999999998,38.0,2025-12-09 02:15:02,5292.915
CUST009613,11,87489.26999999999,95.0,2025-12-29 10:28:39,7953.569999999999
CUST007138,5,57539.96,59.0,2025-11-05 01:27:31,11507.992
CUST008959,5,60555.29,61.0,2025-09-19 05:33:01,12111.058
CUST008240,10,97302.08000000002,98.0,2025-11-13 05:47:14,9730.208000000002
CUST004520,5,37856.83,41.0,2025-11-22 06:17:53,7571.366
CUST004448,9,83857.85999999999,87.0,2025-12-26 15:40:41,9317.539999999999
CUST006034,4,34497.17,33.0,2025-12-13 09:35:37,8624.2925
CUST003316,6,27024.65,44.0,2025-12-21 08:13:13,4504.108333333334
CUST007441,7,53061.86,59.0,2025-10-11 23:48:07,7580.265714285714
CUST001222,5,39479.33,37.0,2025-11-01 17:30:48,7895.866
CUST004225,2,25019.52,30.0,2025-12-31 00:57:23,12509.76
CUST005724,6,44002.38,48.0,2025-11-28 06:54:33,7333.73
CUST006441,12,110291.94,131.0,2025-12-14 09:00:12,9190.995
CUST009773,7,81259.26999999999,83.0,2025-09-09 18:17:29,11608.467142857142
CUST004657,4,35304.78,45.0,2025-07-25 00:11:32,8826.195
CUST007051,7,76146.43000000001,81.0,2025-12-26 04:48:46,10878.06142857143
CUST006469,3,30525.83,26.0,2025-12-02 14:31:13,10175.276666666667
CUST003950,7,67137.76999999999,68.0,2025-11-27 20:45:13,9591.109999999999
CUST002458,7,49950.9,56.0,2025-11-26 02:43:39,7135.842857142858
CUST003762,5,32199.510000000002,45.0,2025-09-01 17:47:57,6439.902
CUST006551,6,56133.05,60.0,2025-12-18 03:39:41,9355.508333333333
CUST004057,4,27386.71,29.0,2025-11-29 19:44:37,6846.6775
CUST000585,6,71902.5,67.0,2025-11-28 11:58:39,11983.75
CUST001360,5,61673.770000000004,69.0,2025-11-05 18:21:19,12334.754
CUST004355,5,46374.24,39.0,2025-12-15 12:05:36,9274.848
CUST000650,5,20908.91,28.0,2025-12-28 19:37:53,4181.782
CUST008633,3,24846.379999999997,34.0,2025-09-27 14:20:34,8282.126666666665
CUST004264,8,66546.39,70.0,2025-12-26 09:51:31,8318.29875
CUST002432,7,56459.880000000005,66.0,2025-07-18 16:26:33,8065.697142857143
CUST001797,6,43038.049999999996,48.0,2025-11-22 01:44:14,7173.008333333332
CUST001868,4,32814.02,40.0,2025-08-18 11:08:30,8203.505
CUST005692,8,56386.03,74.0,2025-11-23 07:52:52,7048.25375
CUST006559,7,68255.07,76.0,2025-10-21 23:52:04,9750.724285714286
CUST005510,7,72987.51,81.0,2025-12-30 05:12:01,10426.787142857142
CUST005742,5,46053.880000000005,47.0,2025-12-26 19:22:53,9210.776000000002
CUST007991,3,13979.669999999998,24.0,2025-11-10 03:33:28,4659.889999999999
CUST005330,7,43139.409999999996,46.0,2025-12-31 00:46:15,6162.772857142857
CUST006296,7,59555.01,72.0,2025-09-21 11:21:43,8507.858571428571
CUST003571,6,70716.57,76.0,2025-08-16 23:40:21,11786.095000000001
CUST003794,15,122059.86,144.0,2025-12-06 16:12:12,8137.324
CUST000222,5,43270.69,40.0,2025-11-04 20:18:11,8654.138
CUST006284,8,52269.42,65.0,2025-12-21 19:29:10,6533.6775
CUST002122,8,78512.06999999999,67.0,2025-12-09 04:42:39,9814.008749999999
CUST005615,12,113816.6,131.0,2025-11-30 00:19:12,9484.716666666667
CUST003201,5,22297.5,25.0,2025-09-23 00:35:14,4459.5
CUST004160,10,90930.01000000001,100.0,2025-12-24 23:00:13,9093.001
CUST007684,9,73339.43,74.0,2025-11-12 03:54:38,8148.825555555555
CUST002769,2,3843.26,6.0,2025-04-03 14:52:02,1921.63
CUST008941,5,43469.38,43.0,2025-11-07 21:21:10,8693.876
CUST004615,6,68859.11,68.0,2025-09-09 01:51:05,11476.518333333333
CUST001240,8,75017.54,83.0,2025-12-03 04:28:36,9377.1925
CUST008601,7,64677.270000000004,78.0,2025-11-29 14:40:51,9239.61
CUST001946,6,55538.45999999999,58.0,2025-12-29 03:52:44,9256.409999999998
CUST003229,6,50757.35,59.0,2025-12-17 07:49:33,8459.558333333332
CUST000738,9,75571.83,78.0,2025-12-15 05:25:52,8396.87
CUST008269,12,92502.84,102.0,2025-12-24 23:42:45,7708.57
CUST007688,5,12844.2,19.0,2025-09-06 12:34:35,2568.84
CUST004130,3,16410.93,19.0,2025-12-09 11:37:49,5470.31
CUST002510,5,44348.53,51.0,2025-07-21 20:49:29,8869.706
CUST005107,9,78039.16,82.0,2025-12-13 13:10:40,8671.017777777779
CUST003631,6,57104.76,52.0,2025-12-01 21:43:02,9517.460000000001
CUST004007,7,58305.0,70.0,2025-12-25 08:30:29,8329.285714285714
CUST001170,5,61332.95,58.0,2025-11-05 10:47:20,12266.59
CUST009193,7,57558.58,64.0,2025-12-23 12:27:26,8222.654285714287
CUST008613,4,19831.9,31.0,2025-06-03 00:59:48,4957.975
CUST008736,6,33172.909999999996,39.0,2025-08-06 15:59:25,5528.818333333333
CUST003500,3,20568.34,28.0,2025-09-21 14:59:41,6856.113333333334
CUST008943,3,29719.890000000003,26.0,2025-10-13 21:31:53,9906.630000000001
CUST007615,8,75636.76,72.0,2025-09-02 00:47:37,9454.595
CUST003824,2,20905.16,22.0,2025-08-20 01:51:57,10452.58
CUST001496,8,78221.87,79.0,2025-09-25 11:03:47,9777.73375
BAD_CUST_1853,4,41097.71,42.0,2025-12-24 12:54:40,10274.4275
CUST005361,7,76103.84,76.0,2025-12-13 19:53:05,10871.977142857142
CUST009240,7,66054.73000000001,69.0,2025-12-25 01:46:26,9436.390000000001
CUST002616,8,70221.51000000001,89.0,2025-11-21 01:35:32,8777.688750000001
CUST008032,6,79201.68000000001,78.0,2025-08-27 12:27:53,13200.28
CUST004140,4,48528.350000000006,48.0,2025-11-20 12:09:06,12132.087500000001
CUST003059,0,,,,0.0
CUST007948,6,58736.01,61.0,2025-11-28 20:40:55,9789.335000000001
CUST000806,5,31842.57,46.0,2025-11-16 14:34:59,6368.514
CUST009642,8,76119.29000000001,76.0,2025-11-09 06:41:56,9514.911250000001
CUST009672,6,67680.88,64.0,2025-11-05 14:36:28,11280.146666666667
CUST007129,6,33456.32,41.0,2025-10-30 09:29:59,5576.053333333333
CUST006890,5,32301.0,55.0,2025-11-20 08:10:16,6460.2
CUST004863,8,66686.84,78.0,2025-11-19 06:10:00,8335.855
CUST001440,5,34849.58,44.0,2025-11-29 21:38:04,6969.916
CUST009935,6,65503.939999999995,62.0,2025-10-11 02:39:14,10917.323333333332
CUST007918,2,11345.199999999999,12.0,2025-10-14 11:50:05,5672.599999999999
CUST001957,5,66219.79999999999,65.0,2025-10-04 09:51:13,13243.959999999997
CUST009550,8,68934.3,73.0,2025-12-09 11:31:26,8616.7875
CUST000448,8,42033.03,54.0,2025-07-18 03:09:07,5254.12875
CUST007478,7,57165.01,63.0,2025-12-12 10:10:20,8166.43
CUST000745,6,60123.64,59.0,2025-08-28 02:50:12,10020.606666666667
CUST001115,8,91760.34999999999,87.0,2025-12-22 09:58:10,11470.043749999999
CUST007057,6,38213.17999999999,33.0,2025-12-12 11:04:42,6368.863333333332
CUST005166,7,75967.16,77.0,2025-12-29 15:43:21,10852.451428571429
CUST000312,8,74784.42000000001,72.0,2025-05-30 08:50:29,9348.052500000002
CUST001036,7,51460.850000000006,58.0,2025-12-03 17:52:47,7351.550000000001
CUST003100,5,59189.829999999994,57.0,2025-06-20 07:16:23,11837.965999999999
CUST009237,4,48498.670000000006,48.0,2025-12-03 02:40:11,12124.667500000001
CUST002910,2,6821.89,10.0,2025-05-10 18:23:42,3410.945
CUST004741,7,68916.55,71.0,2025-12-12 01:33:25,9845.221428571429
CUST009629,6,35041.22,38.0,2025-12-05 01:32:32,5840.203333333334
CUST000043,6,77548.16,81.0,2025-10-05 04:07:21,12924.693333333335
CUST003913,3,32144.79,32.0,2025-12-07 01:13:40,10714.93
CUST006451,4,30604.53,31.0,2025-07-09 23:06:17,7651.1325
CUST008947,5,36840.78999999999,32.0,2025-11-07 18:32:03,7368.1579999999985
CUST002289,7,55139.92,59.0,2025-11-04 03:20:04,7877.131428571428
CUST008641,7,36114.159999999996,51.0,2025-10-21 23:59:55,5159.165714285714
CUST006006,6,49794.759999999995,46.0,2025-08-10 15:10:39,8299.126666666665
CUST000744,2,2393.18,3.0,2025-09-18 12:44:32,1196.59
CUST004783,5,39598.33,45.0,2025-11-19 08:42:26,7919.666
CUST003647,7,84759.7,79.0,2025-12-31 06:09:57,12108.528571428571
CUST006713,10,82970.07,87.0,2025-10-20 00:52:53,8297.007000000001
CUST007157,8,59921.89,71.0,2025-11-15 09:05:03,7490.23625
CUST007644,5,58475.63,62.0,2025-11-11 21:01:41,11695.126
CUST005966,5,34288.33,41.0,2025-10-15 03:37:40,6857.666
CUST008318,5,71786.51,60.0,2025-10-04 22:03:06,14357.302
CUST000315,8,84142.40000000001,101.0,2025-12-24 03:28:19,10517.800000000001
CUST002455,8,79075.84000000001,78.0,2025-12-18 03:57:26,9884.480000000001
CUST001002,7,62779.56,71.0,2025-11-18 03:39:58,8968.50857142857
CUST007981,9,76888.59,80.0,2025-12-19 21:49:58,8543.176666666666
CUST009792,5,27316.53,34.0,2025-08-10 01:56:37,5463.306
CUST006896,8,75228.33,84.0,2025-12-18 21:20:49,9403.54125
CUST003614,6,63512.990000000005,68.0,2025-07-19 02:14:37,10585.498333333335
CUST007277,6,51524.74,56.0,2025-12-24 03:15:19,8587.456666666667
CUST007563,6,47145.92999999999,42.0,2025-07-27 13:57:14,7857.654999999999
CUST007136,6,24534.15,25.0,2025-12-25 10:02:20,4089.025
CUST007739,6,46089.54,48.0,2025-10-14 11:00:59,7681.59
CUST008837,6,45672.61,52.0,2025-12-12 10:29:37,7612.1016666666665
CUST005579,11,61478.19,62.0,2025-10-22 10:34:56,5588.926363636364
CUST009175,6,35158.77,32.0,2025-10-29 04:30:38,5859.794999999999
CUST000227,3,25141.79,28.0,2025-08-04 15:56:38,8380.596666666666
CUST000423,3,13077.600000000002,17.0,2025-09-06 18:51:46,4359.200000000001
CUST000400,5,34490.01,38.0,2025-12-21 13:41:15,6898.002
CUST009688,5,45018.19,49.0,2025-12-14 23:25:36,9003.638
CUST009357,10,69003.65,66.0,2025-11-28 06:54:20,6900.365
CUST005079,10,86769.54000000001,92.0,2025-10-28 20:56:45,8676.954000000002
CUST009870,4,27409.940000000002,29.0,2025-12-22 07:33:15,6852.485000000001
CUST001273,5,42368.229999999996,46.0,2025-12-14 07:46:49,8473.645999999999
CUST005051,8,83920.28,98.0,2025-12-25 05:37:04,10490.035
CUST005716,4,14288.949999999999,23.0,2025-12-03 17:50:53,3572.2374999999997
CUST000902,5,49023.19,48.0,2025-11-07 12:28:09,9804.638
CUST006514,5,25348.14,33.0,2025-12-08 00:16:37,5069.628
CUST004390,8,71701.07,72.0,2025-12-09 11:27:34,8962.63375
CUST000530,7,39195.07,40.0,2025-11-05 05:54:40,5599.295714285714
CUST000311,5,57994.5,60.0,2025-11-12 00:37:59,11598.9
CUST004862,8,45481.259999999995,45.0,2025-11-25 14:42:36,5685.157499999999
CUST004185,6,44205.35,46.0,2025-12-30 06:16:25,7367.558333333333
CUST002678,3,40702.63,38.0,2025-11-20 08:41:25,13567.543333333333
CUST004086,6,58842.850000000006,54.0,2025-12-01 18:02:45,9807.141666666668
CUST004626,7,73178.78,70.0,2025-11-03 05:36:34,10454.111428571428
CUST000417,7,33805.479999999996,55.0,2025-12-24 08:45:00,4829.354285714285
CUST004990,4,42530.49,38.0,2025-10-22 22:39:59,10632.6225
CUST007692,6,48521.4,61.0,2025-12-23 08:24:32,8086.900000000001
CUST005874,5,54049.7,55.0,2025-09-28 15:47:03,10809.939999999999
CUST001283,4,27940.86,27.0,2025-05-04 03:56:39,6985.215
CUST006675,3,26738.740000000005,30.0,2025-10-29 09:51:44,8912.913333333336
CUST007977,7,67417.08,81.0,2025-11-03 14:38:48,9631.011428571428
CUST005044,7,50935.159999999996,58.0,2025-12-19 03:19:07,7276.451428571428
CUST004758,9,78188.69,92.0,2025-12-22 20:20:59,8687.632222222222
CUST000066,8,65074.049999999996,80.0,2025-11-10 22:32:22,8134.256249999999
CUST005034,2,14444.62,14.0,2025-12-27 05:32:59,7222.31
CUST000028,6,44073.25,44.0,2025-12-18 19:12:07,7345.541666666667
CUST008464,5,47618.98,50.0,2025-12-13 14:25:53,9523.796
CUST007883,5,37268.92,43.0,2025-11-13 06:35:16,7453.784
CUST005088,6,59427.520000000004,50.0,2025-12-19 07:04:58,9904.586666666668
CUST009030,5,41603.009999999995,47.0,2025-08-17 23:49:42,8320.601999999999
CUST002097,7,84186.98000000001,93.0,2025-09-29 06:43:07,12026.71142857143
CUST002520,6,64082.39,67.0,2025-12-09 06:44:56,10680.398333333333
CUST002412,5,31863.639999999996,32.0,2025-10-17 10:18:56,6372.727999999999
BAD_CUST_8796,7,66206.06,60.0,2025-12-16 06:39:36,9458.00857142857
CUST002146,3,25196.130000000005,30.0,2025-12-04 17:23:49,8398.710000000001
CUST007386,3,22589.840000000004,32.0,2025-10-19 06:48:30,7529.946666666668
CUST003816,5,46240.689999999995,38.0,2025-11-09 08:27:07,9248.137999999999
CUST008814,9,80208.73000000001,87.0,2025-10-18 11:27:28,8912.081111111112
CUST004842,8,61583.68,71.0,2025-12-03 11:32:37,7697.96
CUST001015,10,80932.93,93.0,2025-12-22 16:57:46,8093.293
CUST007169,7,44433.350000000006,57.0,2025-10-11 04:02:01,6347.6214285714295
CUST001229,12,104956.71,90.0,2025-12-13 22:51:47,8746.3925
CUST008931,9,107266.78,93.0,2025-11-28 00:43:35,11918.531111111111
CUST006020,6,17539.870000000003,17.0,2025-11-21 03:32:24,2923.311666666667
CUST000540,7,50125.54,49.0,2025-10-16 12:41:23,7160.791428571429
CUST003527,10,61487.420000000006,71.0,2025-11-30 05:41:30,6148.742
CUST007432,8,54422.82000000001,58.0,2025-11-23 10:39:17,6802.852500000001
CUST003178,7,80607.81,86.0,2025-12-19 10:02:39,11515.401428571427
CUST003587,4,23321.91,39.0,2025-10-16 07:39:16,5830.4775
CUST002216,6,46971.630000000005,54.0,2025-12-30 09:27:03,7828.6050000000005
CUST009255,7,58991.03,62.0,2025-10-19 16:06:38,8427.289999999999
CUST001333,4,28080.48,31.0,2025-12-02 22:04:15,7020.12
CUST001673,3,43502.229999999996,50.0,2025-12-12 18:32:36,14500.743333333332
CUST002979,2,4993.21,6.0,2025-11-01 11:10:11,2496.605
CUST003318,0,,,,0.0
CUST000525,4,46789.369999999995,52.0,2025-12-12 13:17:37,11697.342499999999
CUST007158,9,77530.79,75.0,2025-11-04 18:14:36,8614.532222222222
CUST007211,2,15321.18,18.0,2025-12-19 01:02:54,7660.59
CUST004327,2,22513.92,21.0,2025-09-27 02:43:12,11256.96
CUST002009,11,76582.01999999999,85.0,2025-09-23 05:38:52,6962.001818181817
CUST001860,11,93819.29999999999,111.0,2025-12-15 08:27:41,8529.027272727271
CUST005087,7,63991.91,70.0,2025-12-04 23:27:26,9141.701428571429
CUST004789,9,55960.89,71.0,2025-12-30 07:58:48,6217.876666666667
CUST004865,7,55482.84000000001,61.0,2025-10-02 18:00:06,7926.120000000002
CUST008903,6,40658.73,38.0,2025-12-06 13:02:02,6776.455000000001
CUST000581,6,42826.31,49.0,2025-12-26 03:46:01,7137.718333333333
CUST002600,10,92955.56999999999,109.0,2025-12-18 21:02:59,9295.556999999999
CUST009288,9,32329.709999999995,39.0,2025-12-18 19:41:33,3592.1899999999996
CUST009328,4,21968.7,22.0,2025-11-20 05:11:45,5492.175
CUST003765,8,66645.79999999999,75.0,2025-11-28 21:47:47,8330.724999999999
CUST006384,9,67790.61,75.0,2025-11-16 03:52:38,7532.29
CUST005060,9,93510.75,96.0,2025-12-25 15:09:02,10390.083333333334
CUST003948,8,73081.38,74.0,2025-10-25 20:10:43,9135.1725
CUST007130,3,33645.23,29.0,2025-11-26 08:43:20,11215.076666666668
CUST007689,5,41527.899999999994,49.0,2025-12-19 11:29:41,8305.579999999998
CUST003420,7,79075.9,71.0,2025-12-08 06:46:59,11296.557142857142
CUST003135,7,70450.3,58.0,2025-12-10 19:12:25,10064.328571428572
CUST009364,8,41085.64000000001,47.0,2025-10-12 15:09:48,5135.705000000001
CUST008780,9,79256.51000000001,92.0,2025-12-15 06:53:59,8806.27888888889
CUST009203,8,65810.19,78.0,2025-08-10 15:09:15,8226.27375
CUST002318,4,30552.89,32.0,2025-06-29 03:28:07,7638.2225
CUST006585,6,50750.700000000004,55.0,2025-10-25 06:18:39,8458.45
CUST006540,10,89220.03,103.0,2025-11-15 13:13:42,8922.003
CUST006756,9,69156.01000000001,76.0,2025-12-26 01:00:36,7684.001111111113
CUST003893,6,25927.85,36.0,2025-11-12 12:56:49,4321.308333333333
CUST002105,0,,,,0.0
CUST009861,5,63866.909999999996,59.0,2025-10-04 20:50:42,12773.382
CUST005440,3,16233.699999999999,19.0,2025-12-21 08:38:56,5411.233333333333
CUST004722,5,54225.28,45.0,2025-12-14 14:56:58,10845.056
CUST009229,5,34760.7,33.0,2025-10-07 06:23:46,6952.139999999999
CUST009702,3,47448.34,39.0,2025-11-27 09:51:52,15816.113333333333
CUST003298,10,72376.84,75.0,2025-12-28 19:45:23,7237.683999999999
CUST007076,4,36406.93,41.0,2025-09-24 11:22:55,9101.7325
CUST000393,4,26143.25,31.0,2025-11-28 13:09:26,6535.8125
CUST006774,10,90844.57999999999,75.0,2025-12-27 04:44:42,9084.457999999999
CUST007667,2,14579.669999999998,22.0,2025-08-11 09:26:26,7289.834999999999
CUST003180,6,38333.9,58.0,2025-10-07 14:20:00,6388.983333333334
CUST008173,8,31862.06,39.0,2025-10-28 01:39:47,3982.7575
CUST009124,2,15480.760000000002,17.0,2025-11-10 19:26:05,7740.380000000001
CUST002031,6,49406.19,58.0,2025-11-28 16:29:17,8234.365
CUST003222,3,28109.99,30.0,2025-07-24 17:56:09,9369.996666666668
CUST003605,10,76487.98,81.0,2025-12-30 13:12:34,7648.798
CUST006261,6,42016.0,49.0,2025-11-22 09:31:36,7002.666666666667
CUST005145,11,74541.0,78.0,2025-11-29 03:18:46,6776.454545454545
CUST000783,9,62942.74,70.0,2025-12-31 10:52:40,6993.637777777778
CUST003871,6,41687.060000000005,37.0,2025-09-04 15:25:20,6947.843333333334
CUST009280,8,65895.28,70.0,2025-10-13 13:19:50,8236.91
CUST000800,7,84380.36,82.0,2025-12-11 07:14:37,12054.337142857143
CUST002174,6,42181.159999999996,56.0,2025-11-27 09:28:28,7030.193333333333
CUST004637,7,60822.67,61.0,2025-09-21 06:00:03,8688.952857142856
CUST005391,10,88114.99,93.0,2025-12-29 05:28:15,8811.499
CUST004062,4,31993.92,34.0,2025-12-26 04:59:54,7998.48
CUST003829,7,82977.9,83.0,2025-12-05 15:06:29,11853.985714285713
CUST005957,11,69207.58,94.0,2025-11-24 22:00:49,6291.598181818182
CUST004534,5,41605.14,44.0,2025-12-14 17:15:16,8321.028
CUST008140,8,82044.69,91.0,2025-11-02 20:44:18,10255.58625
CUST003153,5,62298.79999999999,56.0,2025-10-12 14:34:45,12459.759999999998
CUST001567,3,16762.82,15.0,2025-10-08 10:25:12,5587.606666666667
CUST008995,3,25328.64,27.0,2025-08-27 06:49:39,8442.88
CUST002831,4,21746.4,29.0,2025-12-08 03:32:12,5436.6
CUST002804,5,42855.58,44.0,2025-12-07 08:22:51,8571.116
CUST009195,4,22826.140000000003,30.0,2025-12-31 22:28:11,5706.535000000001
CUST007333,5,29044.360000000004,38.0,2025-07-20 04:51:06,5808.872000000001
CUST005470,7,53213.840000000004,64.0,2025-11-30 13:37:55,7601.977142857143
CUST009674,8,72016.9,75.0,2025-12-15 10:12:39,9002.1125
CUST009719,4,36560.880000000005,40.0,2025-09-24 11:28:23,9140.220000000001
CUST008637,8,42844.61000000001,42.0,2025-12-08 22:46:01,5355.576250000001
CUST008654,9,77498.17,84.0,2025-10-31 11:07:55,8610.907777777778
CUST002549,5,34227.52,35.0,2025-10-16 18:22:27,6845.503999999999
CUST007274,9,61075.350000000006,61.0,2025-12-27 06:54:33,6786.150000000001
CUST006738,5,49104.41,38.0,2025-12-10 10:28:27,9820.882000000001
CUST006608,4,16885.9,13.0,2025-12-19 10:16:31,4221.475
CUST000030,6,63704.93,54.0,2025-12-05 12:23:31,10617.488333333333
CUST001437,7,55214.170000000006,55.0,2025-12-20 22:31:41,7887.738571428572
CUST003447,9,80502.26,84.0,2025-12-09 00:19:52,8944.695555555554
CUST000391,7,54694.490000000005,58.0,2025-12-27 15:04:30,7813.498571428572
CUST003245,8,59535.36,72.0,2025-12-01 00:15:33,7441.92
CUST008819,5,46518.42,46.0,2025-12-17 10:12:20,9303.684
CUST005900,7,42282.34999999999,57.0,2025-10-31 11:12:05,6040.335714285713
CUST008345,4,45502.69,41.0,2025-12-29 19:42:57,11375.6725
CUST003432,5,50053.94,45.0,2025-11-30 05:12:09,10010.788
CUST005599,5,25853.59,36.0,2025-12-22 01:23:35,5170.718
CUST001286,6,38411.450000000004,45.0,2025-07-15 18:00:22,6401.908333333334
CUST008060,7,36346.11,35.0,2025-12-27 03:38:40,5192.301428571429
CUST001769,6,40813.20999999999,43.0,2025-09-16 16:59:13,6802.201666666665
CUST005695,10,74593.13,80.0,2025-12-03 12:04:14,7459.313
CUST005640,10,76440.79000000001,94.0,2025-12-03 05:05:55,7644.079000000001
CUST007377,3,23276.79,22.0,2025-04-14 12:39:48,7758.93
CUST000416,5,43782.4,56.0,2025-10-22 08:40:09,8756.48
CUST000228,6,45909.54,50.0,2025-11-23 11:32:10,7651.59
CUST000337,7,54372.95,68.0,2025-11-17 12:17:44,7767.564285714286
CUST008115,5,33048.38,38.0,2025-12-24 12:41:54,6609.6759999999995
CUST008812,4,34719.61,32.0,2025-11-03 23:33:18,8679.9025
CUST008639,5,37345.71000000001,49.0,2025-07-29 00:11:27,7469.142000000002
CUST009235,6,60961.8,60.0,2025-12-01 00:00:57,10160.300000000001
CUST001505,8,70536.76,76.0,2025-11-30 09:11:26,8817.095
CUST000648,8,30548.79,43.0,2025-09-21 21:05:33,3818.59875
CUST000153,7,46627.98,53.0,2025-10-15 22:39:11,6661.14
CUST002500,7,49180.240000000005,60.0,2025-12-09 13:34:14,7025.748571428572
CUST005630,6,36583.76,44.0,2025-12-17 04:57:58,6097.293333333334
CUST007402,6,74057.73,86.0,2025-09-07 15:42:14,12342.955
CUST009249,4,24378.56,27.0,2025-08-19 06:35:30,6094.64
CUST006818,6,33493.219999999994,43.0,2025-12-24 19:19:59,5582.203333333332
CUST008365,9,100518.43,111.0,2025-12-19 22:00:48,11168.714444444444
CUST005905,7,57696.65000000001,56.0,2025-12-30 20:23:49,8242.378571428573
CUST008093,3,24853.839999999997,32.0,2025-08-06 21:29:39,8284.613333333333
CUST003015,6,57331.590000000004,57.0,2025-12-30 06:57:59,9555.265000000001
CUST005372,9,65966.16,70.0,2025-12-24 17:40:45,7329.573333333334
CUST007538,8,71038.41,77.0,2025-12-13 22:13:26,8879.80125
CUST004153,6,74991.98999999999,70.0,2025-07-22 07:32:50,12498.664999999999
CUST000279,4,37457.920000000006,48.0,2025-11-04 08:45:15,9364.480000000001
CUST006062,11,102967.00999999998,105.0,2025-12-29 20:12:53,9360.63727272727
CUST006101,8,73822.79,81.0,2025-08-01 12:14:00,9227.84875
CUST003171,11,67495.6,76.0,2025-12-18 03:33:45,6135.963636363637
CUST006690,9,48393.630000000005,55.0,2025-12-21 15:48:07,5377.070000000001
CUST006854,5,26418.320000000003,33.0,2025-11-20 03:34:58,5283.664000000001
CUST001374,4,29441.989999999998,28.0,2025-08-29 05:04:37,7360.4974999999995
CUST004815,8,55764.28999999999,63.0,2025-10-22 21:42:46,6970.536249999999
CUST001956,6,36285.31999999999,44.0,2025-12-09 17:42:14,6047.553333333332
CUST004951,8,59414.81,69.0,2025-12-10 04:37:55,7426.85125
CUST006464,5,41504.27,55.0,2025-09-04 13:29:24,8300.854
CUST000355,6,44110.54,65.0,2025-11-01 18:44:01,7351.756666666667
CUST003944,7,43967.34,59.0,2025-12-26 16:39:29,6281.0485714285705
CUST002959,2,13712.990000000002,18.0,2025-09-29 05:54:27,6856.495000000001
CUST002982,8,72271.35,82.0,2025-10-07 13:13:24,9033.91875
CUST000181,5,36672.28,35.0,2025-12-03 03:19:38,7334.456
CUST005261,4,11441.979999999998,18.0,2025-12-07 19:49:12,2860.4949999999994
CUST008533,7,59871.17,60.0,2025-12-28 17:53:40,8553.024285714286
CUST008777,9,83749.69,101.0,2025-12-16 05:49:24,9305.521111111111
CUST007380,6,21220.379999999997,30.0,2025-09-19 20:50:14,3536.7299999999996
CUST000357,4,38659.68,42.0,2025-11-21 06:02:28,9664.92
CUST008268,8,53977.57,53.0,2025-12-07 06:10:00,6747.19625
CUST001599,4,43063.950000000004,45.0,2025-10-15 10:54:20,10765.987500000001
CUST002962,4,37445.18,34.0,2025-12-03 07:14:55,9361.295
CUST003023,5,49971.6,49.0,2025-11-26 14:18:36,9994.32
CUST008086,7,53167.5,62.0,2025-11-27 01:22:47,7595.357142857143
CUST009282,4,35275.28,41.0,2025-09-03 23:57:27,8818.82
CUST008634,4,55122.2,45.0,2025-12-14 18:46:33,13780.55
CUST008145,5,42187.97,49.0,2025-10-15 07:05:05,8437.594000000001
CUST003338,8,82803.93,84.0,2025-12-17 15:38:45,10350.49125
CUST004235,3,9984.880000000001,15.0,2025-12-06 09:09:32,3328.2933333333335
CUST002256,7,49470.36,55.0,2025-12-17 00:32:39,7067.194285714286
CUST003937,8,69825.94,77.0,2025-11-28 13:39:46,8728.2425
CUST005584,7,68665.54,73.0,2025-12-10 17:22:54,9809.362857142856
CUST006204,8,76202.45,74.0,2025-12-19 08:57:16,9525.30625
CUST007673,6,50462.5,61.0,2025-12-04 06:09:36,8410.416666666666
CUST000179,5,28829.789999999994,29.0,2025-12-15 03:59:26,5765.957999999999
CUST000882,5,37836.49,45.0,2025-10-17 19:43:08,7567.298
CUST003875,9,86834.45999999999,97.0,2025-12-28 15:23:10,9648.273333333333
CUST007243,7,49183.32000000001,77.0,2025-12-09 05:04:14,7026.188571428573
CUST001443,8,69034.36,81.0,2025-12-09 00:40:28,8629.295
CUST008127,6,30881.71,41.0,2025-12-23 02:20:46,5146.951666666667
CUST005871,6,39178.66,49.0,2025-12-01 00:43:58,6529.776666666668
CUST007226,10,51197.42,52.0,2025-11-26 12:44:38,5119.742
CUST007391,7,55840.520000000004,52.0,2025-12-04 04:30:51,7977.217142857144
CUST007729,3,45704.619999999995,33.0,2025-10-31 20:19:05,15234.873333333331
CUST001188,4,29939.35,32.0,2025-10-26 07:11:43,7484.8375
CUST000165,11,98272.3,116.0,2025-12-30 23:02:27,8933.845454545455
CUST009673,7,55016.850000000006,58.0,2025-10-22 13:01:55,7859.550000000001
CUST009013,3,13270.609999999999,16.0,2025-12-14 08:36:14,4423.536666666666
CUST001380,5,46159.350000000006,49.0,2025-12-26 03:58:20,9231.87
CUST008628,2,9306.279999999999,11.0,2025-10-27 19:50:53,4653.139999999999
CUST008187,5,51647.0,55.0,2025-08-29 01:51:08,10329.4
CUST009801,9,78223.07,88.0,2025-12-24 05:08:45,8691.452222222222
CUST008739,3,7583.21,11.0,2025-10-07 02:40:59,2527.7366666666667
CUST006533,4,49211.58,51.0,2025-12-02 12:55:51,12302.895
CUST007629,9,81485.66,78.0,2025-11-08 00:22:08,9053.962222222222
CUST004580,6,65881.38,54.0,2025-10-20 22:28:34,10980.230000000001
CUST005077,11,86135.3,85.0,2025-10-13 21:25:25,7830.481818181818
CUST004098,4,33029.25,36.0,2025-11-13 02:38:10,8257.3125
CUST008261,5,37789.189999999995,44.0,2025-10-31 08:33:18,7557.837999999999
CUST003554,7,65216.009999999995,69.0,2025-12-05 12:09:00,9316.572857142857
CUST001350,4,29935.85,36.0,2025-10-26 06:21:31,7483.9625
CUST001090,5,44084.0,38.0,2025-10-15 12:40:44,8816.8
CUST005159,6,43446.32,53.0,2025-08-06 02:45:12,7241.053333333333
CUST008557,2,28971.88,24.0,2025-12-17 09:16:28,14485.94
CUST009099,6,63042.259999999995,55.0,2025-11-29 01:10:31,10507.043333333333
CUST007588,9,89535.18,91.0,2025-10-29 15:39:44,9948.353333333333
CUST005176,5,66978.88,62.0,2025-07-15 14:41:31,13395.776000000002
CUST002402,5,43810.17,42.0,2025-12-11 14:06:41,8762.034
CUST004447,11,84244.09,94.0,2025-12-23 20:24:52,7658.553636363636
CUST008927,3,26393.57,30.0,2025-09-06 23:09:33,8797.856666666667
CUST002068,10,90894.75,83.0,2025-11-24 06:59:55,9089.475
CUST006888,4,28604.280000000002,33.0,2025-09-19 12:23:49,7151.070000000001
CUST008319,4,32447.6,36.0,2025-09-23 18:08:05,8111.9
CUST003939,7,68459.14,69.0,2025-12-21 22:05:21,9779.877142857144
CUST002768,6,56299.939999999995,61.0,2025-12-19 16:36:35,9383.323333333332
CUST003905,7,56835.05,65.0,2025-09-18 19:16:43,8119.292857142857
CUST001467,6,52649.27,66.0,2025-10-31 13:01:38,8774.878333333332
CUST000600,7,64312.28,63.0,2025-12-25 18:20:21,9187.468571428572
CUST001638,4,30221.839999999997,28.0,2025-09-27 05:40:17,7555.459999999999
CUST004099,6,42378.08000000001,35.0,2025-10-19 05:57:44,7063.013333333335
CUST007925,3,39315.21,50.0,2025-06-01 10:11:48,13105.07
CUST003797,5,34276.32,51.0,2025-12-04 18:45:29,6855.264
CUST001336,7,53219.670000000006,68.0,2025-11-26 16:59:39,7602.81
CUST005290,4,28312.22,31.0,2025-07-24 06:03:42,7078.055
CUST002260,4,34913.3,28.0,2025-08-26 18:18:19,8728.325
CUST005453,6,28711.29,32.0,2025-11-10 23:57:06,4785.215
CUST005991,1,4084.2,3.0,2025-07-13 03:18:14,4084.2
CUST009107,7,60764.03999999999,69.0,2025-12-16 00:13:23,8680.577142857142
CUST001216,5,35006.35,28.0,2025-12-26 09:34:27,7001.2699999999995
CUST006839,4,40864.55,41.0,2025-12-21 09:01:07,10216.1375
CUST004221,5,43407.87,46.0,2025-10-04 02:13:52,8681.574
CUST007186,3,15049.400000000001,18.0,2025-09-24 20:18:20,5016.466666666667
CUST009214,4,27188.02,32.0,2025-12-06 06:26:55,6797.005
CUST007068,7,46968.119999999995,54.0,2025-10-28 18:34:03,6709.731428571428
CUST003445,8,52873.42,56.0,2025-12-20 09:58:00,6609.1775
CUST004716,9,99300.61,105.0,2025-10-28 03:58:51,11033.40111111111
CUST004491,3,20230.53,19.0,2025-11-29 01:32:34,6743.509999999999
CUST008833,7,59931.16,73.0,2025-10-12 21:17:48,8561.594285714285
CUST000482,10,66730.84999999999,75.0,2025-12-31 22:20:14,6673.084999999999
CUST002241,1,10643.759999999998,9.0,2025-03-05 05:47:21,10643.759999999998
CUST001303,2,12514.77,19.0,2025-12-30 08:56:53,6257.385
CUST004012,9,82765.32999999999,80.0,2025-12-23 21:12:25,9196.147777777776
CUST005356,6,73058.87999999999,71.0,2025-12-24 00:11:17,12176.479999999998
CUST005065,6,53342.03,63.0,2025-07-06 17:52:01,8890.338333333333
BAD_CUST_4374,6,46101.729999999996,42.0,2025-12-02 02:07:49,7683.621666666666
CUST009901,8,90311.41,95.0,2025-12-31 03:39:35,11288.92625
CUST006363,7,67797.87,78.0,2025-11-28 00:24:31,9685.41
CUST005866,4,40360.45,37.0,2025-08-17 07:32:25,10090.1125
CUST006086,7,35333.79,44.0,2025-11-05 11:40:43,5047.684285714286
CUST009100,6,15333.210000000001,23.0,2025-11-07 02:34:37,2555.5350000000003
CUST004429,6,38497.95,39.0,2025-11-11 08:16:27,6416.325
CUST007980,2,8013.449999999999,11.0,2025-06-16 05:40:09,4006.7249999999995
CUST009091,6,46421.61,61.0,2025-12-29 20:16:20,7736.935
CUST005532,5,52567.42999999999,57.0,2025-12-27 06:27:24,10513.485999999999
CUST007680,5,53846.380000000005,53.0,2025-12-08 15:26:57,10769.276000000002
CUST009033,5,51054.770000000004,52.0,2025-11-24 23:15:34,10210.954000000002
CUST002645,5,25743.16,34.0,2025-07-20 20:49:30,5148.632
CUST003148,5,65280.97,58.0,2025-11-09 19:11:26,13056.194
CUST006971,6,46903.4,56.0,2025-12-02 15:42:00,7817.233333333334
CUST009570,5,21676.53,30.0,2025-11-24 14:01:14,4335.306
CUST007319,8,72070.66,92.0,2025-11-02 10:11:21,9008.8325
CUST001278,6,58172.9,58.0,2025-12-30 06:24:52,9695.483333333334
CUST008077,10,79316.47,91.0,2025-09-26 14:32:26,7931.647
CUST007141,5,46980.38,49.0,2025-09-01 01:17:44,9396.076
CUST002431,4,42585.62,36.0,2025-11-13 16:37:01,10646.405
CUST004633,5,49215.85,45.0,2025-12-02 21:08:47,9843.17
CUST001062,9,52418.34999999999,54.0,2025-11-13 22:06:39,5824.26111111111
CUST008403,6,63388.520000000004,58.0,2025-12-24 07:15:46,10564.753333333334
CUST009819,9,106762.12,102.0,2025-12-26 18:40:24,11862.457777777778
CUST007532,4,30043.78,29.0,2025-12-13 12:58:19,7510.945
CUST005352,3,42605.14000000001,33.0,2025-08-13 21:19:49,14201.713333333335
CUST005450,7,54205.11,60.0,2025-11-27 13:49:04,7743.587142857143
CUST009206,6,25704.480000000003,24.0,2025-08-16 00:21:34,4284.080000000001
CUST000004,3,31447.32,26.0,2025-11-06 05:06:12,10482.44
CUST008383,5,32003.13,42.0,2025-11-14 06:21:45,6400.626
CUST004348,9,63233.97,90.0,2025-12-07 13:14:40,7025.996666666667
CUST001034,8,50463.0,65.0,2025-12-18 02:59:23,6307.875
CUST001678,3,41779.67,35.0,2025-08-19 02:07:36,13926.556666666665
CUST003058,6,44634.86,53.0,2025-12-10 09:35:20,7439.143333333333
CUST003559,7,59389.399999999994,58.0,2025-11-10 11:27:26,8484.199999999999
CUST008174,2,24419.7,24.0,2025-11-09 15:36:16,12209.85
CUST003502,7,51876.86,58.0,2025-12-17 22:34:49,7410.9800000000005
CUST004156,5,47291.24,58.0,2025-03-31 23:10:16,9458.248
CUST008894,8,99074.45999999999,91.0,2025-10-09 23:31:30,12384.307499999999
CUST008860,9,76613.67,79.0,2025-12-21 10:43:23,8512.63
CUST005195,6,67984.14000000001,70.0,2025-10-16 06:25:04,11330.690000000002
CUST009748,7,69419.46999999999,74.0,2025-10-12 14:18:58,9917.06714285714
CUST004331,2,5136.52,5.0,2025-08-03 17:04:22,2568.26
CUST009402,7,59256.59999999999,61.0,2025-12-16 06:34:09,8465.22857142857
CUST004487,3,19238.56,28.0,2025-11-20 14:54:57,6412.8533333333335
CUST007793,5,49631.329999999994,42.0,2025-12-27 09:40:41,9926.266
CUST002642,4,26225.82,31.0,2025-10-18 10:01:10,6556.455
CUST008609,4,33940.4,36.0,2025-11-05 17:38:21,8485.1
CUST008937,6,43025.79,50.0,2025-12-25 01:30:58,7170.965
CUST006905,6,71615.52,59.0,2025-08-23 22:04:37,11935.92
CUST009835,5,40252.3,35.0,2025-12-19 07:12:38,8050.460000000001
CUST008869,4,36932.19,46.0,2025-04-24 23:22:05,9233.0475
CUST006111,0,,,,0.0
CUST009056,11,108389.64,120.0,2025-12-14 13:05:04,9853.603636363636
CUST003623,3,24368.66,30.0,2025-10-25 06:57:39,8122.886666666666
CUST008037,5,38227.36,40.0,2025-09-29 22:23:01,7645.472
CUST000157,7,80731.85,70.0,2025-12-09 07:45:37,11533.121428571429
CUST007592,6,41902.84,44.0,2025-12-21 15:26:57,6983.806666666666
CUST003018,9,62710.54,70.0,2025-11-23 15:57:58,6967.837777777778
CUST005806,10,68951.35,77.0,2025-12-15 18:17:27,6895.135
CUST002219,4,28703.620000000003,31.0,2025-12-29 23:29:40,7175.905000000001
CUST000461,6,35140.939999999995,45.0,2025-10-04 21:22:39,5856.823333333333
CUST009803,5,36163.479999999996,50.0,2025-11-02 22:54:39,7232.695999999999
CUST006880,7,72275.10999999999,80.0,2025-12-22 07:59:27,10325.015714285712
CUST006414,7,58146.46,66.0,2025-11-17 18:15:24,8306.637142857142
CUST000384,10,87392.9,91.0,2025-09-26 00:46:54,8739.289999999999
CUST005326,5,24680.35,28.0,2025-12-23 15:34:08,4936.07
CUST007556,9,102826.5,94.0,2025-12-26 10:33:48,11425.166666666666
CUST002739,6,48971.090000000004,56.0,2025-12-28 19:25:47,8161.848333333334
CUST007766,5,70241.02,57.0,2025-07-21 06:27:00,14048.204000000002
CUST004197,6,35627.74,33.0,2025-10-17 05:05:00,5937.956666666666
CUST008537,5,60617.72,60.0,2025-12-28 00:55:40,12123.544
CUST002334,6,36355.79,45.0,2025-12-12 12:58:11,6059.298333333333
CUST004494,4,46529.82,44.0,2025-12-15 12:37:26,11632.455
CUST005581,4,33301.72,30.0,2025-10-26 00:42:14,8325.43
CUST001280,2,16815.74,21.0,2025-09-08 14:00:35,8407.87
CUST008999,2,20163.09,20.0,2025-12-02 08:14:25,10081.545
CUST005433,6,34403.99,43.0,2025-12-25 14:05:24,5733.998333333333
CUST009807,4,33744.96000000001,41.0,2025-12-09 08:05:31,8436.240000000002
CUST004750,10,65821.55,61.0,2025-12-13 13:27:42,6582.155000000001
CUST000278,4,31832.100000000002,37.0,2025-11-26 20:24:32,7958.025000000001
CUST008657,6,31691.35,39.0,2025-07-13 09:51:44,5281.891666666666
CUST005313,4,36519.88,42.0,2025-12-30 12:47:23,9129.97
CUST008866,10,61291.32000000001,60.0,2025-12-02 08:00:24,6129.1320000000005
CUST005982,8,68625.91,66.0,2025-09-17 14:38:48,8578.23875
CUST007292,7,61633.95,67.0,2025-10-27 04:21:49,8804.85
CUST007754,9,76903.23,94.0,2025-12-25 06:02:09,8544.803333333333
CUST005916,5,51398.51,51.0,2025-09-30 02:59:29,10279.702000000001
CUST000916,2,22902.22,23.0,2025-03-29 07:33:40,11451.11
CUST007153,9,71332.05,73.0,2025-09-11 02:28:08,7925.783333333334
CUST006361,9,55669.4,71.0,2025-11-26 09:34:15,6185.488888888889
CUST004928,9,94294.01999999999,89.0,2025-12-31 08:27:22,10477.113333333333
CUST000160,4,20668.03,26.0,2025-11-29 00:22:03,5167.0075
CUST005858,3,34810.91,37.0,2025-07-31 07:16:45,11603.636666666667
CUST007854,4,32512.760000000002,37.0,2025-12-23 05:19:52,8128.1900000000005
CUST006429,7,16379.769999999999,25.0,2025-11-10 22:58:03,2339.967142857143
CUST006080,5,27252.239999999998,36.0,2025-07-16 08:17:14,5450.447999999999
CUST005895,10,94711.48,102.0,2025-08-24 21:36:52,9471.148
CUST000706,7,74968.31999999999,71.0,2025-12-25 13:06:20,10709.759999999998
CUST005889,8,73835.02,77.0,2025-11-28 15:47:06,9229.3775
CUST008867,5,57513.83,49.0,2025-12-07 02:02:08,11502.766
CUST007305,7,61825.93000000001,75.0,2025-12-31 15:23:07,8832.275714285715
CUST007090,10,73974.15000000001,80.0,2025-12-30 01:08:08,7397.415000000001
CUST002583,9,108600.62000000001,89.0,2025-10-12 00:31:52,12066.735555555557
CUST001059,9,96410.46999999999,95.0,2025-11-11 15:58:58,10712.274444444443
CUST009626,5,63248.82,59.0,2025-09-19 09:11:09,12649.764
CUST000633,12,109275.75,113.0,2025-09-29 13:45:18,9106.3125
CUST008836,2,11904.71,16.0,2025-11-08 13:27:11,5952.355
CUST000718,4,35615.52,49.0,2025-06-06 08:59:41,8903.88
CUST008399,8,64593.14,59.0,2025-11-30 13:00:25,8074.1425
CUST001977,1,1834.8600000000001,7.0,2025-08-30 06:46:35,1834.8600000000001
CUST009934,5,28464.53,31.0,2025-11-29 09:42:48,5692.906
CUST005956,6,67284.19,65.0,2025-09-25 10:00:23,11214.031666666668
CUST007570,3,25669.620000000003,28.0,2025-08-02 21:11:18,8556.54
CUST000209,5,29226.0,36.0,2025-10-01 08:05:29,5845.2
CUST004320,6,40281.76,37.0,2025-12-19 07:27:08,6713.626666666667
CUST006623,5,48047.58,44.0,2025-10-11 15:42:53,9609.516
CUST009157,7,38549.619999999995,45.0,2025-12-16 19:17:39,5507.0885714285705
CUST002604,7,79902.41,65.0,2025-10-31 18:30:32,11414.630000000001
CUST001904,2,14805.96,22.0,2025-08-06 08:01:51,7402.98
CUST002382,6,59059.32,58.0,2025-12-05 10:38:26,9843.22
CUST002976,0,,,,0.0
CUST004351,0,,,,0.0
CUST006198,7,29070.089999999997,39.0,2025-11-22 05:11:14,4152.87
CUST007315,7,62800.640000000014,59.0,2025-12-16 02:51:45,8971.520000000002
CUST003480,5,32786.770000000004,39.0,2025-12-18 18:14:40,6557.354000000001
BAD_CUST_2681,5,29810.829999999998,38.0,2025-12-23 16:58:27,5962.165999999999
CUST005753,3,12046.03,14.0,2025-09-15 07:16:19,4015.3433333333337
CUST004137,5,25944.14,23.0,2025-08-29 02:31:03,5188.8279999999995
CUST002406,6,34390.95,32.0,2025-12-19 22:15:46,5731.825
CUST005729,6,29872.11,48.0,2025-12-17 04:23:34,4978.685
CUST001540,9,95546.4,107.0,2025-12-25 13:14:02,10616.266666666666
CUST006478,9,66442.09999999999,79.0,2025-09-27 04:06:34,7382.455555555554
CUST001515,5,31460.14,51.0,2025-09-24 22:20:16,6292.028
CUST009077,9,54995.299999999996,51.0,2025-11-03 13:43:44,6110.5888888888885
CUST008316,4,24974.93,23.0,2025-12-05 07:32:14,6243.7325
CUST000869,6,27464.820000000003,39.0,2025-09-30 17:17:49,4577.47
CUST002445,6,44724.47,52.0,2025-10-22 23:10:37,7454.078333333334
CUST007897,5,60090.26,54.0,2025-11-27 04:58:07,12018.052
CUST002503,8,61735.329999999994,61.0,2025-11-10 01:31:49,7716.916249999999
CUST005220,7,38724.100000000006,41.0,2025-10-10 00:19:13,5532.014285714286
CUST005906,3,18151.7,29.0,2025-06-10 00:56:43,6050.566666666667
CUST009727,10,97519.68,106.0,2025-09-19 12:24:54,9751.967999999999
CUST009479,5,36806.43,34.0,2025-09-20 14:30:18,7361.286
CUST008406,8,61609.770000000004,76.0,2025-12-18 09:49:32,7701.2212500000005
CUST000977,5,47888.07,45.0,2025-11-18 15:43:18,9577.614
CUST003287,7,67347.14,61.0,2025-12-19 15:06:57,9621.02
CUST006305,7,58519.25,72.0,2025-12-25 16:16:59,8359.892857142857
CUST002566,11,65926.73000000001,83.0,2025-12-31 05:58:49,5993.339090909092
CUST001100,5,40841.81,57.0,2025-11-06 06:58:14,8168.361999999999
CUST001067,5,64749.219999999994,58.0,2025-09-27 13:40:49,12949.844
CUST004155,6,58860.82,67.0,2025-12-07 07:38:11,9810.136666666667
CUST001937,7,94501.04000000001,89.0,2025-10-22 14:48:14,13500.148571428572
CUST005810,10,62763.119999999995,75.0,2025-11-17 04:11:38,6276.312
CUST004123,4,28726.55,37.0,2025-12-28 08:49:47,7181.6375
CUST008361,7,76479.23,67.0,2025-12-07 19:14:25,10925.604285714286
CUST004690,4,27031.4,33.0,2025-11-05 17:14:54,6757.85
CUST009986,6,35040.450000000004,34.0,2025-09-19 19:46:46,5840.075000000001
CUST001913,3,27293.440000000002,30.0,2025-12-27 19:18:49,9097.813333333334
CUST007073,4,29802.34,25.0,2025-11-10 06:53:41,7450.585
CUST003362,5,45912.07,40.0,2025-11-21 23:30:08,9182.414
CUST003181,5,48201.829999999994,49.0,2025-12-23 16:41:26,9640.365999999998
CUST007347,5,41916.89000000001,52.0,2025-11-11 07:43:26,8383.378
CUST005855,6,45432.47,53.0,2025-09-05 13:55:27,7572.078333333334
CUST002890,5,54109.53999999999,53.0,2025-11-25 19:01:46,10821.908
CUST001003,5,68763.77,63.0,2025-10-28 19:05:40,13752.754
CUST008192,6,51204.979999999996,60.0,2025-11-02 00:57:50,8534.163333333332
CUST001519,2,14889.41,19.0,2025-11-21 19:25:06,7444.705
CUST002118,5,89460.52,74.0,2025-12-07 22:56:29,17892.104
CUST001790,3,23428.179999999997,25.0,2025-10-11 22:11:31,7809.3933333333325
CUST004231,3,28818.600000000002,37.0,2025-09-29 17:31:36,9606.2
CUST007578,5,29750.57,39.0,2025-12-22 15:22:36,5950.114
CUST002900,5,37049.97,35.0,2025-12-29 13:11:34,7409.994000000001
CUST001481,6,48832.39,47.0,2025-12-04 06:56:14,8138.731666666667
CUST001043,5,40623.19,45.0,2025-11-04 01:04:25,8124.638000000001
CUST009302,7,55183.45999999999,53.0,2025-10-05 14:34:34,7883.351428571427
CUST008792,10,72337.23000000001,83.0,2025-11-09 13:03:36,7233.723000000001
CUST006505,4,24187.010000000002,31.0,2025-11-24 09:00:48,6046.7525000000005
CUST004595,8,84787.65,84.0,2025-12-19 04:46:44,10598.45625
CUST009392,5,38404.899999999994,39.0,2025-09-28 09:00:06,7680.979999999999
CUST009779,6,54737.240000000005,63.0,2025-11-13 02:38:14,9122.873333333335
CUST008152,5,33797.21,40.0,2025-12-18 06:14:05,6759.442
CUST001109,7,67775.76000000001,61.0,2025-12-31 19:08:11,9682.25142857143
CUST008299,5,64265.61,58.0,2025-09-22 03:04:20,12853.122
CUST003424,6,47420.240000000005,52.0,2025-12-05 08:49:28,7903.373333333334
CUST009690,4,34741.47,35.0,2025-12-21 03:18:30,8685.3675
CUST008075,3,19254.82,18.0,2025-07-01 10:37:19,6418.2733333333335
CUST006922,7,68836.81999999999,59.0,2025-11-03 05:46:07,9833.831428571428
CUST006500,6,44950.03,55.0,2025-12-11 09:39:57,7491.671666666666
CUST000057,5,40767.89,52.0,2025-12-23 21:55:49,8153.5779999999995
CUST006824,2,8874.01,6.0,2025-11-09 08:20:51,4437.005
CUST002328,2,34893.2,29.0,2025-12-08 10:08:20,17446.6
CUST004399,7,44488.75,55.0,2025-12-17 13:49:43,6355.535714285715
CUST007509,3,26655.23,28.0,2025-08-22 06:06:13,8885.076666666666
CUST005802,4,28024.000000000004,35.0,2025-11-12 08:17:27,7006.000000000001
CUST009262,4,25995.21,39.0,2025-10-06 19:16:09,6498.8025
CUST008114,7,48569.83,45.0,2025-12-20 04:27:59,6938.547142857143
CUST007527,5,58313.05,67.0,2025-12-08 02:43:08,11662.61
CUST005876,7,49816.1,58.0,2025-12-18 21:19:10,7116.585714285714
CUST002898,4,32069.71,39.0,2025-10-31 09:15:41,8017.4275
CUST002272,5,42018.23,41.0,2025-12-02 21:13:44,8403.646
CUST007406,4,29189.61,27.0,2025-12-06 20:45:52,7297.4025
CUST000071,3,15790.43,19.0,2025-08-17 15:51:08,5263.4766666666665
CUST004470,0,,,,0.0
CUST007584,7,64284.350000000006,65.0,2025-12-01 04:53:32,9183.478571428572
CUST008826,4,30314.8,37.0,2025-07-21 14:38:23,7578.7
CUST008898,11,87222.66,104.0,2025-12-30 13:52:21,7929.332727272727
CUST002239,6,34794.969999999994,55.0,2025-12-23 00:32:00,5799.161666666666
CUST000438,7,53599.350000000006,54.0,2025-12-20 20:39:32,7657.050000000001
CUST001897,4,58507.22,57.0,2025-12-20 20:13:10,14626.805
CUST001908,8,97956.51000000001,87.0,2025-12-07 11:13:44,12244.563750000001
CUST000402,1,4641.58,6.0,2025-12-27 22:00:31,4641.58
CUST001259,6,80307.37,74.0,2025-12-20 16:32:01,13384.561666666666
CUST008425,4,26194.36,30.0,2025-10-11 16:41:24,6548.59
CUST002015,4,39509.07,35.0,2025-11-21 09:50:34,9877.2675
CUST007693,10,75967.75,83.0,2025-11-29 06:39:29,7596.775
CUST009873,6,56467.759999999995,56.0,2025-11-16 01:57:59,9411.293333333333
CUST000858,7,41579.04,49.0,2025-12-21 07:13:33,5939.862857142857
CUST006609,10,63225.22,73.0,2025-12-28 07:39:34,6322.522
CUST005181,4,20218.030000000002,19.0,2025-08-14 16:31:24,5054.507500000001
CUST009344,8,62382.29,68.0,2025-12-27 01:52:29,7797.78625
CUST006825,7,29786.14,45.0,2025-11-01 20:23:10,4255.162857142857
CUST002460,8,73357.03,80.0,2025-12-19 05:02:22,9169.62875
CUST005737,6,51928.1,59.0,2025-11-08 15:18:41,8654.683333333332
CUST007236,3,21598.47,28.0,2025-12-23 02:07:54,7199.490000000001
CUST001497,3,29231.56,30.0,2025-10-23 05:08:31,9743.853333333334
CUST002978,11,71146.63,74.0,2025-12-26 23:17:22,6467.875454545455
CUST004837,8,73861.28,73.0,2025-11-21 15:20:43,9232.66
CUST009775,9,86768.0,76.0,2025-11-21 10:49:52,9640.888888888889
CUST003276,4,48167.48,40.0,2025-12-08 11:07:09,12041.87
CUST009465,5,36929.15,33.0,2025-12-04 08:19:08,7385.83
CUST004585,5,47429.93,46.0,2025-11-04 08:25:37,9485.986
CUST001335,9,49497.799999999996,65.0,2025-10-10 21:54:38,5499.7555555555555
CUST001975,6,36449.24,59.0,2025-09-09 10:30:57,6074.873333333333
CUST006719,5,42516.49,47.0,2025-12-21 01:20:16,8503.297999999999
CUST005594,6,40688.55,50.0,2025-08-09 04:02:43,6781.425
CUST003886,5,26241.36,33.0,2025-08-25 03:52:50,5248.272
CUST004113,5,38579.12,35.0,2025-09-18 11:36:39,7715.8240000000005
CUST004277,5,34253.310000000005,33.0,2025-11-21 06:03:03,6850.662000000001
CUST003280,7,69667.06999999999,58.0,2025-12-28 02:39:27,9952.43857142857
CUST007167,6,41040.520000000004,40.0,2025-10-24 16:28:19,6840.086666666667
CUST004018,2,11391.189999999999,22.0,2025-10-18 16:33:28,5695.594999999999
CUST008619,5,27938.89,36.0,2025-08-24 04:32:37,5587.778
CUST002725,6,68264.73000000001,70.0,2025-12-10 18:42:16,11377.455000000002
CUST006217,6,64693.92,59.0,2025-12-26 07:52:21,10782.32
CUST004818,14,105607.83,116.0,2025-12-07 12:08:52,7543.416428571429
CUST008830,4,22391.14,21.0,2025-09-30 22:16:33,5597.785
CUST009836,7,31780.48,43.0,2025-12-25 04:32:26,4540.068571428571
CUST002035,4,32624.78,31.0,2025-09-01 02:08:40,8156.195
CUST000535,7,66743.19,69.0,2025-11-05 10:48:30,9534.74142857143
CUST005142,9,50962.96,55.0,2025-12-27 12:18:56,5662.551111111111
CUST001578,10,111216.01,108.0,2025-12-30 23:59:12,11121.600999999999
CUST006586,5,39312.19,52.0,2025-12-13 16:49:37,7862.438
CUST009087,5,48173.94,45.0,2025-12-18 17:32:18,9634.788
CUST001703,6,29938.46,36.0,2025-12-22 04:46:01,4989.743333333333
CUST002701,5,41327.39,45.0,2025-11-05 01:19:44,8265.478
CUST004297,6,57217.53,56.0,2025-12-11 14:13:18,9536.255
CUST009487,8,59046.57,64.0,2025-09-07 15:11:49,7380.82125
CUST004703,4,29613.879999999997,30.0,2025-11-26 13:47:56,7403.469999999999
CUST003862,4,21186.93,24.0,2025-08-20 00:13:50,5296.7325
CUST006119,8,65997.17,58.0,2025-12-12 13:21:29,8249.64625
CUST007204,3,32120.480000000003,34.0,2025-11-28 17:00:58,10706.826666666668
CUST001886,11,96378.38,92.0,2025-12-25 10:40:28,8761.67090909091
CUST002560,8,56619.57,55.0,2025-11-16 13:23:38,7077.44625
CUST002849,4,56896.82000000001,51.0,2025-10-03 04:59:19,14224.205000000002
CUST005659,7,36124.7,39.0,2025-11-21 03:17:19,5160.671428571428
CUST008422,5,42790.69,50.0,2025-11-30 19:50:50,8558.138
CUST003940,8,54511.920000000006,65.0,2025-11-06 07:11:26,6813.990000000001
CUST000813,7,45302.81,43.0,2025-12-16 16:34:07,6471.83
CUST002527,6,52996.4,61.0,2025-12-06 01:34:07,8832.733333333334
CUST005811,7,44082.42,42.0,2025-11-28 17:18:50,6297.488571428571
CUST003175,3,19377.199999999997,41.0,2025-12-10 03:47:10,6459.066666666666
CUST004927,6,51954.469999999994,61.0,2025-12-01 19:40:09,8659.078333333333
CUST009434,7,58166.979999999996,46.0,2025-11-29 23:41:24,8309.56857142857
CUST007154,10,104543.29,105.0,2025-12-23 16:25:53,10454.329
CUST007678,7,55554.13,62.0,2025-10-07 11:00:22,7936.3042857142855
CUST002546,8,39260.57,48.0,2025-11-26 00:22:42,4907.57125
CUST002887,7,64630.51,63.0,2025-10-01 08:24:19,9232.93
CUST004229,5,43088.82,46.0,2025-08-23 04:30:29,8617.764
CUST006859,3,13212.45,13.0,2025-07-26 22:44:45,4404.150000000001
CUST002292,4,37363.89,44.0,2025-12-26 16:38:59,9340.9725
CUST007517,5,52844.87,62.0,2025-12-04 19:15:12,10568.974
CUST009712,7,61931.57,64.0,2025-12-13 17:07:20,8847.367142857143
CUST006472,4,15679.099999999999,25.0,2025-09-17 04:02:11,3919.7749999999996
CUST007645,5,48843.23,48.0,2025-08-30 16:14:42,9768.646
CUST000571,9,71399.85,76.0,2025-12-15 19:44:11,7933.3166666666675
CUST006722,4,40492.020000000004,39.0,2025-12-08 20:19:04,10123.005000000001
CUST001249,6,43003.97,43.0,2025-09-18 23:45:14,7167.328333333334
CUST000496,6,27992.530000000002,34.0,2025-12-16 12:35:12,4665.421666666667
CUST009837,5,39506.14,50.0,2025-11-12 12:46:11,7901.228
CUST001749,8,76561.37999999999,76.0,2025-12-21 06:28:20,9570.172499999999
CUST006316,6,55983.560000000005,63.0,2025-11-16 07:28:42,9330.593333333334
CUST004675,8,71143.23,83.0,2025-12-11 16:16:26,8892.90375
CUST002779,8,60624.44,66.0,2025-12-28 15:08:33,7578.055
CUST001348,6,47718.32000000001,44.0,2025-12-04 20:55:56,7953.053333333334
CUST005915,8,54778.33,74.0,2025-12-05 18:48:16,6847.29125
CUST002385,3,25597.36,22.0,2025-11-09 12:18:22,8532.453333333333
CUST007100,2,10720.630000000001,9.0,2025-09-24 12:26:46,5360.3150000000005
CUST005657,5,43615.12,41.0,2025-12-06 06:18:27,8723.024000000001
CUST004093,4,14683.240000000002,19.0,2025-11-02 05:23:01,3670.8100000000004
CUST001890,4,53459.13,55.0,2025-12-27 03:59:32,13364.7825
CUST000332,10,88946.79000000001,87.0,2025-11-12 07:52:27,8894.679
CUST007166,8,39531.350000000006,57.0,2025-12-17 13:59:11,4941.418750000001
CUST008405,9,93171.98999999999,102.0,2025-10-17 06:35:03,10352.443333333333
CUST007471,11,105698.12,123.0,2025-11-26 17:37:48,9608.92
CUST008756,9,82288.96,83.0,2025-10-12 13:55:45,9143.217777777778
CUST000602,6,51530.97,45.0,2025-12-04 23:04:00,8588.495
CUST009162,11,76930.11,93.0,2025-12-25 20:37:17,6993.646363636363
CUST002282,8,74219.39,82.0,2025-12-09 03:07:29,9277.42375
CUST002737,5,50350.990000000005,48.0,2025-11-25 17:28:18,10070.198
CUST007523,6,35206.74999999999,42.0,2025-11-25 00:24:39,5867.791666666665
CUST006621,7,55398.29,63.0,2025-08-11 07:06:06,7914.041428571429
CUST000743,8,92787.03,100.0,2025-12-17 02:13:11,11598.37875
CUST003884,5,51332.9,61.0,2025-08-08 18:47:37,10266.58
CUST000841,8,67342.23,86.0,2025-11-05 19:28:55,8417.77875
CUST000680,5,23974.120000000003,25.0,2025-11-09 22:12:24,4794.8240000000005
CUST000980,4,18404.94,21.0,2025-12-28 18:08:03,4601.235
CUST002358,8,66788.65,64.0,2025-12-14 16:18:22,8348.58125
CUST003054,5,29569.45,31.0,2025-11-28 14:19:12,5913.89
CUST007231,5,39009.979999999996,53.0,2025-12-22 08:46:15,7801.995999999999
CUST002167,7,43615.58,39.0,2025-12-12 04:20:02,6230.797142857143
CUST004131,11,56969.799999999996,66.0,2025-12-12 00:29:10,5179.072727272727
CUST005983,6,72486.58,84.0,2025-11-10 11:02:09,12081.096666666666
CUST008216,11,59228.60999999999,67.0,2025-12-17 19:06:14,5384.41909090909
CUST006715,11,86513.44,98.0,2025-11-05 17:24:25,7864.858181818182
CUST001774,4,42415.93,49.0,2025-09-28 06:11:11,10603.9825
CUST005927,9,67167.39,81.0,2025-12-08 09:47:12,7463.043333333333
CUST001880,5,43387.34,44.0,2025-12-19 10:38:06,8677.467999999999
CUST002879,10,88521.95999999999,94.0,2025-12-02 08:57:23,8852.196
CUST007332,5,40155.24,43.0,2025-06-08 05:09:40,8031.048
CUST003392,5,34519.4,47.0,2025-11-13 16:19:30,6903.88
CUST009189,4,23898.46,28.0,2025-09-24 18:24:56,5974.615
CUST004475,5,53875.06,60.0,2025-12-11 13:50:21,10775.011999999999
CUST000226,7,79973.14,78.0,2025-12-27 13:34:53,11424.734285714285
CUST009741,4,23422.889999999996,41.0,2025-11-29 05:01:47,5855.722499999999
CUST004599,4,11068.830000000002,16.0,2025-07-27 07:35:10,2767.2075000000004
CUST007087,9,58504.670000000006,66.0,2025-10-20 12:05:57,6500.51888888889
CUST001735,6,50397.08,51.0,2025-09-17 22:17:07,8399.513333333334
CUST008848,8,87529.79000000001,96.0,2025-12-19 18:07:37,10941.223750000001
CUST009039,0,,,,0.0
CUST004728,6,29830.16,38.0,2025-09-03 04:09:58,4971.693333333334
CUST000843,6,52578.49,49.0,2025-11-09 10:48:42,8763.081666666667
CUST000570,8,64776.060000000005,70.0,2025-12-29 03:46:12,8097.007500000001
CUST004452,5,37341.69,36.0,2025-10-28 03:48:37,7468.338000000001
CUST005636,5,66232.48,61.0,2025-12-22 02:53:46,13246.496
CUST002886,7,63082.26000000001,69.0,2025-11-25 09:07:05,9011.75142857143
CUST006201,3,12591.23,13.0,2025-12-11 17:09:04,4197.076666666667
CUST009093,7,73627.6,72.0,2025-10-28 12:00:14,10518.228571428572
CUST007082,4,18286.04,32.0,2025-09-27 08:06:14,4571.51
CUST002471,4,29179.61,41.0,2025-10-10 21:44:47,7294.9025
CUST006815,5,41207.85,37.0,2025-10-03 05:43:50,8241.57
CUST003777,9,102622.85999999999,119.0,2025-11-06 10:17:21,11402.539999999999
CUST008536,4,28358.7,22.0,2025-11-20 19:10:51,7089.675
CUST005613,6,55869.17,52.0,2025-11-21 15:19:37,9311.528333333334
CUST004059,6,49551.33,56.0,2025-11-01 12:55:57,8258.555
CUST005477,6,39233.56,44.0,2025-11-17 02:23:47,6538.926666666666
CUST001787,5,45278.46,57.0,2025-09-16 06:41:50,9055.692
CUST009676,5,20903.389999999996,35.0,2025-12-22 10:32:18,4180.677999999999
CUST004060,8,77316.43000000001,83.0,2025-10-28 03:42:52,9664.553750000001
CUST009369,6,50608.49,57.0,2025-12-03 07:04:14,8434.748333333333
CUST006342,10,115815.70000000001,119.0,2025-10-21 16:27:56,11581.570000000002
CUST000466,3,32665.910000000003,29.0,2025-11-02 13:34:45,10888.636666666667
CUST006035,11,74411.38,89.0,2025-10-24 19:21:23,6764.67090909091
CUST005734,3,18486.87,11.0,2025-06-05 02:10:23,6162.29
CUST008407,6,32316.53,31.0,2025-11-05 04:08:18,5386.088333333333
CUST008909,4,34969.5,36.0,2025-10-29 10:03:53,8742.375
CUST000087,5,48435.23,52.0,2025-10-13 12:19:06,9687.046
CUST008158,3,11348.52,13.0,2025-09-03 06:48:24,3782.84
CUST001492,3,11414.42,20.0,2025-08-25 12:41:13,3804.806666666667
CUST003248,3,18859.34,18.0,2025-11-18 07:02:23,6286.446666666667
CUST006298,3,26380.059999999998,26.0,2025-11-22 14:05:15,8793.353333333333
CUST007709,5,34912.55,34.0,2025-12-19 11:39:03,6982.51
CUST003113,4,30362.6,44.0,2025-12-19 03:35:51,7590.65
CUST005675,3,15988.66,17.0,2025-07-27 16:59:33,5329.553333333333
CUST002590,5,36189.97,40.0,2025-12-14 07:25:23,7237.994000000001
CUST003916,4,41459.42,43.0,2025-12-06 18:24:55,10364.855
CUST007621,8,77314.73999999999,82.0,2025-11-27 23:23:38,9664.342499999999
CUST006650,7,66237.41,74.0,2025-12-23 01:40:30,9462.487142857144
CUST004443,5,18601.85,31.0,2025-10-18 07:55:40,3720.37
CUST000762,5,28935.940000000002,28.0,2025-09-10 23:51:15,5787.188
CUST009732,4,36440.670000000006,37.0,2025-12-07 19:30:45,9110.167500000001
CUST005851,7,65539.18,64.0,2025-12-16 10:38:21,9362.74
CUST001362,5,40442.6,50.0,2025-12-04 00:03:28,8088.5199999999995
CUST008487,8,60872.880000000005,78.0,2025-10-01 02:54:59,7609.110000000001
CUST006923,4,33248.31,28.0,2025-10-13 07:15:03,8312.0775
CUST009480,12,104681.76000000001,109.0,2025-10-20 14:25:17,8723.480000000001
CUST007892,3,25792.41,27.0,2025-12-11 18:34:12,8597.47
CUST004822,5,72632.37,63.0,2025-09-28 12:50:12,14526.473999999998
CUST006739,7,58535.17,68.0,2025-12-03 07:43:54,8362.167142857143
CUST007806,10,101491.40000000001,115.0,2025-12-01 04:34:42,10149.140000000001
CUST009439,12,106293.8,116.0,2025-10-14 09:22:24,8857.816666666668
CUST004559,7,86639.51000000001,92.0,2025-12-23 18:56:49,12377.072857142859
CUST009352,5,54844.020000000004,67.0,2025-12-22 18:40:43,10968.804
CUST001126,7,52265.759999999995,66.0,2025-12-30 20:06:53,7466.5371428571425
CUST000730,1,5522.58,11.0,2025-03-11 10:13:19,5522.58
CUST002182,5,21016.710000000003,34.0,2025-12-31 05:39:00,4203.342000000001
CUST000523,7,59025.44,59.0,2025-12-14 00:12:58,8432.205714285714
CUST003421,10,91092.68,110.0,2025-11-17 07:35:21,9109.268
CUST009269,7,55995.73999999999,64.0,2025-12-25 19:00:15,7999.391428571427
CUST009409,5,28869.57,32.0,2025-09-17 06:52:50,5773.914
CUST008435,9,76652.1,87.0,2025-12-02 02:34:15,8516.900000000001
CUST004945,4,30846.519999999997,25.0,2025-08-19 18:03:48,7711.629999999999
CUST003253,9,36262.39,46.0,2025-12-26 15:41:05,4029.1544444444444
CUST004593,4,23464.05,27.0,2025-12-09 18:58:30,5866.0125
CUST005860,11,111041.36000000002,104.0,2025-12-16 01:53:06,10094.669090909092
CUST009220,7,38519.130000000005,51.0,2025-12-30 01:15:40,5502.732857142858
CUST008883,8,60779.58,77.0,2025-12-23 22:35:58,7597.4475
CUST000673,2,20781.74,16.0,2025-04-25 18:37:19,10390.87
CUST000348,7,54722.240000000005,45.0,2025-10-02 21:23:37,7817.4628571428575
CUST004121,7,53216.67,49.0,2025-11-07 08:23:15,7602.381428571428
CUST008847,2,21158.76,16.0,2025-03-17 09:48:24,10579.38
CUST007255,5,48183.21,54.0,2025-12-26 16:37:27,9636.642
CUST002011,7,52024.91,54.0,2025-12-06 13:22:16,7432.13
CUST003838,5,64564.18,69.0,2025-11-17 00:41:27,12912.836
CUST008759,6,76926.65,67.0,2025-12-01 10:03:00,12821.108333333332
CUST006841,8,67540.93,66.0,2025-12-26 14:01:07,8442.61625
CUST005625,6,76861.84,78.0,2025-09-23 19:10:15,12810.306666666665
CUST006049,2,18509.239999999998,21.0,2025-02-14 12:06:23,9254.619999999999
CUST000930,8,58934.39,54.0,2025-09-22 16:51:36,7366.79875
CUST005304,3,25448.870000000003,21.0,2025-11-15 08:32:29,8482.956666666667
CUST000333,9,73143.18,64.0,2025-10-05 19:10:06,8127.0199999999995
CUST003472,6,32097.21,32.0,2025-11-20 02:33:31,5349.535
CUST000603,4,34192.15,31.0,2025-10-28 05:26:44,8548.0375
CUST008900,8,57073.07000000001,65.0,2025-12-26 03:05:33,7134.133750000001
CUST007122,5,41550.74,46.0,2025-12-31 21:26:46,8310.148
CUST004869,5,31840.539999999997,33.0,2025-11-20 09:51:26,6368.107999999999
CUST004897,8,58061.99,57.0,2025-12-05 17:12:58,7257.74875
CUST004031,10,68548.09,79.0,2025-12-09 16:47:42,6854.808999999999
CUST008821,5,38027.91000000001,36.0,2025-12-26 23:28:41,7605.582000000002
CUST009254,4,22728.949999999997,33.0,2025-12-31 18:54:51,5682.237499999999
CUST006510,6,53567.66,58.0,2025-12-14 02:24:51,8927.943333333335
CUST001371,7,41871.49,39.0,2025-10-13 08:54:35,5981.641428571428
CUST006517,5,65591.17000000001,57.0,2025-12-15 18:45:03,13118.234000000002
CUST006655,7,93172.58,91.0,2025-11-28 21:19:27,13310.368571428571
CUST000450,4,30124.82,38.0,2025-09-25 03:09:59,7531.205
CUST005611,11,103103.55,101.0,2025-11-05 19:24:00,9373.050000000001
CUST004997,5,41184.64,40.0,2025-12-08 16:29:40,8236.928
CUST009140,1,2858.29,4.0,2025-10-22 11:18:42,2858.29
CUST004547,6,38531.79,47.0,2025-10-26 03:17:50,6421.965
CUST007901,7,42878.7,41.0,2025-09-01 01:01:54,6125.528571428571
CUST006749,4,21809.1,24.0,2025-12-01 13:17:08,5452.275
CUST006661,3,36792.09,30.0,2025-09-08 19:35:41,12264.029999999999
CUST002648,6,46174.57000000001,59.0,2025-11-19 02:48:38,7695.761666666668
CUST009583,6,59401.399999999994,72.0,2025-12-02 10:47:26,9900.233333333332
CUST004809,5,47626.09,52.0,2025-08-06 23:00:52,9525.217999999999
CUST007593,3,20499.67,21.0,2025-07-18 05:01:11,6833.223333333332
CUST004432,10,70731.75,75.0,2025-12-06 13:14:18,7073.175
CUST000380,4,37106.43,39.0,2025-10-31 02:33:58,9276.6075
CUST009739,1,2572.2999999999997,5.0,2025-01-18 11:15:07,2572.2999999999997
CUST009233,3,18568.47,20.0,2025-09-17 12:04:42,6189.490000000001
CUST007773,7,64172.740000000005,58.0,2025-12-21 07:17:44,9167.534285714286
CUST003661,9,78836.63,83.0,2025-12-03 01:39:07,8759.625555555556
CUST007195,9,81236.25,79.0,2025-12-16 03:18:28,9026.25
CUST008958,7,70273.11,62.0,2025-08-26 07:08:08,10039.015714285715
CUST008560,6,46243.05,56.0,2025-12-23 04:33:53,7707.175
CUST001964,8,79402.9,82.0,2025-12-06 07:03:36,9925.3625
CUST008620,7,39635.130000000005,60.0,2025-11-21 18:08:17,5662.1614285714295
CUST005263,8,61921.12000000001,78.0,2025-12-23 08:07:20,7740.140000000001
CUST000828,6,40320.840000000004,63.0,2025-12-01 08:17:41,6720.14
CUST003274,8,96221.74000000002,81.0,2025-12-11 19:51:14,12027.717500000002
CUST007194,11,73997.09999999999,84.0,2025-12-31 15:07:11,6727.00909090909
CUST003251,8,78990.71,87.0,2025-08-18 08:29:48,9873.83875
CUST001135,4,31546.35,31.0,2025-11-17 18:09:39,7886.5875
CUST007987,7,51973.740000000005,61.0,2025-11-18 11:47:24,7424.820000000001
CUST004778,7,53738.7,57.0,2025-12-23 22:20:46,7676.957142857143
CUST008246,9,89310.62999999998,82.0,2025-12-28 00:05:26,9923.40333333333
CUST001921,3,31639.63,31.0,2025-08-28 16:28:00,10546.543333333333
CUST008868,6,35315.34,42.0,2025-11-06 08:44:04,5885.889999999999
CUST004356,6,51164.920000000006,49.0,2025-12-01 18:24:37,8527.486666666668
CUST002416,4,33708.71,26.0,2025-11-22 12:00:16,8427.1775
CUST000347,6,49379.03,54.0,2025-11-17 12:28:52,8229.838333333333
CUST002838,5,30069.22,33.0,2025-09-20 12:11:40,6013.844
CUST006007,6,40313.98,38.0,2025-11-20 12:37:31,6718.996666666667
CUST005555,8,90530.66,96.0,2025-12-25 07:11:23,11316.3325
CUST008391,5,39346.36,46.0,2025-09-17 19:48:09,7869.272
CUST002821,7,38412.26000000001,73.0,2025-12-15 14:30:57,5487.465714285716
CUST009025,3,27912.100000000002,22.0,2025-12-14 19:57:04,9304.033333333335
CUST000604,9,71164.63,70.0,2025-10-01 17:53:56,7907.181111111112
CUST003067,7,54786.649999999994,65.0,2025-12-15 12:14:51,7826.664285714285
CUST001617,6,51323.14,49.0,2025-10-31 00:04:26,8553.856666666667
CUST009088,3,11561.419999999998,20.0,2025-06-10 19:29:33,3853.806666666666
CUST000369,4,32023.51,48.0,2025-10-21 08:34:47,8005.8775
CUST005764,8,120184.20999999999,119.0,2025-11-27 21:42:06,15023.026249999999
CUST004102,6,50421.31999999999,72.0,2025-12-10 00:26:15,8403.553333333331
CUST003773,5,23892.780000000002,40.0,2025-11-09 17:53:12,4778.5560000000005
CUST004616,3,25171.750000000004,21.0,2025-09-09 22:15:51,8390.583333333334
CUST007999,6,77522.72,77.0,2025-11-05 22:51:34,12920.453333333333
CUST004174,8,68971.14,80.0,2025-11-17 11:54:04,8621.3925
CUST007247,3,15662.29,21.0,2025-11-24 04:19:29,5220.763333333333
CUST003841,4,39658.44,53.0,2025-12-19 22:08:17,9914.61
CUST003775,4,43444.69,38.0,2025-04-19 13:46:29,10861.1725
CUST005814,4,40395.25,42.0,2025-11-06 05:48:45,10098.8125
CUST000775,4,30250.879999999997,38.0,2025-09-19 17:43:23,7562.719999999999
CUST007708,9,44997.53,54.0,2025-12-31 12:00:09,4999.725555555556
CUST009713,7,50343.799999999996,56.0,2025-11-26 22:40:33,7191.971428571428
CUST005118,4,25819.68,26.0,2025-12-05 23:06:39,6454.92
CUST005271,5,37257.98,48.0,2025-08-04 23:44:59,7451.5960000000005
CUST008396,4,35647.22,35.0,2025-11-16 13:40:04,8911.805
CUST003454,5,21346.2,24.0,2025-11-18 03:08:42,4269.24
CUST003826,10,124320.63,121.0,2025-09-10 15:21:04,12432.063
CUST001885,7,65279.46,69.0,2025-11-21 14:25:32,9325.637142857142
CUST003561,9,82772.52,75.0,2025-12-31 13:07:28,9196.946666666667
CUST002667,8,65060.229999999996,62.0,2025-12-28 14:22:40,8132.5287499999995
CUST003667,6,60533.86,61.0,2025-12-01 23:46:16,10088.976666666667
CUST008978,6,46180.67,50.0,2025-11-25 22:24:35,7696.778333333333
CUST001531,8,47973.840000000004,59.0,2025-12-22 03:20:24,5996.7300000000005
CUST006793,14,145859.31000000003,153.0,2025-12-28 06:51:34,10418.522142857144
CUST003146,5,69722.19,64.0,2025-12-29 04:36:06,13944.438
CUST008589,7,60371.58999999999,65.0,2025-08-26 01:02:35,8624.512857142856
CUST000282,5,43645.1,54.0,2025-10-17 15:44:08,8729.02
CUST002190,11,81822.78,91.0,2025-12-22 03:47:07,7438.4345454545455
CUST002018,5,38951.600000000006,48.0,2025-10-29 08:03:50,7790.3200000000015
CUST004183,6,31857.929999999997,40.0,2025-10-09 09:43:27,5309.655
CUST000286,6,50239.94,54.0,2025-10-21 06:43:11,8373.323333333334
CUST002271,9,75939.02,97.0,2025-12-18 16:06:01,8437.66888888889
CUST009829,3,19504.3,19.0,2025-09-12 11:41:53,6501.433333333333
CUST001668,7,66409.4,65.0,2025-12-03 23:55:23,9487.057142857142
CUST006628,2,1932.22,8.0,2025-08-27 11:19:56,966.11
CUST008522,7,35885.409999999996,34.0,2025-12-15 11:06:26,5126.487142857142
CUST005506,6,73801.11,64.0,2025-10-28 13:33:35,12300.185
CUST008116,11,124616.49,115.0,2025-11-06 16:30:57,11328.771818181818
CUST005872,7,69319.76,71.0,2025-12-30 19:56:39,9902.822857142857
CUST006136,8,55987.96000000001,64.0,2025-11-19 02:43:59,6998.495000000001
CUST007094,7,51058.509999999995,67.0,2025-12-30 11:17:17,7294.072857142856
CUST000005,9,52392.619999999995,57.0,2025-08-30 19:35:24,5821.402222222222
CUST009134,7,69316.59,78.0,2025-11-19 23:34:31,9902.369999999999
CUST006353,6,48147.380000000005,57.0,2025-12-15 09:19:11,8024.563333333334
CUST001117,5,56627.89,52.0,2025-11-26 23:53:58,11325.578
CUST007778,4,27374.14,32.0,2025-12-26 17:30:30,6843.535
CUST007131,8,54133.28,75.0,2025-11-13 08:21:18,6766.66
CUST001166,4,31765.770000000004,27.0,2025-12-26 08:45:21,7941.442500000001
CUST000362,6,39636.659999999996,49.0,2025-09-16 03:00:34,6606.11
CUST000840,5,38792.46000000001,38.0,2025-12-06 00:21:49,7758.492000000001
CUST006548,6,40899.53,42.0,2025-12-15 08:28:15,6816.588333333333
CUST000194,2,10530.95,14.0,2025-12-10 05:58:54,5265.475
CUST009641,8,83872.58,95.0,2025-11-27 08:46:28,10484.0725
CUST000317,5,33880.770000000004,38.0,2025-10-26 09:30:14,6776.154
CUST007049,9,90920.39,98.0,2025-12-31 06:42:38,10102.265555555556
CUST009089,3,32057.760000000002,41.0,2025-04-25 23:10:22,10685.92
CUST009509,6,56601.979999999996,69.0,2025-12-24 21:38:03,9433.663333333332
CUST002671,11,71627.29,101.0,2025-12-11 08:52:55,6511.571818181817
CUST003729,6,41488.170000000006,49.0,2025-09-26 18:05:27,6914.695000000001
CUST008088,7,22415.379999999997,32.0,2025-10-06 16:41:36,3202.1971428571424
CUST007534,7,86396.73,80.0,2025-12-01 11:06:08,12342.39
CUST001755,3,32008.010000000002,30.0,2025-07-17 14:18:39,10669.336666666668
CUST008977,7,46348.09,55.0,2025-10-02 03:19:23,6621.155714285714
CUST008458,9,74283.48000000001,82.0,2025-12-19 01:04:51,8253.720000000001
CUST002055,3,29454.68,23.0,2025-10-23 18:00:46,9818.226666666667
CUST001479,7,69671.54000000001,84.0,2025-12-20 22:40:01,9953.077142857144
CUST003478,8,62928.11,61.0,2025-11-23 22:16:58,7866.01375
CUST006844,5,58133.35,58.0,2025-11-26 19:53:19,11626.67
CUST005307,2,32281.52,21.0,2025-10-11 01:31:48,16140.76
CUST003662,7,29957.21,26.0,2025-08-27 11:00:24,4279.601428571428
CUST005618,7,56610.72,49.0,2025-11-22 19:38:10,8087.245714285715
CUST003124,6,49767.32000000001,59.0,2025-08-17 22:18:37,8294.553333333335
CUST002081,8,70947.7,68.0,2025-11-09 10:59:36,8868.4625
CUST006285,12,73288.31,91.0,2025-12-05 14:02:44,6107.359166666666
CUST000576,7,36972.04,44.0,2025-11-27 06:08:54,5281.72
CUST007387,1,9868.82,13.0,2025-03-07 01:50:38,9868.82
CUST001097,6,37887.58,45.0,2025-11-24 23:12:33,6314.596666666667
CUST003032,6,47315.36,51.0,2025-07-18 09:33:42,7885.893333333333
CUST002731,9,65477.53999999999,84.0,2025-12-05 20:24:23,7275.282222222221
CUST001671,6,47093.59999999999,53.0,2025-11-07 06:51:54,7848.933333333332
CUST007322,7,62025.82,69.0,2025-09-04 08:17:11,8860.831428571428
CUST003112,4,28316.300000000003,37.0,2025-11-14 22:05:21,7079.075000000001
CUST005610,2,23531.35,24.0,2025-12-19 04:56:17,11765.675
CUST003417,4,37062.47,29.0,2025-11-18 20:33:05,9265.6175
CUST009784,4,40136.28,35.0,2025-11-21 10:44:14,10034.07
CUST001325,3,37909.35,36.0,2025-05-13 07:09:09,12636.449999999999
CUST006074,1,449.98,1.0,2025-04-25 03:46:35,449.98
CUST008386,4,30263.52,33.0,2025-07-04 14:44:10,7565.88
CUST009967,3,9499.98,22.0,2025-10-16 23:47:38,3166.66
CUST001684,4,26943.86,28.0,2025-07-29 07:20:16,6735.965
CUST004382,5,48258.37,43.0,2025-07-18 21:11:34,9651.674
CUST001010,4,36812.990000000005,32.0,2025-09-20 18:48:38,9203.247500000001
CUST005251,4,46724.14,55.0,2025-11-21 03:10:23,11681.035
CUST002129,7,50095.5,49.0,2025-09-15 07:39:39,7156.5
CUST009500,4,39315.27,41.0,2025-09-14 10:34:44,9828.8175
CUST003900,6,42803.06,67.0,2025-11-08 03:56:36,7133.843333333333
CUST007193,5,46958.49,43.0,2025-12-10 02:05:46,9391.698
CUST007365,4,31697.71,30.0,2025-12-26 15:47:34,7924.4275
CUST002786,6,69587.15,68.0,2025-12-16 11:51:22,11597.858333333332
CUST001744,12,113213.41,115.0,2025-11-16 16:21:52,9434.450833333334
CUST000513,9,59281.84,72.0,2025-12-28 18:49:24,6586.871111111111
CUST001906,6,33541.18,41.0,2025-12-31 17:08:11,5590.196666666667
CUST000289,5,53157.85,43.0,2025-11-03 09:04:05,10631.57
CUST003357,7,70059.12,82.0,2025-12-25 08:02:19,10008.445714285714
CUST001526,5,28521.5,47.0,2025-08-07 08:32:33,5704.3
CUST007917,7,78370.73999999999,70.0,2025-11-04 17:19:37,11195.819999999998
CUST008478,5,43908.479999999996,47.0,2025-12-28 16:58:20,8781.696
CUST007346,9,77600.71,76.0,2025-12-24 16:20:40,8622.301111111112
CUST002832,6,42376.189999999995,35.0,2025-12-08 23:50:49,7062.698333333333
CUST005520,7,62081.2,65.0,2025-12-12 11:00:11,8868.742857142857
CUST003579,8,79442.79999999999,99.0,2025-11-20 06:39:56,9930.349999999999
CUST007146,5,52619.2,50.0,2025-11-23 15:55:05,10523.84
CUST003006,9,76158.58,67.0,2025-11-15 04:48:49,8462.064444444444
CUST002664,7,77806.84,66.0,2025-12-30 14:04:40,11115.262857142856
CUST006425,8,80769.91,79.0,2025-12-30 08:02:34,10096.23875
CUST005329,7,72556.51000000001,73.0,2025-11-03 03:43:11,10365.215714285716
CUST004034,3,38565.84,37.0,2025-09-13 15:36:10,12855.279999999999
CUST008914,7,61724.25,60.0,2025-11-03 11:23:37,8817.75
CUST007351,3,29411.0,33.0,2025-12-19 02:11:00,9803.666666666666
CUST005864,4,25467.149999999998,37.0,2025-11-01 20:06:08,6366.787499999999
CUST000867,5,64678.509999999995,68.0,2025-08-18 02:07:13,12935.702
CUST004630,10,95647.89,91.0,2025-10-21 14:35:15,9564.789
CUST002706,3,40810.6,44.0,2025-12-05 16:08:35,13603.533333333333
CUST009156,4,41542.42,33.0,2025-10-29 10:35:25,10385.605
CUST006513,9,61333.53999999999,58.0,2025-11-30 08:32:57,6814.837777777777
CUST003469,7,55047.049999999996,52.0,2025-12-31 05:30:35,7863.864285714285
CUST007819,5,59076.67,62.0,2025-11-23 13:16:31,11815.333999999999
CUST008009,8,63661.70999999999,68.0,2025-11-24 08:31:40,7957.713749999999
CUST009868,6,33113.64,35.0,2025-12-30 01:10:40,5518.94
CUST007691,6,63843.18,59.0,2025-12-13 22:41:27,10640.53
CUST003207,5,38999.31,38.0,2025-10-24 18:32:15,7799.861999999999
CUST004653,3,35514.43,32.0,2025-12-12 18:42:13,11838.143333333333
CUST003897,5,39286.95,49.0,2025-11-21 18:27:24,7857.389999999999
CUST003584,2,19857.710000000003,19.0,2025-08-28 04:55:19,9928.855000000001
CUST008741,7,65031.10999999999,69.0,2025-11-07 15:54:57,9290.15857142857
CUST000958,5,21708.85,24.0,2025-12-13 13:57:01,4341.7699999999995
CUST000344,8,51140.780000000006,47.0,2025-12-30 03:21:36,6392.597500000001
CUST005513,7,42387.14,52.0,2025-09-19 05:37:56,6055.305714285714
CUST003106,5,30165.0,32.0,2025-10-29 17:05:21,6033.0
CUST006368,7,54839.350000000006,61.0,2025-12-16 04:31:08,7834.192857142858
CUST003097,6,20153.300000000003,35.0,2025-11-21 01:07:06,3358.8833333333337
CUST007930,2,17897.89,21.0,2025-10-22 23:19:54,8948.945
CUST005870,1,1012.75,2.0,2025-06-05 17:45:11,1012.75
CUST004850,4,30024.36,37.0,2025-11-30 04:57:30,7506.09
CUST006729,5,24680.04,37.0,2025-12-26 21:42:17,4936.008
CUST009239,5,44006.200000000004,35.0,2025-12-23 22:46:19,8801.240000000002
CUST007256,6,58423.399999999994,60.0,2025-10-09 13:25:12,9737.233333333332
CUST002196,4,37991.880000000005,41.0,2025-11-28 14:31:42,9497.970000000001
CUST003595,3,24480.4,30.0,2025-08-11 01:01:26,8160.133333333334
CUST003866,5,31461.370000000003,31.0,2025-12-30 02:05:31,6292.274
CUST007548,3,25977.160000000003,30.0,2025-11-21 19:13:10,8659.053333333335
CUST005059,3,36554.07000000001,38.0,2025-08-28 12:12:18,12184.690000000002
CUST005620,5,37420.06999999999,50.0,2025-10-14 05:13:29,7484.013999999998
CUST001910,6,35766.439999999995,41.0,2025-11-27 06:40:01,5961.073333333333
CUST006350,8,66119.06,75.0,2025-12-16 09:08:36,8264.8825
CUST000669,4,42863.66,46.0,2025-06-24 11:47:07,10715.915
CUST004280,7,95007.18,88.0,2025-11-20 00:23:45,13572.454285714284
CUST006447,5,24484.739999999998,29.0,2025-09-07 09:17:59,4896.947999999999
CUST003656,2,15636.189999999999,18.0,2025-09-08 11:38:29,7818.094999999999
CUST009597,10,76792.89,91.0,2025-10-04 02:01:31,7679.289
CUST000870,3,17105.75,25.0,2025-12-28 17:34:44,5701.916666666667
CUST004538,5,74909.7,64.0,2025-11-23 12:43:11,14981.939999999999
CUST005308,9,74847.61,79.0,2025-12-22 06:38:15,8316.40111111111
CUST003540,7,36648.22,47.0,2025-11-29 15:42:44,5235.46
CUST000565,4,44068.2,45.0,2025-11-16 07:26:16,11017.05
CUST000532,5,63061.08,60.0,2025-12-21 03:39:39,12612.216
CUST007500,6,40634.35,42.0,2025-12-03 18:54:28,6772.391666666666
BAD_CUST_7218,8,72587.62,75.0,2025-08-19 22:59:02,9073.4525
CUST009188,0,,,,0.0
CUST003247,7,51206.18,41.0,2025-12-12 12:54:17,7315.168571428571
CUST005920,9,99342.13999999998,108.0,2025-12-13 06:46:27,11038.015555555554
CUST008043,8,90044.39,87.0,2025-12-11 22:51:58,11255.54875
CUST005861,5,45295.97,56.0,2025-12-09 15:58:18,9059.194
CUST009379,10,89794.35999999999,91.0,2025-12-21 09:53:04,8979.435999999998
CUST000089,7,67608.04000000001,73.0,2025-12-08 04:41:31,9658.29142857143
CUST007695,7,61003.59000000001,54.0,2025-11-08 20:58:25,8714.798571428573
CUST006232,9,58464.39,55.0,2025-12-01 08:37:07,6496.043333333333
CUST003748,8,41516.67999999999,63.0,2025-12-02 17:52:13,5189.584999999999
CUST002652,6,33088.14,52.0,2025-09-29 01:12:11,5514.69
CUST005890,7,83988.15,84.0,2025-11-06 13:05:24,11998.307142857142
CUST002405,11,89165.19,107.0,2025-11-27 17:45:35,8105.926363636364
CUST005758,5,44737.5,51.0,2025-12-30 09:57:09,8947.5
CUST003585,4,20826.730000000003,27.0,2025-11-06 04:24:13,5206.682500000001
CUST005557,3,18936.780000000002,25.0,2025-12-03 15:25:27,6312.260000000001
CUST004214,5,37642.03999999999,35.0,2025-12-03 08:05:29,7528.4079999999985
CUST003741,10,74355.87,87.0,2025-12-03 08:02:22,7435.5869999999995
CUST007071,7,93706.76000000001,90.0,2025-09-17 18:03:59,13386.680000000002
CUST008442,3,18466.79,29.0,2025-11-20 18:16:43,6155.596666666667
CUST007037,10,86719.23,101.0,2025-10-24 20:34:12,8671.922999999999
CUST001573,6,55953.06,58.0,2025-12-03 15:04:26,9325.51
CUST008840,6,51061.23,45.0,2025-12-06 15:27:32,8510.205
CUST006857,5,55566.56999999999,54.0,2025-10-26 00:12:56,11113.313999999998
CUST006989,7,39219.350000000006,41.0,2025-12-02 10:09:05,5602.764285714286
CUST000715,6,31363.71,35.0,2025-11-21 02:34:54,5227.285
CUST000231,8,57764.91,63.0,2025-10-20 16:31:14,7220.61375
CUST008679,7,57825.05,73.0,2025-10-07 12:45:52,8260.721428571429
CUST001354,6,48235.89,43.0,2025-12-25 16:03:07,8039.315
CUST007792,7,73238.68,66.0,2025-12-16 04:48:55,10462.66857142857
CUST006259,4,29739.5,36.0,2025-12-14 10:46:51,7434.875
CUST003792,4,38576.009999999995,42.0,2025-12-16 18:49:02,9644.002499999999
CUST001564,6,41958.079999999994,49.0,2025-12-02 22:01:51,6993.013333333332
CUST007879,6,38244.68,35.0,2025-12-05 13:07:04,6374.113333333334
CUST009564,4,32174.36,39.0,2025-10-24 01:02:22,8043.59
CUST001752,5,54504.2,55.0,2025-09-28 10:06:59,10900.84
CUST008664,3,11083.779999999999,20.0,2025-11-17 04:06:47,3694.593333333333
CUST000594,10,82645.32999999999,81.0,2025-08-17 08:41:15,8264.533
CUST001089,5,56472.11,52.0,2025-10-21 00:53:55,11294.422
CUST005389,6,45481.560000000005,45.0,2025-10-28 20:52:50,7580.260000000001
CUST003411,5,26993.320000000003,38.0,2025-09-19 18:03:55,5398.664000000001
CUST001972,5,46462.11,55.0,2025-12-10 03:37:16,9292.422
CUST009657,7,56875.049999999996,67.0,2025-07-16 19:50:19,8125.007142857142
CUST008367,3,43872.32,40.0,2025-09-24 15:10:00,14624.106666666667
CUST003744,7,86406.4,86.0,2025-12-22 04:24:30,12343.771428571428
CUST005708,5,38819.42999999999,47.0,2025-06-04 01:22:25,7763.885999999999
CUST008496,2,15331.86,14.0,2025-08-06 01:18:27,7665.93
CUST002073,4,30922.799999999996,41.0,2025-11-06 21:26:33,7730.699999999999
CUST001926,4,37851.39,46.0,2025-12-31 20:38:08,9462.8475
CUST004290,7,36458.71000000001,32.0,2025-12-16 04:42:26,5208.387142857144
CUST008928,6,50915.55,52.0,2025-12-01 16:04:31,8485.925000000001
CUST004668,15,128748.04999999999,138.0,2025-12-12 23:13:48,8583.203333333333
CUST007093,9,89606.77,79.0,2025-11-17 09:37:09,9956.307777777778
CUST005924,5,26306.049999999996,32.0,2025-12-19 23:23:31,5261.209999999999
CUST007954,5,21474.13,35.0,2025-06-08 04:42:44,4294.826
CUST007727,3,27865.86,36.0,2025-09-30 11:03:44,9288.62
CUST000261,5,55517.69,50.0,2025-12-30 19:57:48,11103.538
CUST008969,4,34929.17,36.0,2025-10-27 18:18:49,8732.2925
CUST004773,6,45472.59,48.0,2025-11-16 23:04:54,7578.764999999999
CUST009084,3,28983.96,31.0,2025-09-29 17:11:23,9661.32
CUST003404,4,16307.37,22.0,2025-12-12 16:02:49,4076.8425
CUST008212,5,52557.06,52.0,2025-12-24 21:14:36,10511.412
CUST000878,5,31896.88,45.0,2025-10-19 14:10:49,6379.376
CUST000443,8,61365.619999999995,65.0,2025-10-20 01:13:02,7670.702499999999
CUST003356,4,32574.61,34.0,2025-11-01 10:23:50,8143.6525
CUST007940,6,32951.82,44.0,2025-11-29 05:07:41,5491.97
CUST000912,4,48767.229999999996,48.0,2025-09-16 14:42:28,12191.807499999999
CUST007603,8,55973.05,62.0,2025-12-02 16:21:09,6996.63125
CUST004911,4,28073.5,39.0,2025-10-11 19:35:18,7018.375
CUST006809,5,59524.880000000005,64.0,2025-09-10 06:43:05,11904.976
CUST002250,8,34728.72,42.0,2025-12-28 09:43:03,4341.09
CUST006940,6,38239.1,35.0,2025-12-27 19:17:15,6373.183333333333
CUST002504,6,43628.25,53.0,2025-12-29 02:15:28,7271.375
CUST003715,8,60980.520000000004,64.0,2025-12-12 06:02:45,7622.5650000000005
CUST007833,5,42718.200000000004,51.0,2025-08-23 18:30:57,8543.640000000001
CUST009236,6,58836.04,73.0,2025-12-11 03:06:55,9806.006666666666
CUST007967,5,44015.009999999995,41.0,2025-11-29 07:06:56,8803.001999999999
CUST009667,7,54968.31,66.0,2025-11-25 11:57:16,7852.615714285714
CUST000129,5,28887.4,38.0,2025-11-20 19:34:18,5777.4800000000005
CUST004065,6,77775.73000000001,74.0,2025-10-30 09:03:38,12962.621666666668
CUST000955,5,32137.839999999997,32.0,2025-11-18 15:47:18,6427.567999999999
CUST002826,4,38985.85,41.0,2025-10-15 10:43:23,9746.4625
CUST009969,5,37397.43,48.0,2025-11-05 03:56:28,7479.486
CUST006025,2,8546.31,7.0,2025-12-24 16:15:07,4273.155
CUST004088,9,48752.81,59.0,2025-12-11 12:09:37,5416.978888888889
CUST002253,1,6782.13,5.0,2025-07-05 11:29:29,6782.13
CUST004386,6,55413.69,62.0,2025-10-21 17:27:21,9235.615
CUST008640,3,31479.17,28.0,2025-06-25 11:32:18,10493.056666666665
CUST006134,8,51344.969999999994,65.0,2025-11-09 20:33:50,6418.121249999999
CUST007809,2,13043.27,15.0,2025-12-08 16:53:48,6521.635
CUST004294,9,69439.26000000001,80.0,2025-12-30 07:34:05,7715.473333333334
CUST005696,3,21491.37,28.0,2025-12-10 14:57:45,7163.79
CUST008993,5,47098.369999999995,59.0,2025-09-28 01:46:27,9419.673999999999
CUST000951,1,1808.96,6.0,2025-05-09 05:14:28,1808.96
CUST005050,8,38505.67,59.0,2025-11-13 08:23:25,4813.20875
CUST007898,8,57846.52,62.0,2025-12-07 02:51:53,7230.815
CUST005673,3,9910.38,12.0,2025-09-25 12:37:10,3303.4599999999996
CUST008047,2,14913.0,12.0,2025-12-24 20:00:36,7456.5
CUST000217,5,52028.09,51.0,2025-09-26 09:52:54,10405.617999999999
CUST005593,8,62025.71,58.0,2025-09-30 11:13:30,7753.21375
CUST001571,3,29439.07,32.0,2025-12-07 02:29:08,9813.023333333333
CUST001909,4,26451.82,26.0,2025-12-24 18:03:15,6612.955
CUST003654,2,14982.740000000002,17.0,2025-10-30 19:51:07,7491.370000000001
CUST001490,2,13561.71,19.0,2025-10-05 19:01:06,6780.855
CUST007544,10,119464.10999999999,115.0,2025-12-22 16:40:40,11946.410999999998
CUST009139,2,5956.34,5.0,2025-11-05 11:04:46,2978.17
CUST002577,4,20798.73,35.0,2025-10-27 00:43:07,5199.6825
CUST007425,3,28805.670000000002,29.0,2025-11-11 19:40:04,9601.890000000001
CUST008544,3,32595.27,37.0,2025-11-01 12:28:54,10865.09
CUST008997,1,13230.94,11.0,2025-07-12 01:16:24,13230.94
CUST006387,3,11685.09,14.0,2025-12-21 12:44:02,3895.03
CUST004424,4,31847.01,34.0,2025-12-10 23:22:01,7961.7525
CUST000998,1,8024.719999999999,7.0,2025-04-18 14:22:55,8024.719999999999
CUST003711,2,21931.57,26.0,2025-10-20 18:22:09,10965.785
CUST006782,4,54215.6,46.0,2025-11-27 14:20:12,13553.9
CUST005124,5,36398.24,44.0,2025-11-12 19:12:02,7279.647999999999
CUST001923,6,42063.649999999994,44.0,2025-08-07 06:26:06,7010.608333333333
CUST001709,4,40057.07,48.0,2025-07-14 14:01:16,10014.2675
CUST003138,7,80578.33,72.0,2025-12-27 19:49:20,11511.19
CUST006277,6,63688.990000000005,84.0,2025-12-13 07:52:58,10614.831666666667
CUST001019,6,39471.43,37.0,2025-09-13 15:09:53,6578.571666666667
CUST009522,3,29610.02,32.0,2025-12-09 02:36:32,9870.006666666666
CUST004427,3,8385.73,10.0,2025-12-20 06:25:28,2795.2433333333333
CUST005768,5,52105.32,52.0,2025-11-15 05:32:26,10421.064
CUST003065,5,55267.84000000001,58.0,2025-10-08 00:23:55,11053.568000000003
CUST002141,6,39678.1,48.0,2025-11-24 14:24:26,6613.016666666666
CUST001509,7,62264.82000000001,59.0,2025-09-08 09:19:51,8894.974285714286
CUST004656,5,36328.119999999995,39.0,2025-10-05 11:30:48,7265.623999999999
CUST007009,9,49632.41,69.0,2025-11-26 01:13:26,5514.712222222222
CUST002170,11,94925.29000000001,107.0,2025-12-22 19:55:33,8629.57181818182
CUST007261,7,75644.06999999999,63.0,2025-12-10 07:48:04,10806.295714285714
CUST005242,4,38291.62,42.0,2025-12-27 22:56:06,9572.905
CUST002188,4,22000.03,24.0,2025-11-05 12:58:55,5500.0075
CUST005596,4,33705.66,40.0,2025-09-27 23:40:30,8426.415
CUST007600,4,19740.600000000002,23.0,2025-11-01 18:40:35,4935.150000000001
CUST007867,9,101125.16,107.0,2025-12-02 04:27:11,11236.128888888888
CUST007242,6,60993.03999999999,67.0,2025-11-25 13:18:09,10165.506666666666
CUST001372,6,57381.59,75.0,2025-12-24 04:04:55,9563.598333333333
CUST006017,4,37372.42,39.0,2025-10-01 12:52:09,9343.105
CUST000331,5,46088.939999999995,48.0,2025-11-29 07:59:34,9217.787999999999
CUST009389,5,86644.61000000002,76.0,2025-11-19 15:04:49,17328.922000000002
CUST006863,8,72375.28,64.0,2025-12-29 20:57:15,9046.91
CUST005009,6,71368.67,68.0,2025-10-23 19:06:46,11894.778333333334
CUST002641,3,28897.57,37.0,2025-11-30 13:58:01,9632.523333333333
CUST008392,5,58399.270000000004,55.0,2025-09-20 03:23:29,11679.854000000001
CUST009331,3,28514.100000000006,31.0,2025-07-25 07:57:40,9504.700000000003
CUST009939,4,39536.619999999995,32.0,2025-10-11 03:38:39,9884.154999999999
CUST003241,3,27516.140000000003,25.0,2025-10-30 08:10:50,9172.046666666667
CUST003152,5,42249.57000000001,31.0,2025-07-14 00:29:50,8449.914
CUST002707,5,44914.850000000006,57.0,2025-11-05 06:44:43,8982.970000000001
CUST005236,6,23109.94,33.0,2025-09-15 23:18:11,3851.6566666666663
CUST007964,3,16084.91,22.0,2025-06-14 17:59:58,5361.636666666666
CUST006060,5,36812.6,39.0,2025-11-27 19:38:49,7362.5199999999995
CUST002808,5,17533.04,25.0,2025-11-07 10:32:25,3506.608
CUST005207,6,29206.590000000004,27.0,2025-12-26 00:03:02,4867.765
CUST006769,2,5012.620000000001,6.0,2025-12-27 23:15:16,2506.3100000000004
CUST001947,5,39355.0,39.0,2025-12-26 02:15:50,7871.0
CUST001622,6,32085.86,35.0,2025-11-30 09:16:16,5347.643333333333
CUST007479,4,21953.07,28.0,2025-08-24 16:23:42,5488.2675
CUST006416,3,18848.85,13.0,2025-11-12 17:41:28,6282.95
CUST005722,5,29409.559999999998,35.0,2025-09-04 08:15:32,5881.911999999999
CUST004444,6,51915.850000000006,43.0,2025-12-19 14:46:57,8652.641666666668
CUST004697,4,34019.63,33.0,2025-12-27 11:25:32,8504.9075
CUST003719,4,46081.31,40.0,2025-10-21 08:41:07,11520.3275
CUST007192,4,23714.7,26.0,2025-10-21 11:50:22,5928.675
CUST000548,4,35436.45,31.0,2025-12-07 22:58:56,8859.1125
CUST000834,7,62614.780000000006,71.0,2025-12-22 16:43:02,8944.968571428572
CUST002570,10,83419.04000000001,89.0,2025-11-12 11:01:22,8341.904
CUST006016,6,27839.699999999997,36.0,2025-11-12 19:27:12,4639.95
CUST009417,3,33813.82,27.0,2025-11-21 20:29:32,11271.273333333333
CUST001304,6,65643.12999999999,61.0,2025-12-16 08:56:08,10940.521666666666
CUST009815,6,46494.81,65.0,2025-08-03 17:46:07,7749.134999999999
CUST004170,5,29592.93,41.0,2025-11-06 10:12:11,5918.586
CUST001103,2,22315.22,31.0,2025-06-02 02:00:51,11157.61
CUST001206,2,13680.36,15.0,2025-10-21 22:59:13,6840.18
CUST005037,7,49885.75,51.0,2025-12-19 04:14:32,7126.535714285715
CUST008683,6,47735.66,58.0,2025-11-01 19:21:51,7955.943333333334
CUST008263,3,5267.950000000001,8.0,2025-10-21 02:09:09,1755.9833333333336
CUST001094,6,50511.36,43.0,2025-12-11 05:03:41,8418.56
CUST008905,3,15535.720000000001,16.0,2025-08-01 01:49:52,5178.573333333334
CUST007511,4,43257.61,44.0,2025-08-18 22:30:29,10814.4025
CUST004919,3,16468.43,18.0,2025-12-17 18:09:52,5489.4766666666665
CUST007961,2,31400.95,22.0,2025-07-24 23:23:51,15700.475
CUST006678,2,26484.42,24.0,2025-08-09 11:16:12,13242.21
CUST001730,1,75.92,4.0,2025-01-02 03:14:12,75.92
CUST004946,4,36980.68,35.0,2025-08-27 18:10:12,9245.17
CUST006730,7,20672.33,37.0,2025-10-23 15:33:47,2953.19
CUST000465,6,73816.95000000001,67.0,2025-12-19 07:05:44,12302.825000000003
CUST005935,5,27648.190000000002,27.0,2025-08-19 16:58:42,5529.638000000001
CUST004173,5,53366.2,46.0,2025-12-20 02:30:58,10673.24
CUST004886,4,17707.989999999998,30.0,2025-12-01 19:54:15,4426.9974999999995
CUST003837,3,30953.120000000003,39.0,2025-10-01 14:30:21,10317.706666666667
CUST008346,4,27374.71,45.0,2025-11-28 05:55:33,6843.6775
CUST001442,7,57672.13,64.0,2025-12-15 20:35:05,8238.875714285714
CUST003629,4,39629.130000000005,43.0,2025-10-23 23:05:12,9907.282500000001
CUST000196,3,37963.83,37.0,2025-09-04 23:40:08,12654.61
CUST003903,5,52286.93000000001,60.0,2025-12-26 08:17:10,10457.386000000002
CUST003510,5,37361.2,38.0,2025-11-30 20:02:07,7472.24
CUST006442,6,64539.05,60.0,2025-08-05 10:19:19,10756.508333333333
CUST002117,2,8303.279999999999,13.0,2025-10-30 15:31:06,4151.639999999999
CUST006426,1,8318.93,11.0,2025-05-15 18:09:00,8318.93
CUST003494,4,44594.28,60.0,2025-08-30 18:44:09,11148.57
CUST007075,3,26549.01,34.0,2025-06-27 13:18:53,8849.67
CUST000539,4,34680.53,49.0,2025-09-09 10:24:07,8670.1325
CUST005981,7,88896.37,87.0,2025-10-14 06:48:58,12699.481428571427
CUST002083,3,23330.28,26.0,2025-03-23 14:29:02,7776.759999999999
CUST007791,5,37210.39,46.0,2025-08-28 18:52:57,7442.0779999999995
CUST007589,7,31486.63,42.0,2025-07-27 16:29:47,4498.09
CUST008631,5,32602.61,38.0,2025-08-14 09:19:53,6520.522
CUST001919,11,109096.19,100.0,2025-11-21 17:18:40,9917.835454545455
CUST009441,4,36481.37,31.0,2025-11-04 20:34:05,9120.3425
CUST001855,10,73508.95,87.0,2025-12-11 01:03:42,7350.8949999999995
CUST007306,12,72899.52,77.0,2025-11-24 05:21:37,6074.96
CUST001052,7,32715.979999999996,51.0,2025-12-24 03:54:29,4673.711428571428
CUST004480,5,28598.74,32.0,2025-12-30 17:57:18,5719.7480000000005
CUST004780,7,58276.93000000001,56.0,2025-12-28 19:24:04,8325.275714285715
CUST007912,4,32971.340000000004,38.0,2025-12-28 14:12:05,8242.835000000001
CUST003467,1,11665.609999999999,12.0,2025-01-20 19:13:33,11665.609999999999
CUST006881,5,46885.72,58.0,2025-12-18 09:56:47,9377.144
CUST002444,5,45663.89,46.0,2025-07-15 19:31:15,9132.778
CUST005700,2,6586.27,13.0,2025-08-16 09:59:21,3293.135
CUST006873,4,14876.2,21.0,2025-10-24 01:45:33,3719.05
CUST003728,10,41966.45,55.0,2025-09-17 03:19:23,4196.6449999999995
CUST005817,5,36775.1,46.0,2025-12-04 00:12:09,7355.0199999999995
CUST004678,8,60050.74,80.0,2025-10-14 22:54:09,7506.3425
CUST008300,3,36215.96000000001,34.0,2025-12-29 03:30:44,12071.98666666667
CUST004641,5,40685.1,38.0,2025-12-23 17:39:05,8137.0199999999995
CUST005175,4,39372.38,40.0,2025-09-04 01:42:02,9843.095
CUST001213,2,14556.249999999998,13.0,2025-08-08 13:07:08,7278.124999999999
CUST006467,3,26056.51,26.0,2025-12-13 15:05:44,8685.503333333332
CUST006289,2,6167.83,7.0,2025-09-07 12:08:04,3083.915
CUST005089,1,22973.049999999996,20.0,2025-10-30 01:49:47,22973.049999999996
CUST006587,8,42997.92999999999,50.0,2025-10-08 10:07:50,5374.741249999999
CUST005574,2,14766.030000000002,18.0,2025-10-30 04:39:20,7383.015000000001
CUST002835,5,67542.45,65.0,2025-10-11 10:57:27,13508.49
CUST000695,7,50089.659999999996,60.0,2025-09-30 07:00:21,7155.665714285714
CUST004714,7,46373.700000000004,48.0,2025-12-21 07:07:23,6624.814285714287
CUST001277,4,44591.62,41.0,2025-04-15 14:48:35,11147.905
CUST002107,7,61063.95,57.0,2025-11-11 11:21:02,8723.421428571428
CUST006492,2,15095.400000000001,18.0,2025-11-14 04:51:11,7547.700000000001
CUST003951,1,4446.57,4.0,2025-08-31 17:22:06,4446.57
CUST009158,8,49497.42999999999,53.0,2025-12-02 09:49:53,6187.178749999999
CUST001587,7,59449.9,76.0,2025-12-18 14:21:08,8492.842857142858
CUST009546,5,73361.59,73.0,2025-12-02 00:41:05,14672.318
CUST006251,5,16868.31,17.0,2025-07-28 17:21:11,3373.6620000000003
CUST000875,5,35748.4,31.0,2025-08-19 18:53:23,7149.68
CUST009314,3,21516.9,28.0,2025-07-13 10:15:00,7172.3
CUST006172,4,37083.57,33.0,2025-09-27 14:40:44,9270.8925
CUST006117,3,25750.510000000002,28.0,2025-12-14 11:10:15,8583.503333333334
CUST002883,3,22994.34,30.0,2025-12-16 22:33:01,7664.78
CUST003548,6,34612.47,33.0,2025-12-28 22:02:32,5768.745
CUST009645,6,59559.86,60.0,2025-09-07 13:01:40,9926.643333333333
CUST007128,4,18882.73,21.0,2025-09-13 03:10:30,4720.6825
CUST008223,3,26834.93,27.0,2025-09-15 23:00:15,8944.976666666667
CUST002558,4,39639.44,44.0,2025-10-25 19:20:43,9909.86
CUST004643,4,35200.43,38.0,2025-12-11 21:07:13,8800.1075
CUST009135,8,53368.189999999995,68.0,2025-12-26 08:38:56,6671.023749999999
CUST005566,8,68217.06,64.0,2025-12-30 17:33:50,8527.1325
CUST009834,6,30021.47,38.0,2025-08-13 05:22:09,5003.578333333334
CUST001279,3,32442.019999999997,41.0,2025-12-07 20:27:57,10814.006666666666
CUST002045,5,47066.44,48.0,2025-12-21 21:44:40,9413.288
CUST004021,2,19068.92,22.0,2025-03-23 06:30:07,9534.46
CUST002799,3,19645.65,24.0,2025-09-30 12:43:39,6548.55
CUST003224,5,36489.899999999994,48.0,2025-12-19 16:02:38,7297.979999999999
CUST003782,3,32118.310000000005,35.0,2025-06-19 23:21:42,10706.103333333334
CUST001812,5,31373.61,36.0,2025-10-29 09:32:04,6274.722
CUST003978,4,26964.28,27.0,2025-08-16 19:26:40,6741.07
CUST000018,2,16402.59,16.0,2025-09-27 10:23:53,8201.295
CUST007622,6,52626.73,52.0,2025-12-15 03:01:26,8771.121666666668
CUST002621,1,4158.97,8.0,2025-06-19 18:44:56,4158.97
CUST007998,4,36704.11,34.0,2025-06-09 18:43:52,9176.0275
CUST006115,4,42929.36,42.0,2025-12-29 11:22:05,10732.34
CUST002135,3,16764.33,24.0,2025-11-23 12:10:55,5588.110000000001
CUST004614,7,44605.380000000005,57.0,2025-12-06 22:34:48,6372.197142857143
CUST002442,8,67805.66,61.0,2025-12-22 07:42:15,8475.7075
CUST009826,3,41882.64,39.0,2025-07-18 10:23:27,13960.88
CUST002987,5,59152.42,54.0,2025-12-02 12:29:00,11830.484
CUST004952,5,37792.95,45.0,2025-11-14 22:31:58,7558.589999999999
CUST004570,7,48616.369999999995,51.0,2025-11-07 19:14:39,6945.195714285714
CUST008632,6,49956.46,50.0,2025-12-03 07:54:35,8326.076666666666
CUST007447,6,48702.22,68.0,2025-12-01 21:01:33,8117.036666666667
CUST002102,6,53056.450000000004,50.0,2025-11-16 12:40:45,8842.741666666667
CUST005445,4,22649.52,27.0,2025-11-24 04:34:21,5662.38
CUST009433,5,35295.07,42.0,2025-10-20 17:10:41,7059.014
CUST009153,4,31107.299999999996,38.0,2025-12-15 18:07:47,7776.824999999999
CUST009598,4,18541.49,24.0,2025-12-25 14:28:14,4635.3725
CUST009857,3,20064.940000000002,24.0,2025-11-22 00:45:54,6688.313333333334
CUST008259,3,13642.77,16.0,2025-10-18 18:58:32,4547.59
CUST004535,5,44920.560000000005,57.0,2025-11-17 10:30:08,8984.112000000001
CUST002440,5,46657.34,45.0,2025-10-28 05:05:45,9331.467999999999
CUST009990,3,15861.12,21.0,2025-08-08 08:20:48,5287.04
CUST001670,5,46337.229999999996,43.0,2025-10-02 00:08:58,9267.446
CUST008701,7,55057.84,67.0,2025-11-20 01:18:04,7865.405714285714
CUST004203,3,8126.04,10.0,2025-10-23 11:36:55,2708.68
CUST004955,4,32748.7,42.0,2025-11-03 15:22:35,8187.175
CUST003293,6,77615.4,67.0,2025-11-16 11:20:57,12935.9
CUST001555,3,12061.79,16.0,2025-05-15 05:11:17,4020.596666666667
CUST000995,4,29911.24,38.0,2025-12-12 11:08:27,7477.81
CUST009494,5,37188.9,49.0,2025-12-26 11:48:03,7437.780000000001
CUST001762,3,46318.34,43.0,2025-06-21 14:23:40,15439.446666666665
CUST001129,4,30050.13,34.0,2025-11-20 01:21:36,7512.5325
CUST001253,5,44327.920000000006,42.0,2025-11-12 20:15:00,8865.584
CUST002124,7,56280.229999999996,62.0,2025-12-20 05:14:49,8040.032857142856
CUST004807,5,31630.15,50.0,2025-11-11 16:47:53,6326.030000000001
CUST003056,6,54722.86,52.0,2025-12-09 17:21:32,9120.476666666667
CUST000292,2,7361.849999999999,6.0,2025-06-10 13:45:30,3680.9249999999997
CUST006845,4,29015.370000000003,32.0,2025-09-19 09:51:34,7253.842500000001
CUST003932,1,2746.81,5.0,2025-08-22 09:32:31,2746.81
CUST003449,6,32805.7,35.0,2025-11-04 12:31:10,5467.616666666666
CUST006528,3,24481.269999999997,26.0,2025-07-04 05:40:09,8160.423333333332
CUST005052,5,43176.68,42.0,2025-09-01 16:36:37,8635.336
CUST003987,2,23915.18,27.0,2025-08-19 14:18:22,11957.59
CUST000826,6,78040.1,82.0,2025-12-16 14:18:56,13006.683333333334
CUST003810,4,25098.600000000002,30.0,2025-11-03 20:03:20,6274.650000000001
CUST002206,8,67509.6,70.0,2025-12-20 21:50:06,8438.7
CUST001927,5,54625.18000000001,61.0,2025-12-24 18:13:13,10925.036000000002
CUST004819,6,78139.01000000001,72.0,2025-12-18 00:15:10,13023.168333333335
CUST002448,6,30152.589999999997,38.0,2025-07-26 20:04:39,5025.431666666666
CUST000969,2,12583.1,20.0,2025-08-30 22:53:41,6291.55
CUST004483,5,43408.72,45.0,2025-09-09 11:49:32,8681.744
CUST008605,5,44839.600000000006,46.0,2025-08-12 16:59:02,8967.920000000002
CUST000507,5,35968.61,33.0,2025-12-18 14:11:30,7193.722
CUST003479,4,35224.13,31.0,2025-10-02 11:35:13,8806.0325
CUST008430,5,26619.36,28.0,2025-12-13 11:21:42,5323.872
CUST004546,5,29105.670000000002,47.0,2025-07-13 06:52:11,5821.134
CUST008155,5,51685.71,63.0,2025-12-19 20:55:51,10337.142
CUST001428,3,38736.75,30.0,2025-11-13 10:56:57,12912.25
CUST002957,6,53312.490000000005,54.0,2025-12-05 12:07:40,8885.415
CUST000049,6,72303.41,62.0,2025-10-02 23:02:06,12050.568333333335
CUST002383,5,35848.22,36.0,2025-12-17 04:25:40,7169.644
CUST009145,2,14040.98,21.0,2025-05-29 01:03:53,7020.49
CUST000077,6,84150.98999999999,80.0,2025-12-02 02:08:05,14025.164999999999
CUST009539,4,23734.509999999995,34.0,2025-11-01 07:40:53,5933.627499999999
CUST002936,4,19084.9,26.0,2025-11-04 00:13:10,4771.225
CUST007484,4,31232.690000000002,39.0,2025-10-21 04:47:40,7808.172500000001
CUST000159,6,65693.82,74.0,2025-11-23 14:13:57,10948.970000000001
CUST002850,7,44191.41,48.0,2025-11-13 03:37:08,6313.058571428572
CUST001753,2,23893.18,26.0,2025-04-20 06:40:48,11946.59
CUST001093,3,16485.53,22.0,2025-11-23 12:47:13,5495.176666666666
CUST007165,7,58766.630000000005,65.0,2025-12-03 22:36:57,8395.232857142857
CUST004020,6,33596.94,36.0,2025-11-08 03:36:25,5599.490000000001
CUST001195,2,14590.55,13.0,2025-12-25 23:53:45,7295.275
CUST001346,4,35022.93,36.0,2025-08-14 04:11:33,8755.7325
CUST007636,5,35607.28,35.0,2025-12-10 08:05:40,7121.456
CUST007734,3,31424.0,24.0,2025-07-09 05:58:51,10474.666666666666
CUST005784,6,56812.979999999996,68.0,2025-12-06 08:59:14,9468.83
CUST007297,2,8806.17,21.0,2025-06-12 08:17:21,4403.085
CUST007171,6,40656.32,53.0,2025-10-12 04:34:13,6776.053333333333
CUST001569,6,37737.770000000004,43.0,2025-10-16 14:16:55,6289.628333333334
CUST004966,5,34360.35,35.0,2025-07-03 17:13:33,6872.07
CUST005781,5,42801.990000000005,53.0,2025-11-16 23:42:12,8560.398000000001
CUST008329,4,39330.41,43.0,2025-11-21 03:39:51,9832.6025
CUST003407,7,76718.73000000001,71.0,2025-10-09 05:11:06,10959.818571428574
CUST009475,4,37725.86,38.0,2025-12-13 04:48:54,9431.465
CUST006100,5,45954.81,46.0,2025-11-10 17:47:28,9190.962
CUST004051,3,41259.32,36.0,2025-11-29 17:58:08,13753.106666666667
CUST008547,4,21665.440000000002,25.0,2025-08-05 23:06:40,5416.360000000001
CUST001072,6,57062.15,61.0,2025-12-04 10:53:13,9510.358333333334
CUST007971,2,20631.72,21.0,2025-07-01 03:43:06,10315.86
CUST004278,3,26149.04,32.0,2025-10-13 13:01:43,8716.346666666666
CUST009010,7,65384.0,53.0,2025-12-10 08:30:29,9340.57142857143
CUST003828,5,35423.04,37.0,2025-07-19 20:08:49,7084.608
CUST006137,5,44082.27,52.0,2025-12-19 13:10:42,8816.454
CUST007787,7,44878.770000000004,52.0,2025-12-05 13:58:11,6411.2528571428575
CUST001026,6,44133.299999999996,43.0,2025-08-29 21:44:36,7355.549999999999
CUST005854,3,9797.880000000001,15.0,2025-11-07 12:55:57,3265.9600000000005
CUST001081,1,20135.440000000002,19.0,2025-04-09 03:42:23,20135.440000000002
CUST006389,3,24365.560000000005,29.0,2025-09-08 22:26:23,8121.853333333335
CUST002851,5,42882.89,50.0,2025-08-18 07:04:48,8576.578
CUST001091,4,41779.82,37.0,2025-11-19 00:23:05,10444.955
CUST004281,8,48173.64,53.0,2025-10-28 02:54:08,6021.705
CUST009368,2,20272.899999999998,25.0,2025-12-08 16:11:08,10136.449999999999
CUST009965,2,10966.95,14.0,2025-10-31 17:22:54,5483.475
CUST002404,5,54061.850000000006,55.0,2025-06-16 13:45:36,10812.37
CUST006800,3,28082.65,30.0,2025-10-12 12:28:03,9360.883333333333
CUST004973,6,55299.8,56.0,2025-11-15 02:00:12,9216.633333333333
CUST000849,6,77271.51999999999,63.0,2025-08-09 15:39:32,12878.586666666664
CUST000035,3,20503.86,22.0,2025-10-31 05:34:31,6834.62
CUST002705,2,10428.99,7.0,2025-07-29 07:17:35,5214.495
CUST007596,5,33809.27,42.0,2025-10-26 16:37:08,6761.853999999999
CUST009774,4,31210.46,35.0,2025-09-15 03:18:51,7802.615
CUST006696,9,65961.83,56.0,2025-11-20 08:39:25,7329.0922222222225
CUST006159,2,1826.56,4.0,2025-04-24 21:31:01,913.28
CUST008890,4,17729.93,25.0,2025-11-10 20:21:23,4432.4825
CUST001822,3,30028.99,27.0,2025-04-06 14:23:54,10009.663333333334
CUST000975,2,16661.46,21.0,2025-01-30 23:56:48,8330.73
CUST009034,5,80865.5,69.0,2025-11-13 06:03:32,16173.1
CUST005225,1,13812.93,13.0,2025-01-29 03:47:52,13812.93
CUST002908,6,43363.65,47.0,2025-11-18 08:30:56,7227.275000000001
CUST009277,3,24061.949999999997,24.0,2025-12-26 20:26:01,8020.649999999999
CUST009197,5,22938.09,34.0,2025-10-11 06:56:14,4587.618
CUST005707,4,31253.239999999998,31.0,2025-12-23 18:24:11,7813.3099999999995
CUST009512,3,27569.83,25.0,2025-07-27 23:07:42,9189.943333333335
CUST000285,5,35326.74,38.0,2025-12-17 11:41:27,7065.348
CUST006174,1,7112.3,11.0,2025-07-16 12:07:04,7112.3
CUST000433,4,42971.899999999994,41.0,2025-08-02 14:41:13,10742.974999999999
CUST006069,3,19952.46,31.0,2025-10-05 16:22:38,6650.82
CUST006223,1,5418.1900000000005,9.0,2025-12-27 05:32:43,5418.1900000000005
CUST009622,4,42430.11,46.0,2025-09-11 02:34:36,10607.5275
CUST002086,5,35881.65,43.0,2025-10-08 15:08:31,7176.33
CUST009244,4,22480.730000000003,31.0,2025-11-13 05:12:00,5620.182500000001
CUST006411,2,14753.519999999999,20.0,2025-11-10 15:33:24,7376.759999999999
CUST001767,3,23248.149999999998,21.0,2025-10-30 17:46:35,7749.383333333332
CUST000752,2,9451.48,13.0,2025-05-17 05:56:28,4725.74
CUST003556,4,24750.2,25.0,2025-08-26 06:22:57,6187.55
CUST009682,8,53796.369999999995,58.0,2025-11-24 14:58:31,6724.546249999999
CUST007112,3,20098.239999999998,20.0,2025-04-26 02:46:10,6699.413333333333
CUST002156,2,2824.8599999999997,5.0,2025-11-11 10:02:37,1412.4299999999998
CUST005321,4,30375.699999999997,32.0,2025-11-02 01:10:54,7593.924999999999
CUST001364,6,69485.68000000001,63.0,2025-08-01 15:24:59,11580.946666666669
CUST004479,4,50461.82000000001,53.0,2025-12-25 10:28:10,12615.455000000002
CUST009573,4,28165.379999999997,31.0,2025-09-25 22:13:38,7041.344999999999
CUST001124,3,24991.67,24.0,2025-09-22 06:00:34,8330.556666666665
CUST005602,3,16251.009999999998,20.0,2025-10-01 13:14:06,5417.003333333333
CUST007144,5,25463.739999999998,35.0,2025-10-08 02:02:02,5092.748
CUST007902,8,40932.770000000004,49.0,2025-11-02 00:18:10,5116.5962500000005
CUST008809,3,5889.8,10.0,2025-11-21 11:24:34,1963.2666666666667
CUST006155,8,102907.8,96.0,2025-12-17 01:32:42,12863.475
CUST003718,6,28170.360000000004,39.0,2025-12-18 13:51:34,4695.06
CUST005068,3,21380.11,25.0,2025-11-11 02:36:13,7126.703333333334
CUST002587,5,45589.57,54.0,2025-11-08 00:10:20,9117.914
CUST000359,4,45805.53,44.0,2025-12-12 01:13:36,11451.3825
CUST001958,3,28222.39,27.0,2025-04-10 02:56:29,9407.463333333333
CUST001387,6,40524.44,51.0,2025-07-23 01:59:01,6754.073333333334
CUST001740,5,45775.63,45.0,2025-10-27 18:54:04,9155.126
CUST000339,3,18356.79,25.0,2025-10-06 18:52:27,6118.93
CUST004908,3,12201.999999999998,10.0,2025-07-20 05:51:01,4067.3333333333326
CUST009926,6,66937.85,70.0,2025-12-04 20:13:37,11156.308333333334
CUST001376,3,36516.46,36.0,2025-09-27 09:12:21,12172.153333333334
CUST008810,3,27937.16,34.0,2025-07-29 08:32:10,9312.386666666667
CUST002370,3,23322.63,25.0,2025-12-28 11:02:19,7774.21
CUST008681,3,20035.399999999998,21.0,2025-08-30 00:40:19,6678.466666666666
CUST001579,2,11864.419999999998,9.0,2025-04-18 22:51:42,5932.209999999999
CUST009489,5,33802.619999999995,46.0,2025-12-01 21:09:59,6760.523999999999
CUST001256,4,39653.55,36.0,2025-10-08 09:56:19,9913.3875
CUST002888,7,46346.11,38.0,2025-12-18 16:22:38,6620.872857142857
CUST002092,9,30711.68,44.0,2025-09-15 19:34:39,3412.408888888889
CUST005309,5,40085.11,41.0,2025-12-28 06:14:16,8017.022
CUST008241,5,32926.23,35.0,2025-11-07 01:33:03,6585.246000000001
CUST000320,4,33328.54,32.0,2025-11-12 15:02:05,8332.135
CUST001138,8,37767.02,41.0,2025-12-12 00:51:07,4720.8775
CUST001087,3,18170.24,22.0,2025-12-16 22:53:40,6056.746666666667
CUST004964,2,27058.22,30.0,2025-09-24 19:46:22,13529.11
CUST006933,4,8876.93,13.0,2025-12-10 11:09:57,2219.2325
CUST008081,4,24272.78,28.0,2025-12-14 02:26:08,6068.195
CUST002347,8,65828.39,57.0,2025-10-16 14:32:17,8228.54875
CUST009420,4,34727.01,45.0,2025-11-15 17:29:37,8681.7525
CUST002049,8,68483.92,66.0,2025-11-19 22:52:44,8560.49
CUST007293,5,47542.69,48.0,2025-10-16 17:08:39,9508.538
CUST009289,2,7797.77,11.0,2025-05-23 13:53:22,3898.885
CUST008659,6,65200.95,61.0,2025-11-22 15:46:40,10866.824999999999
BAD_CUST_7530,3,26985.120000000003,28.0,2025-10-07 10:24:05,8995.04
CUST009273,7,53155.030000000006,57.0,2025-12-31 16:10:10,7593.575714285716
CUST002366,9,104850.25000000001,80.0,2025-09-12 07:07:03,11650.02777777778
CUST009385,6,32797.92,48.0,2025-08-06 14:57:41,5466.32
CUST002025,7,43209.46000000001,62.0,2025-12-04 08:36:19,6172.780000000001
CUST002254,5,45469.99,44.0,2025-12-09 16:27:51,9093.998
CUST001032,4,32283.699999999997,29.0,2025-08-31 00:18:32,8070.924999999999
CUST001874,8,71059.19,85.0,2025-11-01 18:48:21,8882.39875
CUST009720,4,21288.420000000002,25.0,2025-07-09 05:31:59,5322.1050000000005
CUST005934,6,30709.82,35.0,2025-11-22 20:30:33,5118.303333333333
CUST001734,6,33320.82,34.0,2025-10-06 10:06:56,5553.47
CUST007559,5,25194.44,44.0,2025-10-06 20:40:06,5038.888
CUST000038,5,34029.07,35.0,2025-11-15 06:58:12,6805.814
CUST005717,8,59511.31,63.0,2025-12-03 03:13:03,7438.91375
CUST007533,6,64991.3,66.0,2025-12-28 20:43:13,10831.883333333333
CUST004940,4,30411.5,31.0,2025-10-09 16:50:45,7602.875
CUST001846,5,54808.01,64.0,2025-06-03 12:35:13,10961.602
CUST003606,4,43611.53,44.0,2025-08-28 23:52:29,10902.8825
CUST008417,8,75332.97,86.0,2025-10-25 18:45:11,9416.62125
CUST009817,5,38470.009999999995,39.0,2025-11-16 17:44:12,7694.001999999999
CUST001299,8,57235.68,70.0,2025-11-23 07:25:38,7154.46
CUST001532,7,47724.759999999995,47.0,2025-12-19 16:10:27,6817.822857142856
CUST004769,7,47947.71,69.0,2025-12-11 19:22:32,6849.672857142857
CUST008357,7,39757.96,43.0,2025-10-02 13:59:19,5679.708571428571
CUST003657,4,26699.6,38.0,2025-11-07 15:15:27,6674.9
CUST001605,3,20013.27,17.0,2025-08-26 11:45:58,6671.09
CUST003300,3,36761.4,40.0,2025-12-23 02:32:50,12253.800000000001
CUST007741,4,26056.58,30.0,2025-07-21 14:06:06,6514.145
CUST006453,8,61375.2,65.0,2025-10-09 05:48:39,7671.9
CUST001639,6,50958.159999999996,61.0,2025-12-14 03:16:52,8493.026666666667
CUST001517,2,38870.89,36.0,2025-11-04 19:16:05,19435.445
CUST002863,8,53916.83,49.0,2025-11-13 00:22:03,6739.60375
CUST009023,5,50981.14,48.0,2025-10-08 06:34:58,10196.228
CUST001805,2,11244.19,11.0,2025-06-27 01:21:16,5622.095
CUST000766,5,39832.19,39.0,2025-11-26 04:40:08,7966.438
CUST003209,3,42636.369999999995,41.0,2025-06-25 15:55:40,14212.123333333331
CUST007275,6,47528.21000000001,57.0,2025-11-13 05:56:31,7921.368333333335
CUST000795,4,16171.51,20.0,2025-11-25 01:37:53,4042.8775
CUST006154,5,28764.760000000002,32.0,2025-12-22 18:40:07,5752.952
CUST005525,4,33124.58,42.0,2025-11-25 06:22:01,8281.145
CUST005047,7,52692.31999999999,62.0,2025-11-10 03:05:05,7527.474285714285
CUST002309,3,24423.68,35.0,2025-11-28 22:09:14,8141.2266666666665
CUST009568,3,24100.129999999997,28.0,2025-04-29 10:12:04,8033.376666666666
CUST008570,3,19494.58,19.0,2025-12-26 20:30:38,6498.193333333334
CUST009018,2,15068.1,16.0,2025-11-02 17:07:00,7534.05
CUST008592,4,45467.62,48.0,2025-10-18 12:04:03,11366.905
CUST002355,6,56229.02,55.0,2025-11-16 05:04:20,9371.503333333332
CUST005816,5,33528.77,37.0,2025-10-01 02:57:17,6705.753999999999
CUST002735,7,69058.08,79.0,2025-12-16 17:23:34,9865.44
CUST002842,5,48338.78,50.0,2025-12-13 15:35:24,9667.756
CUST003092,2,17503.36,20.0,2025-07-04 07:34:08,8751.68
CUST005328,4,26901.660000000003,20.0,2025-08-30 03:45:38,6725.415000000001
CUST003129,2,20008.6,21.0,2025-12-30 05:29:46,10004.3
CUST006293,4,21190.08,29.0,2025-12-17 06:08:23,5297.52
CUST001337,4,47212.619999999995,48.0,2025-10-13 12:35:55,11803.154999999999
CUST003031,5,38750.67,38.0,2025-10-16 03:41:19,7750.134
CUST005488,5,41980.52,41.0,2025-10-29 15:55:01,8396.104
CUST000553,2,21789.710000000003,20.0,2025-11-23 00:45:29,10894.855000000001
CUST006030,6,67906.3,69.0,2025-09-19 20:12:40,11317.716666666667
CUST008218,3,46143.08000000001,37.0,2025-08-04 18:45:33,15381.02666666667
CUST001319,3,26653.89,31.0,2025-06-11 00:26:12,8884.63
CUST001215,4,35749.31,45.0,2025-12-23 15:07:53,8937.3275
CUST000944,5,59977.94,53.0,2025-12-23 00:56:49,11995.588
CUST002197,6,37792.350000000006,40.0,2025-12-24 10:23:25,6298.725000000001
CUST000510,6,42515.87000000001,53.0,2025-11-01 23:06:48,7085.978333333335
CUST004175,5,18092.160000000003,18.0,2025-11-02 00:59:49,3618.4320000000007
CUST003164,4,41070.03999999999,44.0,2025-11-04 12:53:46,10267.509999999998
CUST008825,4,32174.78,32.0,2025-11-29 12:42:42,8043.695
CUST009259,5,22368.68,31.0,2025-07-21 06:33:53,4473.736
CUST009824,7,81191.56,77.0,2025-12-07 01:03:42,11598.794285714286
CUST005496,4,29735.07,35.0,2025-12-25 22:20:31,7433.7675
CUST008024,2,17870.46,20.0,2025-05-08 01:34:44,8935.23
CUST006179,4,43747.41,46.0,2025-10-23 17:19:06,10936.8525
CUST008378,3,20190.48,21.0,2025-10-26 00:29:18,6730.16
CUST001169,5,42306.299999999996,42.0,2025-09-18 02:31:07,8461.259999999998
CUST001393,2,17164.45,14.0,2025-09-11 05:39:58,8582.225
CUST006746,7,60307.07,72.0,2025-11-03 10:12:09,8615.295714285714
CUST004299,2,11012.43,14.0,2025-08-24 06:39:50,5506.215
CUST002100,6,66362.77,55.0,2025-12-30 07:22:43,11060.461666666668
CUST005721,5,21627.659999999996,26.0,2025-12-06 00:03:08,4325.531999999999
CUST006113,4,27040.17,30.0,2025-09-25 07:19:14,6760.0425
CUST002493,7,70010.6,66.0,2025-12-03 18:13:48,10001.514285714287
CUST008710,6,62734.119999999995,63.0,2025-09-29 12:50:57,10455.686666666666
CUST002374,5,54648.020000000004,52.0,2025-06-22 05:25:13,10929.604000000001
CUST007108,6,45604.32,56.0,2025-12-17 18:34:46,7600.72
CUST004661,2,27804.550000000003,20.0,2025-12-25 09:33:18,13902.275000000001
CUST007746,7,73931.9,70.0,2025-10-08 10:02:37,10561.699999999999
CUST006206,4,25068.99,37.0,2025-12-25 11:20:05,6267.2475
CUST002565,5,39008.490000000005,52.0,2025-11-19 01:31:11,7801.698000000001
CUST001422,4,38939.62000000001,41.0,2025-09-14 23:47:20,9734.905000000002
CUST008412,3,20675.280000000002,25.0,2025-11-11 11:25:24,6891.760000000001
CUST007757,2,17921.38,22.0,2025-10-23 18:39:28,8960.69
CUST006399,5,18135.36,30.0,2025-09-15 11:48:04,3627.072
CUST008062,5,67494.22,56.0,2025-12-24 05:45:14,13498.844000000001
CUST001713,7,43125.479999999996,60.0,2025-09-19 13:13:57,6160.782857142856
CUST000889,8,72131.20000000001,70.0,2025-10-27 15:47:21,9016.400000000001
CUST005919,5,33631.43,39.0,2025-11-28 20:52:57,6726.286
CUST009461,5,61392.27,65.0,2025-08-25 23:36:06,12278.454
CUST008515,3,12638.060000000001,14.0,2025-11-28 02:12:04,4212.686666666667
CUST003379,4,42782.899999999994,55.0,2025-08-01 13:38:41,10695.724999999999
CUST007342,7,42721.17999999999,70.0,2025-11-25 19:51:01,6103.025714285714
CUST008715,7,50487.16,51.0,2025-12-20 15:52:02,7212.4514285714295
CUST007958,4,25845.32,32.0,2025-11-12 13:07:36,6461.33
CUST002300,6,36871.11,43.0,2025-12-11 14:18:19,6145.185
CUST006116,4,52710.15,52.0,2025-06-01 09:19:21,13177.5375
CUST004545,6,46782.56,47.0,2025-12-16 02:16:20,7797.093333333333
CUST003202,5,48077.14,48.0,2025-10-19 08:49:24,9615.428
CUST006207,2,26671.149999999998,29.0,2025-10-24 12:19:06,13335.574999999999
CUST004956,6,34041.42999999999,40.0,2025-12-07 02:28:56,5673.571666666666
CUST008542,5,69022.7,55.0,2025-11-01 00:55:20,13804.539999999999
CUST005697,4,16956.56,18.0,2025-12-30 19:33:38,4239.14
CUST003726,2,10961.08,10.0,2025-11-16 02:19:45,5480.54
CUST005715,3,33658.46,36.0,2025-09-03 11:44:49,11219.486666666666
CUST004439,6,45882.06,51.0,2025-10-20 09:54:59,7647.009999999999
CUST008182,8,62302.61,85.0,2025-12-18 20:29:24,7787.82625
CUST006703,5,39271.380000000005,30.0,2025-12-17 17:16:16,7854.276000000001
CUST001186,6,59729.17999999999,55.0,2025-09-20 16:06:22,9954.863333333333
CUST001210,7,51753.38,48.0,2025-10-05 11:06:01,7393.339999999999
CUST009323,3,31847.97,35.0,2025-09-07 14:51:24,10615.99
CUST000062,3,11781.579999999998,14.0,2025-09-21 21:24:14,3927.1933333333327
CUST002115,2,14908.25,24.0,2025-06-01 22:48:06,7454.125
CUST001669,4,34583.2,41.0,2025-09-09 04:26:00,8645.8
CUST008363,2,16950.95,24.0,2025-06-04 03:19:57,8475.475
CUST007716,5,38605.25,30.0,2025-12-27 15:04:36,7721.05
CUST002119,5,54149.89,57.0,2025-12-16 06:22:00,10829.978
CUST000173,3,34094.4,33.0,2025-09-21 19:58:31,11364.800000000001
CUST009542,2,27780.36,27.0,2025-10-26 20:22:56,13890.18
CUST001689,5,36998.520000000004,37.0,2025-11-30 08:33:52,7399.704000000001
CUST000935,3,29254.87,29.0,2025-08-04 06:45:51,9751.623333333333
CUST002745,4,14056.51,22.0,2025-07-15 05:37:19,3514.1275
CUST007836,2,21153.17,34.0,2025-09-07 01:59:41,10576.585
CUST007072,4,60168.270000000004,68.0,2025-12-21 23:20:50,15042.067500000001
CUST009410,2,17565.39,17.0,2025-04-15 16:06:23,8782.695
CUST000634,4,33950.36,32.0,2025-12-26 08:39:59,8487.59
CUST007200,3,17762.27,30.0,2025-12-11 00:12:55,5920.756666666667
CUST002191,9,78810.18000000001,87.0,2025-11-13 21:00:31,8756.686666666668
CUST009697,4,23150.2,24.0,2025-11-16 05:32:50,5787.55
CUST006050,5,38271.05,40.0,2025-10-02 16:21:05,7654.210000000001
CUST005519,5,44414.94,42.0,2025-11-24 18:41:01,8882.988000000001
CUST003989,5,29056.77,28.0,2025-11-29 02:45:54,5811.354
CUST006220,6,48298.77,50.0,2025-12-10 23:21:04,8049.794999999999
CUST001344,3,34282.09,37.0,2025-09-22 03:23:12,11427.363333333333
CUST009457,6,52729.84,55.0,2025-10-04 22:24:43,8788.306666666665
CUST002781,1,4400.679999999999,10.0,2025-10-17 11:11:25,4400.679999999999
CUST006538,5,60002.12999999999,63.0,2025-08-26 07:58:04,12000.425999999998
CUST002806,5,25882.84,29.0,2025-12-18 01:11:48,5176.568
CUST006288,7,62406.51000000001,63.0,2025-12-15 22:25:53,8915.215714285716
CUST009097,3,29369.969999999998,33.0,2025-06-21 08:58:42,9789.99
CUST008722,5,17819.28,29.0,2025-09-14 22:37:39,3563.8559999999998
CUST002953,4,39943.03,41.0,2025-11-14 15:18:10,9985.7575
CUST005772,5,26010.190000000002,40.0,2025-11-21 00:44:19,5202.0380000000005
CUST007285,7,40170.689999999995,49.0,2025-09-24 11:16:38,5738.669999999999
CUST005498,5,69619.57999999999,69.0,2025-11-11 11:58:23,13923.915999999997
CUST008643,4,50724.67999999999,49.0,2025-12-30 12:35:08,12681.169999999998
CUST008482,3,41436.97,35.0,2025-11-09 19:32:22,13812.323333333334
CUST000538,5,59098.509999999995,59.0,2025-11-09 14:48:54,11819.702
CUST003702,4,16952.81,14.0,2025-12-28 20:14:02,4238.2025
CUST006620,6,65065.02,71.0,2025-11-23 06:10:24,10844.17
CUST001029,6,54653.53,53.0,2025-12-13 20:44:23,9108.921666666667
CUST008838,4,21434.32,27.0,2025-12-02 19:57:55,5358.58
CUST005246,6,24875.23,31.0,2025-10-05 01:33:38,4145.871666666667
CUST002814,6,70610.95999999999,67.0,2025-09-19 03:42:12,11768.493333333332
CUST003784,2,33491.229999999996,32.0,2025-10-15 05:38:13,16745.614999999998
CUST009279,5,44716.22,45.0,2025-10-18 00:32:15,8943.244
CUST003669,6,33854.58,46.0,2025-12-06 23:50:01,5642.43
CUST004736,8,69655.22,68.0,2025-11-17 04:44:40,8706.9025
CUST005949,2,11713.480000000001,14.0,2025-12-09 14:51:53,5856.740000000001
CUST006527,6,52062.53999999999,46.0,2025-10-30 18:55:51,8677.089999999998
CUST004969,6,32085.84,37.0,2025-09-29 21:40:47,5347.64
CUST001340,3,10507.93,19.0,2025-11-07 08:42:43,3502.6433333333334
CUST003881,1,20016.21,23.0,2025-03-23 00:41:23,20016.21
CUST008044,6,53407.600000000006,61.0,2025-08-05 02:26:56,8901.266666666668
CUST001775,5,40479.72,46.0,2025-11-18 08:55:05,8095.944
CUST006736,3,22239.33,27.0,2025-12-15 23:34:14,7413.110000000001
CUST004619,5,43803.89,51.0,2025-11-30 22:54:28,8760.778
CUST008707,5,44605.18,45.0,2025-10-20 11:40:21,8921.036
CUST001239,4,41492.049999999996,45.0,2025-06-03 04:08:45,10373.012499999999
CUST007903,8,68485.44,66.0,2025-11-12 10:33:57,8560.68
CUST007314,5,43590.79,53.0,2025-07-30 22:27:28,8718.158
CUST005926,5,35423.39,39.0,2025-12-04 13:17:31,7084.678
CUST001701,8,57257.81,51.0,2025-12-21 06:01:56,7157.22625
CUST002024,2,18044.230000000003,18.0,2025-07-15 09:49:59,9022.115000000002
CUST002723,5,53181.29000000001,48.0,2025-12-31 00:19:08,10636.258000000002
CUST005770,5,54162.42,50.0,2025-11-26 14:08:14,10832.484
CUST009119,4,29214.030000000002,30.0,2025-10-26 00:11:28,7303.507500000001
CUST001558,3,23511.61,23.0,2025-11-19 19:37:28,7837.203333333334
CUST009031,3,24015.84,22.0,2025-12-20 08:44:35,8005.28
CUST006830,5,27192.190000000002,36.0,2025-12-14 07:46:49,5438.438
CUST008499,5,42167.759999999995,46.0,2025-11-04 09:16:09,8433.552
CUST006851,5,57806.240000000005,49.0,2025-12-12 14:19:00,11561.248000000001
CUST006866,6,68618.48,77.0,2025-10-28 20:38:05,11436.413333333332
CUST007254,6,52520.810000000005,54.0,2025-07-07 17:42:21,8753.468333333334
CUST004962,9,94476.93000000001,90.0,2025-10-27 16:58:25,10497.436666666668
CUST000277,3,21857.100000000002,21.0,2025-05-21 09:24:15,7285.700000000001
CUST002290,7,56917.3,56.0,2025-12-17 23:45:18,8131.042857142857
CUST004191,5,39859.659999999996,51.0,2025-11-08 22:54:34,7971.931999999999
CUST002539,6,45710.34,48.0,2025-11-23 15:16:44,7618.389999999999
CUST004683,6,40797.81999999999,44.0,2025-07-30 05:55:51,6799.636666666665
CUST006084,7,52111.56,46.0,2025-10-30 23:28:40,7444.5085714285715
CUST001466,8,51959.71,47.0,2025-12-30 01:45:09,6494.96375
CUST000518,8,39217.44,48.0,2025-12-27 18:19:38,4902.18
CUST008926,3,26833.239999999998,31.0,2025-09-11 03:26:19,8944.413333333332
CUST007627,6,44554.70999999999,39.0,2025-05-31 08:31:52,7425.784999999999
CUST005780,3,11283.95,15.0,2025-07-11 08:49:28,3761.316666666667
CUST000818,3,24113.270000000004,28.0,2025-05-28 22:12:14,8037.756666666668
CUST009516,8,77021.68,95.0,2025-12-08 04:04:52,9627.71
CUST003075,1,3811.04,6.0,2025-12-03 21:28:27,3811.04
CUST009406,6,65659.21999999999,65.0,2025-11-07 02:47:34,10943.203333333331
CUST009384,6,76788.57,69.0,2025-11-29 05:00:25,12798.095000000001
CUST008827,3,20824.79,22.0,2025-10-07 14:15:22,6941.596666666667
CUST000981,4,33841.95,29.0,2025-06-07 09:28:13,8460.4875
CUST001606,3,16603.51,13.0,2025-09-04 01:29:36,5534.503333333333
CUST003398,3,45583.22,33.0,2025-12-12 16:05:59,15194.406666666668
CUST003440,4,26690.699999999997,27.0,2025-12-01 08:34:49,6672.674999999999
CUST001576,5,10746.46,22.0,2025-10-22 19:57:42,2149.292
CUST000265,5,40478.05,51.0,2025-08-10 07:04:43,8095.610000000001
CUST000366,4,21670.129999999997,23.0,2025-11-07 11:01:07,5417.532499999999
CUST005435,4,20757.38,27.0,2025-11-25 05:43:21,5189.345
CUST001473,4,54851.39,48.0,2025-11-25 03:46:04,13712.8475
CUST001771,5,57247.46,52.0,2025-12-19 17:06:10,11449.492
CUST006496,9,55969.020000000004,57.0,2025-12-22 05:17:05,6218.780000000001
CUST004206,3,19584.42,31.0,2025-12-06 05:02:09,6528.139999999999
CUST004873,4,25030.93,30.0,2025-11-27 01:56:18,6257.7325
CUST000554,4,42545.909999999996,49.0,2025-10-10 18:01:10,10636.477499999999
CUST009710,3,40971.58,36.0,2025-12-17 08:19:30,13657.193333333335
CUST003370,1,9796.92,8.0,2025-04-15 18:08:03,9796.92
CUST003060,3,11762.81,13.0,2025-09-16 07:32:26,3920.9366666666665
CUST002353,2,19290.06,15.0,2025-10-25 07:42:35,9645.03
CUST001133,4,37005.96,33.0,2025-11-10 13:01:01,9251.49
CUST003906,4,23634.87,24.0,2025-11-25 17:55:47,5908.7175
CUST003732,4,44321.69,45.0,2025-12-01 21:51:09,11080.4225
CUST003563,6,44759.299999999996,46.0,2025-12-25 06:47:15,7459.883333333332
CUST002659,5,34980.16,44.0,2025-11-29 09:26:44,6996.032000000001
CUST000309,7,79918.06,70.0,2025-12-05 18:01:55,11416.865714285714
CUST000080,3,38520.72,30.0,2025-10-22 21:32:21,12840.24
CUST008138,5,28783.559999999998,34.0,2025-11-30 21:47:34,5756.7119999999995
CUST007885,6,51767.74,48.0,2025-08-04 02:56:54,8627.956666666667
CUST003071,4,30184.239999999998,26.0,2025-09-25 16:42:58,7546.0599999999995
CUST008161,2,28614.36,27.0,2025-06-14 13:55:01,14307.18
CUST004902,6,69320.92000000001,58.0,2025-12-12 13:46:43,11553.48666666667
CUST009940,8,69927.14,59.0,2025-12-20 10:28:34,8740.8925
CUST001318,4,41923.469999999994,39.0,2025-12-07 08:56:44,10480.867499999998
CUST001837,5,48539.83,52.0,2025-12-24 15:19:12,9707.966
CUST004266,5,22802.410000000003,26.0,2025-11-06 21:25:21,4560.482000000001
CUST004581,6,40078.27,56.0,2025-11-10 10:44:35,6679.711666666666
CUST008930,3,22122.1,27.0,2025-09-18 10:15:03,7374.033333333333
CUST003231,5,23041.26,30.0,2025-12-19 01:14:28,4608.2519999999995
CUST009488,6,48685.95,57.0,2025-11-18 16:30:10,8114.325
CUST007583,4,45931.15,39.0,2025-12-11 22:57:36,11482.7875
CUST006805,3,15964.68,16.0,2025-11-18 22:22:35,5321.56
CUST003461,5,27358.629999999997,29.0,2025-12-29 09:57:39,5471.726
CUST006638,4,20180.85,27.0,2025-11-24 16:52:54,5045.2125
CUST007074,4,30810.260000000002,28.0,2025-12-22 05:04:31,7702.5650000000005
CUST003289,9,81376.13,87.0,2025-10-05 06:25:15,9041.792222222222
CUST008616,5,40231.55,58.0,2025-08-14 04:14:46,8046.31
CUST008421,4,25411.43,28.0,2025-12-07 15:43:10,6352.8575
CUST006322,3,30394.41,22.0,2025-08-18 09:02:28,10131.47
CUST000922,3,23433.22,33.0,2025-12-14 14:04:03,7811.073333333334
CUST007055,6,62476.47,62.0,2025-12-08 09:57:03,10412.745
CUST004251,3,15751.679999999998,19.0,2025-07-26 12:43:33,5250.5599999999995
CUST002294,5,36910.47,31.0,2025-12-23 05:11:41,7382.094
CUST008065,3,24542.5,25.0,2025-09-23 16:12:59,8180.833333333333
CUST001594,5,38493.34,37.0,2025-12-04 10:31:45,7698.668
CUST000936,5,18124.050000000003,20.0,2025-11-04 09:38:38,3624.8100000000004
CUST008960,2,7401.51,8.0,2025-12-17 19:47:11,3700.755
CUST007724,3,13001.91,15.0,2025-11-30 23:02:08,4333.97
CUST009694,3,9240.71,11.0,2025-10-04 18:13:32,3080.236666666666
CUST004658,3,19879.63,26.0,2025-12-31 01:59:00,6626.543333333334
CUST004513,4,20954.149999999998,27.0,2025-12-13 18:30:35,5238.537499999999
CUST005071,8,37127.75,38.0,2025-11-10 16:22:40,4640.96875
CUST001220,5,46591.16,48.0,2025-11-20 06:51:26,9318.232
CUST000804,5,20556.73,34.0,2025-10-24 01:24:07,4111.346
CUST009092,4,30366.94,39.0,2025-12-11 06:47:29,7591.735
CUST004014,5,42282.57000000001,40.0,2025-10-25 04:06:34,8456.514000000001
CUST006952,5,29738.12,30.0,2025-11-10 09:22:31,5947.624
CUST001049,4,42416.44,48.0,2025-08-31 17:40:34,10604.11
CUST008370,3,24506.37,25.0,2025-12-21 20:08:44,8168.79
CUST007758,6,49816.31,52.0,2025-11-09 19:18:24,8302.718333333332
CUST002215,1,6127.23,12.0,2025-11-20 14:56:04,6127.23
CUST002866,7,58746.950000000004,66.0,2025-12-23 03:29:30,8392.42142857143
CUST003544,1,6473.01,7.0,2025-03-21 03:34:10,6473.01
CUST008451,3,54204.54,51.0,2025-07-27 16:41:02,18068.18
CUST009972,8,79265.34,94.0,2025-12-25 18:57:09,9908.1675
CUST002388,5,35732.86,40.0,2025-09-04 06:14:21,7146.572
CUST002252,2,25237.26,21.0,2025-10-28 14:10:14,12618.63
CUST000146,2,15025.43,13.0,2025-11-25 16:43:18,7512.715
CUST005066,5,24239.7,34.0,2025-09-07 18:25:13,4847.9400000000005
CUST000323,6,67207.67,62.0,2025-11-18 09:47:11,11201.278333333334
CUST002638,3,14005.2,19.0,2025-10-13 21:03:26,4668.400000000001
CUST005150,2,19925.129999999997,23.0,2025-04-01 15:16:11,9962.564999999999
CUST009649,2,11257.95,8.0,2025-07-23 17:14:52,5628.975
CUST009841,2,16815.05,13.0,2025-11-21 12:56:08,8407.525
CUST006524,5,42612.990000000005,46.0,2025-05-11 23:08:50,8522.598000000002
CUST004495,5,23890.98,29.0,2025-11-16 07:03:23,4778.196
CUST002780,10,61218.66,79.0,2025-12-20 11:00:15,6121.866
CUST006015,3,19138.0,18.0,2025-11-11 11:27:46,6379.333333333333
CUST002143,5,52895.399999999994,46.0,2025-09-10 03:06:41,10579.079999999998
CUST003219,5,46402.740000000005,53.0,2025-10-31 22:56:30,9280.548
CUST004629,6,57260.56,53.0,2025-10-03 20:29:49,9543.426666666666
CUST001803,2,6010.650000000001,12.0,2025-12-23 13:40:25,3005.3250000000003
CUST002314,2,9193.91,17.0,2025-08-01 22:34:41,4596.955
CUST004841,4,48114.24,45.0,2025-12-04 08:30:36,12028.56
CUST001158,4,72753.6,64.0,2025-10-16 13:22:29,18188.4
CUST009602,6,43385.270000000004,50.0,2025-10-24 01:52:35,7230.878333333334
CUST005473,1,891.98,2.0,2025-03-06 02:37:03,891.98
CUST000717,4,34060.67,38.0,2025-12-27 05:18:13,8515.1675
CUST003611,4,46480.47,45.0,2025-12-13 11:54:08,11620.1175
CUST004651,5,59912.700000000004,56.0,2025-11-21 19:21:00,11982.54
CUST009559,1,8278.57,11.0,2025-05-30 08:26:49,8278.57
CUST003651,7,47970.950000000004,59.0,2025-12-25 10:16:11,6852.992857142858
CUST003750,4,35790.35,35.0,2025-04-08 01:16:50,8947.5875
CUST002168,7,37685.909999999996,41.0,2025-12-07 20:30:26,5383.701428571428
CUST007271,4,25084.1,23.0,2025-12-25 21:35:38,6271.025
CUST004279,9,70758.71,77.0,2025-11-21 21:46:47,7862.078888888889
CUST003001,4,36538.42,39.0,2025-12-17 19:47:16,9134.605
CUST006712,6,78656.37,66.0,2025-11-30 00:06:37,13109.394999999999
CUST000106,7,49750.83,54.0,2025-12-20 18:58:18,7107.261428571429
CUST009151,4,28672.79,33.0,2025-11-17 06:30:55,7168.1975
CUST007799,5,65665.1,59.0,2025-10-29 17:42:40,13133.02
CUST007363,6,86834.02,83.0,2025-12-01 15:29:49,14472.336666666668
CUST003859,4,9516.57,16.0,2025-11-23 03:07:18,2379.1425
CUST004215,5,38432.21,38.0,2025-10-30 17:51:21,7686.442
CUST009765,4,20845.629999999997,27.0,2025-12-21 20:02:59,5211.407499999999
CUST003353,3,24886.059999999998,33.0,2025-07-24 00:29:31,8295.353333333333
CUST002372,6,73522.28000000001,68.0,2025-11-14 23:41:29,12253.713333333335
CUST009596,10,76624.57,93.0,2025-10-22 22:41:31,7662.457
CUST001616,5,41242.4,42.0,2025-12-30 04:35:43,8248.48
CUST002104,5,27466.1,36.0,2025-05-22 07:54:00,5493.219999999999
CUST002007,5,49817.909999999996,49.0,2025-12-24 19:20:54,9963.581999999999
CUST003800,4,8381.11,16.0,2025-10-28 07:50:04,2095.2775
CUST000327,7,61051.64,72.0,2025-11-01 15:03:49,8721.662857142857
CUST004339,5,29134.25,29.0,2025-12-27 10:36:31,5826.85
CUST002624,2,14532.039999999999,13.0,2025-10-26 20:55:14,7266.0199999999995
CUST001898,6,40147.55,39.0,2025-11-09 19:24:51,6691.258333333334
CUST007722,5,43818.78,44.0,2025-08-11 02:31:37,8763.756
CUST003334,3,18331.52,20.0,2025-10-19 17:54:15,6110.506666666667
CUST008652,2,20644.7,21.0,2025-11-30 13:53:12,10322.35
CUST000567,5,24691.06,38.0,2025-12-13 06:58:29,4938.212
CUST001847,2,15904.86,16.0,2025-10-20 09:52:18,7952.43
CUST007103,5,19475.910000000003,25.0,2025-10-27 17:00:42,3895.1820000000007
CUST001057,3,6662.86,7.0,2025-10-12 15:41:54,2220.9533333333334
CUST005061,2,12900.310000000001,10.0,2025-03-04 06:33:39,6450.155000000001
CUST008372,2,8530.45,8.0,2025-07-11 20:57:55,4265.225
CUST007631,2,14051.4,18.0,2025-10-15 21:49:09,7025.7
CUST001042,1,1747.2,3.0,2025-07-23 18:34:44,1747.2
CUST004391,1,9980.380000000001,7.0,2025-10-02 16:19:13,9980.380000000001
CUST009923,8,81136.32,83.0,2025-12-30 07:18:01,10142.04
CUST009285,4,65801.34,50.0,2025-11-07 01:14:24,16450.335
CUST006610,3,39821.47,38.0,2025-06-03 23:05:54,13273.823333333334
CUST005665,7,52903.11,53.0,2025-12-11 09:19:00,7557.587142857143
CUST002797,9,49257.009999999995,61.0,2025-12-29 15:33:36,5473.001111111111
CUST008876,7,56125.73,58.0,2025-12-22 00:13:00,8017.961428571429
CUST005277,7,68258.13,65.0,2025-11-02 09:55:47,9751.16142857143
CUST008923,6,63944.299999999996,60.0,2025-10-27 17:47:20,10657.383333333333
CUST006665,4,44201.55,44.0,2025-12-11 23:38:01,11050.3875
CUST001321,3,13460.580000000002,12.0,2025-09-04 12:27:35,4486.860000000001
CUST009462,10,89708.09000000001,80.0,2025-12-10 15:52:36,8970.809000000001
CUST007485,4,32321.75,35.0,2025-12-02 00:08:37,8080.4375
CUST005745,4,33992.11,35.0,2025-08-20 01:32:29,8498.0275
CUST002204,4,49946.78,52.0,2025-08-02 14:37:50,12486.695
CUST002654,2,15193.52,16.0,2025-06-22 02:32:07,7596.76
CUST002226,2,12548.35,8.0,2025-07-10 23:56:34,6274.175
CUST009009,2,1641.73,11.0,2025-06-11 00:17:26,820.865
CUST006652,3,32487.489999999998,28.0,2025-11-01 16:39:41,10829.163333333332
CUST004180,9,63518.990000000005,70.0,2025-12-08 11:55:13,7057.665555555556
CUST003857,5,58077.84,48.0,2025-10-11 11:27:01,11615.568
CUST007760,7,23482.66,32.0,2025-12-08 15:10:50,3354.6657142857143
CUST008002,3,8797.369999999999,8.0,2025-10-27 18:07:28,2932.4566666666665
CUST007067,7,47432.009999999995,62.0,2025-09-29 11:15:53,6776.001428571428
CUST006955,6,37899.61,43.0,2025-08-29 12:13:30,6316.6016666666665
CUST006921,3,25601.12,26.0,2025-08-18 16:59:43,8533.706666666667
CUST004261,1,10030.73,10.0,2025-09-17 00:25:10,10030.73
CUST005990,5,30300.270000000004,33.0,2025-12-07 10:58:54,6060.054000000001
CUST004920,10,69656.95,73.0,2025-12-17 14:05:24,6965.695
CUST009246,4,35423.549999999996,37.0,2025-09-21 06:27:18,8855.887499999999
CUST005363,3,38172.75,42.0,2025-09-29 06:11:16,12724.25
CUST004699,4,41416.96,43.0,2025-10-04 07:28:58,10354.24
CUST004918,5,31656.24,41.0,2025-12-11 11:00:35,6331.2480000000005
CUST008068,6,49205.15,59.0,2025-11-23 07:20:53,8200.858333333334
CUST008199,6,54658.01000000001,55.0,2025-12-29 22:55:31,9109.668333333335
CUST003384,8,66667.13,82.0,2025-10-03 01:23:11,8333.39125
CUST007812,7,50908.909999999996,52.0,2025-12-19 15:16:29,7272.701428571428
CUST007606,4,17273.890000000003,31.0,2025-10-06 16:55:39,4318.472500000001
CUST001527,5,31968.07,31.0,2025-06-15 01:43:36,6393.614
CUST008409,5,50654.65,62.0,2025-12-09 21:28:26,10130.93
CUST003331,3,29615.61,31.0,2025-11-22 08:58:07,9871.87
CUST009953,6,25951.17,28.0,2025-11-23 10:32:07,4325.195
CUST002375,5,27423.289999999997,29.0,2025-12-07 09:03:07,5484.657999999999
CUST002008,3,33473.74,27.0,2025-11-19 08:59:18,11157.913333333332
CUST001935,3,19596.59,25.0,2025-11-17 14:45:05,6532.196666666667
CUST003012,7,60457.119999999995,54.0,2025-11-22 16:44:22,8636.731428571427
CUST000276,3,35694.119999999995,29.0,2025-07-09 06:58:30,11898.039999999999
CUST005110,6,27579.879999999997,36.0,2025-12-31 23:11:57,4596.6466666666665
CUST004049,5,36182.740000000005,47.0,2025-09-05 00:10:04,7236.548000000001
CUST009477,3,13857.080000000002,15.0,2025-11-01 19:48:04,4619.026666666668
CUST009059,4,32205.879999999997,37.0,2025-12-06 13:13:08,8051.469999999999
CUST008317,5,31390.15,39.0,2025-10-29 06:27:52,6278.030000000001
CUST003892,3,30135.06,20.0,2025-08-26 19:51:46,10045.02
CUST005824,6,34040.17,38.0,2025-11-12 01:43:14,5673.361666666667
CUST000404,5,59380.17,62.0,2025-12-18 15:20:04,11876.034
CUST008067,6,15452.11,28.0,2025-11-09 18:17:28,2575.351666666667
CUST000822,2,13817.330000000002,12.0,2025-12-04 07:31:17,6908.665000000001
CUST005402,7,56568.11,75.0,2025-07-16 13:33:25,8081.158571428571
CUST003531,5,67246.9,74.0,2025-12-31 10:22:37,13449.38
CUST009831,1,10096.779999999999,9.0,2025-12-21 08:42:22,10096.779999999999
CUST004250,6,48768.670000000006,49.0,2025-10-02 21:51:31,8128.111666666668
CUST009053,4,19983.050000000003,35.0,2025-10-23 18:21:48,4995.762500000001
CUST006072,5,7225.1,11.0,2025-07-12 10:42:07,1445.02
CUST006625,3,20630.449999999997,21.0,2025-09-06 12:20:46,6876.816666666666
CUST005306,2,20516.55,23.0,2025-10-06 14:09:45,10258.275
CUST002869,8,34756.14,32.0,2025-12-19 02:04:52,4344.5175
CUST007341,4,37133.399999999994,35.0,2025-11-18 12:05:02,9283.349999999999
CUST008352,7,81571.81999999999,86.0,2025-12-28 01:14:51,11653.117142857142
CUST004171,1,9637.519999999999,11.0,2025-05-01 13:08:38,9637.519999999999
CUST003665,3,21451.17,28.0,2025-09-22 16:07:21,7150.389999999999
CUST002491,5,29935.4,30.0,2025-10-10 02:25:51,5987.08
CUST008735,5,52454.66,55.0,2025-11-17 04:08:02,10490.932
CUST009149,4,34786.850000000006,34.0,2025-10-21 16:59:44,8696.712500000001
CUST008296,3,28129.52,27.0,2025-10-06 21:32:13,9376.506666666666
CUST004695,1,7983.9400000000005,8.0,2025-11-30 12:29:49,7983.9400000000005
CUST002060,6,72207.02,73.0,2025-12-24 19:04:36,12034.503333333334
CUST003025,6,59980.47,57.0,2025-12-05 07:38:05,9996.745
CUST001180,2,9814.45,13.0,2025-09-15 09:15:19,4907.225
CUST000481,5,36583.450000000004,31.0,2025-09-23 18:45:30,7316.6900000000005
CUST001016,2,21824.32,22.0,2025-04-20 17:01:32,10912.16
CUST004455,7,42238.05,40.0,2025-12-31 10:21:24,6034.007142857144
CUST004500,4,27545.879999999997,40.0,2025-12-19 19:43:27,6886.469999999999
CUST001643,5,35615.41,42.0,2025-12-31 22:30:38,7123.082
CUST008441,3,21305.48,29.0,2025-11-22 18:17:20,7101.826666666667
CUST003684,6,57669.57,64.0,2025-11-13 11:06:27,9611.595
CUST003282,5,39879.340000000004,48.0,2025-07-24 17:53:43,7975.868
CUST002911,6,39017.56,41.0,2025-10-10 08:06:58,6502.926666666666
CUST009860,4,28738.6,30.0,2025-10-25 01:11:46,7184.65
CUST005748,1,4209.45,6.0,2025-06-10 07:40:25,4209.45
CUST001568,6,39159.56,41.0,2025-05-23 14:32:17,6526.593333333333
CUST004257,5,21240.93,24.0,2025-12-23 19:22:14,4248.186
CUST004273,5,42298.28,60.0,2025-08-02 10:36:53,8459.655999999999
CUST005140,4,39092.29,42.0,2025-10-20 21:45:25,9773.0725
CUST002360,1,6158.61,4.0,2025-10-19 13:56:34,6158.61
CUST000982,4,56624.8,54.0,2025-12-02 11:35:27,14156.2
CUST007013,7,62224.090000000004,66.0,2025-12-29 08:18:38,8889.155714285715
CUST006876,8,70400.08,84.0,2025-10-21 10:31:50,8800.01
CUST008305,5,60975.869999999995,62.0,2025-11-16 01:10:31,12195.173999999999
CUST003910,3,28301.769999999997,30.0,2025-12-24 19:21:20,9433.923333333332
CUST005285,8,40997.32,48.0,2025-11-25 17:33:48,5124.665
CUST001092,5,28162.810000000005,32.0,2025-10-16 19:28:47,5632.562000000001
CUST001088,7,72209.49,64.0,2025-10-27 17:15:23,10315.641428571429
CUST007927,5,21623.43,37.0,2025-11-29 22:43:46,4324.686
CUST009983,4,25665.170000000002,24.0,2025-12-04 02:52:34,6416.2925000000005
CUST005080,4,51316.14,47.0,2025-12-27 12:02:58,12829.035
CUST006275,5,39603.04,48.0,2025-11-17 18:02:25,7920.608
CUST009120,6,65153.04,52.0,2025-11-11 10:12:50,10858.84
CUST009904,7,84911.09,87.0,2025-11-28 00:05:44,12130.155714285715
CUST005559,2,7343.39,6.0,2025-10-06 21:24:17,3671.695
CUST009112,4,24858.47,38.0,2025-08-21 03:55:12,6214.6175
CUST002803,4,17873.07,22.0,2025-12-18 05:04:48,4468.2675
CUST009401,7,63435.22,68.0,2025-11-23 14:48:16,9062.174285714285
CUST000863,6,58707.3,66.0,2025-12-31 03:05:50,9784.550000000001
CUST003752,3,36257.909999999996,33.0,2025-10-11 20:34:46,12085.97
CUST006270,3,25545.170000000002,22.0,2025-11-01 05:32:28,8515.056666666667
CUST000703,4,23564.04,41.0,2025-12-29 00:35:49,5891.01
CUST007437,5,54701.44,50.0,2025-11-29 18:43:39,10940.288
CUST008426,2,27429.54,24.0,2025-11-15 04:58:10,13714.77
CUST006819,7,66238.54999999999,67.0,2025-10-23 02:11:43,9462.649999999998
CUST002000,3,17817.47,19.0,2025-09-28 22:41:38,5939.156666666667
CUST000168,6,46566.38,52.0,2025-11-21 13:29:50,7761.063333333333
CUST000898,6,54798.36,49.0,2025-10-06 14:13:14,9133.06
CUST004539,6,49841.51,48.0,2025-12-31 13:47:25,8306.918333333333
CUST002643,2,26386.600000000002,23.0,2025-10-30 21:50:54,13193.300000000001
CUST003947,6,54044.94,59.0,2025-11-07 06:42:46,9007.49
CUST003580,4,26023.43,32.0,2025-12-28 10:09:29,6505.8575
CUST007290,3,24780.84,32.0,2025-09-15 17:57:14,8260.28
CUST002456,6,37588.44,43.0,2025-08-24 15:47:02,6264.740000000001
CUST005447,5,34303.58,40.0,2025-09-22 03:22:47,6860.716
CUST000524,9,76241.77,90.0,2025-12-13 21:38:56,8471.307777777778
CUST009261,6,53496.42,70.0,2025-12-28 21:38:22,8916.07
CUST006221,9,63885.450000000004,76.0,2025-12-31 07:35:20,7098.383333333334
CUST002963,4,38921.73,40.0,2025-12-27 01:20:05,9730.4325
CUST002304,3,6468.5,15.0,2025-12-25 06:03:23,2156.1666666666665
CUST003085,5,37772.979999999996,39.0,2025-09-30 12:14:12,7554.596
CUST002131,3,25695.399999999998,28.0,2025-10-14 21:53:47,8565.133333333333
CUST006001,6,43882.369999999995,41.0,2025-11-12 15:06:47,7313.728333333333
CUST001789,5,43758.829999999994,51.0,2025-12-23 04:48:21,8751.766
CUST005792,2,14872.88,16.0,2025-12-16 01:41:55,7436.44
CUST000929,6,38951.02,39.0,2025-12-16 02:08:47,6491.836666666666
CUST009276,4,24278.0,29.0,2025-11-15 00:24:12,6069.5
CUST004056,5,34865.18,44.0,2025-12-26 17:49:14,6973.036
CUST008166,10,84756.31,89.0,2025-12-12 00:55:46,8475.631
CUST006556,5,45058.990000000005,47.0,2025-08-20 10:04:33,9011.798
CUST006996,6,61972.45,67.0,2025-10-23 06:33:18,10328.741666666667
CUST005428,9,100770.93,87.0,2025-12-02 13:22:25,11196.769999999999
CUST000178,6,58578.35,52.0,2025-10-16 09:16:58,9763.058333333332
CUST009757,4,31621.010000000002,31.0,2025-12-03 14:47:28,7905.2525000000005
CUST001751,7,45515.88,57.0,2025-12-25 12:05:04,6502.268571428571
CUST007896,3,21770.02,24.0,2025-06-28 07:13:45,7256.673333333333
CUST008286,5,41714.509999999995,56.0,2025-09-14 20:21:07,8342.901999999998
CUST002384,7,44167.96,45.0,2025-12-07 22:50:54,6309.708571428571
CUST004151,7,23436.95,28.0,2025-12-21 15:54:26,3348.1357142857146
CUST007313,3,19983.93,21.0,2025-11-15 02:16:34,6661.31
CUST002429,2,11185.920000000002,7.0,2025-11-27 15:11:31,5592.960000000001
CUST005701,4,16661.82,26.0,2025-11-04 02:48:58,4165.455
CUST009799,3,10415.9,19.0,2025-10-05 09:31:05,3471.9666666666667
CUST004122,3,12704.300000000003,17.0,2025-10-31 18:12:34,4234.766666666667
CUST000340,5,31804.55,38.0,2025-11-20 02:24:03,6360.91
CUST009055,4,16390.06,22.0,2025-08-28 23:15:54,4097.515
CUST006919,4,16497.62,27.0,2025-11-18 17:56:09,4124.405
CUST008841,1,3351.5299999999997,6.0,2025-01-20 09:09:49,3351.5299999999997
CUST007398,3,29471.82,26.0,2025-07-02 10:11:39,9823.94
CUST000569,4,32947.15,32.0,2025-11-14 18:49:05,8236.7875
CUST003924,4,16649.079999999998,19.0,2025-11-12 18:28:39,4162.2699999999995
CUST000814,2,4376.1900000000005,18.0,2025-09-04 15:27:49,2188.0950000000003
CUST006248,4,43395.33,53.0,2025-09-10 14:09:31,10848.8325
CUST004463,8,34361.240000000005,46.0,2025-12-13 21:50:17,4295.155000000001
CUST000376,2,22981.59,31.0,2025-09-19 19:33:37,11490.795
CUST008274,6,64270.14000000001,69.0,2025-12-20 00:55:43,10711.69
CUST003328,5,50782.369999999995,43.0,2025-11-10 06:49:45,10156.473999999998
CUST007665,3,24486.660000000003,23.0,2025-12-27 18:51:40,8162.220000000001
CUST008111,4,45075.34,36.0,2025-11-28 09:20:54,11268.835
CUST008055,7,43905.47,51.0,2025-12-09 08:01:08,6272.21
CUST007373,1,4356.18,11.0,2025-02-19 11:53:29,4356.18
CUST004085,3,37347.17,41.0,2025-11-03 21:56:28,12449.056666666665
CUST000736,4,18156.67,18.0,2025-12-27 10:29:05,4539.1675
CUST007744,6,42994.67,44.0,2025-12-28 15:21:15,7165.778333333333
CUST007217,5,45010.88,56.0,2025-12-30 17:35:02,9002.176
CUST009063,5,43250.29,52.0,2025-11-22 13:57:21,8650.058
CUST003712,7,53213.96,53.0,2025-10-12 11:38:36,7601.994285714286
CUST001013,8,85436.79999999999,85.0,2025-11-26 18:17:10,10679.599999999999
CUST009463,5,42730.84,47.0,2025-12-21 02:40:14,8546.168
CUST005090,2,7188.09,14.0,2025-12-23 23:26:25,3594.045
CUST008398,5,33727.69,29.0,2025-09-20 19:13:32,6745.5380000000005
CUST005901,4,23520.750000000004,26.0,2025-09-05 13:41:39,5880.187500000001
CUST005287,5,52251.130000000005,44.0,2025-12-13 14:48:18,10450.226
CUST009037,4,32175.57,39.0,2025-11-07 02:15:42,8043.8925
CUST009208,5,67139.63,60.0,2025-09-01 08:56:32,13427.926000000001
CUST004781,3,24263.719999999998,20.0,2025-06-07 05:44:54,8087.906666666666
CUST006685,4,51375.5,48.0,2025-12-09 20:04:26,12843.875
CUST006635,4,32569.159999999996,36.0,2025-11-19 15:26:06,8142.289999999999
CUST009785,7,44094.409999999996,44.0,2025-12-25 12:27:44,6299.201428571428
CUST000723,2,16071.89,14.0,2025-12-16 14:21:23,8035.945
CUST004960,3,16625.629999999997,16.0,2025-07-23 15:53:22,5541.876666666666
CUST001096,4,37628.92,39.0,2025-08-18 18:10:58,9407.23
CUST000711,2,7933.55,10.0,2025-03-18 01:15:41,3966.775
CUST001237,3,31797.4,33.0,2025-07-17 10:01:29,10599.133333333333
CUST008818,5,36989.72,35.0,2025-12-21 00:34:56,7397.944
CUST003791,3,18708.89,22.0,2025-09-19 09:23:03,6236.296666666666
CUST008048,5,45988.0,63.0,2025-08-08 13:35:09,9197.6
CUST005760,5,44580.81,47.0,2025-12-11 17:03:51,8916.162
CUST003186,4,21036.12,28.0,2025-10-12 14:12:09,5259.03
CUST009955,4,25284.739999999998,32.0,2025-11-01 06:18:22,6321.1849999999995
CUST004205,5,26213.11,24.0,2025-12-24 15:50:57,5242.622
CUST002694,1,12455.46,11.0,2025-03-02 20:21:03,12455.46
CUST008602,5,49087.5,46.0,2025-12-27 06:57:35,9817.5
CUST006561,3,25053.24,20.0,2025-08-28 22:59:43,8351.08
CUST008272,3,24554.929999999997,22.0,2025-09-01 02:47:51,8184.976666666666
CUST009960,6,47315.34,48.0,2025-11-23 17:05:26,7885.889999999999
CUST005243,2,4248.04,8.0,2025-04-01 08:06:16,2124.02
CUST005536,7,38925.01,34.0,2025-12-26 19:45:40,5560.715714285715
CUST009620,1,1074.71,2.0,2025-11-19 10:24:41,1074.71
CUST009930,3,26797.999999999996,21.0,2025-04-18 20:05:45,8932.666666666666
CUST003168,4,35923.38,40.0,2025-12-11 22:21:07,8980.845
CUST000013,3,31212.31,34.0,2025-12-30 17:40:34,10404.103333333334
CUST001963,4,22886.710000000003,29.0,2025-12-08 14:03:47,5721.677500000001
CUST005481,5,59874.18,53.0,2025-08-29 04:58:03,11974.836
CUST006618,3,23642.58,23.0,2025-11-29 13:37:48,7880.860000000001
CUST006677,3,5277.389999999999,6.0,2025-08-31 19:58:00,1759.1299999999999
CUST003192,2,12758.02,20.0,2025-11-08 07:20:56,6379.01
CUST009764,5,25455.43,28.0,2025-07-18 02:59:36,5091.086
CUST008290,8,63150.60999999999,69.0,2025-12-16 13:28:09,7893.826249999999
CUST000086,6,67613.36,63.0,2025-12-27 01:22:44,11268.893333333333
CUST008434,4,32689.65,40.0,2025-12-09 04:17:00,8172.4125
CUST000424,3,16124.079999999998,25.0,2025-11-27 15:56:34,5374.693333333333
CUST005231,7,70482.93,76.0,2025-12-02 04:14:09,10068.99
CUST001949,6,60515.700000000004,62.0,2025-12-29 14:22:38,10085.95
CUST002349,5,23646.199999999997,36.0,2025-10-20 18:35:48,4729.24
CUST006882,4,53060.85,54.0,2025-12-20 15:46:08,13265.2125
CUST005000,7,68266.61,56.0,2025-11-14 09:37:07,9752.372857142856
CUST004048,11,110892.75000000001,117.0,2025-12-31 12:14:51,10081.159090909092
CUST009650,4,23355.120000000003,32.0,2025-08-24 12:21:12,5838.780000000001
CUST002113,6,37627.29,44.0,2025-10-09 14:42:40,6271.215
CUST000090,3,13859.730000000001,19.0,2025-09-24 19:21:14,4619.910000000001
CUST001271,4,14629.37,20.0,2025-11-08 13:55:17,3657.3425
CUST007737,5,25267.84,31.0,2025-12-31 12:58:52,5053.568
CUST007249,5,56678.92,62.0,2025-11-20 17:50:51,11335.784
CUST002280,5,30904.96,35.0,2025-10-20 15:44:31,6180.992
CUST009104,5,51998.78999999999,67.0,2025-11-19 06:52:14,10399.757999999998
CUST007325,4,32142.86,32.0,2025-10-10 19:26:03,8035.715
CUST004096,5,52500.23,61.0,2025-11-12 18:35:12,10500.046
CUST004001,3,13565.359999999999,21.0,2025-06-20 16:21:45,4521.786666666666
CUST003069,2,20282.8,30.0,2025-12-18 03:00:06,10141.4
CUST003095,9,78855.82,87.0,2025-10-02 11:02:32,8761.757777777779
CUST001121,4,7065.200000000001,20.0,2025-10-08 20:14:01,1766.3000000000002
CUST005587,5,18154.260000000002,29.0,2025-12-16 12:16:02,3630.8520000000003
CUST002710,4,50816.8,51.0,2025-11-19 15:34:36,12704.2
CUST002672,3,9906.089999999998,11.0,2025-11-28 19:12:39,3302.0299999999993
CUST008419,5,20844.42,25.0,2025-08-08 21:35:07,4168.884
CUST006546,7,43642.659999999996,41.0,2025-10-17 13:27:46,6234.665714285714
CUST007370,2,13735.44,12.0,2025-07-04 20:05:39,6867.72
CUST004272,6,39988.64,33.0,2025-10-27 21:09:23,6664.7733333333335
CUST009486,7,51564.380000000005,52.0,2025-10-21 12:02:08,7366.340000000001
CUST002427,3,19722.43,21.0,2025-09-13 03:49:36,6574.143333333333
CUST005386,3,24565.719999999998,19.0,2025-07-19 12:43:41,8188.573333333333
CUST002319,6,48734.7,45.0,2025-10-03 15:00:52,8122.45
CUST007687,3,30871.92,29.0,2025-10-16 03:05:55,10290.64
CUST005888,7,65127.740000000005,87.0,2025-12-03 00:18:28,9303.962857142858
CUST009103,6,53728.65,55.0,2025-11-06 21:21:21,8954.775
CUST008033,7,67867.5,70.0,2025-10-27 18:17:31,9695.357142857143
CUST007099,3,10290.43,17.0,2025-12-07 01:57:15,3430.1433333333334
CUST003539,8,69221.04,63.0,2025-08-14 17:28:55,8652.63
CUST003763,2,27922.699999999997,21.0,2025-08-25 09:16:43,13961.349999999999
CUST009957,4,20833.04,30.0,2025-12-11 16:53:27,5208.26
CUST005096,5,28583.61,43.0,2025-09-21 15:56:02,5716.722
CUST006938,8,76840.23999999999,79.0,2025-11-15 10:53:42,9605.029999999999
CUST003439,10,102063.06,110.0,2025-09-01 16:41:23,10206.306
CUST000899,3,25424.479999999996,31.0,2025-11-04 22:19:46,8474.826666666666
CUST004856,5,17754.78,22.0,2025-11-18 13:20:57,3550.9559999999997
CUST009608,2,12212.09,14.0,2025-04-12 05:38:27,6106.045
CUST007668,5,61007.89,47.0,2025-12-22 12:23:09,12201.578
CUST003385,3,16271.849999999999,18.0,2025-06-18 10:31:42,5423.95
CUST003600,4,31600.760000000002,28.0,2025-04-11 08:07:26,7900.1900000000005
CUST007970,4,42470.15,42.0,2025-08-10 03:32:13,10617.5375
CUST000537,5,36966.36,38.0,2025-10-19 02:26:05,7393.272
CUST002069,7,63793.73,60.0,2025-12-13 16:33:38,9113.390000000001
CUST002933,2,26328.41,18.0,2025-11-14 16:48:42,13164.205
CUST009101,4,23566.199999999997,20.0,2025-09-22 23:03:27,5891.549999999999
CUST004370,2,4945.85,5.0,2025-05-09 15:01:56,2472.925
CUST009131,3,28951.57,31.0,2025-12-01 16:07:32,9650.523333333333
CUST003281,4,32985.8,28.0,2025-09-15 09:28:42,8246.45
CUST004459,7,47994.64,46.0,2025-12-19 04:06:38,6856.377142857143
CUST007821,7,51116.770000000004,42.0,2025-12-08 06:02:18,7302.395714285715
CUST003151,4,20444.019999999997,23.0,2025-12-29 05:29:25,5111.004999999999
CUST006373,4,40478.69,45.0,2025-12-24 03:24:46,10119.6725
CUST000609,4,28523.94,32.0,2025-09-15 01:27:49,7130.985
CUST001609,7,47644.29,51.0,2025-12-20 16:20:29,6806.327142857143
CUST007308,4,36300.36,35.0,2025-11-04 07:02:04,9075.09
CUST001660,4,40122.25,39.0,2025-12-02 20:32:36,10030.5625
CUST005698,3,23817.54,27.0,2025-11-05 22:33:54,7939.18
CUST009045,7,61911.25,62.0,2025-09-04 06:29:12,8844.464285714286
CUST003815,4,39225.59,42.0,2025-12-29 23:29:37,9806.3975
CUST000051,5,40587.590000000004,36.0,2025-11-14 00:26:41,8117.518000000001
CUST006138,6,48818.700000000004,67.0,2025-10-21 12:29:22,8136.450000000001
CUST005950,9,74732.34,93.0,2025-11-10 04:08:48,8303.593333333332
CUST000739,7,59502.079999999994,62.0,2025-10-29 19:43:50,8500.297142857142
CUST004881,2,14838.279999999999,20.0,2025-10-22 21:46:29,7419.139999999999
CUST004917,5,71403.12,70.0,2025-10-14 11:14:16,14280.624
CUST003774,1,1120.43,1.0,2025-09-05 14:05:16,1120.43
CUST008559,8,67161.31999999999,64.0,2025-09-29 12:39:40,8395.164999999999
CUST006359,3,27406.43,36.0,2025-08-31 03:13:05,9135.476666666667
CUST003327,4,32233.159999999996,37.0,2025-06-30 04:57:34,8058.289999999999
CUST005637,6,52090.689999999995,46.0,2025-11-14 05:22:20,8681.781666666666
CUST005754,4,35468.979999999996,45.0,2025-10-20 02:37:57,8867.244999999999
CUST004194,5,31602.439999999995,33.0,2025-09-21 09:50:11,6320.487999999999
CUST006636,3,20794.25,27.0,2025-10-15 21:11:05,6931.416666666667
CUST003936,3,30429.51,34.0,2025-12-05 12:50:46,10143.17
CUST009700,3,25075.280000000002,27.0,2025-08-09 09:29:40,8358.426666666668
CUST004994,6,58695.34,56.0,2025-08-26 01:08:45,9782.556666666665
CUST006488,6,41425.700000000004,55.0,2025-12-31 11:41:54,6904.283333333334
CUST000868,6,37110.149999999994,40.0,2025-09-28 13:08:44,6185.024999999999
CUST002080,4,17120.6,21.0,2025-12-23 16:40:07,4280.15
CUST003155,5,32429.54,36.0,2025-12-12 05:21:26,6485.908
CUST009339,9,75759.39,78.0,2025-11-10 12:03:47,8417.71
CUST008535,8,84100.31999999999,78.0,2025-12-05 14:33:46,10512.539999999999
CUST001800,7,53201.630000000005,75.0,2025-12-01 12:47:55,7600.232857142858
CUST000956,2,7745.38,8.0,2025-03-27 00:57:11,3872.69
CUST007923,3,55799.479999999996,47.0,2025-06-18 08:00:25,18599.826666666664
CUST009300,6,71578.97,62.0,2025-12-18 00:00:14,11929.828333333333
CUST009423,3,8181.08,13.0,2025-11-03 13:28:05,2727.0266666666666
CUST007669,5,40897.229999999996,34.0,2025-11-30 18:46:27,8179.445999999999
CUST007795,3,10426.4,17.0,2025-11-27 06:02:53,3475.4666666666667
CUST009016,5,65216.68000000001,57.0,2025-11-20 07:44:49,13043.336000000001
CUST001407,7,52411.54,53.0,2025-09-14 01:27:48,7487.362857142857
CUST007098,3,35599.65,32.0,2025-12-25 12:49:32,11866.550000000001
CUST005254,6,34021.159999999996,35.0,2025-12-07 17:10:59,5670.193333333333
CUST000761,4,13588.47,11.0,2025-12-20 12:46:51,3397.1175
CUST001324,5,54235.32000000001,58.0,2025-11-12 21:16:33,10847.064000000002
CUST009315,7,33341.08,42.0,2025-12-17 06:54:07,4763.011428571429
CUST000512,3,16872.47,31.0,2025-12-05 09:45:29,5624.156666666667
CUST009840,3,18693.879999999997,22.0,2025-11-06 14:19:01,6231.293333333332
CUST001007,5,39476.65,33.0,2025-12-07 06:37:21,7895.33
CUST002756,4,36739.159999999996,29.0,2025-06-04 09:54:12,9184.789999999999
CUST001717,4,44789.03,57.0,2025-12-20 03:35:37,11197.2575
CUST007733,4,51900.99,47.0,2025-09-30 07:54:30,12975.2475
CUST001181,6,58206.71,60.0,2025-12-12 20:46:04,9701.118333333334
CUST009908,7,50671.25,55.0,2025-11-14 09:50:25,7238.75
CUST007088,4,15386.31,22.0,2025-12-24 04:58:20,3846.5775
CUST009292,5,45456.83,48.0,2025-11-17 11:11:20,9091.366
CUST006983,3,15998.400000000001,20.0,2025-10-28 23:58:57,5332.8
CUST008431,5,41226.87,49.0,2025-12-08 11:13:02,8245.374
CUST005909,2,30911.93,29.0,2025-09-21 17:49:24,15455.965
CUST003491,3,27016.81,23.0,2025-06-14 12:53:44,9005.603333333334
CUST008450,4,29804.15,30.0,2025-10-31 04:52:27,7451.0375
CUST005310,5,40547.71000000001,48.0,2025-10-19 05:49:58,8109.542000000001
CUST004958,6,48427.57,56.0,2025-12-27 01:18:24,8071.261666666666
CUST001556,6,23520.879999999997,40.0,2025-11-13 09:26:54,3920.146666666666
CUST001021,6,61484.009999999995,63.0,2025-11-07 09:16:38,10247.335
CUST002220,3,7012.639999999999,11.0,2025-07-08 17:58:51,2337.5466666666666
CUST004816,3,27970.910000000003,28.0,2025-07-22 14:55:16,9323.636666666667
CUST000440,11,61963.85999999999,74.0,2025-12-20 01:38:47,5633.078181818181
CUST001252,3,23019.57,31.0,2025-11-29 14:59:02,7673.19
CUST005516,6,51276.33,50.0,2025-11-24 06:57:20,8546.055
CUST000138,10,101676.18999999999,100.0,2025-12-27 04:54:48,10167.618999999999
CUST007937,2,16927.98,18.0,2025-12-11 17:05:17,8463.99
CUST009846,6,73121.8,73.0,2025-12-28 18:51:09,12186.966666666667
CUST005653,4,30274.19,30.0,2025-06-02 02:19:10,7568.5475
CUST007513,5,33884.84,43.0,2025-11-11 19:31:14,6776.967999999999
CUST003692,6,65061.32000000001,64.0,2025-09-18 22:42:23,10843.553333333335
CUST001323,4,30161.030000000002,33.0,2025-12-02 23:17:43,7540.257500000001
CUST009722,5,30942.179999999997,44.0,2025-12-06 05:12:57,6188.436
CUST008718,4,30169.07,36.0,2025-12-13 23:43:01,7542.2675
CUST006299,5,34325.4,35.0,2025-11-15 15:29:50,6865.08
CUST002486,10,35389.35,53.0,2025-08-31 07:07:49,3538.935
CUST004026,5,52756.57,51.0,2025-08-22 01:45:34,10551.314
CUST004782,5,39576.36,41.0,2025-12-19 22:27:00,7915.272
CUST002161,3,32299.57,32.0,2025-11-29 12:33:32,10766.523333333333
CUST003145,4,47010.450000000004,45.0,2025-06-26 23:32:10,11752.612500000001
CUST008122,3,28171.43,33.0,2025-09-27 08:28:12,9390.476666666667
CUST009943,5,17821.809999999998,24.0,2025-12-22 00:45:34,3564.3619999999996
CUST000631,5,22241.38,27.0,2025-10-08 15:18:19,4448.276
CUST002715,4,38798.94,30.0,2025-05-24 08:54:42,9699.735
CUST008996,3,35030.53,32.0,2025-05-26 23:51:33,11676.843333333332
CUST009653,4,48388.24000000001,43.0,2025-12-27 01:18:06,12097.060000000003
CUST000838,4,32990.98,35.0,2025-10-04 03:48:58,8247.745
CUST008238,2,25207.739999999998,32.0,2025-11-25 02:10:37,12603.869999999999
CUST000326,4,43239.01,39.0,2025-12-25 14:13:14,10809.7525
CUST006509,1,9017.69,6.0,2025-12-03 16:36:58,9017.69
CUST009987,4,36426.659999999996,38.0,2025-10-29 11:14:23,9106.664999999999
CUST005560,4,49546.87000000001,44.0,2025-12-25 15:41:24,12386.717500000002
CUST000095,2,31307.39,31.0,2025-08-31 19:12:12,15653.695
BAD_CUST_8305,3,23798.78,21.0,2025-11-06 13:51:56,7932.926666666666
CUST004019,6,77359.36000000002,73.0,2025-10-08 07:43:45,12893.22666666667
CUST003437,9,50267.54000000001,70.0,2025-12-08 14:03:27,5585.282222222223
CUST004646,11,119844.74999999999,108.0,2025-10-23 12:29:01,10894.977272727272
CUST007543,6,77377.54000000001,79.0,2025-12-31 10:24:32,12896.256666666668
CUST008262,8,98164.69,91.0,2025-11-05 12:29:59,12270.58625
CUST000767,7,71261.90000000001,73.0,2025-08-28 12:17:13,10180.27142857143
CUST004709,4,23888.98,26.0,2025-12-11 08:46:26,5972.245
CUST009640,6,54346.450000000004,55.0,2025-08-05 00:35:31,9057.741666666667
CUST006315,10,67323.0,71.0,2025-12-21 21:40:47,6732.3
CUST002474,3,26514.829999999998,29.0,2025-08-30 12:06:03,8838.276666666667
CUST008748,9,48232.03999999999,54.0,2025-12-18 17:21:16,5359.115555555555
CUST006605,7,44834.350000000006,54.0,2025-12-29 14:20:17,6404.907142857143
CUST001953,2,17636.39,14.0,2025-08-17 02:53:10,8818.195
CUST009532,4,34552.51,40.0,2025-05-31 12:31:00,8638.1275
CUST008150,7,47611.61,47.0,2025-12-29 17:44:39,6801.658571428571
CUST009631,3,39250.98,33.0,2025-11-13 16:44:58,13083.660000000002
CUST009499,4,39130.229999999996,40.0,2025-11-29 21:32:58,9782.557499999999
CUST004289,5,53761.72,48.0,2025-06-11 23:29:23,10752.344000000001
CUST003110,6,37787.11,53.0,2025-09-15 14:34:19,6297.8516666666665
CUST004982,3,23981.99,30.0,2025-11-26 12:58:10,7993.996666666667
CUST005542,5,26540.289999999997,28.0,2025-12-19 17:32:32,5308.057999999999
CUST000527,9,76432.6,81.0,2025-11-17 19:51:52,8492.511111111111
CUST006391,6,39379.75,46.0,2025-12-06 09:46:02,6563.291666666667
CUST002089,3,7988.25,14.0,2025-12-01 00:55:20,2662.75
CUST005355,2,4444.28,4.0,2025-06-30 11:39:59,2222.14
CUST000758,3,28729.370000000003,30.0,2025-09-06 19:24:01,9576.456666666667
CUST007852,10,55199.51000000001,54.0,2025-12-27 07:04:43,5519.951000000001
CUST001472,4,23116.66,17.0,2025-09-13 00:55:58,5779.165
CUST000778,7,53183.06,72.0,2025-11-18 14:52:53,7597.58
CUST009507,5,45811.43,52.0,2025-12-19 19:08:25,9162.286
CUST003388,8,61618.76,64.0,2025-11-26 22:09:54,7702.345
CUST005154,5,47486.31999999999,46.0,2025-11-25 07:50:51,9497.264
CUST000189,5,16745.45,19.0,2025-12-23 11:43:59,3349.09
CUST001320,4,37985.39000000001,37.0,2025-08-01 04:15:54,9496.347500000002
CUST003307,4,41555.29000000001,47.0,2025-11-29 02:30:01,10388.822500000002
CUST000629,5,54398.17,50.0,2025-11-14 21:13:15,10879.634
CUST003198,7,63413.49999999999,60.0,2025-12-28 07:38:23,9059.071428571428
CUST008256,8,67629.82999999999,85.0,2025-12-31 10:49:42,8453.728749999998
CUST000270,3,18520.41,18.0,2025-12-03 19:01:23,6173.47
CUST007187,4,37206.0,32.0,2025-09-14 19:45:22,9301.5
CUST009518,2,11404.12,14.0,2025-07-24 13:24:14,5702.06
CUST007234,6,53645.53,54.0,2025-11-16 22:38:28,8940.921666666667
CUST005644,5,48825.69,49.0,2025-12-21 16:10:22,9765.138
CUST002325,4,38836.04,52.0,2025-12-21 11:31:48,9709.01
CUST008754,3,20799.93,24.0,2025-12-08 20:32:16,6933.31
CUST007859,4,41724.490000000005,44.0,2025-10-25 08:24:18,10431.122500000001
CUST007127,2,9663.43,10.0,2025-04-16 22:53:58,4831.715
CUST006145,4,27427.68,28.0,2025-12-30 09:22:06,6856.92
CUST007148,2,16471.260000000002,18.0,2025-10-28 06:55:11,8235.630000000001
CUST008153,6,47213.01,54.0,2025-10-25 21:02:44,7868.835
CUST001311,6,26351.46,30.0,2025-08-18 14:22:36,4391.91
CUST006307,3,29525.449999999997,30.0,2025-09-17 00:17:25,9841.816666666666
CUST006789,4,34179.45,45.0,2025-12-04 06:37:09,8544.8625
CUST000079,2,26244.509999999995,28.0,2025-07-20 22:33:28,13122.254999999997
CUST005725,5,55207.22,46.0,2025-12-13 23:59:19,11041.444
CUST007435,4,21235.2,27.0,2025-11-21 07:48:06,5308.8
CUST001066,2,6814.6,13.0,2025-12-06 04:45:41,3407.3
CUST006036,5,30282.61,29.0,2025-12-15 17:34:02,6056.522
CUST000635,7,59545.58,66.0,2025-10-25 16:53:08,8506.511428571428
CUST001899,3,28574.59,31.0,2025-08-19 14:11:35,9524.863333333333
CUST008232,7,42497.869999999995,50.0,2025-10-23 09:12:02,6071.124285714285
CUST001528,5,45448.01,52.0,2025-11-14 23:40:51,9089.602
CUST000953,4,42572.6,41.0,2025-10-01 21:03:00,10643.15
CUST009789,7,43211.43000000001,42.0,2025-11-06 15:05:39,6173.06142857143
CUST009019,5,31589.039999999997,39.0,2025-08-28 07:11:32,6317.807999999999
CUST003483,3,28500.44,22.0,2025-08-11 23:28:45,9500.146666666666
CUST006584,1,11447.0,10.0,2025-03-04 11:05:27,11447.0
CUST001011,5,25950.379999999997,31.0,2025-11-02 20:22:06,5190.075999999999
CUST007619,4,18755.77,22.0,2025-11-20 07:12:01,4688.9425
CUST003387,4,37030.770000000004,49.0,2025-09-04 09:57:37,9257.692500000001
CUST009412,4,23484.64,27.0,2025-09-03 06:52:39,5871.16
CUST007525,3,29035.18,24.0,2025-07-21 18:09:21,9678.393333333333
CUST005556,8,79570.87000000001,88.0,2025-12-26 02:47:45,9946.358750000001
CUST002067,3,50557.88,41.0,2025-09-11 17:46:37,16852.626666666667
CUST001694,5,31944.15,42.0,2025-06-05 11:29:26,6388.83
CUST001269,6,28215.05,42.0,2025-10-12 19:45:10,4702.508333333333
CUST001518,3,22381.89,25.0,2025-12-14 14:48:27,7460.63
CUST006018,3,45938.53,42.0,2025-08-05 10:55:15,15312.843333333332
CUST001427,5,39263.71,43.0,2025-12-28 02:23:14,7852.742
CUST000943,6,45412.51,50.0,2025-07-22 04:19:25,7568.751666666667
CUST009619,4,27174.160000000003,25.0,2025-07-26 10:11:58,6793.540000000001
CUST005837,5,34489.979999999996,40.0,2025-11-22 16:00:24,6897.995999999999
CUST002857,3,37788.52,39.0,2025-07-15 10:21:38,12596.173333333332
CUST001130,4,26971.879999999997,23.0,2025-10-29 23:48:34,6742.969999999999
CUST009907,4,32508.67,40.0,2025-07-31 07:03:17,8127.1675
CUST005158,4,12267.94,33.0,2025-12-27 10:52:39,3066.985
CUST004449,5,46000.49,45.0,2025-10-21 21:16:09,9200.098
CUST000008,2,9945.36,7.0,2025-07-24 07:52:32,4972.68
CUST002114,4,34652.21,27.0,2025-07-27 11:23:06,8663.0525
CUST003848,4,39176.89,45.0,2025-05-28 01:56:28,9794.2225
CUST008699,3,22632.8,24.0,2025-07-09 12:34:21,7544.266666666666
CUST007938,9,70342.04000000001,77.0,2025-11-26 09:29:44,7815.782222222223
CUST009914,4,37128.79000000001,37.0,2025-12-04 07:43:31,9282.197500000002
CUST008646,4,40826.84,47.0,2025-08-25 16:17:53,10206.71
CUST000142,8,52254.25,65.0,2025-12-13 07:03:54,6531.78125
CUST003890,2,27390.309999999998,25.0,2025-03-08 15:33:40,13695.154999999999
CUST008981,9,81398.67,88.0,2025-12-16 06:48:02,9044.296666666667
CUST009656,5,29264.479999999996,37.0,2025-12-09 03:55:50,5852.895999999999
CUST009920,5,61397.42,52.0,2025-10-27 05:05:54,12279.484
CUST009818,6,56400.31999999999,56.0,2025-12-09 07:32:20,9400.053333333331
CUST005749,5,28345.42,35.0,2025-09-09 04:20:22,5669.084
CUST003093,3,9232.86,18.0,2025-10-27 05:51:55,3077.6200000000003
CUST003451,3,24567.89,27.0,2025-11-07 06:50:28,8189.296666666666
CUST003142,2,6586.83,8.0,2025-05-25 03:50:31,3293.415
CUST000972,3,34734.19,31.0,2025-11-14 18:21:38,11578.063333333334
CUST005184,4,23402.54,26.0,2025-11-24 00:57:53,5850.635
CUST001214,4,25842.84,28.0,2025-12-06 23:59:43,6460.71
CUST008861,8,84920.89,92.0,2025-12-28 10:03:58,10615.11125
CUST008137,5,37065.43,38.0,2025-12-28 20:00:29,7413.086
CUST003724,6,55313.5,55.0,2025-07-10 23:28:55,9218.916666666666
CUST007701,6,40807.9,41.0,2025-10-30 01:48:18,6801.316666666667
CUST008674,5,20399.910000000003,28.0,2025-11-20 22:18:47,4079.982000000001
CUST003418,7,27518.949999999997,47.0,2025-12-28 17:28:11,3931.278571428571
CUST002615,4,43865.560000000005,40.0,2025-12-11 00:56:06,10966.390000000001
CUST005472,2,9347.57,11.0,2025-06-21 18:42:22,4673.785
CUST007018,7,55170.48999999999,63.0,2025-12-27 23:40:25,7881.49857142857
CUST003619,2,19218.89,14.0,2025-02-26 12:20:49,9609.445
CUST009043,5,53213.380000000005,50.0,2025-11-19 06:35:51,10642.676000000001
CUST009459,5,36739.82,32.0,2025-12-02 08:35:35,7347.964
CUST009566,3,12348.64,13.0,2025-07-21 00:27:33,4116.213333333333
CUST001055,7,49728.32000000001,58.0,2025-11-13 13:16:43,7104.045714285715
CUST004080,2,16457.96,17.0,2025-10-07 15:23:45,8228.98
CUST001436,2,10878.57,12.0,2025-09-16 03:45:32,5439.285
CUST001413,1,8241.97,7.0,2025-06-15 08:09:13,8241.97
CUST007296,10,76542.51000000001,78.0,2025-12-23 09:22:37,7654.251000000001
CUST003734,5,45331.509999999995,49.0,2025-08-12 02:52:36,9066.302
CUST005988,2,5561.58,7.0,2025-09-22 03:30:19,2780.79
CUST002765,4,26537.25,33.0,2025-09-16 20:46:31,6634.3125
CUST000642,5,39987.06,47.0,2025-11-08 01:12:13,7997.411999999999
CUST006052,3,24017.85,19.0,2025-12-31 13:15:42,8005.95
CUST007030,3,37960.579999999994,36.0,2025-08-15 18:25:43,12653.526666666665
CUST006706,3,7364.929999999999,17.0,2025-11-28 18:05:30,2454.9766666666665
CUST001171,4,20928.18,32.0,2025-07-18 07:44:41,5232.045
CUST004119,3,26109.590000000004,28.0,2025-06-21 08:29:39,8703.196666666669
CUST005897,2,6435.51,10.0,2025-07-14 10:02:17,3217.755
CUST000584,7,71805.70000000001,74.0,2025-10-21 16:44:28,10257.957142857145
CUST005997,3,38663.380000000005,36.0,2025-12-06 12:03:14,12887.793333333335
CUST000137,4,44508.39,51.0,2025-10-11 03:36:26,11127.0975
CUST007965,8,64627.39,84.0,2025-11-23 04:57:38,8078.42375
CUST000271,3,31186.18,37.0,2025-12-27 10:46:19,10395.393333333333
CUST008484,3,22357.25,19.0,2025-12-15 15:23:08,7452.416666666667
CUST001657,8,41682.17,53.0,2025-12-10 06:47:05,5210.27125
CUST006470,2,13672.82,17.0,2025-02-20 15:23:20,6836.41
CUST008807,8,60317.15999999999,63.0,2025-12-14 05:14:50,7539.644999999999
CUST004105,5,50873.350000000006,58.0,2025-11-27 19:32:04,10174.670000000002
CUST007206,4,54005.479999999996,44.0,2025-11-15 23:26:28,13501.369999999999
CUST001533,2,15442.829999999998,20.0,2025-05-01 22:35:39,7721.414999999999
CUST002610,6,43761.229999999996,53.0,2025-11-19 13:07:23,7293.538333333333
CUST000306,1,4714.38,6.0,2025-08-23 23:42:34,4714.38
CUST003455,4,58122.39,51.0,2025-11-06 20:06:28,14530.5975
CUST006592,4,24523.649999999998,32.0,2025-12-30 23:19:48,6130.912499999999
CUST006657,3,26462.04,28.0,2025-11-12 18:48:04,8820.68
CUST005663,2,30554.800000000003,26.0,2025-12-09 19:42:34,15277.400000000001
CUST000689,4,29251.77,47.0,2025-12-17 13:33:50,7312.9425
CUST004133,4,26316.3,25.0,2025-12-31 11:30:10,6579.075
CUST005914,6,61807.17,60.0,2025-12-26 13:56:20,10301.195
CUST005192,3,18026.7,30.0,2025-12-31 03:56:05,6008.900000000001
CUST003250,4,49834.240000000005,48.0,2025-12-30 10:20:07,12458.560000000001
CUST007227,6,47151.59999999999,43.0,2025-12-09 11:44:39,7858.5999999999985
CUST009117,3,30957.659999999996,25.0,2025-04-17 04:27:17,10319.22
CUST004572,5,45273.65,45.0,2025-12-22 20:57:35,9054.73
CUST001254,3,45866.1,47.0,2025-06-19 13:12:33,15288.699999999999
CUST007514,5,47130.46,49.0,2025-12-19 09:33:44,9426.092
CUST000316,5,42768.84,45.0,2025-07-08 10:12:38,8553.768
CUST006747,8,53224.62,50.0,2025-10-06 13:05:27,6653.0775
CUST005582,4,33768.68,35.0,2025-12-18 20:12:38,8442.17
CUST003434,4,33290.07,34.0,2025-12-06 02:23:33,8322.5175
CUST004030,4,53586.52,51.0,2025-08-13 17:54:48,13396.63
CUST001255,5,29333.690000000002,28.0,2025-12-28 04:20:34,5866.738
CUST009174,7,52911.72,53.0,2025-11-09 00:47:07,7558.817142857143
CUST009891,3,22181.380000000005,38.0,2025-10-30 01:02:50,7393.793333333335
CUST008554,3,28430.440000000002,35.0,2025-07-27 19:11:06,9476.813333333334
CUST007512,2,11310.18,13.0,2025-11-12 20:03:46,5655.09
CUST002927,4,24138.39,29.0,2025-10-06 15:24:02,6034.5975
CUST007740,4,30825.489999999998,33.0,2025-08-31 10:41:43,7706.3724999999995
CUST008059,3,27283.48,31.0,2025-11-05 18:46:47,9094.493333333334
CUST002053,3,27061.43,30.0,2025-10-06 12:43:27,9020.476666666667
CUST008453,6,58695.090000000004,49.0,2025-10-18 17:46:16,9782.515000000001
CUST005627,7,40038.26,42.0,2025-12-02 23:54:48,5719.751428571429
CUST009190,8,44245.340000000004,61.0,2025-12-21 13:18:24,5530.6675000000005
CUST004440,9,48468.91,56.0,2025-12-03 23:15:08,5385.434444444445
CUST002784,9,95715.04999999999,93.0,2025-11-18 20:24:46,10635.005555555554
CUST001025,3,15294.84,16.0,2025-08-05 09:50:24,5098.28
CUST001588,4,32242.15,41.0,2025-11-24 10:48:08,8060.5375
CUST006255,2,5501.9,11.0,2025-11-16 06:24:48,2750.95
CUST006189,4,28725.53,39.0,2025-09-21 04:32:17,7181.3825
CUST000747,7,74081.28999999998,82.0,2025-12-24 23:59:07,10583.041428571425
CUST006435,3,32270.43,43.0,2025-06-14 17:54:05,10756.81
CUST001243,3,20314.3,24.0,2025-10-25 02:30:46,6771.433333333333
CUST003643,5,30237.440000000002,47.0,2025-10-12 13:09:40,6047.488
CUST001397,2,16923.14,17.0,2025-05-23 16:00:42,8461.57
CUST001060,3,17590.050000000003,21.0,2025-12-30 01:35:58,5863.350000000001
CUST000368,7,74904.92,62.0,2025-09-23 11:16:36,10700.702857142856
CUST006898,3,6524.29,6.0,2025-12-23 17:38:12,2174.7633333333333
CUST005671,6,58163.0,58.0,2025-12-07 04:05:06,9693.833333333334
CUST000303,6,37472.58,57.0,2025-11-09 21:28:42,6245.43
CUST007303,4,31205.410000000003,40.0,2025-10-18 11:33:02,7801.352500000001
CUST005196,4,27687.75,26.0,2025-10-27 23:26:00,6921.9375
CUST002257,4,36936.5,32.0,2025-08-20 18:55:59,9234.125
CUST005743,5,30317.610000000008,31.0,2025-10-14 04:54:32,6063.522000000002
CUST009271,5,42792.26,48.0,2025-12-17 22:05:10,8558.452000000001
CUST002134,4,28223.78,37.0,2025-08-13 22:04:14,7055.945
CUST006930,5,44982.399999999994,42.0,2025-10-19 21:15:16,8996.48
CUST001824,5,55635.14,63.0,2025-12-25 18:16:00,11127.028
CUST005117,5,57032.439999999995,75.0,2025-07-31 03:35:04,11406.488
CUST003037,3,18611.09,23.0,2025-10-28 13:46:01,6203.696666666667
CUST005042,7,48041.41,56.0,2025-08-22 10:15:38,6863.058571428572
CUST006224,3,20140.35,16.0,2025-10-27 18:52:22,6713.45
CUST007477,2,30206.68,27.0,2025-04-21 00:56:58,15103.34
CUST002675,7,52164.06,47.0,2025-10-17 15:05:48,7452.0085714285715
CUST001140,3,20921.71,26.0,2025-10-02 06:19:11,6973.903333333333
CUST004755,3,26265.2,26.0,2025-12-09 19:57:15,8755.066666666668
CUST009813,7,62673.87000000001,58.0,2025-12-11 04:49:46,8953.410000000002
CUST004143,3,25387.839999999997,21.0,2025-12-30 05:38:23,8462.613333333333
CUST005590,5,30953.04,41.0,2025-09-16 10:58:28,6190.608
CUST008074,2,20301.550000000003,22.0,2025-10-22 12:04:29,10150.775000000001
CUST004505,5,41236.280000000006,48.0,2025-09-10 06:29:40,8247.256000000001
CUST005177,6,26751.14,31.0,2025-12-11 14:20:25,4458.5233333333335
CUST002791,3,25772.820000000003,25.0,2025-10-01 10:37:09,8590.94
CUST001144,4,31101.859999999997,30.0,2025-09-22 04:38:58,7775.464999999999
CUST003133,4,54735.259999999995,42.0,2025-11-30 13:25:32,13683.814999999999
CUST004586,3,12620.22,16.0,2025-09-01 02:21:04,4206.74
CUST003616,1,5836.460000000001,10.0,2025-06-08 14:24:47,5836.460000000001
CUST007824,3,6931.700000000001,10.0,2025-08-28 15:20:00,2310.566666666667
CUST007984,4,25527.03,36.0,2025-10-26 11:10:37,6381.7575
CUST004548,5,44594.9,50.0,2025-12-10 00:45:04,8918.98
CUST007995,8,68988.78,65.0,2025-11-30 03:40:43,8623.5975
CUST006265,3,25715.0,29.0,2025-07-16 17:37:45,8571.666666666666
CUST006184,1,8072.549999999999,10.0,2025-08-22 11:44:03,8072.549999999999
CUST007536,2,26740.269999999997,27.0,2025-09-17 21:57:51,13370.134999999998
CUST005265,6,49265.270000000004,61.0,2025-11-26 18:12:41,8210.878333333334
CUST002214,5,55172.45,54.0,2025-12-01 17:17:16,11034.49
CUST000487,6,54752.71,64.0,2025-12-30 18:57:40,9125.451666666666
CUST000612,6,25293.360000000004,35.0,2025-08-23 00:28:19,4215.56
CUST007123,2,16613.239999999998,15.0,2025-09-09 09:01:14,8306.619999999999
CUST002865,5,45340.509999999995,44.0,2025-11-22 23:03:32,9068.101999999999
CUST004718,9,62144.350000000006,51.0,2025-12-25 01:45:10,6904.927777777779
CUST004073,6,22084.32,30.0,2025-11-30 04:18:20,3680.72
CUST009776,4,31520.539999999997,39.0,2025-11-18 18:31:45,7880.134999999999
CUST000681,7,35905.17,59.0,2025-10-22 03:54:15,5129.3099999999995
CUST007884,3,42428.18,45.0,2025-11-09 15:42:03,14142.726666666667
CUST007501,1,13276.990000000002,13.0,2025-04-09 01:25:07,13276.990000000002
CUST004394,2,23198.32,24.0,2025-06-17 04:51:23,11599.16
CUST004198,5,44153.5,44.0,2025-11-03 08:27:29,8830.7
CUST009956,6,65167.399999999994,54.0,2025-12-31 02:32:50,10861.233333333332
CUST001079,4,47747.53,42.0,2025-12-30 06:26:46,11936.8825
CUST005769,6,56415.37,46.0,2025-10-31 13:32:10,9402.561666666666
CUST002401,1,21096.52,14.0,2025-04-19 18:28:14,21096.52
CUST001487,4,19990.24,33.0,2025-10-11 23:05:49,4997.56
CUST000690,3,28999.300000000003,29.0,2025-03-19 10:29:46,9666.433333333334
CUST005298,5,36140.81,45.0,2025-10-06 03:35:45,7228.161999999999
CUST001698,7,53813.71000000001,63.0,2025-11-05 16:54:52,7687.672857142858
CUST008026,3,29029.559999999998,24.0,2025-12-27 08:08:34,9676.519999999999
CUST001723,6,71219.39,70.0,2025-12-31 13:17:53,11869.898333333333
CUST001450,4,27536.800000000003,31.0,2025-12-20 18:17:17,6884.200000000001
CUST007382,3,21588.17,15.0,2025-10-30 08:50:09,7196.056666666666
CUST001031,4,31483.54,36.0,2025-10-11 09:51:23,7870.885
CUST006339,7,64775.75,53.0,2025-08-06 04:04:00,9253.67857142857
CUST003019,8,71588.25,81.0,2025-12-11 01:24:58,8948.53125
CUST006721,6,59578.479999999996,55.0,2025-12-19 08:08:59,9929.746666666666
CUST004715,5,42416.61,49.0,2025-10-31 20:09:26,8483.322
CUST003677,6,46777.47,49.0,2025-12-14 01:25:27,7796.245
CUST004737,4,46294.01,49.0,2025-09-27 18:16:59,11573.5025
BAD_CUST_4958,4,13704.84,22.0,2025-12-31 21:45:01,3426.21
CUST005976,3,25902.949999999997,23.0,2025-10-16 00:23:02,8634.316666666666
CUST002419,8,59987.02,71.0,2025-10-13 02:38:54,7498.3775
CUST005312,1,13079.34,14.0,2025-11-17 06:55:59,13079.34
CUST005857,8,41213.450000000004,57.0,2025-11-07 16:49:58,5151.681250000001
CUST006131,5,41531.380000000005,41.0,2025-08-04 20:59:56,8306.276000000002
CUST007042,8,42685.49,52.0,2025-10-30 12:42:59,5335.68625
CUST003578,9,91768.54000000001,88.0,2025-10-21 22:31:39,10196.504444444445
CUST003655,6,43640.25,51.0,2025-12-10 21:07:35,7273.375
CUST006994,7,69404.0,73.0,2025-12-14 07:17:56,9914.857142857143
CUST002074,7,87429.05,87.0,2025-12-26 22:36:31,12489.864285714286
CUST001426,3,34752.67,37.0,2025-10-19 04:50:05,11584.223333333333
CUST004458,4,20989.729999999996,30.0,2025-10-20 22:22:28,5247.432499999999
CUST008023,5,37516.479999999996,37.0,2025-09-17 07:05:04,7503.295999999999
CUST003074,3,16850.46,20.0,2025-11-02 10:40:25,5616.82
CUST002509,5,36477.69,32.0,2025-12-01 07:32:52,7295.5380000000005
CUST009621,5,30264.17,35.0,2025-11-28 00:44:05,6052.834
CUST007856,6,48965.619999999995,54.0,2025-12-09 12:13:02,8160.936666666666
CUST001873,6,59522.96000000001,62.0,2025-10-17 10:15:28,9920.493333333334
CUST009706,3,28795.39,28.0,2025-10-31 11:20:32,9598.463333333333
CUST001446,4,12173.130000000001,17.0,2025-11-03 15:01:43,3043.2825000000003
CUST009250,4,16264.81,19.0,2025-11-01 08:51:00,4066.2025
CUST001663,4,21213.04,37.0,2025-11-13 05:48:01,5303.26
CUST000546,5,43407.21000000001,44.0,2025-10-18 13:31:20,8681.442000000001
CUST003078,4,37745.39,35.0,2025-11-04 01:11:59,9436.3475
CUST007376,4,48015.96,41.0,2025-09-23 17:32:08,12003.99
CUST005269,6,33663.55,38.0,2025-11-03 03:15:58,5610.591666666667
CUST009705,1,7412.200000000001,11.0,2025-09-14 14:48:49,7412.200000000001
CUST008135,3,41802.99,35.0,2025-12-16 21:55:04,13934.33
CUST000372,9,107602.71,93.0,2025-12-23 11:00:28,11955.856666666667
CUST003801,5,49346.07,50.0,2025-10-01 08:05:50,9869.214
CUST006433,4,34505.82,34.0,2025-10-11 13:02:50,8626.455
CUST000855,2,21579.25,19.0,2025-01-23 21:18:12,10789.625
CUST003103,9,87423.29000000001,85.0,2025-12-25 23:20:36,9713.69888888889
CUST001352,7,27633.260000000002,31.0,2025-12-17 03:29:25,3947.608571428572
CUST001647,5,31004.450000000004,35.0,2025-10-21 12:57:56,6200.890000000001
CUST003308,6,59889.73,53.0,2025-12-28 05:46:07,9981.621666666668
CUST002003,6,44093.09,60.0,2025-09-11 15:54:56,7348.848333333332
CUST004686,4,56110.92,55.0,2025-09-05 07:48:39,14027.73
CUST004529,4,14962.52,23.0,2025-12-01 21:04:40,3740.63
CUST005301,8,84494.65999999999,88.0,2025-12-29 21:43:57,10561.832499999999
CUST000794,1,1801.49,3.0,2025-05-15 20:47:53,1801.49
CUST002175,4,33288.7,36.0,2025-11-10 12:09:14,8322.175
CUST005804,5,35212.42,37.0,2025-10-20 13:01:02,7042.4839999999995
CUST003513,4,44739.73,37.0,2025-11-04 18:07:11,11184.9325
CUST007272,6,40984.21000000001,37.0,2025-12-08 02:03:27,6830.701666666668
CUST009295,3,19924.61,25.0,2025-08-23 13:40:32,6641.536666666667
CUST006770,3,13356.46,17.0,2025-11-18 00:05:02,4452.153333333333
CUST005289,7,36531.270000000004,44.0,2025-10-16 07:26:40,5218.7528571428575
CUST007671,5,55527.96000000001,51.0,2025-07-16 06:14:33,11105.592
CUST001484,1,2752.32,3.0,2025-06-11 00:54:29,2752.32
CUST001009,5,26377.680000000004,38.0,2025-08-08 15:43:21,5275.536000000001
CUST007690,3,20998.559999999998,22.0,2025-05-07 22:17:29,6999.5199999999995
CUST008433,10,80939.71,80.0,2025-11-13 02:23:36,8093.9710000000005
CUST000342,4,26147.62,31.0,2025-07-07 03:54:26,6536.905
CUST005375,8,61565.39,55.0,2025-12-26 17:32:20,7695.67375
CUST001793,2,10806.77,16.0,2025-09-18 08:03:32,5403.385
CUST002895,2,21032.910000000003,19.0,2025-09-02 09:24:55,10516.455000000002
CUST000787,3,20878.75,22.0,2025-05-18 21:57:27,6959.583333333333
CUST008627,7,45186.490000000005,52.0,2025-12-18 19:01:49,6455.2128571428575
CUST007173,6,39663.46,49.0,2025-09-26 09:37:26,6610.576666666667
CUST004663,5,36877.03,37.0,2025-11-24 07:15:26,7375.406
CUST003223,5,46847.5,57.0,2025-12-10 23:31:45,9369.5
CUST006039,3,21357.810000000005,21.0,2025-09-09 17:07:00,7119.270000000001
CUST004684,3,22856.93,31.0,2025-05-21 20:17:24,7618.9766666666665
CUST001232,8,53823.98999999999,55.0,2025-11-22 11:04:42,6727.998749999999
CUST009693,3,20699.13,39.0,2025-09-20 11:20:50,6899.71
CUST009397,3,34912.21,26.0,2025-12-19 20:16:16,11637.403333333334
CUST006377,5,56035.759999999995,63.0,2025-11-10 01:16:53,11207.151999999998
CUST009529,4,32880.6,31.0,2025-11-30 14:51:35,8220.15
CUST001508,4,26528.64,32.0,2025-10-23 09:59:34,6632.16
CUST003048,5,58514.46000000001,54.0,2025-12-10 03:39:52,11702.892000000002
CUST007162,7,58200.97,54.0,2025-10-25 23:49:40,8314.424285714285
CUST005147,4,17218.58,27.0,2025-12-07 01:47:18,4304.645
CUST005314,5,34043.94,34.0,2025-08-24 08:09:34,6808.7880000000005
CUST002995,2,11882.079999999998,12.0,2025-06-24 04:51:51,5941.039999999999
CUST003304,3,16657.84,21.0,2025-12-03 20:13:41,5552.613333333334
CUST004100,5,41517.60999999999,43.0,2025-12-12 08:36:15,8303.521999999999
CUST009166,4,24710.839999999997,39.0,2025-08-19 13:46:55,6177.709999999999
CUST003783,8,31876.679999999997,42.0,2025-12-30 07:50:14,3984.5849999999996
CUST007428,5,45142.59999999999,49.0,2025-10-20 02:04:15,9028.519999999999
CUST000405,6,47402.67,59.0,2025-11-25 17:19:38,7900.445
CUST000031,3,20088.980000000003,24.0,2025-03-16 21:11:33,6696.326666666668
CUST005335,10,76163.55,77.0,2025-11-20 11:29:57,7616.3550000000005
CUST002414,4,37969.159999999996,37.0,2025-12-12 08:24:49,9492.289999999999
CUST000839,5,32573.769999999997,27.0,2025-10-01 21:15:51,6514.753999999999
CUST003963,5,51680.96,47.0,2025-12-29 22:31:05,10336.192
CUST001228,3,17588.57,27.0,2025-12-31 16:46:49,5862.856666666667
CUST005600,2,23076.35,22.0,2025-12-06 14:58:36,11538.175
CUST005547,4,20306.239999999998,19.0,2025-12-02 19:14:26,5076.5599999999995
CUST006079,5,33096.38,46.0,2025-11-09 01:19:41,6619.276
CUST006674,2,9596.19,10.0,2025-12-04 07:01:28,4798.095
CUST003663,6,50462.11,48.0,2025-12-12 11:07:51,8410.351666666667
CUST004028,2,27876.980000000003,31.0,2025-08-07 14:27:42,13938.490000000002
CUST008555,3,8146.77,19.0,2025-11-23 10:44:03,2715.59
CUST009181,8,61984.42,63.0,2025-12-17 04:59:10,7748.0525
CUST002494,8,74544.48,75.0,2025-12-07 16:46:02,9318.06
CUST005442,4,21309.47,31.0,2025-11-12 04:35:55,5327.3675
CUST001535,5,48367.08000000001,40.0,2025-11-01 21:25:23,9673.416000000001
CUST004204,8,52627.53,54.0,2025-12-23 15:54:05,6578.44125
CUST007095,3,32870.55,29.0,2025-10-20 14:44:16,10956.85
CUST005972,5,26178.64,31.0,2025-07-11 19:13:00,5235.728
CUST004836,5,46148.229999999996,63.0,2025-12-18 02:25:55,9229.645999999999
CUST003869,3,27819.329999999998,30.0,2025-08-15 00:40:47,9273.109999999999
CUST001973,6,29659.589999999997,33.0,2025-12-22 20:28:40,4943.264999999999
CUST007712,7,54541.33,58.0,2025-12-11 11:05:14,7791.618571428572
CUST000983,4,30450.340000000004,40.0,2025-12-02 07:20:08,7612.585000000001
CUST004884,4,39504.56,47.0,2025-07-27 23:30:12,9876.14
CUST009450,3,35459.67,40.0,2025-07-30 18:06:43,11819.89
CUST002038,4,42529.96,35.0,2025-07-25 18:26:34,10632.49
CUST009064,6,62694.17,64.0,2025-11-08 23:55:40,10449.028333333334
CUST007454,5,58694.31,63.0,2025-10-21 14:23:17,11738.862
CUST007674,6,26979.93,37.0,2025-10-20 15:14:03,4496.655
CUST000175,4,32516.950000000004,41.0,2025-11-04 11:34:19,8129.237500000001
CUST008094,3,7884.789999999999,13.0,2025-06-30 15:48:39,2628.263333333333
CUST000641,6,78460.61,81.0,2025-11-24 14:25:32,13076.768333333333
CUST008444,4,47412.880000000005,59.0,2025-12-05 13:03:03,11853.220000000001
CUST009440,1,20149.03,19.0,2025-04-13 18:01:49,20149.03
CUST000156,6,43875.869999999995,50.0,2025-12-29 17:47:18,7312.6449999999995
CUST004450,3,17093.21,20.0,2025-11-28 10:55:14,5697.736666666667
CUST001017,2,12294.57,11.0,2025-04-16 00:02:36,6147.285
CUST000560,1,3885.79,4.0,2025-10-09 03:05:39,3885.79
CUST008729,4,48756.700000000004,49.0,2025-11-15 07:13:19,12189.175000000001
CUST004380,5,40521.58,44.0,2025-11-19 19:44:36,8104.316000000001
CUST004907,9,60797.579999999994,58.0,2025-12-23 23:06:16,6755.286666666666
CUST009582,3,19700.53,24.0,2025-11-02 08:27:48,6566.843333333333
CUST008682,5,25086.02,28.0,2025-11-05 04:25:17,5017.204
CUST004647,4,39902.850000000006,37.0,2025-11-14 01:48:12,9975.712500000001
CUST007813,5,35039.59,46.0,2025-12-04 06:55:25,7007.918
CUST000287,6,49399.200000000004,53.0,2025-12-19 07:50:53,8233.2
CUST005512,7,55280.16,56.0,2025-11-02 05:02:02,7897.165714285715
CUST002324,3,10204.31,17.0,2025-12-18 17:57:04,3401.4366666666665
CUST001131,6,54348.14,53.0,2025-10-24 03:39:19,9058.023333333333
CUST000230,2,12163.800000000001,11.0,2025-05-21 08:39:45,6081.900000000001
CUST009126,5,31989.85,38.0,2025-12-24 05:37:41,6397.969999999999
CUST009958,8,81928.29000000001,85.0,2025-12-06 15:46:18,10241.036250000001
CUST005552,4,41633.43000000001,46.0,2025-12-17 02:49:47,10408.357500000002
CUST004233,6,70170.85999999999,81.0,2025-07-24 16:33:23,11695.143333333332
CUST004132,2,36382.509999999995,29.0,2025-03-05 01:09:10,18191.254999999997
CUST004988,3,17569.61,22.0,2025-08-29 19:11:55,5856.536666666667
CUST002515,4,48639.509999999995,50.0,2025-11-10 09:40:13,12159.877499999999
CUST002961,4,49231.53,43.0,2025-10-17 06:26:11,12307.8825
CUST002606,5,58332.58,50.0,2025-11-11 18:53:33,11666.516
CUST001458,9,77975.68,73.0,2025-12-27 15:49:13,8663.964444444444
CUST000256,5,36961.29,44.0,2025-12-17 05:56:44,7392.258
CUST005115,7,67739.37,58.0,2025-12-09 03:31:01,9677.052857142857
CUST005448,6,63474.649999999994,63.0,2025-11-24 02:29:04,10579.108333333332
CUST001207,7,50249.490000000005,49.0,2025-11-08 15:41:32,7178.498571428572
CUST007626,4,15137.710000000003,31.0,2025-09-07 09:20:25,3784.4275000000007
CUST000952,2,22139.55,23.0,2025-10-22 16:20:00,11069.775
CUST005093,2,14710.599999999999,15.0,2025-12-10 05:35:15,7355.299999999999
CUST006450,4,34385.240000000005,44.0,2025-12-12 15:12:43,8596.310000000001
CUST005404,4,33529.25,39.0,2025-12-10 22:57:11,8382.3125
CUST000928,3,37452.33,30.0,2025-12-23 04:06:26,12484.11
CUST001998,6,43989.020000000004,46.0,2025-12-27 03:08:51,7331.503333333334
CUST005565,5,49878.97,50.0,2025-05-25 07:52:52,9975.794
CUST000480,4,25863.2,32.0,2025-06-10 16:11:19,6465.8
CUST009223,4,27728.78,29.0,2025-10-10 15:08:36,6932.195
CUST007137,5,19532.61,26.0,2025-12-28 01:21:23,3906.522
CUST003965,7,55553.89000000001,55.0,2025-12-24 09:51:08,7936.270000000001
CUST000632,4,15586.38,18.0,2025-10-04 18:30:25,3896.595
CUST008052,4,26429.809999999998,25.0,2025-07-03 22:34:18,6607.452499999999
CUST003980,1,15636.39,14.0,2025-08-26 14:37:36,15636.39
CUST007047,3,24262.21,29.0,2025-11-02 16:42:08,8087.403333333333
CUST009167,8,56440.38,57.0,2025-12-23 14:24:35,7055.0475
CUST003132,6,63422.840000000004,60.0,2025-12-15 22:57:17,10570.473333333333
CUST007250,6,56306.20000000001,47.0,2025-12-30 14:46:01,9384.366666666669
CUST004770,7,38660.96000000001,50.0,2025-11-16 04:19:23,5522.994285714287
CUST003284,4,52888.5,55.0,2025-10-15 09:26:22,13222.125
CUST006555,5,48810.8,53.0,2025-12-15 02:34:08,9762.16
CUST002930,8,40521.56,50.0,2025-12-05 03:04:52,5065.195
CUST002430,6,47851.729999999996,47.0,2025-10-11 14:43:39,7975.288333333333
CUST005232,4,45388.67999999999,42.0,2025-08-09 03:13:43,11347.169999999998
CUST002596,5,26307.03,33.0,2025-09-14 01:07:14,5261.406
CUST007736,6,35932.88,49.0,2025-12-05 08:15:12,5988.813333333333
CUST001365,5,40274.619999999995,40.0,2025-11-17 21:23:47,8054.923999999999
CUST002344,8,53169.310000000005,55.0,2025-10-16 16:13:22,6646.163750000001
CUST001157,4,26211.469999999998,23.0,2025-06-04 21:15:05,6552.867499999999
CUST002390,3,19199.7,28.0,2025-11-27 09:03:30,6399.900000000001
CUST003666,3,29627.67,33.0,2025-09-12 10:54:59,9875.89
CUST009241,7,49834.86,53.0,2025-10-26 06:30:25,7119.265714285714
CUST009247,4,30744.370000000003,30.0,2025-10-19 07:52:17,7686.092500000001
CUST001726,5,62016.3,57.0,2025-12-29 06:05:25,12403.26
CUST004753,4,24383.32,29.0,2025-06-09 16:13:07,6095.83
CUST008180,7,59675.09,62.0,2025-11-14 04:46:27,8525.012857142856
CUST008293,3,22667.02,30.0,2025-09-03 17:05:58,7555.673333333333
CUST001141,6,62335.89,64.0,2025-12-02 08:02:04,10389.315
CUST001341,5,14835.939999999999,24.0,2025-12-09 08:06:46,2967.1879999999996
CUST000987,6,44338.61,48.0,2025-07-07 04:10:02,7389.768333333333
CUST008725,7,38341.399999999994,46.0,2025-12-30 05:16:01,5477.342857142857
CUST009634,2,16651.45,22.0,2025-04-12 07:58:27,8325.725
CUST008526,5,55668.65,49.0,2025-08-21 14:04:54,11133.73
CUST008485,5,34181.04,37.0,2025-11-20 15:26:01,6836.2080000000005
CUST004172,7,58895.86,56.0,2025-11-21 17:46:01,8413.694285714286
CUST006366,6,33064.25,40.0,2025-09-03 14:29:36,5510.708333333333
CUST001074,5,46464.479999999996,50.0,2025-10-13 14:52:07,9292.895999999999
CUST006928,5,30269.98,39.0,2025-12-09 00:34:20,6053.996
CUST003266,5,45460.61,32.0,2025-10-14 12:46:00,9092.122
CUST007827,2,12791.01,13.0,2025-08-26 15:50:12,6395.505
CUST001574,3,41893.04,36.0,2025-10-16 00:36:16,13964.346666666666
CUST008324,5,26810.379999999997,34.0,2025-10-31 19:52:25,5362.075999999999
CUST004232,9,89525.11,82.0,2025-12-18 19:21:12,9947.234444444444
CUST008714,2,14417.44,18.0,2025-02-23 22:58:32,7208.72
CUST005267,4,42439.68,39.0,2025-11-23 05:29:41,10609.92
CUST006752,3,13480.660000000002,18.0,2025-12-30 06:59:32,4493.553333333334
CUST002685,4,34553.14,39.0,2025-11-19 20:58:38,8638.285
CUST008897,6,31737.890000000003,34.0,2025-12-15 01:47:17,5289.6483333333335
CUST007972,2,25896.739999999998,24.0,2025-07-04 23:47:59,12948.369999999999
CUST003907,12,96664.26999999999,89.0,2025-11-26 06:30:13,8055.355833333332
CUST007407,4,12543.55,22.0,2025-06-02 09:15:12,3135.8875
CUST003532,5,58427.09,60.0,2025-12-06 02:29:34,11685.418
CUST006972,4,26638.25,35.0,2025-12-20 10:03:00,6659.5625
CUST005572,6,77651.89,78.0,2025-11-02 04:43:59,12941.981666666667
CUST006903,2,13710.68,15.0,2025-10-20 01:21:32,6855.34
CUST004803,6,56723.48,76.0,2025-05-04 02:51:39,9453.913333333334
CUST004468,7,69688.12,73.0,2025-10-24 23:45:31,9955.445714285714
CUST008764,3,30445.47,30.0,2025-08-20 19:27:28,10148.49
CUST003493,5,54974.11,48.0,2025-09-21 22:09:48,10994.822
CUST009686,7,57703.3,71.0,2025-12-03 12:44:23,8243.328571428572
CUST008519,3,17057.39,22.0,2025-12-26 22:19:43,5685.796666666666
CUST009747,1,14114.300000000001,13.0,2025-11-02 12:48:48,14114.300000000001
CUST005376,7,70112.51999999999,92.0,2025-12-01 07:16:07,10016.074285714285
CUST008935,3,11633.090000000002,11.0,2025-10-05 09:19:53,3877.696666666667
CUST008333,6,49805.29,45.0,2025-12-23 03:07:37,8300.881666666666
CUST005881,2,11993.05,12.0,2025-09-15 15:26:10,5996.525
CUST003699,4,41619.83,40.0,2025-11-17 01:17:19,10404.9575
CUST007951,5,41396.54,47.0,2025-04-24 01:59:40,8279.308
CUST001722,1,4539.9,12.0,2025-04-21 01:15:55,4539.9
CUST002746,5,36577.619999999995,32.0,2025-11-27 08:44:34,7315.523999999999
CUST007545,3,14937.230000000001,11.0,2025-10-24 22:39:50,4979.076666666667
CUST001925,4,29170.27,32.0,2025-10-20 00:42:32,7292.5675
CUST003011,5,22712.77,31.0,2025-10-16 08:25:10,4542.554
CUST006378,8,67989.37000000001,65.0,2025-12-07 01:26:20,8498.671250000001
CUST004217,9,57539.689999999995,72.0,2025-11-18 13:28:29,6393.2988888888885
CUST008149,6,27088.64,34.0,2025-09-09 20:23:36,4514.7733333333335
CUST005219,3,24120.99,23.0,2025-05-29 01:12:57,8040.330000000001
CUST001058,4,37003.270000000004,51.0,2025-10-28 06:34:36,9250.817500000001
CUST006185,7,66691.15,70.0,2025-12-10 08:21:57,9527.307142857142
CUST006324,8,43718.63,53.0,2025-10-05 15:23:56,5464.82875
CUST005010,5,27545.9,30.0,2025-12-18 00:54:50,5509.18
CUST005994,3,28971.269999999997,29.0,2025-08-13 14:52:49,9657.089999999998
CUST008087,6,52895.49,53.0,2025-12-21 06:54:40,8815.914999999999
CUST007284,4,38388.29,49.0,2025-07-16 19:03:59,9597.0725
CUST003211,5,41243.02,41.0,2025-07-10 06:02:12,8248.604
CUST009469,3,9854.39,15.0,2025-09-29 00:46:50,3284.7966666666666
CUST005169,6,58062.34,60.0,2025-12-11 20:39:07,9677.056666666665
CUST001415,7,64943.79,57.0,2025-12-22 21:14:20,9277.684285714286
CUST005156,9,96285.36,92.0,2025-12-28 01:08:46,10698.373333333333
CUST000662,2,13636.4,25.0,2025-11-08 23:32:19,6818.2
CUST001221,4,39349.13,37.0,2025-12-28 11:31:54,9837.2825
CUST003410,4,30608.61,43.0,2025-09-26 08:11:59,7652.1525
CUST000939,3,10257.83,9.0,2025-11-15 12:37:55,3419.2766666666666
CUST006379,2,21193.64,23.0,2025-07-12 01:10:20,10596.82
CUST006925,5,30173.739999999998,29.0,2025-12-27 15:03:08,6034.748
CUST007992,3,34065.56,36.0,2025-10-02 20:50:11,11355.186666666666
CUST005604,5,46090.380000000005,41.0,2025-11-04 13:53:30,9218.076000000001
CUST000793,3,22593.19,20.0,2025-12-02 16:01:23,7531.063333333333
CUST005237,5,53575.11,48.0,2025-12-17 12:32:52,10715.022
CUST000988,6,47939.46,59.0,2025-04-23 20:49:18,7989.91
CUST004791,4,36543.19,36.0,2025-11-29 08:27:38,9135.7975
CUST006419,4,48301.31,44.0,2025-10-18 05:00:08,12075.3275
CUST001565,3,15454.550000000001,18.0,2025-07-29 09:06:02,5151.516666666667
CUST006582,4,34158.49,29.0,2025-07-28 11:12:16,8539.6225
CUST007004,6,35085.63,48.0,2025-10-18 15:25:59,5847.605
CUST008784,1,13563.679999999998,13.0,2025-11-28 20:12:16,13563.679999999998
CUST009879,4,31960.58,38.0,2025-12-10 00:29:24,7990.145
CUST000108,5,19408.61,30.0,2025-11-12 13:57:34,3881.722
CUST006214,3,35201.27,39.0,2025-08-27 14:10:46,11733.756666666666
CUST001211,5,62712.95,56.0,2025-10-13 00:19:45,12542.59
CUST007388,1,310.58,4.0,2025-02-14 20:17:03,310.58
CUST000387,5,23764.3,32.0,2025-09-15 10:48:47,4752.86
CUST009684,6,33638.56,38.0,2025-11-27 06:03:37,5606.426666666666
CUST007197,5,32673.680000000004,38.0,2025-11-04 21:30:34,6534.736000000001
CUST002998,5,49821.17,42.0,2025-09-14 06:20:45,9964.234
CUST005126,3,35004.7,36.0,2025-09-16 21:26:18,11668.233333333332
CUST002369,3,35898.75,42.0,2025-05-28 08:13:00,11966.25
CUST003053,2,1514.33,2.0,2025-06-09 11:45:44,757.165
CUST009833,4,38978.29,42.0,2025-06-07 07:14:01,9744.5725
CUST006773,4,45795.94,40.0,2025-07-31 22:16:35,11448.985
CUST003252,6,71209.59,68.0,2025-12-13 13:22:13,11868.265
CUST008144,7,65417.9,63.0,2025-11-27 17:28:47,9345.414285714285
CUST006012,5,49013.19,44.0,2025-12-19 10:30:43,9802.638
CUST000803,5,37714.53999999999,40.0,2025-08-28 11:21:34,7542.9079999999985
CUST007476,7,36279.61,43.0,2025-12-22 13:52:33,5182.801428571429
CUST005311,8,86841.47,95.0,2025-12-20 13:58:15,10855.18375
CUST003717,3,27790.46,28.0,2025-12-16 10:40:14,9263.486666666666
CUST009811,1,4978.29,4.0,2025-07-01 08:34:36,4978.29
CUST007840,4,23739.87,24.0,2025-07-21 15:41:47,5934.9675
CUST006720,3,30423.0,39.0,2025-04-20 22:10:33,10141.0
CUST007780,4,35244.630000000005,33.0,2025-11-30 05:15:17,8811.157500000001
CUST003523,4,37675.56999999999,42.0,2025-12-19 22:44:37,9418.892499999998
CUST006765,2,14804.03,14.0,2025-08-27 06:16:46,7402.015
CUST002235,3,10059.49,11.0,2025-05-12 23:57:36,3353.1633333333334
CUST002056,3,37945.83,36.0,2025-12-29 07:15:26,12648.61
CUST001047,5,45611.58,38.0,2025-12-22 18:35:53,9122.316
CUST009226,5,52566.020000000004,56.0,2025-12-30 15:50:06,10513.204000000002
CUST001449,9,90183.20999999999,107.0,2025-10-31 19:12:21,10020.356666666667
CUST002088,6,49318.14,59.0,2025-10-13 08:28:42,8219.69
CUST005843,6,41720.07,42.0,2025-08-26 17:52:45,6953.345
CUST001328,4,23159.57,31.0,2025-09-29 10:10:15,5789.8925
CUST009540,4,40547.25,43.0,2025-11-29 21:43:40,10136.8125
CUST007558,9,79011.23000000001,75.0,2025-09-12 08:57:25,8779.025555555556
CUST006761,2,22412.41,15.0,2025-08-14 18:13:54,11206.205
CUST000041,1,10568.42,8.0,2025-07-28 12:51:10,10568.42
CUST009040,2,4135.6,6.0,2025-08-13 21:25:32,2067.8
CUST001201,6,47165.86,50.0,2025-08-26 05:14:40,7860.9766666666665
CUST004162,4,41204.350000000006,51.0,2025-12-20 10:06:02,10301.087500000001
CUST001711,9,60507.89,70.0,2025-10-02 05:50:48,6723.098888888889
CUST001704,3,27004.89,33.0,2025-09-09 22:11:10,9001.63
CUST007213,5,34001.43,42.0,2025-10-21 19:43:51,6800.286
CUST009560,9,106099.20000000001,106.0,2025-11-28 03:39:22,11788.800000000001
CUST005925,9,81026.3,83.0,2025-12-09 09:16:17,9002.922222222223
CUST002523,2,13605.81,19.0,2025-11-21 07:23:14,6802.905
CUST006121,5,40708.2,43.0,2025-12-24 01:43:07,8141.639999999999
CUST002774,5,47928.56,47.0,2025-12-01 04:40:33,9585.712
CUST001702,5,60726.1,61.0,2025-12-20 15:10:34,12145.22
CUST000932,4,30517.99,34.0,2025-09-19 03:43:55,7629.4975
CUST006397,4,38648.79,40.0,2025-10-28 08:31:14,9662.1975
CUST006392,1,3239.23,6.0,2025-11-10 13:16:15,3239.23
CUST003868,4,22344.53,31.0,2025-11-18 04:44:14,5586.1325
CUST007835,3,39460.58,45.0,2025-12-24 20:19:15,13153.526666666667
CUST004196,4,30174.0,29.0,2025-12-09 10:05:45,7543.5
CUST004493,2,17811.120000000003,23.0,2025-12-15 08:08:26,8905.560000000001
CUST006645,6,54019.369999999995,50.0,2025-12-17 00:22:23,9003.228333333333
CUST001317,2,20497.57,29.0,2025-08-15 01:18:25,10248.785
CUST005727,4,21258.800000000003,20.0,2025-10-02 12:14:33,5314.700000000001
CUST006786,6,92212.23000000001,87.0,2025-10-29 08:11:42,15368.705000000002
CUST002489,5,26544.03,34.0,2025-12-01 03:57:57,5308.806
CUST007375,3,37746.09,33.0,2025-11-25 19:31:27,12582.029999999999
CUST002246,6,43966.97,44.0,2025-12-27 07:56:53,7327.828333333334
CUST008543,5,35323.83,39.0,2025-10-31 10:37:35,7064.7660000000005
CUST000920,9,68492.56,71.0,2025-07-20 04:18:31,7610.2844444444445
CUST007818,3,24942.260000000002,34.0,2025-10-16 23:19:16,8314.086666666668
CUST002531,5,25154.789999999997,33.0,2025-12-27 14:06:12,5030.958
CUST007528,6,68665.29,60.0,2025-12-05 04:17:22,11444.214999999998
CUST000163,2,3129.55,9.0,2025-03-12 13:04:05,1564.775
CUST007458,8,52730.64,61.0,2025-10-16 01:02:31,6591.33
CUST005603,5,25965.6,36.0,2025-09-23 04:11:03,5193.12
CUST001948,3,38732.26,31.0,2025-12-16 02:13:07,12910.753333333334
CUST000708,3,26303.079999999998,29.0,2025-11-14 07:23:08,8767.693333333333
CUST008573,4,28826.24,29.0,2025-08-30 06:39:54,7206.56
CUST005783,5,47039.28,46.0,2025-11-23 16:24:30,9407.856
CUST009810,5,28753.83,42.0,2025-09-27 11:55:43,5750.7660000000005
CUST000508,3,19304.25,25.0,2025-08-11 07:06:59,6434.75
CUST001414,5,48249.560000000005,45.0,2025-10-03 06:35:35,9649.912
CUST001418,7,51183.170000000006,59.0,2025-11-10 22:26:09,7311.88142857143
CUST002873,4,58799.82,43.0,2025-10-28 10:11:05,14699.955
CUST003378,8,56938.399999999994,70.0,2025-11-23 06:31:03,7117.299999999999
CUST005548,6,49917.65,49.0,2025-12-16 09:18:28,8319.608333333334
CUST000802,6,65454.369999999995,62.0,2025-08-04 05:40:45,10909.061666666666
CUST006889,2,30962.58,26.0,2025-07-25 06:49:32,15481.29
CUST004557,3,33475.52,29.0,2025-06-30 22:39:36,11158.506666666666
CUST009762,4,16569.06,21.0,2025-12-30 23:40:39,4142.265
CUST003262,4,31657.89,38.0,2025-11-28 04:10:24,7914.4725
CUST001108,3,12647.25,18.0,2025-11-02 16:45:56,4215.75
CUST003739,3,30966.53,36.0,2025-05-02 15:08:46,10322.176666666666
CUST004422,3,26773.79,21.0,2025-10-16 19:16:30,8924.596666666666
CUST004435,4,32502.339999999997,43.0,2025-05-25 10:23:00,8125.584999999999
CUST007537,1,8636.38,11.0,2025-06-10 23:43:31,8636.38
CUST007721,3,29772.980000000003,23.0,2025-11-07 15:42:32,9924.326666666668
CUST002376,4,35245.36,34.0,2025-10-24 17:58:04,8811.34
CUST009534,5,35656.39,43.0,2025-11-16 23:42:11,7131.278
CUST000506,1,6382.0199999999995,13.0,2025-09-09 18:25:53,6382.0199999999995
CUST005434,8,71282.12,67.0,2025-11-30 02:20:04,8910.265
CUST006734,4,9920.93,18.0,2025-10-03 07:51:50,2480.2325
CUST006518,7,46953.94,63.0,2025-09-05 09:39:40,6707.705714285715
CUST003215,7,65159.939999999995,60.0,2025-10-14 07:52:13,9308.562857142857
CUST009007,3,25712.98,29.0,2025-10-23 08:50:04,8570.993333333334
CUST007448,2,9413.47,15.0,2025-12-09 17:40:51,4706.735
CUST002709,4,17259.08,18.0,2025-07-29 00:55:13,4314.77
CUST005058,5,40697.01,43.0,2025-10-17 10:31:29,8139.402
BAD_CUST_2625,4,21022.65,29.0,2025-11-16 08:57:57,5255.6625
CUST009800,1,4373.15,3.0,2025-03-18 22:40:04,4373.15
CUST001293,7,46225.28999999999,53.0,2025-11-01 00:57:28,6603.612857142856
CUST008771,5,47457.979999999996,38.0,2025-12-30 01:51:13,9491.596
CUST004259,4,39426.55,40.0,2025-10-27 23:02:15,9856.6375
CUST003714,5,37387.770000000004,48.0,2025-10-31 10:34:33,7477.554000000001
CUST007163,3,39258.39,42.0,2025-06-26 17:31:58,13086.13
CUST006751,4,29112.93,34.0,2025-12-22 01:43:46,7278.2325
CUST000257,3,43732.19,39.0,2025-07-23 22:37:54,14577.396666666667
CUST001995,1,7078.55,5.0,2025-09-30 13:14:23,7078.55
CUST005551,5,31784.96,31.0,2025-10-31 06:03:45,6356.992
CUST000172,4,28992.29,35.0,2025-11-19 09:50:24,7248.0725
CUST004409,3,28391.589999999997,33.0,2025-07-15 03:52:26,9463.863333333333
CUST004726,5,41986.28,48.0,2025-10-28 00:56:23,8397.256
CUST008397,2,12428.289999999997,14.0,2025-05-04 07:40:07,6214.144999999999
CUST000195,4,23250.15,27.0,2025-12-14 19:06:02,5812.5375
CUST008895,8,78737.59,76.0,2025-10-30 22:46:12,9842.19875
CUST001451,7,58320.520000000004,64.0,2025-12-03 18:21:10,8331.502857142857
CUST005517,9,75933.18,90.0,2025-12-14 01:12:58,8437.019999999999
CUST005390,4,31761.53,30.0,2025-08-13 13:03:59,7940.3825
CUST003695,3,27166.320000000003,27.0,2025-09-24 11:37:07,9055.44
CUST004040,4,34213.47,40.0,2025-11-20 15:04:31,8553.3675
CUST006374,3,8308.24,13.0,2025-12-13 06:45:16,2769.4133333333334
CUST002004,6,43434.97,57.0,2025-12-31 12:33:36,7239.161666666667
CUST000499,3,21260.0,23.0,2025-11-20 12:40:28,7086.666666666667
CUST000067,3,21330.34,16.0,2025-09-27 20:26:20,7110.113333333334
CUST001820,6,46106.89,53.0,2025-11-01 18:19:19,7684.481666666667
CUST007934,3,6594.2699999999995,22.0,2025-08-07 18:23:12,2198.0899999999997
CUST004115,5,34724.2,45.0,2025-10-04 04:51:36,6944.839999999999
CUST004610,6,57427.04,61.0,2025-11-28 00:07:02,9571.173333333334
CUST006314,2,14021.07,11.0,2025-08-17 23:28:34,7010.535
CUST006126,6,61048.81,72.0,2025-12-25 12:52:26,10174.801666666666
CUST009925,5,42105.72,52.0,2025-12-09 07:46:13,8421.144
CUST000625,4,48066.29,38.0,2025-11-24 10:35:05,12016.5725
CUST006626,4,36017.42,31.0,2025-12-28 16:40:12,9004.355
CUST006486,7,58315.94,61.0,2025-11-13 17:00:18,8330.848571428573
CUST000243,5,22068.97,33.0,2025-09-11 21:34:48,4413.794
CUST009752,6,76165.54000000001,81.0,2025-12-25 20:10:54,12694.256666666668
CUST007526,8,56814.89,71.0,2025-12-22 22:13:43,7101.86125
CUST006365,4,61672.619999999995,60.0,2025-12-18 17:52:36,15418.154999999999
CUST005468,3,19685.87,26.0,2025-09-26 07:31:46,6561.956666666666
CUST001424,6,44571.99,47.0,2025-10-17 06:19:38,7428.665
CUST005221,5,38080.78,41.0,2025-12-03 11:15:05,7616.156
CUST000638,5,38985.229999999996,36.0,2025-10-24 16:18:47,7797.045999999999
CUST005699,4,40814.899999999994,38.0,2025-12-22 23:00:58,10203.724999999999
CUST005152,3,33973.58,32.0,2025-12-19 00:18:24,11324.526666666667
CUST004745,4,29080.449999999997,28.0,2025-11-13 03:04:51,7270.112499999999
CUST002084,7,38377.03,52.0,2025-12-19 19:33:00,5482.432857142857
CUST000460,2,2941.52,4.0,2025-12-17 04:22:13,1470.76
CUST004594,6,59440.92,57.0,2025-12-21 20:01:24,9906.82
CUST001585,2,5879.58,4.0,2025-11-29 04:30:43,2939.79
CUST001281,1,12813.92,10.0,2025-11-30 18:26:02,12813.92
CUST007311,5,24972.600000000002,36.0,2025-12-04 18:15:40,4994.52
CUST002925,5,30723.149999999998,35.0,2025-11-19 16:50:39,6144.629999999999
CUST003851,4,34954.270000000004,33.0,2025-06-15 12:26:51,8738.567500000001
CUST009894,2,15439.62,20.0,2025-09-12 12:28:49,7719.81
CUST004829,3,15617.970000000001,15.0,2025-11-23 21:30:18,5205.990000000001
CUST000679,3,36224.19,34.0,2025-12-22 13:42:52,12074.730000000001
CUST008189,3,42083.649999999994,38.0,2025-11-08 04:11:25,14027.883333333331
CUST006168,4,27554.07,22.0,2025-10-09 23:25:09,6888.5175
CUST005208,8,60347.1,77.0,2025-10-24 07:58:38,7543.3875
CUST000103,4,25527.41,29.0,2025-12-10 01:32:49,6381.8525
CUST008611,2,9666.71,9.0,2025-08-29 10:52:37,4833.355
CUST002943,5,25965.72,33.0,2025-12-24 04:16:27,5193.144
CUST007936,5,50327.89,42.0,2025-12-01 21:39:20,10065.578
CUST009806,4,34762.98,37.0,2025-07-07 23:57:13,8690.745
CUST003470,5,31084.95,26.0,2025-11-20 07:57:33,6216.99
CUST006180,5,35459.259999999995,38.0,2025-11-29 20:43:51,7091.851999999999
CUST009575,4,28328.76,31.0,2025-12-05 15:23:41,7082.19
CUST003108,6,52185.71,60.0,2025-11-01 01:01:03,8697.618333333334
CUST003359,4,34068.009999999995,28.0,2025-12-21 13:37:27,8517.002499999999
CUST000124,3,31490.949999999997,35.0,2025-10-18 09:25:09,10496.983333333332
CUST002171,8,67226.73000000001,67.0,2025-10-23 21:43:44,8403.341250000001
CUST004965,1,7796.8,10.0,2025-08-01 13:40:15,7796.8
CUST005757,6,46038.86000000001,51.0,2025-10-22 22:22:43,7673.143333333334
CUST009414,2,12688.15,11.0,2025-11-06 13:27:02,6344.075
CUST002103,5,37318.45,46.0,2025-10-03 12:40:12,7463.69
CUST000150,3,47150.399999999994,41.0,2025-03-30 12:21:40,15716.799999999997
CUST009816,2,7606.7699999999995,12.0,2025-06-16 02:49:44,3803.3849999999998
CUST001233,5,38994.950000000004,39.0,2025-11-10 14:03:27,7798.990000000001
CUST009160,3,35316.19,33.0,2025-08-20 21:06:25,11772.063333333334
CUST000251,4,32715.920000000002,32.0,2025-10-26 19:02:06,8178.9800000000005
CUST007394,5,37374.76,42.0,2025-12-28 09:06:41,7474.952
CUST004687,3,36825.899999999994,44.0,2025-07-01 22:11:20,12275.299999999997
CUST001941,5,47439.71,50.0,2025-08-31 05:28:10,9487.942
CUST006612,4,49246.97,52.0,2025-12-06 15:41:14,12311.7425
CUST006358,3,15378.35,17.0,2025-12-06 03:37:11,5126.116666666667
CUST007117,6,58889.75,59.0,2025-10-28 08:55:14,9814.958333333334
CUST002205,10,94628.22,94.0,2025-10-30 04:01:30,9462.822
CUST000526,4,36475.55,44.0,2025-12-26 07:18:57,9118.8875
CUST002552,4,39077.03999999999,46.0,2025-10-12 00:10:30,9769.259999999998
CUST005632,1,3055.25,9.0,2025-04-06 01:19:38,3055.25
CUST008902,7,51903.46,56.0,2025-08-05 18:02:14,7414.78
CUST006780,5,43353.9,46.0,2025-11-06 05:32:41,8670.78
CUST007352,3,40892.23,32.0,2025-07-16 16:12:26,13630.743333333334
CUST001676,6,46197.259999999995,53.0,2025-12-14 23:24:29,7699.543333333332
CUST004110,4,25367.76,26.0,2025-12-29 01:36:15,6341.94
CUST009221,6,40299.35,45.0,2025-12-17 20:15:11,6716.558333333333
CUST001984,6,27326.87,32.0,2025-11-17 08:25:28,4554.4783333333335
CUST007252,4,25643.7,28.0,2025-12-25 04:20:38,6410.925
CUST007503,7,71897.12999999999,63.0,2025-11-16 22:46:39,10271.01857142857
CUST007059,3,7750.85,14.0,2025-08-04 02:04:17,2583.616666666667
CUST004866,2,16513.07,20.0,2025-10-19 06:06:42,8256.535
CUST002512,3,29716.219999999998,34.0,2025-12-19 23:52:51,9905.406666666666
CUST001084,8,42451.05,48.0,2025-12-27 03:31:22,5306.38125
CUST003268,1,11933.64,21.0,2025-08-20 23:47:32,11933.64
CUST007546,2,18821.379999999997,13.0,2025-10-04 00:51:16,9410.689999999999
CUST000516,4,40893.64,45.0,2025-12-11 09:40:01,10223.41
CUST003938,8,61464.2,73.0,2025-10-09 05:15:03,7683.025
CUST006458,9,77793.11000000002,79.0,2025-12-29 22:21:38,8643.678888888891
CUST005013,1,11438.48,14.0,2025-06-06 13:08:41,11438.48
CUST006427,3,36238.45,34.0,2025-07-25 06:59:42,12079.483333333332
CUST000688,6,51965.20999999999,64.0,2025-11-23 03:44:09,8660.868333333332
CUST001356,4,42656.55,47.0,2025-12-02 05:05:06,10664.1375
CUST004050,4,30333.66,36.0,2025-12-19 14:10:32,7583.415
CUST007919,3,22711.570000000003,25.0,2025-08-13 18:24:18,7570.523333333334
CUST007616,3,21344.05,21.0,2025-09-20 21:53:57,7114.683333333333
CUST001978,5,53568.2,64.0,2025-12-26 02:01:01,10713.64
CUST004648,2,23697.56,28.0,2025-12-26 13:52:13,11848.78
CUST000842,5,23675.22,26.0,2025-12-26 15:55:35,4735.044
CUST000674,4,27831.37,33.0,2025-11-07 07:28:57,6957.8425
CUST001185,4,29071.35,38.0,2025-07-05 09:08:53,7267.8375
CUST002466,3,21536.7,30.0,2025-10-25 18:06:34,7178.900000000001
CUST004286,2,23484.23,22.0,2025-11-14 19:14:11,11742.115
CUST002760,6,65109.560000000005,74.0,2025-12-20 17:45:52,10851.593333333334
CUST001448,3,14210.740000000002,18.0,2025-12-20 06:10:29,4736.913333333334
CUST006704,4,19279.23,28.0,2025-11-18 12:16:24,4819.8075
CUST004276,6,52740.27,61.0,2025-11-26 02:40:38,8790.045
CUST003749,1,6454.59,7.0,2025-08-06 11:17:25,6454.59
CUST003346,5,35869.28,36.0,2025-09-21 09:43:42,7173.856
CUST006858,7,67596.01,72.0,2025-09-28 18:25:08,9656.572857142857
CUST002411,3,16966.940000000002,20.0,2025-11-18 18:43:07,5655.646666666667
CUST007841,5,42145.93,38.0,2025-11-21 06:06:57,8429.186
CUST005082,6,58205.840000000004,63.0,2025-08-11 16:08:47,9700.973333333333
CUST004128,2,18913.54,20.0,2025-05-27 07:58:12,9456.77
CUST005108,2,24076.19,26.0,2025-04-28 14:49:59,12038.095
CUST003972,1,4734.32,5.0,2025-02-21 04:45:36,4734.32
CUST000989,2,17902.87,22.0,2025-10-07 18:36:54,8951.435
CUST000699,6,57992.76,61.0,2025-08-14 21:04:09,9665.460000000001
CUST002249,5,50654.479999999996,59.0,2025-10-18 08:33:07,10130.895999999999
CUST005544,4,20255.81,33.0,2025-12-20 20:29:08,5063.9525
CUST005884,2,28116.9,21.0,2025-08-22 19:55:03,14058.45
CUST001816,2,8126.679999999999,11.0,2025-09-11 10:50:37,4063.3399999999997
CUST005421,2,17508.93,21.0,2025-12-25 17:06:59,8754.465
CUST008910,2,11959.009999999998,13.0,2025-09-29 08:08:43,5979.504999999999
CUST007551,4,25710.079999999998,32.0,2025-10-29 08:25:56,6427.5199999999995
CUST004631,4,45181.13999999999,40.0,2025-12-10 22:42:36,11295.284999999998
CUST000422,3,22220.83,22.0,2025-11-23 19:38:40,7406.943333333334
CUST008578,2,10154.02,14.0,2025-01-26 09:28:17,5077.01
CUST000075,3,29883.96,27.0,2025-11-13 14:21:45,9961.32
CUST007443,1,8880.24,9.0,2025-08-11 10:53:15,8880.24
CUST005800,5,46057.69,46.0,2025-11-28 10:43:22,9211.538
CUST003374,5,47069.03,40.0,2025-11-30 20:57:57,9413.806
CUST009001,1,4685.06,3.0,2025-05-09 19:01:28,4685.06
CUST003681,3,9587.12,18.0,2025-03-22 21:30:28,3195.706666666667
CUST002423,2,21633.19,25.0,2025-08-12 07:46:31,10816.595
CUST001924,1,,,2025-12-21 15:22:58,
CUST002308,3,15127.91,18.0,2025-10-07 10:05:57,5042.636666666666
CUST003672,3,44241.67,40.0,2025-12-19 18:37:44,14747.223333333333
CUST006950,2,4868.7300000000005,5.0,2025-06-25 09:25:48,2434.3650000000002
CUST002362,2,8231.21,6.0,2025-07-15 15:43:57,4115.605
CUST005336,2,8447.7,9.0,2025-09-16 00:09:53,4223.85
CUST005828,2,1950.09,2.0,2025-09-15 08:32:55,975.045
CUST009632,3,25789.7,23.0,2025-10-29 06:20:25,8596.566666666668
CUST001394,2,2412.9700000000003,5.0,2025-08-18 10:19:36,1206.4850000000001
CUST003798,3,24290.39,28.0,2025-09-14 15:58:14,8096.796666666666
CUST004926,4,17949.25,24.0,2025-11-23 12:48:12,4487.3125
CUST005672,2,20269.87,21.0,2025-11-29 08:10:06,10134.935
CUST000694,1,4391.0,5.0,2025-07-01 13:31:05,4391.0
CUST005975,2,4652.219999999999,10.0,2025-05-28 21:24:22,2326.1099999999997
CUST009881,2,11265.890000000001,21.0,2025-11-19 13:14:44,5632.945000000001
CUST003536,4,25472.92,32.0,2025-11-28 04:28:18,6368.23
BAD_CUST_53,1,4642.61,6.0,2025-05-10 02:36:41,4642.61
CUST007887,5,18431.920000000002,22.0,2025-12-19 01:13:04,3686.3840000000005
CUST002734,1,3469.13,5.0,2025-12-09 21:19:57,3469.13
CUST009502,2,9964.09,15.0,2025-08-11 00:38:04,4982.045
CUST009346,1,7792.51,8.0,2025-02-16 23:10:04,7792.51
CUST009614,3,38650.119999999995,42.0,2025-05-14 01:16:01,12883.373333333331
CUST005495,2,13074.279999999999,20.0,2025-03-29 11:03:12,6537.139999999999
CUST003926,3,33569.78,37.0,2025-11-23 20:30:40,11189.926666666666
CUST007706,1,4753.66,10.0,2025-08-20 12:23:06,4753.66
CUST003961,2,7541.8,12.0,2025-09-19 03:17:18,3770.9
CUST003721,3,26238.86,28.0,2025-09-16 08:43:19,8746.286666666667
CUST000836,3,22296.879999999997,18.0,2025-11-28 21:17:33,7432.293333333332
CUST006242,4,26817.15,32.0,2025-11-18 08:53:46,6704.2875
CUST003846,2,13026.640000000001,17.0,2025-11-14 15:31:39,6513.320000000001
CUST002884,1,9628.71,11.0,2025-03-20 06:30:05,9628.71
CUST009383,3,25738.039999999994,23.0,2025-07-19 23:08:02,8579.346666666665
CUST000772,2,23871.53,27.0,2025-08-05 14:58:03,11935.765
CUST000692,1,8382.17,10.0,2025-05-07 07:30:33,8382.17
CUST003592,3,30964.04,39.0,2025-12-12 09:01:44,10321.346666666666
CUST000541,4,35059.38,46.0,2025-04-28 10:45:27,8764.845
CUST002434,2,18017.93,17.0,2025-06-13 08:12:42,9008.965
CUST004403,3,25299.15,33.0,2025-10-28 21:15:08,8433.050000000001
CUST002082,4,38922.32,52.0,2025-12-04 18:14:30,9730.58
CUST002974,4,11226.28,25.0,2025-12-20 06:48:59,2806.57
CUST007392,1,13502.52,12.0,2025-06-27 12:12:59,13502.52
CUST000131,3,15587.989999999998,18.0,2025-12-19 23:10:19,5195.996666666666
CUST000266,4,42044.94,40.0,2025-08-24 04:35:06,10511.235
CUST004978,3,18663.699999999997,26.0,2025-12-26 05:11:43,6221.233333333333
CUST007519,3,20431.39,21.0,2025-07-07 02:48:08,6810.463333333333
CUST004961,4,40391.1,42.0,2025-12-10 02:36:20,10097.775
CUST007038,4,51733.88,53.0,2025-09-30 04:07:36,12933.47
CUST009102,3,11828.86,22.0,2025-12-31 07:02:14,3942.9533333333334
CUST000442,6,32744.370000000003,47.0,2025-11-18 14:03:58,5457.395
CUST006979,5,50396.67,49.0,2025-10-26 09:10:12,10079.333999999999
CUST005489,3,38978.96000000001,40.0,2025-07-08 02:29:19,12992.98666666667
CUST009898,2,6896.7,13.0,2025-04-22 18:21:09,3448.35
CUST004916,1,6061.5,6.0,2025-03-10 09:17:38,6061.5
CUST007718,4,42710.15,45.0,2025-08-27 05:09:54,10677.5375
CUST001672,5,25517.3,34.0,2025-12-29 16:48:02,5103.46
CUST008572,7,66475.73999999999,64.0,2025-12-29 14:14:18,9496.534285714284
CUST001037,3,32831.659999999996,35.0,2025-08-11 05:06:52,10943.886666666665
CUST008020,5,42314.55,39.0,2025-10-22 15:08:12,8462.91
CUST001649,4,32694.42,46.0,2025-08-01 08:49:20,8173.605
CUST004366,3,18752.11,19.0,2025-10-15 14:30:13,6250.703333333334
CUST005007,4,27655.190000000002,31.0,2025-11-21 07:44:57,6913.797500000001
CUST001830,7,66017.3,68.0,2025-12-31 17:18:37,9431.042857142858
CUST001234,3,33277.15,37.0,2025-11-12 03:31:20,11092.383333333333
CUST000145,5,38539.44,49.0,2025-12-19 01:24:52,7707.888000000001
CUST003462,1,2066.38,3.0,2025-06-20 05:56:08,2066.38
CUST000208,2,10660.18,12.0,2025-11-09 17:47:40,5330.09
CUST007400,2,5824.33,5.0,2025-08-11 23:28:01,2912.165
CUST006682,3,20938.519999999997,24.0,2025-08-25 17:44:46,6979.506666666665
CUST005628,2,9074.7,17.0,2025-07-24 23:49:25,4537.35
CUST003051,7,51533.53,62.0,2025-10-24 18:53:07,7361.932857142857
CUST005785,4,40465.229999999996,43.0,2025-10-01 03:52:02,10116.307499999999
CUST006768,4,37013.18,43.0,2025-08-20 22:10:41,9253.295
CUST004084,3,38354.82000000001,33.0,2025-12-19 13:36:33,12784.940000000002
CUST002946,7,57457.22,66.0,2025-11-25 22:02:47,8208.174285714285
CUST004503,1,9251.95,13.0,2025-05-03 18:50:08,9251.95
CUST003419,4,33282.51,45.0,2025-07-18 23:30:55,8320.6275
CUST007199,2,21111.15,17.0,2025-04-08 22:22:51,10555.575
CUST005241,4,21887.4,25.0,2025-09-03 05:07:12,5471.85
CUST008439,3,24483.76,23.0,2025-11-09 16:31:34,8161.253333333333
CUST009230,5,28302.18,42.0,2025-11-09 02:08:20,5660.436
CUST002827,4,14901.93,24.0,2025-12-11 12:19:10,3725.4825
CUST006757,1,8919.82,9.0,2025-10-28 23:51:23,8919.82
CUST003847,2,8949.62,15.0,2025-08-03 12:02:40,4474.81
CUST001069,3,11751.050000000001,16.0,2025-09-27 23:08:56,3917.016666666667
CUST009759,4,28825.1,32.0,2025-10-20 09:15:56,7206.275
CUST008952,4,18288.68,20.0,2025-12-20 18:28:54,4572.17
CUST003020,4,42041.189999999995,44.0,2025-12-07 12:27:23,10510.297499999999
CUST008110,4,40772.28,29.0,2025-12-30 05:06:56,10193.07
CUST005509,2,16716.42,22.0,2025-04-24 12:23:12,8358.21
CUST004388,3,21405.74,22.0,2025-10-08 14:00:09,7135.246666666667
CUST003377,5,27039.43,38.0,2025-11-07 16:56:16,5407.886
CUST000971,4,21349.21,29.0,2025-03-14 20:49:40,5337.3025
CUST006465,4,30902.85,38.0,2025-07-05 04:26:25,7725.7125
CUST005537,2,21557.82,23.0,2025-12-18 18:49:16,10778.91
CUST005964,2,8110.9,19.0,2025-08-23 03:35:43,4055.45
CUST001853,1,25446.23,20.0,2025-09-10 15:02:15,25446.23
CUST004181,4,33909.61,34.0,2025-12-16 09:27:06,8477.4025
CUST004058,4,22062.57,27.0,2025-09-17 02:00:33,5515.6425
CUST008057,7,55239.63,57.0,2025-12-04 01:22:28,7891.375714285714
CUST007224,3,17983.260000000002,22.0,2025-11-14 23:37:55,5994.420000000001
CUST004347,2,33216.479999999996,37.0,2025-10-13 01:03:08,16608.239999999998
CUST009178,6,61386.86,83.0,2025-12-06 15:30:44,10231.143333333333
CUST008222,1,4873.74,15.0,2025-12-20 00:26:07,4873.74
CUST000418,4,41702.03,36.0,2025-10-13 23:27:15,10425.5075
CUST005515,4,22686.64,30.0,2025-08-28 23:12:50,5671.66
CUST008278,2,16100.35,17.0,2025-10-19 06:53:39,8050.175
CUST001162,5,48711.63,45.0,2025-11-27 05:08:17,9742.326
CUST005252,2,17677.32,25.0,2025-07-07 21:06:09,8838.66
CUST000370,1,13668.240000000002,12.0,2025-05-30 07:07:23,13668.240000000002
CUST008755,6,67710.07,72.0,2025-12-21 19:48:41,11285.011666666667
CUST004855,4,33760.0,26.0,2025-11-12 09:07:53,8440.0
CUST007978,3,26058.78,25.0,2025-04-19 00:00:30,8686.26
CUST008108,3,18499.13,15.0,2025-12-09 19:59:32,6166.376666666667
CUST004038,1,13091.86,9.0,2025-05-06 12:27:53,13091.86
CUST003674,3,25176.47,20.0,2025-05-10 15:58:41,8392.156666666668
CUST001562,1,5096.24,6.0,2025-10-05 09:19:22,5096.24
CUST008382,5,32632.77,49.0,2025-12-29 19:13:25,6526.554
CUST006443,7,57887.96,65.0,2025-11-26 21:26:31,8269.708571428571
CUST000431,3,40674.3,36.0,2025-05-20 16:31:41,13558.1
CUST005160,3,5627.8,9.0,2025-09-01 05:58:39,1875.9333333333334
CUST006991,5,82681.36,64.0,2025-12-31 22:46:40,16536.272
CUST001887,1,11000.26,10.0,2025-12-05 11:28:59,11000.26
CUST005446,5,30805.370000000003,31.0,2025-11-28 15:59:31,6161.0740000000005
CUST007246,4,42077.009999999995,36.0,2025-11-19 23:50:01,10519.252499999999
CUST005213,5,25113.36,24.0,2025-11-13 06:12:53,5022.6720000000005
CUST009606,2,27238.859999999997,21.0,2025-08-31 13:42:01,13619.429999999998
CUST007685,2,6211.0199999999995,12.0,2025-08-01 03:01:11,3105.5099999999998
CUST003116,2,18246.69,11.0,2025-12-08 06:21:08,9123.345
CUST002892,3,21183.11,26.0,2025-04-07 06:34:50,7061.036666666667
CUST002106,4,20884.719999999998,18.0,2025-11-29 04:08:31,5221.179999999999
CUST006926,5,33639.99,40.0,2025-10-31 10:41:55,6727.998
CUST005086,3,39798.22,38.0,2025-12-13 01:32:05,13266.073333333334
CUST001799,4,34649.3,36.0,2025-11-10 19:23:06,8662.325
CUST001006,6,41950.36,49.0,2025-12-07 09:41:10,6991.7266666666665
CUST005194,5,51978.880000000005,45.0,2025-12-22 05:39:28,10395.776000000002
CUST006082,1,1587.28,2.0,2025-09-29 16:36:09,1587.28
CUST001732,2,13172.43,14.0,2025-05-12 10:11:22,6586.215
CUST005649,6,32951.6,46.0,2025-10-11 19:07:06,5491.933333333333
CUST009787,6,44202.18,41.0,2025-12-21 17:26:29,7367.03
CUST002620,1,1791.57,2.0,2025-04-02 18:49:35,1791.57
CUST003971,2,31952.449999999997,32.0,2025-05-31 15:14:37,15976.224999999999
CUST005098,3,30000.37,34.0,2025-11-12 17:01:11,10000.123333333333
CUST007612,3,19262.39,29.0,2025-10-25 22:58:09,6420.796666666666
CUST004392,3,47727.100000000006,43.0,2025-09-18 03:38:56,15909.033333333335
CUST003975,3,22128.28,29.0,2025-06-08 09:55:08,7376.093333333333
CUST009407,1,1683.63,2.0,2025-01-17 01:00:06,1683.63
CUST008185,3,28222.89,34.0,2025-08-23 15:21:56,9407.63
CUST009012,2,12967.740000000002,17.0,2025-10-20 10:13:08,6483.870000000001
CUST000446,4,49522.67999999999,43.0,2025-08-20 10:14:04,12380.669999999998
CUST002666,3,21290.71,21.0,2025-11-21 09:54:51,7096.903333333333
CUST002681,2,18439.86,17.0,2025-09-30 23:12:47,9219.93
CUST006506,3,32206.94,33.0,2025-12-19 06:57:36,10735.646666666666
CUST005508,1,2211.15,4.0,2025-03-12 14:02:02,2211.15
CUST005660,3,36277.829999999994,31.0,2025-06-03 09:23:40,12092.609999999999
CUST004379,2,17819.89,22.0,2025-07-10 06:30:35,8909.945
CUST001264,2,32816.94,22.0,2025-12-26 21:14:19,16408.47
CUST001383,4,23054.93,24.0,2025-10-14 00:17:25,5763.7325
CUST008162,4,30691.86,29.0,2025-08-13 07:51:44,7672.965
CUST002899,5,40663.39,47.0,2025-08-15 01:34:47,8132.678
CUST008953,4,34946.68,36.0,2025-10-25 22:35:20,8736.67
CUST005893,2,6034.32,10.0,2025-12-03 21:52:47,3017.16
CUST000330,8,51302.41,55.0,2025-11-28 18:21:42,6412.80125
CUST000663,4,57867.95,52.0,2025-07-04 16:36:52,14466.9875
CUST007666,1,2722.11,3.0,2025-09-24 23:37:02,2722.11
CUST006093,5,31269.359999999997,36.0,2025-12-12 20:35:10,6253.871999999999
CUST006329,3,15310.430000000002,24.0,2025-08-26 19:55:34,5103.476666666667
CUST002389,8,41713.530000000006,51.0,2025-11-22 08:53:36,5214.191250000001
CUST007446,2,16585.03,15.0,2025-07-23 13:37:15,8292.515
CUST006897,1,10850.7,7.0,2025-12-17 15:11:30,10850.7
CUST008596,3,33018.23,34.0,2025-11-18 00:40:05,11006.076666666668
CUST003994,4,20897.91,25.0,2025-08-02 18:11:04,5224.4775
CUST003194,3,21395.27,25.0,2025-08-30 20:29:48,7131.756666666667
CUST003517,4,56962.11,50.0,2025-11-26 06:28:42,14240.5275
CUST000760,3,29243.75,23.0,2025-09-17 19:08:29,9747.916666666666
CUST003405,3,6902.92,12.0,2025-08-17 08:36:48,2300.9733333333334
CUST003423,5,21186.059999999998,38.0,2025-12-25 10:49:21,4237.2119999999995
CUST006040,5,54926.36,51.0,2025-05-08 08:52:19,10985.272
CUST000829,3,18253.090000000004,17.0,2025-11-12 04:46:05,6084.363333333335
CUST000660,4,55927.5,59.0,2025-11-26 22:05:18,13981.875
CUST000807,5,41069.11,55.0,2025-09-09 12:23:52,8213.822
CUST002013,3,21145.370000000003,28.0,2025-11-27 17:46:56,7048.456666666668
CUST005327,4,42332.450000000004,40.0,2025-07-15 11:11:09,10583.112500000001
CUST002279,2,17220.17,19.0,2025-05-16 04:53:27,8610.085
CUST008244,2,28085.6,27.0,2025-05-31 11:53:10,14042.8
CUST000693,3,23115.68,29.0,2025-11-02 08:04:00,7705.2266666666665
CUST001373,4,37471.100000000006,34.0,2025-10-31 13:44:26,9367.775000000001
CUST009524,5,34128.21,55.0,2025-12-29 18:56:25,6825.642
CUST003888,3,37912.49999999999,36.0,2025-09-03 03:08:20,12637.499999999998
CUST004340,4,38937.26000000001,42.0,2025-09-15 16:20:59,9734.315000000002
CUST003723,3,17593.8,17.0,2025-10-21 20:07:07,5864.599999999999
CUST002490,2,9342.93,12.0,2025-08-04 09:03:58,4671.465
CUST006503,4,43601.9,41.0,2025-09-01 03:17:54,10900.475
CUST007438,5,44714.84,52.0,2025-11-22 21:19:49,8942.967999999999
CUST009755,7,42650.1,46.0,2025-12-03 17:17:22,6092.871428571429
CUST009853,3,42146.02,32.0,2025-09-29 16:49:20,14048.673333333332
CUST004543,3,17520.14,13.0,2025-09-25 13:13:33,5840.046666666666
CUST001357,3,22485.04,23.0,2025-10-04 12:05:39,7495.013333333333
CUST002730,8,62191.33,62.0,2025-11-09 18:00:11,7773.91625
CUST008480,3,18188.480000000003,30.0,2025-06-18 03:34:28,6062.826666666668
CUST008511,6,47046.16,55.0,2025-08-28 00:18:30,7841.026666666668
CUST004748,2,18379.39,14.0,2025-12-29 15:59:20,9189.695
CUST002158,2,36792.97,27.0,2025-12-14 18:42:18,18396.485
CUST000046,3,31189.739999999998,26.0,2025-06-22 07:34:16,10396.58
CUST006767,2,28847.29,28.0,2025-08-26 23:52:51,14423.645
CUST001718,5,23627.050000000003,26.0,2025-09-06 22:53:51,4725.410000000001
CUST006958,7,62531.81,76.0,2025-12-17 20:09:17,8933.115714285714
CUST003575,4,16906.62,23.0,2025-09-12 01:38:38,4226.655
CUST007976,1,12224.7,10.0,2025-09-15 12:53:27,12224.7
CUST007982,2,7835.709999999999,15.0,2025-10-28 22:30:21,3917.8549999999996
CUST008855,2,15836.210000000001,17.0,2025-08-22 16:13:40,7918.1050000000005
CUST008606,3,41273.39,31.0,2025-12-28 10:44:18,13757.796666666667
CUST007522,6,58415.28,67.0,2025-12-25 04:26:01,9735.88
CUST006931,2,6196.89,5.0,2025-12-02 02:58:38,3098.445
CUST001475,6,55623.35,56.0,2025-11-30 04:37:59,9270.558333333332
CUST008635,4,41664.54000000001,38.0,2025-12-14 19:32:00,10416.135000000002
CUST005276,4,28073.149999999998,31.0,2025-10-27 11:51:16,7018.287499999999
CUST004892,2,18149.96,16.0,2025-09-16 10:14:27,9074.98
CUST008388,3,25344.86,28.0,2025-12-16 04:29:44,8448.286666666667
CUST006814,2,19920.769999999997,22.0,2025-11-09 21:15:13,9960.384999999998
CUST007027,5,31604.75,32.0,2025-11-24 00:22:43,6320.95
CUST006878,3,22208.23,23.0,2025-12-20 13:14:03,7402.743333333333
CUST007634,4,38322.130000000005,44.0,2025-09-16 05:45:28,9580.532500000001
CUST009665,2,16445.170000000002,12.0,2025-05-07 08:03:48,8222.585000000001
CUST002920,2,16118.54,13.0,2025-03-27 13:25:32,8059.27
CUST004489,5,54693.04000000001,53.0,2025-12-10 19:31:59,10938.608000000002
CUST007207,3,22896.89,18.0,2025-09-27 03:03:30,7632.296666666666
CUST004166,3,20535.8,24.0,2025-11-30 16:16:20,6845.266666666666
CUST007658,6,43390.14,49.0,2025-12-26 21:25:00,7231.69
CUST008690,2,18431.58,17.0,2025-09-14 10:29:31,9215.79
CUST009744,2,20349.64,16.0,2025-12-03 02:58:59,10174.82
CUST003845,5,67876.36,56.0,2025-12-22 04:56:58,13575.272
CUST009871,2,22407.85,19.0,2025-11-18 06:13:31,11203.925
CUST000773,5,36401.45,35.0,2025-12-17 22:48:06,7280.289999999999
CUST000223,4,43743.81,35.0,2025-12-17 11:03:25,10935.9525
CUST003400,2,17201.15,19.0,2025-07-26 07:52:06,8600.575
CUST005805,4,22198.21,18.0,2025-06-19 21:55:07,5549.5525
CUST002395,3,12908.23,20.0,2025-12-21 08:25:45,4302.743333333333
CUST009455,4,35090.93,33.0,2025-12-28 22:48:00,8772.7325
CUST002732,2,21130.170000000002,17.0,2025-06-30 07:15:53,10565.085000000001
CUST008254,2,11309.990000000002,30.0,2025-05-13 21:38:43,5654.995000000001
CUST007732,4,45901.509999999995,51.0,2025-10-01 20:58:49,11475.377499999999
CUST003034,4,34345.44,35.0,2025-10-24 15:52:00,8586.36
CUST009301,3,19888.65,20.0,2025-12-17 05:12:34,6629.55
CUST004118,3,27946.11,26.0,2025-11-16 04:08:11,9315.37
CUST000421,2,32291.53,26.0,2025-03-30 08:33:41,16145.765
CUST008309,1,4023.6,6.0,2025-01-09 11:43:50,4023.6
CUST003698,7,99338.86,95.0,2025-12-17 08:05:28,14191.265714285715
CUST009337,2,29590.989999999998,21.0,2025-10-12 06:07:04,14795.494999999999
CUST003646,4,20624.38,24.0,2025-10-11 15:23:08,5156.095
CUST004138,4,21614.309999999998,20.0,2025-12-19 06:07:24,5403.577499999999
CUST006163,4,25810.54,31.0,2025-12-07 10:30:56,6452.635
CUST007212,2,18927.940000000002,21.0,2025-06-09 18:24:44,9463.970000000001
CUST006553,2,19298.54,19.0,2025-08-05 12:19:07,9649.27
CUST009371,2,14903.41,19.0,2025-10-23 00:10:12,7451.705
CUST006892,5,44958.28,44.0,2025-11-03 10:02:04,8991.655999999999
CUST002862,3,24444.529999999995,23.0,2025-03-21 12:21:13,8148.176666666665
CUST002499,2,13257.86,15.0,2025-10-31 08:49:44,6628.93
CUST005341,2,13704.809999999998,18.0,2025-09-11 11:54:03,6852.404999999999
CUST007988,5,42528.25,46.0,2025-10-05 01:38:57,8505.65
CUST008315,6,42132.82,46.0,2025-10-22 15:36:28,7022.136666666666
CUST005608,2,17792.63,30.0,2025-03-17 12:48:29,8896.315
CUST003935,3,24894.43,23.0,2025-06-11 07:52:18,8298.143333333333
CUST005910,4,31661.670000000002,32.0,2025-11-24 01:08:04,7915.4175000000005
CUST005963,2,27799.05,21.0,2025-07-24 22:04:17,13899.525
CUST001217,6,53732.86,56.0,2025-12-11 12:20:33,8955.476666666667
CUST000241,6,38064.61,45.0,2025-11-14 09:10:09,6344.1016666666665
CUST009820,2,26491.43,21.0,2025-09-13 15:37:12,13245.715
CUST000574,5,15904.769999999999,32.0,2025-12-25 12:12:17,3180.9539999999997
CUST001476,6,46828.78,53.0,2025-12-19 16:37:21,7804.796666666666
CUST001826,2,6890.79,9.0,2025-07-13 20:20:02,3445.395
CUST009359,4,40947.35,45.0,2025-10-28 15:46:43,10236.8375
CUST008740,3,25710.99,31.0,2025-06-16 07:21:27,8570.33
CUST007118,3,22840.6,27.0,2025-11-29 22:10:20,7613.533333333333
CUST009106,2,7452.8099999999995,16.0,2025-11-23 23:49:19,3726.4049999999997
CUST006714,8,68256.6,74.0,2025-09-21 04:07:31,8532.075
CUST000234,4,9495.39,10.0,2025-05-06 05:20:19,2373.8475
CUST005036,1,15576.57,14.0,2025-01-14 07:28:12,15576.57
CUST004097,2,14784.24,11.0,2025-11-23 20:03:52,7392.12
CUST006460,2,25675.190000000002,32.0,2025-09-19 14:05:45,12837.595000000001
CUST003227,4,27245.999999999996,25.0,2025-09-24 01:11:15,6811.499999999999
CUST005795,4,38265.94,44.0,2025-07-21 00:49:05,9566.485
CUST004201,3,19672.71,28.0,2025-10-30 14:06:45,6557.57
CUST003014,2,12544.2,15.0,2025-10-23 15:58:54,6272.1
CUST008856,3,13117.59,24.0,2025-12-21 01:41:02,4372.53
CUST003040,4,32759.65,30.0,2025-12-19 21:28:45,8189.9125
CUST005533,2,9701.589999999998,10.0,2025-11-22 15:07:36,4850.794999999999
CUST008134,4,36223.06,38.0,2025-07-31 04:37:05,9055.765
CUST002093,4,27808.47,34.0,2025-08-24 19:08:09,6952.1175
CUST004900,3,32134.269999999997,30.0,2025-07-17 04:06:27,10711.423333333332
CUST000409,4,38714.05,34.0,2025-11-13 20:44:40,9678.5125
CUST005987,3,11094.66,9.0,2025-08-06 03:57:03,3698.22
CUST008368,3,18472.77,38.0,2025-05-18 15:26:03,6157.59
CUST000587,2,14694.95,23.0,2025-12-10 01:11:44,7347.475
CUST004425,3,15574.970000000003,17.0,2025-11-05 15:21:44,5191.656666666668
CUST007777,1,2525.42,5.0,2025-03-08 04:37:42,2525.42
CUST007765,2,20166.809999999998,20.0,2025-11-20 09:14:00,10083.404999999999
CUST002518,6,62343.48,60.0,2025-08-16 15:23:06,10390.58
CUST000606,2,21029.269999999997,17.0,2025-08-10 10:57:54,10514.634999999998
CUST000426,5,49124.94,54.0,2025-11-05 05:03:35,9824.988000000001
CUST007244,5,35383.579999999994,49.0,2025-12-07 00:55:08,7076.7159999999985
CUST003438,4,46746.31,37.0,2025-10-31 21:12:06,11686.5775
CUST006047,3,34481.44,33.0,2025-11-04 06:26:05,11493.813333333334
CUST002224,1,12349.98,11.0,2025-09-14 19:23:01,12349.98
CUST009906,2,18508.690000000002,18.0,2025-10-12 10:19:18,9254.345000000001
CUST005482,5,23882.69,32.0,2025-11-13 11:35:30,4776.538
CUST003960,4,39116.56,43.0,2025-07-04 22:53:01,9779.14
CUST004139,3,11887.36,28.0,2025-07-12 13:35:07,3962.4533333333334
CUST000069,4,38750.83,46.0,2025-11-09 09:58:39,9687.7075
CUST008005,3,13122.489999999998,25.0,2025-12-25 06:31:07,4374.163333333333
CUST003582,4,36834.36,31.0,2025-12-30 21:43:07,9208.59
CUST005349,4,24178.659999999996,29.0,2025-12-27 18:12:00,6044.664999999999
CUST007343,6,48548.11,66.0,2025-10-31 21:43:24,8091.3516666666665
CUST007907,6,49393.84,51.0,2025-12-22 01:29:43,8232.306666666665
CUST002875,5,41795.04,34.0,2025-11-27 15:38:31,8359.008
CUST000911,6,38147.719999999994,38.0,2025-12-29 09:25:30,6357.953333333332
CUST000827,4,57600.93,52.0,2025-12-24 05:39:49,14400.2325
CUST007748,2,9033.72,13.0,2025-07-27 15:43:35,4516.86
CUST003272,2,33043.8,30.0,2025-12-23 13:15:47,16521.9
CUST002582,1,2208.39,9.0,2025-05-22 13:02:29,2208.39
CUST001125,3,32474.96,25.0,2025-10-08 09:05:40,10824.986666666666
CUST003930,1,10130.490000000002,8.0,2025-03-15 12:55:06,10130.490000000002
CUST008849,5,41611.59,39.0,2025-11-10 05:54:01,8322.318
CUST008178,6,56172.68000000001,51.0,2025-12-04 15:40:56,9362.113333333335
CUST004124,7,56325.66,52.0,2025-12-06 15:29:54,8046.522857142858
CUST000801,1,15106.91,11.0,2025-07-30 14:29:45,15106.91
CUST006976,2,7544.2,10.0,2025-07-06 08:31:59,3772.1
CUST001389,2,30298.72,23.0,2025-07-25 20:55:30,15149.36
CUST007048,6,42264.78,50.0,2025-12-01 13:20:05,7044.13
CUST001503,4,27171.21,25.0,2025-12-23 08:14:34,6792.8025
CUST002221,7,59567.22,62.0,2025-10-05 23:44:40,8509.602857142858
CUST009639,1,14671.29,9.0,2025-03-15 20:20:27,14671.29
CUST001627,1,9415.279999999999,14.0,2025-07-14 02:13:23,9415.279999999999
CUST002800,3,12844.670000000002,10.0,2025-09-12 04:33:32,4281.556666666667
CUST008310,3,18359.07,26.0,2025-05-16 19:09:28,6119.69
CUST004621,6,33346.21,58.0,2025-10-30 17:20:09,5557.701666666667
CUST007785,2,12905.300000000001,17.0,2025-12-21 22:58:08,6452.650000000001
CUST008599,5,38964.42,52.0,2025-04-18 14:22:56,7792.884
CUST000876,5,13082.57,25.0,2025-12-07 14:25:54,2616.514
CUST009290,4,39043.14,41.0,2025-10-06 02:27:37,9760.785
CUST006947,4,43820.22,36.0,2025-10-07 16:28:21,10955.055
CUST003609,3,28364.54,33.0,2025-04-01 03:26:31,9454.846666666666
CUST007466,5,50173.380000000005,44.0,2025-09-26 20:46:25,10034.676000000001
CUST001086,3,23586.7,21.0,2025-09-18 15:52:04,7862.233333333334
CUST007850,2,6072.910000000001,10.0,2025-05-22 01:45:48,3036.4550000000004
CUST001111,4,48554.84,48.0,2025-12-03 22:23:53,12138.71
CUST007968,3,24277.99,23.0,2025-10-17 15:32:27,8092.663333333334
CUST004934,1,2340.12,2.0,2025-05-27 06:24:51,2340.12
CUST006552,4,49984.57,55.0,2025-12-25 12:18:09,12496.1425
CUST004187,3,17024.989999999998,20.0,2025-05-17 03:16:41,5674.996666666666
CUST005677,2,14699.74,24.0,2025-02-09 12:16:31,7349.87
CUST009698,5,30609.71,43.0,2025-10-14 22:44:09,6121.942
CUST009778,2,9116.190000000002,10.0,2025-06-15 21:04:31,4558.095000000001
CUST006595,3,16409.47,15.0,2025-12-11 14:32:41,5469.823333333334
CUST000872,2,9253.59,10.0,2025-11-11 15:50:14,4626.795
CUST009749,2,18043.03,19.0,2025-08-31 00:21:35,9021.515
CUST000857,1,2740.48,3.0,2025-11-04 22:47:13,2740.48
CUST007177,3,7080.3,13.0,2025-09-27 02:44:54,2360.1
CUST005281,1,2871.08,2.0,2025-09-28 16:47:29,2871.08
CUST004256,5,25814.699999999997,29.0,2025-11-24 12:57:43,5162.94
CUST003933,3,33246.520000000004,30.0,2025-11-26 22:57:28,11082.173333333334
CUST001430,3,30979.59,34.0,2025-06-21 09:30:54,10326.53
CUST002841,4,24554.690000000002,38.0,2025-09-22 16:52:59,6138.672500000001
CUST004003,3,21627.83,22.0,2025-10-28 16:24:30,7209.276666666668
CUST009050,6,63067.68,55.0,2025-11-26 18:14:43,10511.28
CUST001401,3,25079.11,38.0,2025-09-18 23:33:07,8359.703333333333
CUST002151,2,16484.93,21.0,2025-06-12 03:20:08,8242.465
CUST007381,3,38915.759999999995,36.0,2025-03-21 06:26:53,12971.919999999998
CUST000244,2,17381.97,26.0,2025-12-12 21:32:27,8690.985
CUST000782,3,35826.850000000006,37.0,2025-11-24 11:58:52,11942.283333333335
CUST006826,3,18217.47,29.0,2025-12-12 04:05:27,6072.490000000001
CUST007502,4,20624.94,23.0,2025-09-04 14:43:58,5156.235
CUST005815,3,26073.45,25.0,2025-07-22 23:13:18,8691.15
CUST006140,5,34412.47,41.0,2025-12-14 04:05:22,6882.494000000001
CUST006075,4,28261.13,24.0,2025-11-11 08:56:03,7065.2825
CUST007975,4,30257.72,38.0,2025-10-31 02:55:04,7564.43
CUST002788,2,22722.690000000002,20.0,2025-07-10 08:43:18,11361.345000000001
CUST008332,2,22578.25,17.0,2025-07-11 00:39:32,11289.125
CUST007560,5,55819.899999999994,46.0,2025-12-06 05:27:13,11163.98
CUST006520,3,29870.990000000005,27.0,2025-12-26 20:51:46,9956.996666666668
CUST005296,4,18400.19,25.0,2025-11-12 04:26:25,4600.0475
CUST008877,5,60035.490000000005,56.0,2025-11-30 00:11:45,12007.098000000002
CUST006750,6,44369.67,52.0,2025-11-20 04:49:11,7394.945
CUST002660,2,24591.26,21.0,2025-08-30 01:51:15,12295.63
CUST009526,3,28194.04,32.0,2025-12-23 23:35:16,9398.013333333334
CUST005642,3,29190.960000000003,25.0,2025-12-08 06:53:13,9730.320000000002
CUST008221,4,57342.26000000001,55.0,2025-11-19 07:18:35,14335.565000000002
CUST009351,5,21180.539999999997,33.0,2025-12-17 17:58:53,4236.107999999999
CUST006059,5,60341.28,58.0,2025-12-24 03:03:55,12068.256
CUST008239,3,18232.629999999997,20.0,2025-11-26 08:29:28,6077.543333333332
CUST000148,3,13990.16,19.0,2025-11-04 01:09:59,4663.386666666666
CUST001685,6,32464.48,48.0,2025-11-10 13:01:49,5410.746666666667
CUST006028,5,50943.159999999996,62.0,2025-08-23 00:35:26,10188.632
CUST007294,3,20921.97,16.0,2025-10-23 00:20:21,6973.990000000001
CUST005550,5,43960.5,46.0,2025-12-29 07:30:30,8792.1
CUST008200,3,25071.890000000003,24.0,2025-12-30 21:32:18,8357.296666666667
CUST008334,2,25657.12,21.0,2025-12-18 07:08:23,12828.56
CUST000770,1,20067.760000000002,14.0,2025-08-10 21:58:39,20067.760000000002
CUST003390,2,12524.490000000002,22.0,2025-07-30 15:10:23,6262.245000000001
CUST005681,6,83577.75,81.0,2025-10-01 13:36:46,13929.625
CUST008842,6,28698.539999999994,41.0,2025-12-31 15:47:52,4783.089999999999
CUST003240,4,52251.869999999995,60.0,2025-05-27 20:14:35,13062.967499999999
CUST004777,5,33847.97,34.0,2025-08-22 09:18:03,6769.594
CUST000477,4,33455.229999999996,35.0,2025-12-29 05:40:50,8363.807499999999
CUST008973,3,29562.979999999996,36.0,2025-09-06 21:35:11,9854.326666666666
CUST007886,4,39143.67,40.0,2025-12-30 17:58:03,9785.9175
CUST003843,2,3720.8600000000006,6.0,2025-09-14 17:50:18,1860.4300000000003
CUST009899,3,20799.23,16.0,2025-12-28 21:56:21,6933.076666666667
CUST009847,5,38384.03,37.0,2025-12-27 11:37:58,7676.806
CUST000117,2,15689.500000000002,23.0,2025-06-23 05:11:31,7844.750000000001
CUST007008,4,33933.08,38.0,2025-12-22 16:17:51,8483.27
CUST001754,5,50551.840000000004,66.0,2025-11-13 20:30:41,10110.368
CUST003908,3,31791.44,26.0,2025-09-01 15:40:10,10597.146666666666
CUST003760,6,46074.649999999994,71.0,2025-11-30 19:32:36,7679.108333333333
CUST004757,5,71744.08,53.0,2025-12-22 05:43:32,14348.816
CUST003490,4,34668.96,28.0,2025-11-02 07:20:35,8667.24
CUST008267,2,16913.34,19.0,2025-12-13 00:35:10,8456.67
CUST009021,2,11097.42,15.0,2025-08-11 20:04:50,5548.71
CUST005710,4,10313.779999999999,13.0,2025-10-30 06:10:02,2578.4449999999997
CUST003160,4,12380.57,17.0,2025-12-21 04:18:41,3095.1425
CUST006114,3,30270.6,24.0,2025-10-14 23:53:15,10090.199999999999
CUST009481,2,11671.439999999999,17.0,2025-03-10 12:25:18,5835.719999999999
CUST009877,2,9542.63,11.0,2025-09-11 11:49:24,4771.315
CUST007066,3,13858.41,14.0,2025-12-23 09:54:14,4619.47
CUST008509,2,26923.05,23.0,2025-08-31 08:29:59,13461.525
CUST008598,1,1606.04,5.0,2025-06-12 18:28:57,1606.04
CUST003819,2,14877.769999999999,13.0,2025-11-23 12:16:41,7438.884999999999
CUST005877,1,10855.79,9.0,2025-01-05 00:50:09,10855.79
CUST002030,5,46520.96,42.0,2025-12-28 23:06:20,9304.192
CUST005217,1,10031.46,12.0,2025-12-08 09:36:27,10031.46
CUST007499,3,18321.57,26.0,2025-09-26 21:15:23,6107.19
CUST005564,3,28106.37,35.0,2025-11-16 16:36:04,9368.789999999999
CUST001659,5,41423.47,40.0,2025-07-31 19:47:21,8284.694
CUST006337,3,19551.36,20.0,2025-07-30 21:09:43,6517.12
CUST001465,4,42414.99,36.0,2025-09-21 13:53:13,10603.7475
CUST009052,2,22765.98,25.0,2025-10-09 19:39:28,11382.99
CUST007330,1,9971.0,10.0,2025-09-16 22:03:31,9971.0
CUST004515,4,39965.96,48.0,2025-04-02 02:56:25,9991.49
CUST007942,3,33664.43,29.0,2025-08-31 03:56:24,11221.476666666667
CUST001991,1,1889.16,3.0,2025-08-31 18:09:31,1889.16
CUST002555,5,54374.88,54.0,2025-11-17 20:19:32,10874.975999999999
CUST003627,4,17881.18,18.0,2025-12-09 05:42:43,4470.295
CUST009552,4,22757.77,43.0,2025-10-31 16:42:40,5689.4425
CUST001382,4,37292.990000000005,43.0,2025-03-14 02:19:41,9323.247500000001
CUST009251,5,36296.99,46.0,2025-09-18 07:38:07,7259.397999999999
CUST009520,4,52057.39,47.0,2025-11-18 01:03:33,13014.3475
CUST000691,2,5455.6900000000005,14.0,2025-08-29 09:50:29,2727.8450000000003
CUST007953,3,24172.520000000004,26.0,2025-07-08 20:55:16,8057.506666666668
CUST007611,1,3313.09,11.0,2025-01-04 17:41:00,3313.09
CUST000403,3,37586.670000000006,38.0,2025-11-20 00:05:04,12528.890000000001
CUST003028,4,36536.06,42.0,2025-12-17 21:31:26,9134.015
CUST009696,3,47790.240000000005,41.0,2025-10-18 23:24:34,15930.080000000002
CUST001107,3,17353.98,14.0,2025-08-05 04:54:21,5784.66
CUST008612,2,29117.37,24.0,2025-09-14 03:44:00,14558.685
CUST003199,3,17991.6,19.0,2025-12-18 19:38:52,5997.2
CUST005723,2,35532.25,33.0,2025-03-16 03:59:24,17766.125
CUST009531,5,47892.22,54.0,2025-11-19 20:16:28,9578.444
CUST005635,5,33805.81,36.0,2025-11-25 00:38:07,6761.161999999999
CUST007106,1,3249.0,3.0,2025-02-02 03:30:26,3249.0
CUST006917,4,41434.63999999999,40.0,2025-10-26 18:31:05,10358.659999999998
CUST005109,7,73167.68,60.0,2025-10-26 10:06:53,10452.525714285714
CUST000555,3,42003.630000000005,33.0,2025-08-03 07:05:59,14001.210000000001
CUST005978,4,34705.56,34.0,2025-11-17 21:07:01,8676.39
CUST008264,7,45140.48000000001,45.0,2025-10-31 15:18:25,6448.640000000001
CUST002836,5,39683.049999999996,41.0,2025-09-14 16:26:30,7936.609999999999
CUST007677,1,5015.54,3.0,2025-02-25 13:14:04,5015.54
CUST007605,1,10045.5,7.0,2025-06-21 05:50:48,10045.5
CUST005053,2,28880.819999999996,26.0,2025-03-12 02:28:21,14440.409999999998
CUST007805,1,19039.050000000003,17.0,2025-06-17 11:07:00,19039.050000000003
CUST004282,2,12355.33,17.0,2025-11-02 17:26:21,6177.665
CUST007080,3,19906.219999999998,16.0,2025-12-07 18:58:25,6635.406666666666
CUST000198,3,18294.67,35.0,2025-09-13 14:57:15,6098.223333333332
CUST009663,1,1757.17,2.0,2025-01-04 17:06:54,1757.17
CUST009411,1,4020.8,3.0,2025-04-11 03:55:04,4020.8
CUST008963,1,10231.57,7.0,2025-11-01 14:54:19,10231.57
CUST009377,1,4448.5,5.0,2025-12-29 07:38:08,4448.5
CUST001839,2,5467.57,7.0,2025-11-30 06:58:27,2733.785
CUST005714,2,11760.73,17.0,2025-12-20 23:44:20,5880.365
CUST007847,3,28246.18,29.0,2025-10-31 01:03:03,9415.393333333333
CUST003635,2,25992.409999999996,28.0,2025-08-28 20:01:03,12996.204999999998
CUST006828,2,13069.67,18.0,2025-08-16 10:18:23,6534.835
CUST000134,1,17666.49,17.0,2025-12-28 21:18:02,17666.49
CUST003406,3,35188.479999999996,52.0,2025-12-23 08:33:46,11729.493333333332
CUST004774,2,16899.85,15.0,2025-09-10 10:29:04,8449.925
CUST008436,4,37485.78,38.0,2025-09-27 22:23:46,9371.445
CUST001149,1,15680.09,14.0,2025-04-08 12:13:20,15680.09
CUST001178,2,8402.76,8.0,2025-09-27 01:19:48,4201.38
CUST007781,2,14209.650000000001,16.0,2025-12-02 21:33:53,7104.825000000001
CUST004291,1,6287.43,9.0,2025-08-23 13:49:11,6287.43
CUST007035,3,25978.120000000003,22.0,2025-11-07 22:49:31,8659.373333333335
CUST003769,4,22476.37,25.0,2025-09-26 03:52:57,5619.0925
CUST006821,2,22977.51,21.0,2025-12-31 14:30:55,11488.755
CUST008235,3,24231.8,30.0,2025-11-15 08:24:10,8077.266666666666
CUST003187,1,1088.1799999999998,5.0,2025-04-06 01:09:29,1088.1799999999998
CUST005444,1,7432.650000000001,13.0,2025-05-04 13:52:43,7432.650000000001
CUST005638,1,22629.850000000002,17.0,2025-04-15 15:59:35,22629.850000000002
CUST005835,2,11369.76,16.0,2025-12-13 06:51:40,5684.88
CUST001844,2,16331.570000000002,18.0,2025-12-12 18:37:29,8165.785000000001
CUST003604,1,5970.42,4.0,2025-08-31 02:05:16,5970.42
CUST009313,2,17295.45,28.0,2025-11-02 16:03:13,8647.725
CUST008168,1,15653.619999999999,10.0,2025-08-12 02:26:36,15653.619999999999
CUST008669,3,12349.32,19.0,2025-11-04 16:36:26,4116.44
CUST008845,3,32324.82,30.0,2025-11-09 22:42:55,10774.94
CUST003475,2,12532.829999999998,11.0,2025-12-24 09:09:08,6266.414999999999
CUST006649,1,207.53,1.0,2025-12-15 05:03:00,207.53
CUST003136,3,33438.3,26.0,2025-12-30 19:52:27,11146.1
CUST008360,2,26714.289999999997,29.0,2025-09-24 11:37:45,13357.144999999999
CUST002110,5,60591.92,59.0,2025-10-20 19:42:50,12118.384
CUST007768,1,17666.31,17.0,2025-11-20 03:07:52,17666.31
CUST006215,3,28918.38,25.0,2025-12-03 05:35:04,9639.460000000001
CUST002208,2,23238.46,25.0,2025-01-14 14:35:13,11619.23
CUST006630,1,13036.38,10.0,2025-02-23 15:43:35,13036.38
CUST007702,1,4013.18,5.0,2025-07-18 06:22:39,4013.18
CUST004877,5,35400.34,34.0,2025-12-01 12:22:26,7080.067999999999
CUST000960,3,17722.53,20.0,2025-08-26 10:39:35,5907.509999999999
CUST009022,1,12349.83,9.0,2025-06-20 06:00:53,12349.83
CUST002972,1,3989.42,3.0,2025-01-16 00:39:22,3989.42
CUST003722,1,11894.470000000001,10.0,2025-07-13 12:02:30,11894.470000000001
CUST006977,1,2565.58,2.0,2025-07-16 01:46:54,2565.58
CUST004563,4,17117.52,23.0,2025-10-31 22:50:22,4279.38
CUST001667,2,22819.02,21.0,2025-12-12 15:15:52,11409.51
CUST005844,3,27654.760000000002,29.0,2025-10-10 14:44:27,9218.253333333334
CUST004536,2,4341.9800000000005,11.0,2025-11-17 17:52:56,2170.9900000000002
CUST006681,1,10809.6,11.0,2025-09-06 01:20:11,10809.6
CUST003863,1,10182.38,10.0,2025-10-03 04:08:03,10182.38
CUST004993,2,9151.58,19.0,2025-12-10 09:40:49,4575.79
CUST001815,4,29828.699999999997,40.0,2025-09-22 16:57:21,7457.174999999999
CUST001575,1,6539.0,5.0,2025-12-04 18:56:01,6539.0
CUST007045,1,10401.359999999999,18.0,2025-11-16 15:06:13,10401.359999999999
CUST006160,3,24870.5,23.0,2025-06-01 23:55:50,8290.166666666666
CUST006186,2,7064.48,6.0,2025-08-15 04:06:18,3532.24
CUST001191,2,4328.49,9.0,2025-05-13 06:48:41,2164.245
CUST005846,1,14460.850000000002,15.0,2025-12-19 07:31:29,14460.850000000002
CUST006982,2,21043.410000000003,21.0,2025-09-08 11:15:37,10521.705000000002
CUST004764,5,36770.71,47.0,2025-12-25 02:42:13,7354.142
CUST006408,1,13195.57,16.0,2025-04-12 02:18:07,13195.57
CUST005284,2,22136.05,20.0,2025-04-09 05:32:29,11068.025
CUST009496,2,10891.09,12.0,2025-04-14 01:46:19,5445.545
CUST009109,1,17711.8,13.0,2025-06-12 01:08:15,17711.8
CUST001618,2,4762.950000000001,4.0,2025-12-15 00:12:53,2381.4750000000004
CUST009245,1,6783.8,11.0,2025-05-16 21:08:09,6783.8
CUST009470,1,2816.67,5.0,2025-03-08 06:56:41,2816.67
CUST000698,2,16345.75,15.0,2025-08-20 01:38:17,8172.875
CUST004288,2,11554.35,15.0,2025-12-31 16:06:19,5777.175
CUST000220,3,47881.380000000005,46.0,2025-10-07 04:25:35,15960.460000000001
CUST009304,2,18983.019999999997,21.0,2025-10-19 20:57:14,9491.509999999998
CUST006646,2,22406.52,23.0,2025-11-19 12:02:50,11203.26
CUST001183,3,9968.66,18.0,2025-09-22 19:16:03,3322.8866666666668
CUST005396,3,13829.07,16.0,2025-11-20 14:31:15,4609.69
CUST003336,2,11963.21,12.0,2025-12-06 02:28:27,5981.605
CUST008656,3,21954.11,27.0,2025-09-20 20:23:31,7318.036666666667
CUST001876,2,20113.559999999998,30.0,2025-08-28 08:22:43,10056.779999999999
CUST006402,2,7253.929999999999,15.0,2025-10-19 03:24:35,3626.9649999999997
CUST005170,1,8444.71,13.0,2025-06-18 20:49:52,8444.71
CUST004412,3,13344.58,15.0,2025-10-22 09:11:42,4448.193333333334
CUST006317,5,67039.57,69.0,2025-10-23 04:48:30,13407.914
CUST003637,1,4857.5599999999995,7.0,2025-12-07 13:52:09,4857.5599999999995
CUST003122,4,57275.19000000001,59.0,2025-11-01 03:02:37,14318.797500000002
CUST000886,1,16175.8,18.0,2025-08-07 13:33:00,16175.8
CUST008893,1,19347.870000000003,16.0,2025-01-10 12:43:01,19347.870000000003
CUST005903,1,8379.96,8.0,2025-05-30 09:20:03,8379.96
CUST003343,3,18172.800000000003,22.0,2025-12-12 16:23:47,6057.600000000001
CUST002433,2,13382.09,12.0,2025-12-06 18:23:22,6691.045
CUST009823,2,16623.179999999997,21.0,2025-04-23 03:00:51,8311.589999999998
CUST004627,2,13097.099999999999,15.0,2025-10-13 22:51:33,6548.549999999999
CUST002227,2,26032.239999999998,23.0,2025-12-21 06:16:41,13016.119999999999
CUST007345,2,4152.0599999999995,3.0,2025-12-27 14:46:51,2076.0299999999997
CUST004107,1,3262.7599999999998,4.0,2025-01-11 14:52:49,3262.7599999999998
CUST004825,2,18830.370000000003,18.0,2025-12-31 02:48:09,9415.185000000001
CUST003265,1,3014.46,3.0,2025-01-06 07:17:53,3014.46
CUST007906,2,23786.47,24.0,2025-06-27 13:07:58,11893.235
CUST003196,2,17272.9,18.0,2025-09-09 11:28:25,8636.45
CUST002619,4,49725.020000000004,50.0,2025-08-31 11:15:00,12431.255000000001
CUST004246,2,21833.42,26.0,2025-09-11 20:52:23,10916.71
CUST006581,1,13323.4,12.0,2025-01-26 04:04:36,13323.4
CUST007430,1,2167.47,3.0,2025-08-23 15:51:02,2167.47
CUST004337,1,14982.259999999998,17.0,2025-09-19 12:13:18,14982.259999999998
CUST001572,2,24793.870000000003,20.0,2025-12-14 00:52:42,12396.935000000001
CUST000032,1,9007.89,7.0,2025-11-18 15:44:20,9007.89
CUST005103,2,14550.18,14.0,2025-07-13 22:43:17,7275.09
CUST007238,2,24107.989999999998,24.0,2025-05-27 11:35:11,12053.994999999999
CUST001128,1,6058.5,6.0,2025-12-18 20:43:19,6058.5
CUST000683,2,22967.3,17.0,2025-10-06 19:25:54,11483.65
CUST009083,4,29234.98,37.0,2025-10-17 12:15:15,7308.745
CUST001875,2,9813.839999999998,11.0,2025-03-23 18:49:30,4906.919999999999
CUST008595,1,3883.18,3.0,2025-10-11 15:09:26,3883.18
CUST005986,1,4103.64,3.0,2025-11-04 12:34:07,4103.64
CUST007185,2,2205.0699999999997,2.0,2025-11-19 11:10:25,1102.5349999999999
CUST001724,5,43507.43,40.0,2025-12-09 02:24:11,8701.486
CUST004464,2,22735.28,33.0,2025-05-14 00:49:01,11367.64
CUST003855,1,18239.06,12.0,2025-12-28 13:28:07,18239.06
CUST002469,3,29306.53,32.0,2025-05-22 10:29:29,9768.843333333332
CUST005661,2,10186.42,19.0,2025-06-07 18:38:37,5093.21
CUST003768,2,12432.75,13.0,2025-06-01 09:01:49,6216.375
CUST008313,2,6249.0,6.0,2025-08-19 06:52:21,3124.5
CUST000451,2,12077.960000000001,10.0,2025-10-12 06:43:46,6038.9800000000005
CUST008197,1,5040.96,6.0,2025-07-17 11:43:33,5040.96
CUST009350,3,41153.53,38.0,2025-11-08 01:26:07,13717.843333333332
CUST008733,1,12980.43,11.0,2025-12-05 16:14:07,12980.43
